pmid,title,response,mentions_pmid,has_anchored_sentence,unparseable_as_schema,error
27942448,Brain connectivity aberrations in anabolic-androgenic steroid users.,"This study, identified by PMID: 27942448, investigates the impact of anabolic-androgenic steroid (AAS) use on brain connectivity, focusing on its effects on impulsivity and related behaviors. The research utilized resting-state functional magnetic resonance imaging (fMRI) to analyze brain networks in a large cohort of 151 males engaged in heavy resistance strength training. Among these participants, 50 were confirmed AAS users based on urinary tests, while 16 were previous users and 59 served as non-users (controls).

The findings revealed reduced functional connectivity between key brain regions involved in emotional and cognitive regulation. Specifically, current AAS users showed decreased connectivity between the amygdala and the default-mode network (DMN), as well as between the dorsal attention network (DAN) and a frontal node that includes the superior and inferior frontal gyri (SFG/IFG) and the anterior cingulate cortex (ACC). These connectivity reductions were more pronounced with increased duration and frequency of AAS use.

These results suggest that AAS use may disrupt neural networks critical for emotional and cognitive control, potentially contributing to the observed behavioral consequences such as aggression and impulsivity. The study provides valuable insights into the neurobiological mechanisms underlying the adverse",True,False,True,
35040662,Role of White Matter Microstructure in Impulsive Behavior.,"This study explores the relationship between white matter microstructure and impulsivity in a group of healthy adults. The researchers used diffusion tensor imaging (DTI) to assess white matter integrity and the Barratt Impulsiveness Scale-11 to evaluate impulsivity, which includes subdomains of attentional, motor, and nonplanning impulsiveness.

The findings indicate that lower fractional anisotropy (FA), a measure of white matter microstructure, is associated with higher levels of motor impulsiveness, suggesting that reduced white matter integrity in certain tracts might contribute to increased impulsivity. Specifically, the corticospinal tract showed a significant inverse correlation with motor impulsiveness. Additionally, higher FA was found to be associated with greater nonplanning impulsiveness, as indicated by a positive correlation with regional FA values in the superior fronto-occipital fasciculus.

These results support the hypothesis that impulsivity, particularly its motor and nonplanning components, can be linked to specific white matter microstructural connectivity patterns. This study provides initial evidence that impulsivity is partly a network-based construct, involving white matter microstructural integrity even in healthy populations. The study included 74 healthy adults, with 32 women and a mean age of 36.6 years, providing a diverse sample",False,False,True,
22749228,Behavioral and cognitive impulsivity in obsessive-compulsive disorder and eating disorders.,"This study, published in 2012 in Psychiatry Research (PMID: 22749228), investigated impulsivity in individuals with obsessive-compulsive disorder (OCD) and eating disorders (ED) compared to healthy controls. The research utilized both self-report measures and neurocognitive tasks to assess impulsivity and response inhibition.

Participants completed the Barratt Impulsiveness Scale (BIS-11) for self-reported impulsivity and a stop-signal reaction time task to measure response inhibition. Additionally, they were evaluated for OCD and ED symptoms using the Yale-Brown Obsessive-Compulsive Scale and Eating Disorders Examination-Questionnaire.

The findings indicated that both OCD and ED patients reported higher levels of impulsivity compared to healthy controls, as measured by the BIS-11. However, only the OCD group showed increased stop-signal reaction times, suggesting a specific impairment in inhibitory control. The authors propose that heightened self-reported impulsivity in OCD and ED might be linked to anxiety experienced by these patient groups, while the lack of inhibitory control observed in OCD could indicate a distinct behavioral deficit.

Overall, this study highlights the importance of differentiating between self-reported impulsivity and neurocognitive measures of impulsivity, providing insights into the unique aspects",True,False,True,
26745144,Head Motion and Inattention/Hyperactivity Share Common Genetic Influences: Implications for fMRI Studies of ADHD.,"This study explores the relationship between head motion (HM) during functional magnetic resonance imaging (fMRI) scans and inattention/hyperactivity-impulsivity (ADHD symptoms) in a sample of healthy young adult twins. The research indicates that there is a moderate genetic overlap between HM and ADHD symptoms, specifically in terms of inattention and hyperactivity-impulsivity. The genetic correlation between HM and inattention was found to be 0.24 (95% CI: 0.02, 0.43), while the correlation with hyperactivity-impulsivity was 0.23 (95% CI: 0.07, 0.39).

The findings suggest that treating HM as a nuisance covariate in neuroimaging studies of ADHD may reduce the ability to detect true group differences because HM and ADHD symptoms share common genetic influences. This implies that the assumption of independence between HM and ADHD symptoms is not valid, which can lead to an increased risk of false positives in fMRI studies of ADHD.

To address this issue, the authors propose two potential solutions: censoring the frames of the resting-state fMRI scan that are heavily affected by HM or explicitly modeling the relationship between HM and ADHD symptoms. These strategies aim to improve the",False,False,True,
32464339,Investigation of structure-function correlation among the young offspring of patients with bipolar disorder.,"This study investigates the relationship between neurocognitive performance and neuroimaging markers in young offspring of patients with bipolar disorder (BDoff), who are considered a high-risk group for developing BD. The research involved 16 participants aged between 12 and 18 years old. The participants underwent both clinical assessments and neurocognitive testing, along with structural brain MRI and diffusion tensor imaging (DTI).

The study found that fractional anisotropy (FA) values in the superior longitudinal fasciculus (SLF) were negatively correlated with scores on the Stroop Interference test, the Wisconsin Card Sorting Test, and the Trail Making Test (B-A). This suggests that lower FA in the SLF is associated with poorer executive function. Additionally, mean diffusivity (MD) values in the cingulum were inversely correlated with the Child and Youth Resilience Measure, indicating that higher MD in this tract is linked to lower resilience. Furthermore, MD values in the cingulum were positively correlated with higher scores on the Barratt Impulsiveness Scale-Attentional, suggesting a link between higher impulsivity and altered white matter integrity in this region.

These findings provide evidence for the potential use of neuroimaging markers, particularly those related to white matter integrity, as biom",False,False,True,
38002468,Insula Connectivity Abnormalities Predict Impulsivity in Chronic Heroin Use Disorder: A Cross-Sectional Resting-State fMRI Study.,"This study, identified by PMID: 38002468, investigates the relationship between impulsivity and neural connectivity in individuals with chronic heroin use disorder (HUD). The research employs a cross-sectional design using resting-state functional magnetic resonance imaging (rs-fMRI) and the Barratt Impulsiveness Scale (BIS-11) to assess trait impulsivity, which is categorized into three components: motor, attentional, and nonplanning impulsivity.

The findings indicate that individuals with HUD exhibit higher levels of total trait impulsivity, motor impulsivity, and nonplanning impulsivity compared to healthy controls. Specifically, the study identifies significant correlations between trait impulsivity and functional connectivity (FC) patterns involving the insula. Notably, increased FC between the right insula and the lateral occipital cortex and the right angular gyrus was positively associated with total trait impulsivity scores, motor impulsivity, and nonplanning impulsivity. Conversely, decreased FC between the left insula and the left superior frontal gyrus and left frontopolar brain regions was negatively associated with trait impulsivity.

These results suggest that the insula plays a crucial role in the neural underpinnings of impulsivity in individuals with HUD, potentially serving as a biomarker for identifying and understanding",True,False,True,
31401546,Functional connectivity of emotional well-being: Overconnectivity between default and attentional networks is associated with attitudes of anger and aggression.,"This study, identified by PMID: 31401546, explores the relationship between functional connectivity in the brain and emotional well-being, specifically focusing on attitudes of anger and aggression. Using data from the Human Connectome Project, the researchers employed two methods to assess functional connectivity. The first method involved principal component analysis of resting-state functional magnetic resonance imaging (fMRI) data, which revealed that typicality scores of functional connectivity were significantly correlated with emotional health metrics related to anger and aggression in three out of ten principal components. 

The second method examined functional connectivity between pairs of resting-state networks, finding a positive correlation between the default and attentional networks and scores of anger and aggression. This suggests that overconnectivity between these networks may be associated with increased impulsivity and difficulty in managing emotions, particularly anger and aggression. The findings support the hypothesis that impaired effortful control and decreased response inhibition could be mechanisms underlying these emotional attitudes, potentially linking them to broader issues of impulsivity.",True,False,True,
33304251,Neural Basis of Increased Cognitive Control of Impulsivity During the Mid-Luteal Phase Relative to the Late Follicular Phase of the Menstrual Cycle.,"This study, published in Frontiers in Human Neuroscience (PMID: 33304251), investigates the neural basis of increased cognitive control over impulsivity during different phases of the menstrual cycle. The research compares event-related monetary delay discounting task behavior and concurrent fMRI brain activity between women in the mid-luteal phase (LP) and those in the late follicular phase (FP).

The findings indicate that women in the late follicular phase exhibit greater responsiveness to short-term rewards, as evidenced by a higher discount rate, and show increased activity in the dorsal striatum (DS). This increased activity in the DS correlates with functional connectivity between the DS and the dorsal lateral prefrontal cortex (dlPFC), suggesting that the DS-dlPFC circuitry plays a regulatory role in impulsivity. Additionally, the right dlPFC is more active in the mid-luteal phase compared to the late follicular phase, and this effect is sensitive to estradiol levels. The study also finds that DS-dlPFC functional connectivity magnitude correlates negatively with psychometric impulsivity scores during the late follicular phase, indicating that relative estradiol levels may enhance cognitive control over impulsivity.

These results provide new insights into how hormonal changes during the menstrual cycle influence cognitive",True,False,True,
31907881,Human Brain Imaging Links Dopaminergic Systems to Impulsivity.,"This 2020 study, identified by PMID: 31907881, explores the relationship between dopamine systems and impulsivity through the use of human brain imaging techniques. The research highlights that both molecular and functional imaging methods, particularly when combined with pharmacological probes, provide strong evidence linking striatal dopaminergic function to various aspects of impulsivity. Specifically, the study indicates that striatal D2-type dopamine receptors (D2 and D3) play a crucial role in cognitive control and reward-based decision-making processes.

The findings suggest that lower levels of D2-type receptor availability in the striatum are associated with higher self-reported impulsivity and poorer motor response inhibition and cognitive flexibility. Additionally, impulsive choices in reward-based decision-making tasks are linked to deficits in striatal D2-type dopamine receptor availability, with evidence pointing to an inverted U-shaped relationship where optimal performance is achieved at a moderate level of striatal dopaminergic activity.

The study further supports these findings by examining both clinical populations with striatal dopamine D2-type receptor deficits and healthy control groups, indicating that targeting D2-type receptors could be beneficial for improving cognitive control. This research underscores the importance of dopaminergic systems in regulating impulsivity and provides a foundation for potential therapeutic interventions aimed at enhancing cognitive",True,False,True,
31886611,Dorsal striatal functional connectivity changes in Internet gaming disorder: A longitudinal magnetic resonance imaging study.,"This study, identified by PMID: 31886611, explores the neuroimaging correlates of Internet gaming disorder (IGD) through longitudinal magnetic resonance imaging (MRI) assessments. The research involved 18 young males diagnosed with IGD and 18 healthy controls, all of similar age. The participants were re-evaluated approximately one year later, allowing for the examination of both structural and functional brain changes associated with IGD.

Key findings include:

1. **Gray Matter Volume (GMV) Changes**: Individuals with IGD exhibited reduced GMV in the anterior/middle cingulate cortex compared to controls at both initial and follow-up assessments.

2. **Functional Connectivity (FC) Alterations**:
   - Reduced FC between the left dorsal putamen and left medial prefrontal cortex (mPFC) was observed in individuals with IGD relative to controls.
   - Increased FC between the right dorsal putamen and right middle occipital gyrus (MOG) was noted during the follow-up assessment in those with IGD.
   - There was a significant correlation between changes in dorsal putamen-MOG FC and daily gaming time.

The results suggest that IGD is associated with weakened prefrontal control and enhanced sensorimotor network activity,",True,False,True,
39218589,[A review of functional electrical stimulation based on brain-computer interface].,"The abstract discusses the application of functional electrical stimulation (FES) based on brain-computer interfaces (BCIs) for individuals with motor dysfunction due to central nervous system damage. This method aims to bridge the gap between neural signals and muscle contractions, thereby promoting nerve function recovery. The review covers three main areas: BCI paradigms, FES parameters, and rehabilitation efficacy. 

In terms of BCI paradigms, the review highlights various methods used to interpret neural signals, which are crucial for initiating FES. FES parameters, such as the timing and intensity of electrical impulses, are also discussed, emphasizing their importance in achieving effective muscle contractions and limb movements. The efficacy of this approach in rehabilitation is noted, particularly for conditions like stroke and spinal cord injury, where traditional rehabilitation methods may be less effective due to long treatment cycles and high costs.

While the abstract does not directly address impulsivity, it indirectly touches upon the neural mechanisms involved in motor control, which can be related to impulsivity in certain contexts. Impulsivity often involves difficulties in controlling actions and behaviors, which could be improved through better motor control facilitated by FES and BCIs. Future developments in this technology are anticipated to enhance its effectiveness and accessibility, potentially leading to more comprehensive treatments for neurological disorders.",False,False,True,
37086305,"Emotion dysregulation, impulsivity and anger rumination in borderline personality disorder: the role of amygdala and insula.","This study investigates the neural correlates of emotion dysregulation, impulsivity, and anger rumination in individuals with Borderline Personality Disorder (BPD). The research focuses on the amygdala and insula, two key limbic structures involved in emotional processing and regulation. 

The study included 28 BPD patients and 28 matched healthy controls who underwent brain MRI scans and neuropsychiatric assessments. Key findings include:

1. **Amygdala Volume**: Female BPD patients exhibited reduced right amygdala volumes, which correlated with measures of emotion regulation difficulties, depression, and rumination. This suggests that amygdala volume reductions may be particularly relevant for understanding emotional and behavioral dysregulation in women with BPD.

2. **Insula Cortical Thickness**: BPD patients showed a lower left insula cortical thickness, which negatively correlated with the Anger Rumination Scale. This indicates that structural changes in the insula might contribute to the tendency to ruminate over feelings of anger.

3. **Functional Connectivity**: Reduced functional connectivity was observed between the amygdala and several regions, including the frontal pole, precuneus, and temporal pole, in BPD patients. These connectivity alterations correlated with measures of anger rumination and impulsivity, suggesting that disrupted communication between these brain",False,False,True,
37992501,Testing the triple network model of psychopathology in a transdiagnostic neurodevelopmental cohort.,"This study investigates the triple network model of psychopathology, which suggests that altered connectivity between the Salience Network (SN), Central Executive Network (CEN), and Default Mode Network (DMN) may underlie neurodevelopmental conditions. The research was conducted on a transdiagnostic cohort of 175 children (60 girls) experiencing neurodevelopmental difficulties, including hyperactivity/impulsivity and inattention, as well as a comparison group of 60 children (33 girls).

Using resting-state functional Magnetic Resonance Imaging (fMRI) data, the researchers found that hyperactivity/impulsivity was associated with increased functional connectivity between the SN, CEN, and DMN in the at-risk children. Conversely, in the comparison group, hyperactivity/impulsivity was linked to decreased functional connectivity between the CEN and DMN. These findings were consistent across different adult parcellations of brain function and even when applying more stringent criteria for motion during the imaging process.

The results indicate that altered connectivity within these networks may characterize transdiagnostic neurodevelopmental difficulties, particularly hyperactivity/impulsivity. The authors propose that these connectivity patterns could arise from delayed network segregation, difficulties in sustaining CEN activity necessary for regulating behavior, or a heightened developmental mismatch",False,False,True,
40297839,"Hippocampus Functional Connectivity, Impulsivity, and Subsequent Substance Use.","This study, identified by PMID:40297839, explores the relationship between impulsivity and subsequent substance use (specifically tobacco and marijuana) in adolescents through the lens of hippocampal functional connectivity (rsFC). The research utilized data from the Adolescent Brain Cognitive Development (ABCD) study, focusing on resting-state fMRI scans to assess the connectivity of the hippocampus with several key brain networks, including the cingulo-parietal network, visual network, sensory-motor network, and default mode network (DMN).

The study found that baseline hippocampal rsFC with these networks had marginal associations with future substance use. More importantly, it demonstrated that hippocampal rsFC was significantly related to impulsivity, which then predicted higher levels of substance use at follow-up. This suggests that hippocampal connectivity may mediate the link between impulsivity and substance use behaviors in adolescents.

The findings highlight the potential role of hippocampal functional connectivity in understanding the neural mechanisms underlying risk behaviors such as substance use. This research underscores the importance of considering brain connectivity when developing interventions aimed at reducing substance use among adolescents.",True,False,True,
24834038,Brain functional connectivity changes in children that differ in impulsivity temperamental trait.,"This study, published in 2014 in Frontiers in Behavioral Neuroscience (PMID: 24834038), explores the relationship between impulsivity and brain functional connectivity in typically developing children. Using magnetic resonance imaging (MRI) to measure brain functional connectivity at rest and impulsivity scores derived from parent-reported questionnaires, the researchers identified specific areas within the default mode network (DMN) that showed negative correlations with impulsivity scores. Specifically, they found that the posterior cingulate cortex and the right angular gyrus had reduced functional connectivity with other regions in high-impulsive children compared to their low-impulsive counterparts.

The study also observed that the typical anti-phasic relationship between the DMN and the action-related network was diminished in children with higher levels of impulsivity. This suggests that impulsivity may influence the way different brain networks interact during rest, potentially reflecting underlying differences in cognitive and emotional processing.

Overall, this research provides novel insights into how individual differences in personality traits can shape brain function in a developmentally typical population, bridging the gap between psychological assessments and neuroimaging techniques.",True,False,True,
34993375,Brain Networks Associated With COVID-19 Risk: Data From 3662 Participants.,"This study, identified by PMID: 34993375, explores the relationship between brain networks and the risk of COVID-19 infection among a general population sample of 3662 participants from the UK Biobank. Using functional magnetic resonance imaging (fMRI) data, the researchers computed whole-brain functional connectomes and applied a network-informed machine learning approach to identify specific brain network patterns associated with positive COVID-19 status.

The findings indicate that individuals with reduced connectivity in top-down attention and executive networks, along with increased internal connectivity in introspective and instinctive networks, are at a higher risk of contracting COVID-19. Specifically, the study found that:

1. Reduced connectivity was observed between the central executive and ventral salience networks, as well as between the dorsal salience and default mode networks.
2. Increased internal connectivity was noted within the default mode, ventral salience, subcortical, and sensorimotor networks.
3. Enhanced connectivity was observed between the ventral salience, subcortical, and sensorimotor networks.

These results suggest that individuals with certain brain network configurations may be more susceptible to COVID-19 due to potential differences in their cognitive and emotional processing. The study highlights the importance",True,False,True,
28783574,Go/No-Go task performance predicts differences in compulsivity but not in impulsivity personality traits.,"This study, published in 2017 in Psychiatry Research (PMID: 28783574), investigated the relationship between performance on the Go/No-Go task and personality traits related to impulsivity and compulsivity. The Go/No-Go task is used to measure inhibitory control, specifically the ability to withhold inappropriate responses. The researchers divided 63 healthy participants into two groups based on their false alarm rates during the task. They then assessed these participants using the Barratt Impulsiveness Scale (BIS-11) and the Maudsley Obsessional Compulsive Questionnaire (MOCI).

The findings indicated that participants with higher false alarm rates (H-FA) exhibited a higher risk-taking strategy and scored higher on the MOCI Total and MOCI Checking subscales, which are associated with compulsive behaviors. Importantly, there was no significant correlation between Go/No-Go task performance and scores on the BIS-11, which measures various aspects of impulsivity. This suggests that while the Go/No-Go task can provide insights into compulsive tendencies, it may not be as effective in measuring general impulsivity.

The study highlights the complexity of distinguishing between impulsivity and compulsivity, as evidenced by the lack of",True,False,True,
29442271,Exploring variability in basal ganglia connectivity with functional MRI in healthy aging.,"This study, identified by PMID: 29442271, investigates the functional connectivity (FC) within the basal ganglia network (BGN) in healthy older adults, focusing on its relationship with dopaminergic processes and other factors such as impulsive behavior. Using resting-state functional magnetic resonance imaging (fMRI) data from 486 participants in the Whitehall-II imaging sub-study, the researchers employed both region-of-interest (ROI) and voxel-based approaches to analyze FC patterns. 

The findings indicate that age is the primary factor significantly associated with changes in FC within the BGN, suggesting that alterations in the dopaminergic system might contribute to these changes. However, the study did not find any specific dopamine-related functions that could explain the observed FC variations beyond what is already evident in healthy aging. Notably, the study did not identify a unique link between FC in the BGN and impulsive behavior, indicating that while age-related changes in the BGN are influenced by dopaminergic processes, impulsive behavior does not appear to play a distinct role in modulating these connections in healthy aging individuals.",True,False,True,
12860356,"Impulsivity, gender, and response to fenfluramine challenge in borderline personality disorder.","This study, identified by PMID: 12860356, investigates the relationship between impulsivity and neuroimaging markers in individuals with Borderline Personality Disorder (BPD), specifically focusing on gender differences. The research involved 64 BPD subjects (20 males, 44 females) and 57 control participants (36 males, 21 females), all assessed using structured interviews for Axis I and II disorders, including BPD, and suicidal histories. Behavioral impulsivity and aggression were measured using various scales such as the Buss-Durkee Hostility Inventory, Barratt Impulsiveness Scale, and the Minnesota Multiphasic Personality Inventory-Psychopathic Deviate subscale.

Key findings include:
- Male BPD subjects showed significantly reduced prolactin responses to D,L-fenfluramine (FEN) compared to controls, whereas female BPD subjects did not show this difference.
- Both impulsivity and aggression predicted prolactin responses.
- When impulsivity was controlled for, the effect of BPD diagnosis on prolactin response was no longer significant.
- Among male subjects, impulsivity and aggression were inversely related to changes in prolactin levels (delta-prolactin and peak-prolactin responses), but",True,False,True,
41098388,Functional connectivity in resting-state fMRI (rs-fMRI) in opioid use disorder.,"This mini-review, published in *The European Physical Journal. Special Topics* (PMID: 41098388), explores the functional connectivity in resting-state functional magnetic resonance imaging (rs-fMRI) among individuals with opioid use disorder (OUD). The study highlights how opioid addiction affects key brain networks, particularly the default mode network (DMN), salience network (SN), and executive control network (ECN).

The review begins by discussing the neurological basis of opioid addiction and the principles of rs-fMRI, along with the various methodologies used in such research. It also addresses the inconsistencies and methodological challenges that can complicate the interpretation of findings. The authors then present their own research, which involved 42 participants—23 healthy controls and 19 patients with OUD. Each participant underwent MRI scans including structural, resting-state, and task sequences, with data processed using the CONN Toolbox in MATLAB.

Key findings indicate significant disruptions in functional connectivity within the DMN and SN networks in individuals with OUD. These networks play crucial roles in cognitive functions such as decision-making and impulse control. The review concludes by stressing the need for standardized research practices, longitudinal randomized studies, and a more comprehensive approach to understanding the effects of heroin addiction. Such efforts are essential",True,False,True,
34964209,Neural processes during response inhibition in complex posttraumatic stress disorder.,"This study, identified by PMID: 34964209, investigates the neural mechanisms underlying impulsivity in individuals with Complex Posttraumatic Stress Disorder (CPTSD). The research employed a Go/NoGo response inhibition task using both functional magnetic resonance imaging (fMRI) and electroencephalogram (EEG) to examine neural activity in CPTSD patients (n=30), PTSD patients (n=40), and healthy controls (n=40).

Key findings indicate reduced bilateral thalamic activation in CPTSD patients compared to both PTSD patients and healthy controls during inhibition tasks. Notably, there were no significant differences in functional connectivity between the thalamus and other cognitive control regions among the three groups. Additionally, no group differences were observed in EEG responses.

These results suggest that CPTSD is characterized by distinct neural processes in inhibitory control, particularly involving the thalamus, which may contribute to the impulsivity often observed in this condition. This finding highlights the importance of the thalamus in understanding the neural underpinnings of response inhibition in CPTSD and differentiates it from PTSD, where no such differences were found.",True,False,True,
32699511,Neurobiological mechanisms underlying internet gaming disorder .,"The review by Kuss and Griffiths (2020) [PMID: 32699511] provides a comprehensive overview of the neurobiological mechanisms underlying Internet Gaming Disorder (IGD). The authors highlight several key findings from brain imaging studies that suggest similarities between IGD and other forms of addiction. Specifically, they note that IGD is associated with:

1. **Activation in Reward Regions**: Studies show increased activity in brain regions linked to reward processing, such as the ventral striatum, when gamers are exposed to game-related cues or experience cravings. These findings point to the involvement of dopamine-mediated reward pathways.

2. **Impaired Impulse Control and Decision Making**: Reduced activity in areas responsible for impulse control and decision-making, such as the prefrontal cortex, indicates difficulties in inhibitory control and rational decision-making among individuals with IGD.

3. **Reduced Functional Connectivity**: There is a decrease in functional connectivity within brain networks that play crucial roles in cognitive control, executive function, motivation, and reward processing. This suggests disruptions in the coordination between different brain regions necessary for these functions.

4. **Structural Changes**: The review also mentions structural alterations, including reductions in gray-matter volume and white-matter density, which could contribute to",True,False,True,
14572528,Response inhibition and impulsivity: an fMRI study.,"This 2003 study, identified by PMID: 14572528, utilized functional magnetic resonance imaging (fMRI) to investigate the neural correlates of response inhibition in a group of 19 healthy participants. The participants were assessed using various measures of impulsivity, including the Eysenck's Impulsivity Scale, Barratt's Impulsivity Scale (BIS), and behavioral impulsivity tasks. The researchers found that during the Go/NoGo task, the most prominent neural response was in the right lateral orbitofrontal cortex, with additional activations observed in the superior temporal gyrus, medial orbitofrontal cortex, cingulate gyrus, and inferior parietal lobule, predominantly on the right side.

The study revealed that individuals with higher scores on impulsivity scales and those who made more errors during the task showed increased activation in paralimbic areas, particularly the right orbitofrontal cortex. In contrast, less impulsive individuals and those with fewer errors activated higher-order association areas. While exploratory factor analysis did not reveal a single dimension of impulsivity, the strong correlation between right orbital activation and Eysenck's impulsivity score suggested that greater engagement of the right orbitofrontal cortex was necessary for maintaining",True,False,True,
10570690,What is attention-deficit/hyperactivity disorder?,"The abstract from the 1999 article by Swanson et al. (PMID: 10570690) highlights the core symptoms of Attention-Deficit/Hyperactivity Disorder (ADHD), which include significant impairments in sustained attention and impulsivity, alongside overactivity. Impulsivity is a critical aspect of ADHD, often manifesting as difficulty in controlling actions and emotions. Neuroimaging studies have suggested that individuals with ADHD might exhibit differences in the circuitry involving frontal cortical-basal ganglia connections, though the specificity and robustness of these findings are still under investigation. While the abstract does not provide extensive details on neuroimaging techniques used, it underscores the importance of understanding the neural basis of ADHD, particularly in relation to impulsivity. The authors also note that ADHD symptoms are heritable but highlight the need for further research into the exact etiological factors and optimal treatment strategies.",True,False,True,
39424632,Enhanced ADHD classification through deep learning and dynamic resting state fMRI analysis.,"This study, identified by the PMID 39424632, explores the use of deep learning techniques to enhance the classification of Attention Deficit Hyperactivity Disorder (ADHD) using dynamic resting-state functional connectivity (rs-fMRI) analysis. The research employs a novel deep learning network called Skip-Vote-Net, which leverages dynamic connectivity patterns derived from rs-fMRI data. The study involved 222 participants from the NYU dataset within the ADHD-200 database, including both ADHD and typically developing children (TDC).

The methodology involves constructing functional connectivity matrices from overlapping segments using Pearson's correlation between mean time series of 116 regions of interest defined by the AAL 116 atlas. Skip-Vote-Net uses a majority voting mechanism to classify ADHD from TDC and further distinguishes between the inattentive subtype (ADHDI) and the predominantly combined subtype (ADHDC).

The study evaluates the method across four classification scenarios, achieving high accuracy rates. For the balanced and unbalanced classification cases, the mean classification accuracies were 97% ± 1.87 and 97.7% ± 2.2, respectively. The accuracy for discriminating between ADHDI and ADHDC",True,False,True,
31073695,Binge drinking is associated with altered resting state functional connectivity of reward-salience and top down control networks.,"This study, identified by PMID: 31073695, explores the neural correlates of binge drinking using resting-state functional connectivity (RSFC) analysis in young adults. The research focuses on the altered connectivity within key brain networks involved in reward processing, salience detection, and top-down control. Specifically, the study found that binge drinkers (BDs) showed increased connectivity between the striatal reward regions (nucleus accumbens and caudate nucleus) and the orbitofrontal cortex and anterior cingulate cortex (ACC), which is consistent with previous findings in alcohol use disorders (AUDs). This enhanced connectivity might reflect alcohol-motivated appetitive behaviors. In contrast, BDs exhibited reduced connectivity between the inferior frontal cortex (IFC) and the hippocampus, which correlated with higher levels of craving. This reduced connectivity suggests difficulties in inhibitory control and the inability to recall the negative consequences of heavy drinking, potentially contributing to the continuation of binge drinking behaviors. The findings highlight the importance of network-level dysregulation in the development and maintenance of binge drinking patterns, providing insights into the neurobiological mechanisms underlying this form of alcohol consumption.",True,False,True,
27743376,Cortical folding patterns are associated with impulsivity in healthy young adults.,"This study, published in 2017 in the journal *Brain Imaging and Behavior* (PMID: 27743376), explores the relationship between impulsivity and cortical folding in healthy young adults. The researchers utilized magnetic resonance imaging (MRI) to measure the local gyrification index (LGI) and assessed impulsivity using the Barratt Impulsiveness Scale (BIS-11). They found that impulsivity, particularly in its attention, motor, and non-planning subdomains, was positively correlated with cortical folding in various brain regions, including the postcentral gyrus, cingulate gyrus, precentral gyrus, inferior frontal gyrus, middle temporal gyrus, superior parietal gyrus, and occipital gyrus. These findings suggest that alterations in early brain development, as indicated by cortical folding, may contribute to higher levels of impulsivity in healthy individuals. Additionally, the study revealed gender-specific differences in the correlation between BIS-11 scores and LGI in certain frontal gyri, highlighting the importance of considering sex when studying these relationships. Overall, this research underscores the potential of cortical folding as a marker of early brain development and its relevance to understanding impulsivity in young adults.",True,False,True,
35277392,Prefrontal Cortical Connectivity Mediates Locus Coeruleus Noradrenergic Regulation of Inhibitory Control in Older Adults.,"This study, identified by the PMID 35277392, investigates the relationship between the locus coeruleus (LC) noradrenergic system and inhibitory control in older adults. The research employs magnetization transfer (MT)-sensitive magnetic resonance imaging (MRI) to assess LC integrity and examines how this integrity influences response inhibition through connectivity changes in specific brain regions.

The study involved 63 healthy adults aged 50 years or older who performed a Stop-Signal Task (SST). Key findings include:

1. **Locus Coeruleus Integrity and Response Inhibition**: Better response inhibition was found to be correlated with higher integrity of the locus coeruleus.
   
2. **Prefrontal Connectivity**: Stronger connectivity between the presupplementary motor area (preSMA) and the right inferior frontal gyrus (rIFG) was observed in individuals with better response inhibition. However, no significant correlation was found with the volumes of prefrontal cortical regions.

3. **Mediation Effect**: The study confirms that the effect of locus coeruleus integrity on response inhibition is partially mediated by changes in connectivity within the prefrontal cortex. This mediation effect was moderated by age, indicating that the influence of LC integrity on inhibitory control varies depending",True,False,True,
39315326,Resting-state brain networks alterations in adolescents with Internet Gaming Disorder associate with cognitive control impairments.,"This study, as reported in the article with PMID 39315326, investigates the neural mechanisms underlying cognitive control impairments in adolescents with Internet Gaming Disorder (IGD). The researchers used functional magnetic resonance imaging (fMRI) to analyze resting-state brain networks in a sample of 44 adolescents diagnosed with IGD and 50 healthy controls. Key findings include:

1. **Impulsivity Correlation**: Adolescents with IGD exhibited higher impulsivity scores, which were positively correlated with the severity of their IGD (r = 0.6350, p < 0.001).

2. **Brain Network Alterations**: The study identified alterations in the Executive Control Network (ECN) and a decrease in functional connectivity between the Salience Network (SN) and ECN (r = 0.4307, p = 0.0021; r = -0.5147, p = 0.0034). Additionally, there was decreased resting-state activity in the Dorsal Attention Network (DAN), linked to attentional dysregulation in IGD (r = 0.4071, p = 0.0017).

3",True,False,True,
39339712,Investigating the Impact of Nutrition and Oxidative Stress on Attention Deficit Hyperactivity Disorder.,"This PubMed abstract discusses the role of oxidative stress (OS) and the gut-brain axis in the pathogenesis of Attention Deficit Hyperactivity Disorder (ADHD), particularly in adults with comorbid conditions. The study highlights that individuals with ADHD often exhibit reduced levels of key antioxidant enzymes such as glutathione peroxidase (GPx), catalase (CAT), and superoxide dismutase (SOD), as well as lower total antioxidant status (TOS) compared to healthy controls. The review also emphasizes the bidirectional interaction between the nervous system and gut microbiota through the gut-brain axis, suggesting that dietary interventions aimed at improving gut health might help manage ADHD symptoms and associated comorbidities like depression, criminal behavior, and anxiety. The findings suggest that addressing oxidative stress and gut microbiota could be a promising approach for developing more targeted treatments for ADHD. Further research is needed to explore the therapeutic potential of these interventions.",False,False,True,
27896939,"A multimodal study of impulsivity and body weight: Integrating behavioral, cognitive, and neuroimaging approaches.","This 2017 study, identified by PMID: 27896939, explores the relationship between impulsivity and body weight through a comprehensive approach combining behavioral, cognitive, and neuroimaging assessments. The research involved 45 participants (13 males) with a mean BMI of 30.7, indicating they were overweight or obese. The study aimed to understand how different aspects of impulsivity contribute to elevated body weight.

Behaviorally, the study assessed trait impulsivity using the Impulsive Sensation-Seeking Scale (ImpSS) and state impulsivity using the Continuous Performance Test. Cognitive assessments were conducted through a response inhibition task, specifically the Stop Signal Task, which was also used to evaluate neural activity via functional magnetic resonance imaging (fMRI).

The findings showed positive correlations between BMI and both trait impulsivity (as measured by ImpSS) and state impulsivity (as measured by the Continuous Performance Test). Additionally, higher BMI was associated with reduced activation in the temporal lobe and insula during successful response inhibition. Notably, there was a positive correlation between BMI and functional connectivity between the right inferior frontal gyrus and right middle frontal gyrus during successful response inhibition.

Mediation analysis revealed that trait impulsivity (ImpSS) acted as a mediator",True,False,True,
39592983,Abnormal stability of dynamic functional architecture in drug-naïve children with attention-deficit/hyperactivity disorder.,"This study, identified by PMID: 39592983, investigates the dynamic functional architecture in drug-naïve children with attention-deficit/hyperactivity disorder (ADHD). The research employs resting-state functional magnetic resonance imaging (fMRI) to assess the stability of dynamic functional connectivity (dFC) in these children compared to healthy controls. By using a sliding window approach, the study measures the concordance of dFC over time to determine functional stability (FS).

Key findings include:
1. Children with ADHD exhibit decreased FS in the bilateral superior frontal gyrus (SFG) and increased FS in the right middle temporal gyrus (MTG), both of which are part of the default mode network (DMN).
2. There is an increase in dFC between the bilateral SFG of the DMN and the left insula of the salience network (SN).
3. Decreased dFC is observed between the right MTG and the left cerebellar posterior lobe.
4. Performance on the Stroop test, a measure of cognitive flexibility and impulse control, correlates negatively with decreased FS in the bilateral SFG (p = 0.043, FDR corrected).

These results suggest that the abnormal functional architecture in ADHD involves regions within",True,False,True,
25944613,Nature of functional links in valuation networks differentiates impulsive behaviors between abstinent heroin-dependent subjects and nondrug-using subjects.,"This study, identified by the PMID 25944613, explores the neural mechanisms underlying impulsivity in abstinent heroin-dependent individuals compared to non-drug users using resting-state functional MRI. The research highlights the importance of functional connectivity within specific brain networks—namely, the δ-network (involved in executive control) and the β-network (part of the reward system). 

The study found that in non-drug users, there is a balanced functional connection between these two networks, with the δ-network exerting competitive control over impulsivity. Conversely, in abstinent heroin-dependent subjects, this balance is disrupted, showing increased connectivity in the β-network and decreased connectivity in the δ-network. This imbalance is correlated with higher levels of impulsivity. The authors suggest that this imbalance may reflect a mutual reinforcement between the reward and executive control systems, which could contribute to the behavioral abnormalities observed in individuals recovering from heroin addiction.

These findings provide insights into the neural basis of impulsivity in addiction and propose that the altered functional connectivity between the β- and δ-networks might serve as a biomarker for assessing self-control capacity in individuals with a history of substance abuse.",True,False,True,
38468374,Functional connectivity alterations in individuals with gaming disorder assessed by functional magnetic resonance imaging: a systematic review.,"This systematic review, as detailed in the article with PMID 38468374, examines the functional connectivity alterations in the brains of individuals with Internet Gaming Disorder (IGD) using functional magnetic resonance imaging (fMRI). The study identified 18 relevant scientific papers published between 2020 and January 2023, which were analyzed using the Rayyan software. Key findings indicate significant changes in functional connectivity in several brain regions, including the prefrontal cortex, fronto-parietal regions, frontal gyrus, insula, cingulate cortex, and striatum. These alterations suggest potential deficits in inhibitory control and decision-making processes, which may contribute to the development of gaming addiction despite awareness of its risks and harms.

The review highlights the importance of further research, particularly longitudinal studies comparing different age groups, to better understand the long-term impacts of video game addiction on brain function and development. The authors emphasize the need for comprehensive knowledge across various developmental stages to inform effective interventions and preventive measures. Overall, this review underscores the critical role of neuroimaging in elucidating the neural mechanisms underlying IGD and the broader implications for public health and technology use among young populations.",True,False,True,
28423021,Trait impulsivity components correlate differently with proactive and reactive control.,"This study explores the relationship between trait impulsivity and cognitive control mechanisms using neuroimaging techniques. The researchers used the Barratt Impulsiveness Scale to measure three components of impulsivity—motor, attention, and non-planning—and assessed cognitive control through a hybrid Stroop task that differentiates between proactive and reactive control processes. Functional magnetic resonance imaging (fMRI) was employed to observe brain activity during the task.

The findings indicate that different aspects of impulsivity are associated with distinct cognitive control networks. Specifically, higher levels of motor impulsiveness were linked to enhanced proactive control in the inferior parietal lobule but reduced reactive control in the right dorsolateral prefrontal cortex (DLPFC) and anterior cingulate cortex. Similarly, greater attention impulsiveness correlated with diminished proactive control in the right DLPFC. These results suggest that the various components of impulsivity may target different cognitive control subsystems, highlighting the complexity of the relationship between impulsivity traits and neural mechanisms underlying cognitive control.",False,False,True,
36963562,Youth Screen Media Activity Patterns and Associations With Behavioral Developmental Measures and Resting-state Brain Functional Connectivity.,"This study examines the relationship between screen media activity (SMA) patterns and various developmental measures in youth, including behavioral problems, neurocognitive performance, and impulsivity. Using data from the Adolescent Brain and Cognitive Development (ABCD) study and the Lifespan Human Connectome Project in Development (HCP-D), researchers identified two distinct SMA patterns: a ""video-centric"" higher-frequency pattern and a lower-frequency pattern. The video-centric higher-frequency pattern was associated with poorer neurocognitive performance, more behavioral problems, and increased psychotic-like experiences. Additionally, this pattern was linked to altered resting-state brain functional connectivity in regions involved in cognitive processes, such as impulsivity and sensitivity to reward/punishment.

The study found that the video-centric higher-frequency SMA pattern persisted over time, with 30.4% of participants still exhibiting this pattern one year later. These findings suggest that public health interventions may be necessary to reduce excessive time spent on video entertainment-related SMA. The study highlights the importance of considering specific types of SMA rather than overall screen time when examining its effects on youth development.",False,False,True,
36747838,Individual Differences in Delay Discounting are Associated with Dorsal Prefrontal Cortex Connectivity in Youth.,"This study, published as a preprint on bioRxiv (PMID: 36747838), explores the neural correlates of impulsivity in youth through the lens of delay discounting, a behavioral measure of impulsive decision-making. The research involved 293 participants aged 9 to 23 years who completed a delay discounting task and had their brain activity measured using resting-state functional MRI (fMRI).

The findings indicate that individual differences in delay discounting, which can predict various real-life outcomes such as substance use disorders, obesity, and academic performance, are linked to specific patterns of functional connectivity in the brain. Specifically, the study found that variability in delay discounting was associated with increased connectivity from the left dorsal prefrontal cortex (dPFC) to other parts of the default mode network (DMN). Simultaneously, there was a reduction in connectivity between the dPFC and regions in the dorsal and ventral attention networks.

These results suggest that the dPFC, a key region involved in cognitive control and attention, plays a crucial role in modulating impulsive behavior through its connections with other brain networks. The study highlights the importance of the DMN and attention networks in understanding individual differences in impulsivity during adolescence, a critical",True,False,True,
37884552,Neural correlates of aggression in personality disorders from the perspective of DSM-5 maladaptive traits: a systematic review.,"This systematic review, based on the PRISMA framework and covering neuroimaging studies published since the release of the DSM-5 alternative model of personality disorders (AMPD), explores the neural correlates of aggression in individuals with borderline personality disorder (BPD) and antisocial personality disorder (ASPD). The review highlights several key findings:

1. **Anger/Hostility**: This trait is associated with alterations in the interaction between prefrontal and subcortical regions, particularly the amygdala. These changes may explain aggressive responses to interpersonal threats or provocations.

2. **Impulsivity**: Neuroimaging studies suggest that alterations in fronto-temporal-limbic regions and disruptions in serotonergic and endocannabinoid signaling systems are linked to impulsivity and aggression in both BPD and ASPD.

3. **Risk-Taking**: Weaker cortico-striatal connectivity is found to be related to increased risk-taking behaviors and a higher likelihood of violent actions.

4. **Callousness**: There is insufficient evidence from neuroimaging studies to establish a clear relationship between callousness and aggression in these disorders.

The review underscores the need for more comprehensive research, recommending the integration of multi-methodological approaches, including the use of additional biomarkers such as hormones and",False,False,True,
28040671,Decisional impulsivity and the associative-limbic subthalamic nucleus in obsessive-compulsive disorder: stimulation and connectivity.,"This study explores the relationship between decisional impulsivity and the subthalamic nucleus (STN) in individuals with obsessive-compulsive disorder (OCD) who have undergone deep brain stimulation (DBS). The research demonstrates that DBS of the limbic and associative STN increases decisional impulsivity, characterized by reduced evidence accumulation during uncertain situations and enhanced delay discounting. This shift in behavior is noted to be more cautious compared to that of healthy controls, suggesting an adaptive mechanism. The study also investigates the functional connectivity of the STN using resting-state functional connectivity in healthy controls, finding a lateralized connection between the ventral striatum and the right anterior ventromedial STN. This connectivity pattern aligns with previous observations of emotional activity lateralization in the STN. Additionally, the study identifies a specific region within the anterior associative-limbic STN that is associated with evidence accumulation and functional connectivity with the right dorsolateral prefrontal cortex in healthy controls, highlighting its importance in decision-making under uncertainty. These findings have significant clinical implications, particularly for the behavioral and cognitive effects of STN stimulation in psychiatric disorders and the neuropsychiatric symptoms of Parkinson's disease.",False,False,True,
39284401,"Transcranial Magnetic Stimulation-Induced Plasticity Improving Cognitive Control in Obsessive-Compulsive Disorder, Part II: Task-Based Neural Predictors of Treatment Response.","This study explores the use of repetitive transcranial magnetic stimulation (rTMS) combined with exposure with response prevention therapy for treating obsessive-compulsive disorder (OCD). The researchers utilized task-based functional magnetic resonance imaging (fMRI) to predict treatment response based on pretreatment brain activity patterns. 

Sixty-one adults with OCD were randomized into three groups: one receiving rTMS over the left dorsolateral prefrontal cortex (DLPFC), another over the left presupplementary motor area (pre-SMA), and a control group receiving low-intensity rTMS over the vertex. The Tower of London task was used to assess planning abilities, while the stop signal task evaluated inhibitory control.

The findings indicate that for the vertex group, higher activation in task-relevant regions during planning and response inhibition, along with lower error-related activation, correlated with better short-term clinical improvement. Additionally, in the DLPFC group, lower activation in the precuneus with increased planning taskload was linked to symptom reduction. For the pre-SMA group, higher error-related activation and lower inhibition-related insular-amygdalar connectivity were associated with symptom reduction.

These results suggest that pretreatment fMRI measures of activation and connectivity during planning and inhibition-related processes can predict clinical response to specific r",False,False,True,
39756804,Altered Functional Connectivity of Prefrontal Cortex-Related Circuitry and Trait Impulsivity in Patients With Bipolar Disorder and History of Suicide Attempts.,"This study, identified by PMID: 39756804, investigates the relationship between impulsivity and functional connectivity (FC) in the prefrontal cortex (PFC) among bipolar disorder (BD) patients with and without a history of suicide attempts (SA). The research involved 72 euthymic BD patients (34 with a history of SA and 38 without) and 55 healthy controls who underwent resting-state functional MRI. Four key PFC regions—superior frontal gyrus (SFG), middle frontal gyrus (MFG), inferior frontal gyrus (IFG), and orbitofrontal cortex (OFC)—were analyzed for their functional connectivity.

The study found that BD patients with a history of SA (BDSA) exhibited higher trait impulsivity scores compared to those without a history of SA (BDNS) and healthy controls. Additionally, the BDSA group showed reduced FC between the PFC and sensorimotor (postcentral and precentral gyri) and thalamic regions compared to the BDNS group. Importantly, these reductions in FC within the fronto-thalamic and fronto-sensorimotor circuits were strongly correlated with higher trait impulsivity scores.

The findings suggest that altered FC in specific PFC",True,False,True,
37058964,Impulsivity and self-regulation: A dual-process model of risky driving in young drivers in Iran.,"This study investigates the dual-process model of risky driving, originally proposed by Lazuras et al. (2019), in a sample of Iranian young drivers. The research aims to explore whether this model is applicable across cultures, given Iran's high rate of traffic collisions. The study involved 458 Iranian drivers aged 18 to 25, who completed an online survey assessing various aspects of impulsivity and self-regulation.

Key findings include:
- **Executive Functions and Driving Self-Regulation**: These cognitive and self-regulatory capacities mediate the impact of attention impulsivity on driving errors.
- **Reflective Functioning and Driving Self-Regulation**: These factors also mediate the relationship between motor impulsivity and driving errors.
- **Attitudes Toward Driving Safety**: This attitude significantly mediates the relationship between normlessness and sensation-seeking with driving violations.

Overall, the study supports the dual-process model by demonstrating that cognitive and self-regulatory mechanisms play a crucial role in the link between impulsive processes and driving errors and violations. The findings suggest that interventions targeting these regulatory processes could be effective in reducing risky driving behaviors among young Iranian drivers. The study provides valuable insights into the cultural generalizability of the dual-process model and highlights the importance of considering both impulsive and",False,False,True,
19758706,Are self-injurers impulsive?: Results from two behavioral laboratory studies.,"This study investigates the relationship between impulsivity and self-injurious behavior (non-suicidal self-injury, NSSI) using both self-report and performance-based measures. The researchers conducted two studies involving adolescents and adults to compare self-injurers with non-injuring controls. 

In Study 1, adolescent self-injurers (n=64) were compared to age-, sex-, and race/ethnicity-matched non-injurious controls (n=30). Both groups reported higher levels of impulsiveness on self-report measures such as the Schedule for Affective Disorders and Schizophrenia for School Age Children, Present and Lifetime Version. However, when it came to performance-based measures like the Conners' Continuous Performance Test (which assesses behavioral disinhibition) and the Iowa Gambling Task (which evaluates risky decision-making), no significant differences were found between the groups.

Study 2 involved adult female self-injurers (n=20) and age- and race/ethnicity-matched non-injurious controls (n=20). Again, self-report measures indicated higher impulsiveness in the self-injurer group, but performance-based measures, including the Barratt Impulsiveness Scale-11, the Conners' Continuous Performance Test, the Iowa",False,False,True,
29277650,"Macroscale variation in resting-state neuronal activity and connectivity assessed by simultaneous calcium imaging, hemodynamic imaging and electrophysiology.","This study, identified by PMID: 29277650, investigates the relationship between calcium signals, hemodynamic signals, and electrophysiological recordings in the brains of lightly anesthetized mice during rest. The research employs a comprehensive approach using simultaneous calcium imaging, hemodynamic imaging, and electrophysiology to explore the nature of spontaneous neuronal activity and its correlation with functional connectivity (FC).

The authors find that both the calcium and hemodynamic signals are more strongly correlated with multi-unit activity than local field potentials, indicating that these signals capture broader patterns of neural activity. Additionally, the calcium signal exhibits higher signal-to-noise ratio and regional specificity, suggesting it may be a more reliable indicator of neuronal activity compared to hemodynamic signals.

A key finding is the regional variation in the relationship between calcium and hemodynamic signals, with delays increasing by approximately 600 milliseconds towards posterior cortical regions. This regional variation is consistent across animals and highlights the importance of considering spatial differences when interpreting hemodynamic-based measurements of FC.

Furthermore, the study reveals that while there is a significant correlation between FC measured by the hemodynamic signal and FC measured by calcium, these measures are significantly different. The authors propose that these discrepancies may arise due to regional variations in the hemodynamic response, emphasizing the",True,False,True,
26908392,Association of ventral striatum monoamine oxidase-A binding and functional connectivity in antisocial personality disorder with high impulsivity: A positron emission tomography and functional magnetic resonance imaging study.,"This study investigates the relationship between ventral striatum (VS) monoamine oxidase-A (MAO-A) binding and functional connectivity in individuals with antisocial personality disorder (ASPD) who exhibit high impulsivity. Using positron emission tomography (PET) and functional magnetic resonance imaging (fMRI), the researchers measured VS MAO-A binding and assessed the functional connectivity (FC) of two seed regions within the VS—superior and inferior VS (VSs, VSi).

The findings indicate that there is functional coupling between the VSs and bilateral dorsomedial prefrontal cortex (DMPFC) that correlates positively with VS MAO-A binding levels (r=0.47, p=0.04). Additionally, there is functional coupling between the VSi and the right hippocampus that shows an inverse correlation with VS MAO-A binding levels (r=-0.55, p=0.01). Furthermore, the study found that VSs-DMPFC functional connectivity is negatively correlated with scores on the NEO Personality Inventory-Revised impulsivity scale (r=-0.49, p=0.03), and VSi-hippocampus functional connectivity is negatively correlated with scores on the Barratt Impulsiveness Scale-11",False,False,True,
36912839,Identifying Replicable Subgroups in Neurodevelopmental Conditions Using Resting-State Functional Magnetic Resonance Imaging Data.,"This study, identified by PMID: 36912839, utilized resting-state functional magnetic resonance imaging (fMRI) data from two large, independent datasets—the Province of Ontario Neurodevelopmental (POND) network and the Healthy Brain Network (HBN)—to identify subgroups of children with and without neurodevelopmental conditions based on shared functional brain characteristics. The research included participants ranging from 5 to 19 years old with diagnoses of autism spectrum disorder (ASD), attention-deficit/hyperactivity disorder (ADHD), obsessive-compulsive disorder (OCD), or typically developing (TD).

The study found that subgroups with similar brain biology could be identified, which significantly differed in intelligence and hyperactivity/impulsivity traits but did not align consistently with current diagnostic categories. Specifically, in the POND dataset, subgroup D exhibited higher hyperactivity and impulsivity traits compared to subgroup C, as measured by the Strengths and Weaknesses ADHD Symptoms and Normal Behavior Hyperactivity/Impulsivity subscale (SWAN-HI). Similarly, in the HBN dataset, subgroup g showed higher SWAN-HI scores than subgroup d. These findings suggest that neurobiological subgroups may be more homogeneous and associated with behavioral characteristics rather than diagnostic labels.

The study",True,False,True,
24373553,Anhedonia in Parkinson's disease patients with and without pathological gambling: a case-control study.,"This study, published in 2014 in Psychiatry Research (PMID: 24373553), investigates the presence of anhedonia in Parkinson's Disease (PD) patients with and without pathological gambling (PG) or other impulse control disorders (ICDs). The researchers evaluated 154 PD patients, categorizing them into three groups: those with PG, those with other ICDs (such as compulsive buying, hypersexuality, and binge eating), and those without any ICDs. 

Key findings include:
- The group with PG had a significantly higher incidence of anhedonia (45%) compared to the ICDs group (9%) and the PD controls (14%).
- The PG group also showed higher scores on the Snaith-Hamilton Pleasure Scale (SHAPS) and the Barratt Impulsiveness Scale (BIS), indicating greater anhedonia and impulsivity traits.
- The PG group exhibited more severe frontal dysfunctions as measured by the Frontal Assessment Battery (FAB).

The study suggests that anhedonia, along with increased impulsivity and frontal lobe dysfunction, may contribute to the development of PG in PD patients. These findings support the idea that the impairment of hedonic capacity",True,False,True,
33426970,Add-on repetitive transcranial magnetic stimulation in patients with opioid use disorder undergoing methadone maintenance therapy.,"This study investigated the effects of repetitive transcranial magnetic stimulation (rTMS) on individuals with opioid use disorder (OUD) who were undergoing methadone maintenance therapy (MMT). The research aimed to assess the impact of rTMS on craving, heroin use behavior, and psychological measures such as depression, impulsivity, and attention. The study included 22 participants, with half receiving active rTMS and the other half receiving sham rTMS. The active rTMS was administered over 11 sessions over 4 weeks, targeting the left dorsolateral prefrontal cortex (DLPFC).

The findings indicated that there were no significant differences between the active and sham rTMS groups regarding craving, heroin use severity, or urine morphine test results after 12 weeks of follow-up. However, the active rTMS group showed significantly better outcomes in terms of depression (measured by the Hamilton Depression Rating Scale), impulsivity (as assessed by the Barratt Impulsiveness Scale-11 attentional subscale), and attention (measured by the Continuous Performance Tests commission T-score). These results suggest that rTMS may be beneficial for improving depressive symptoms, impulsivity, and attention in individuals with OUD undergoing MMT, although it did",False,False,True,
31383336,Hypothesis: Compulsive hoarding as an atavism.,"This hypothesis paper, identified by PMID 31383336, suggests that hoarding disorder might represent an ancestral behavior in mammals that has become dormant in modern humans but can be triggered by traumatic experiences. The authors propose that this behavior could be an atavism, a trait from a more ancient evolutionary stage that reappears in a species. They support this idea by referencing hoarding behaviors observed in ancestral mammals and instances of atavisms in both humans and other mammals, which have been linked to neuropsychiatric disorders.

The paper also discusses the potential use of shrews as animal models for studying hoarding behavior, given their natural tendency to hoard food. However, the authors acknowledge that while there is a growing understanding of the molecular mechanisms underlying hoarding disorder, the direct link between these mechanisms and the proposed ancestral behavior remains speculative.

Neuroimaging studies have shown that hoarding disorder is associated with alterations in brain regions involved in decision-making, emotional regulation, and reward processing, such as the prefrontal cortex, amygdala, and striatum. These findings align with the hypothesis that hoarding behavior might have a deep evolutionary origin, potentially related to survival strategies in ancestral environments. However, further research is needed to establish a clear connection between the proposed ancestral",True,False,True,
25928822,Altered resting-state frontoparietal control network in children with attention-deficit/hyperactivity disorder.,"This study, identified by the PMID 25928822, investigates the altered resting-state frontoparietal control network in children with Attention-Deficit/Hyperactivity Disorder (ADHD). Using resting-state functional MRI and seed-based correlation analyses, the researchers compared 25 children with ADHD aged 7-14 years (mean 9.94 ± 1.77 years, 20 males) to 25 matched typically developing (TD) children. The key findings indicate that children with ADHD showed weaker connectivity between the right anterior prefrontal cortex (PFC) and the right ventrolateral PFC, and between the left anterior PFC and the right inferior parietal lobule, compared to TD children. These alterations in connectivity were linked to symptoms of impulsivity and opposition-defiant behavior, as well as impaired response inhibition and attentional control. The results support the integration of the disconnection model and the executive dysfunction model for ADHD, suggesting that atypical frontoparietal control networks may play a crucial role in the pathophysiology of the disorder.",True,False,True,
9571295,Frontal lobe functions and dysfunctions.,"This 1998 article in Clinical EEG discusses the complex functions and dysfunctions of the frontal lobe, particularly focusing on how these relate to impulsivity and motor control. The authors highlight that the frontal lobe, including areas like the prefrontal cortex, plays a crucial role in initiating, planning, and sequencing motor actions, rather than just executing them. This involves both motivational drives and inhibitory controls, which can lead to various syndromes when disrupted. For instance, impairments in the fronto-orbital cortex can result in disinhibition, manifesting as tactlessness or even aggression. The article also touches on conditions like Rett syndrome and ADHD, where there is a specific disconnection between the frontal-motor cortex, often affecting the prefrontal cortex more prominently in ADHD. 

A key concept discussed is ""working memory,"" which is essential for mental and motor prefrontal functions. This involves the integration of sensory information from posterior brain regions and the thalamus, which then provides the necessary context for each subsequent motor impulse. The article suggests that the extinction of these afferent signals through inhibitory impulses from the fronto-orbital cortex is critical for maintaining normal cognitive processes. In conditions like absence seizures, this extinction process is disrupted, leading to a",False,False,True,
22901705,Alterations in regional homogeneity of resting-state brain activity in internet gaming addicts.,"This study, identified by the PMID 22901705, explores the neural correlates of Internet Gaming Addiction (IGA) using resting-state functional magnetic resonance imaging (fMRI). The research involved 15 individuals diagnosed with IGA and 14 healthy controls. The authors utilized regional homogeneity (ReHo) analysis to assess the functional integration within the brain.

The findings indicate that IGA subjects exhibit increased ReHo in several brain regions, including the brainstem, inferior parietal lobule, left posterior cerebellum, and left middle frontal gyrus. These areas are associated with sensory-motor coordination, suggesting that prolonged gaming may enhance the synchronization of these regions. Conversely, the same group showed reduced ReHo in temporal, occipital, and parietal regions, which are linked to visual and auditory functions. 

These results imply that IGA might be associated with altered neural connectivity patterns, particularly in sensory-motor coordination areas, while potentially reducing excitability in regions involved in visual and auditory processing. This study contributes to understanding the neurobiological basis of IGA and highlights the need for further research into the heterogeneity of such addictions.",True,False,True,
34851976,Differential structure-function network coupling in the inattentive and combined types of attention deficit hyperactivity disorder.,"This study, identified by PMID: 34851976, investigates the neural basis of attention deficit hyperactivity disorder (ADHD) subtypes, specifically focusing on inattentive (ADHD-I) and combined (ADHD-C) types, using neuroimaging techniques. The research utilized data from the Healthy Brain Network database, including diffusion and resting-state functional magnetic resonance imaging (fMRI) scans from 201 children diagnosed with ADHD and typically developing children (TDC).

Key findings include:
1. **Structural Connectivity and Network Efficiency**: Both ADHD subtypes showed reduced structural connectivity and network efficiency in the default mode network (DMN) compared to TDC, but no significant differences were observed in functional network efficiency.
2. **Structure-Function Coupling (SC-FC)**: Children with ADHD-C exhibited higher SC-FC coupling across all intrinsic networks (DMN, executive control network [ECN], and salience network [SAN]) compared to TDC, suggesting potential deficits in cognitive flexibility.
3. **Subtype Differences**: The ADHD-C group demonstrated increased SC-FC coupling in the DMN compared to the ADHD-I group, indicating distinct neural mechanisms underlying these subtypes.
4. **Correlation with Symptoms**: In the ADHD-I",True,False,True,
28174127,Altered functional connectivity in default mode network in Internet gaming disorder: Influence of childhood ADHD.,"This study, identified by PMID: 28174127, investigates the neural correlates of Internet Gaming Disorder (IGD) and how a history of childhood Attention Deficit Hyperactivity Disorder (ADHD) influences these correlates. Using resting-state functional magnetic resonance imaging (fMRI), the researchers analyzed the default mode network (DMN) connectivity in 44 young male participants with IGD, divided into those with and without a history of childhood ADHD, as well as 19 healthy male controls.

The findings indicate that individuals with IGD without a history of childhood ADHD exhibit increased functional connectivity (FC) within DMN-related regions, including the posterior cingulate cortex (PCC), medial prefrontal cortex, and thalamus, compared to healthy controls. Additionally, these individuals show enhanced FC between the PCC and areas involved in salience processing, such as the anterior insula and orbitofrontal cortex, when compared to IGD subjects who had childhood ADHD.

In contrast, IGD subjects with a history of childhood ADHD display increased FC between the PCC and the cerebellar crus II, a region known to play a role in executive control. The strength of this connectivity was found to correlate positively with self-reported measures of impulsiveness.

Overall,",True,False,True,
28860514,Delay discounting is associated with the fractional amplitude of low-frequency fluctuations and resting-state functional connectivity in late adolescence.,"This study explores the relationship between delay discounting (DD), a measure of impulsivity, and neuroimaging metrics in late adolescents. Using resting-state functional magnetic resonance imaging (RS-fMRI), the researchers assessed fractional amplitude of low-frequency fluctuations (fALFF) and resting-state functional connectivity (RSFC) in 228 high school students. The findings indicate that higher levels of DD are associated with increased fALFF in the dorsal anterior cingulate cortex (dACC), a region involved in conflict monitoring and strategy adaptation. Additionally, DD was positively correlated with RSFC between the dACC and the left dorsolateral prefrontal cortex (DLPFC), a key component of the cognitive control network. These associations remained significant even when controlling for general intelligence and trait impulsivity. This research provides insights into the neural mechanisms underlying impulsivity during adolescence, contributing to a better understanding of the development of self-regulatory behaviors.",False,False,True,
37673288,Resting-state functional magnetic resonance imaging alterations in borderline personality disorder: A systematic review.,"This systematic review, based on 15 rs-fMRI studies, highlights significant alterations in resting-state functional connectivity (rs-FC) in individuals with Borderline Personality Disorder (BPD). The review, published in the Journal of Affective Disorders, emphasizes that these alterations are observed within and between key brain networks, such as the Default Mode Network (DMN), Salience Network (SN), and Central Executive Network (CEN).

Key findings include aberrant rs-FC within these networks and between them, as well as specific functional impairments in regions like the bilateral amygdala, anterior and posterior cingulate cortex, hippocampus, and prefrontal cortex. These findings suggest that BPD is associated with disrupted communication between different brain regions, particularly those involved in emotional regulation and cognitive control.

However, the review also notes several limitations, including the observational nature of the studies, small sample sizes, the predominance of female participants, high rates of comorbid conditions, and variations in imaging methodologies. Despite these limitations, the study provides valuable insights into the neural underpinnings of BPD, particularly regarding impulsivity and emotion dysregulation.

Future research should employ multimodal approaches and longitudinal designs to better understand the neural correlates of BPD and potentially inform treatment strategies.",False,False,True,
28777996,Neural connectivity moderates the association between sleep and impulsivity in adolescents.,"This study, identified by PMID: 28777996, investigates the relationship between sleep quality and impulsivity in adolescents using functional magnetic resonance imaging (fMRI). The research involved 55 adolescents aged 14-18 and found that individual differences in sleep quality, rather than sleep duration, significantly influenced functional connectivity between the prefrontal cortex and the default mode network. Specifically, poor sleep quality was associated with higher levels of affect-related impulsivity among adolescents with lower connectivity between these brain regions. This suggests that neural functioning plays a crucial role in the link between sleep quality and impulsivity. The study also noted that response inhibition and cognitive impulsivity were not related to sleep quality, indicating that the impact of sleep on impulsivity may be more pronounced for affect-related behaviors. Additionally, the research highlighted that pillow comfort was uniquely linked to sleep quality, independent of age, sex, and income, suggesting a potential target for interventions aimed at improving sleep quality in adolescents.",True,False,True,
37209127,Reduced loss aversion in value-based decision-making and edge-centric functional connectivity in patients with internet gaming disorder.,"This study, identified by PMID: 37209127, investigates the neural basis of decision-making in individuals with Internet Gaming Disorder (IGD) using functional magnetic resonance imaging (fMRI) and the Iowa Gambling Task (IGT). The research highlights several key findings:

1. **Impaired Decision-Making**: Participants with IGD exhibited reduced loss aversion, a critical component of value-based decision-making, compared to healthy controls. This suggests a deficit in how these individuals process potential losses during decision-making processes.

2. **Functional Connectivity**: While there were no significant differences in node-centric functional connectivity (nFC) between the two groups, there were notable differences in edge-centric functional connectivity (eFC). Specifically, the study found significant group differences in the overlapping community features of eFC1, indicating altered connectivity patterns in the brain networks involved in decision-making.

3. **Correlations with Brain Regions**: In healthy controls, loss aversion was positively correlated with the similarity of the edge community profile between the left inferior frontal gyrus (IFG) and the right hippocampus, as well as the right caudate. However, this relationship was diminished in individuals with IGD, suggesting that the typical neural mechanisms underlying loss aversion are disrupted in this population.

4",True,False,True,
26648853,Impulsivity is Associated with Increased Metabolism in the Fronto-Insular Network in Parkinson's Disease.,"This study, published in 2015 in Frontiers in Behavioral Neuroscience (PMID: 26648853), investigates the relationship between impulsivity and neural activity in Parkinson's disease (PD) patients using neuroimaging techniques. The researchers used 18-fluorodeoxyglucose positron emission tomography (FDG-PET) to measure glucose metabolism, which serves as an indicator of neural activity, in a cohort of 24 PD patients. These patients were categorized based on their Barratt Impulsiveness Scale 11 (BIS) scores into those with low and high impulsivity.

The study found that patients with higher impulsivity scores exhibited increased glucose metabolism in the fronto-insular network, specifically in the orbitofrontal cortex (OFC), anterior cingulate cortex (ACC), and the right insula. Additionally, there was a positive correlation between the level of glucose metabolism in these regions and the BIS scores, even after controlling for potential confounding factors such as age, sex, disease severity, and levodopa dosage.

These results suggest that heightened impulsivity in PD patients is associated with increased neural activity in the fronto-insular network, highlighting the importance of this brain region in regulating impulsive behaviors",True,False,True,
26460483,Lateral prefrontal model-based signatures are reduced in healthy individuals with high trait impulsivity.,"This study, published in Translational Psychiatry in 2015 (PMID: 26460483), investigates the neural and behavioral correlates of impulsivity in healthy individuals using a sequential decision-making task and neuroimaging techniques. The research focuses on distinguishing between model-free and model-based control mechanisms, which are thought to underlie habitual and goal-directed behaviors, respectively.

The study involved 50 healthy participants selected based on their scores on the Barratt Impulsiveness Scale, placing them at the upper and lower ends of the impulsivity spectrum. Participants completed the task while undergoing functional magnetic resonance imaging (fMRI) and structural MRI scans. Computational algorithms were used to analyze both behavioral and fMRI data, specifically targeting model-free and model-based control processes.

Key findings indicate that while there was no difference in the overall balance between model-free and model-based control between high-impulsive and low-impulsive individuals, high-impulsive individuals exhibited a slight but significant bias towards model-free control. Notably, the right lateral prefrontal cortex, which is typically associated with model-based control, showed reduced activity in high-impulsive individuals. This suggests that high impulsivity may be linked to a shift towards more habitual, less flexible decision-making processes.

Additionally",True,False,True,
25738502,Decreased prefrontal lobe interhemispheric functional connectivity in adolescents with internet gaming disorder: a primary study using resting-state FMRI.,"This study, identified by the PMID 25738502, investigates the neural basis of Internet Gaming Disorder (IGD) through neuroimaging techniques. Specifically, it examines interhemispheric resting-state functional connectivity (rsFC) in adolescents with IGD using a voxel-mirrored homotopic connectivity (VMHC) method. The research compares 17 participants diagnosed with IGD to 24 healthy controls, matched for age, gender, and educational background.

The findings reveal that individuals with IGD exhibit reduced interhemispheric rsFC in several regions of the prefrontal cortex, including the superior frontal gyrus (orbital part), inferior frontal gyrus (orbital part), and middle frontal gyrus. These results suggest that there might be a disruption in the communication between the two hemispheres of the brain, particularly in the prefrontal lobes, which are crucial for executive functions such as impulse control and decision-making.

Furthermore, the study correlates these findings with the severity of gaming behavior, as measured by the Chen Internet Addiction Scale (CIAS). A significant negative correlation was found between CIAS scores and VMHC in the superior frontal gyrus (orbital part), indicating that higher levels of gaming addiction are associated with greater impairment in",True,False,True,
29034964,Hemispheric asymmetry of the frontolimbic cortex in young adults with borderline personality disorder.,"This study, identified by PMID: 29034964, investigates hemispheric asymmetry in the frontolimbic cortex among young adults with Borderline Personality Disorder (BPD) using magnetic resonance imaging (MRI). The research compares brain structures, including gray matter volume, surface area, and cortical thickness, in the anterior insula (AI) and anterior cingulate cortex (ACC) between BPD patients and healthy controls. Key findings indicate that BPD patients exhibit reduced cortical thickness in the left ACC and decreased surface area and gray matter volume in the left AI compared to healthy controls. Additionally, significant group-hemisphere interactions were found for AI and ACC, suggesting that BPD patients have greater frontolimbic cortex asymmetry. Notably, this asymmetry correlates with higher scores on the attention subscale of the Barratt Impulsiveness Scale, highlighting a link between frontolimbic asymmetry and impulsivity in BPD. These results contribute to understanding the neural basis of impulsivity and its role in BPD pathology.",True,False,True,
39796107,The Relationship Between Impulsivity Traits and In Vivo Cerebral Serotonin Transporter and Serotonin 2A Receptor Binding in Healthy Individuals: A Double-Tracer PET Study with C-11 DASB and C-11 MDL100907.,"This study, as detailed in the abstract (PMID: 39796107), investigates the relationship between impulsivity traits and serotonergic activity in healthy individuals using positron emission tomography (PET) with two different tracers: [11C]DASB for serotonin transporter (5-HTT) and [11C]MDL100907 for serotonin 2A (5-HT2A) receptors. The study included 26 participants who underwent 3-Tesla MRI and PET scans. The binding potential (BPND) of the tracers was calculated using the simplified reference tissue model with cerebellar gray matter as the reference region. Impulsivity was assessed using the Barratt Impulsiveness Scale-11 (BIS-11).

The findings indicate a significant positive correlation between non-planning impulsiveness and 5-HT2A receptor availability in the caudate nucleus (CAU) and several other brain regions including the prefrontal cortex (PFC), ventromedial PFC, orbitofrontal cortex (OFC), insula (INS), amygdala (AMYG), putamen, ventral striatum, and thalamus. Additionally, higher scores on the",True,False,True,
32121585,"Random Forest Classification of Alcohol Use Disorder Using EEG Source Functional Connectivity, Neuropsychological Functioning, and Impulsivity Measures.","This study, identified by PMID 32121585, investigates the use of EEG-based functional connectivity, neuropsychological performance, and impulsivity measures to classify individuals with alcohol use disorder (AUD) from healthy controls. The research employed a random forest classification model and found that the model achieved an accuracy of 80%, identifying specific features that contribute to distinguishing between the two groups.

Key findings include:
- EEG source functional connectivity (FC) of the default mode network (DMN) was a significant factor, with 29 out of 66 connections showing hyperconnectivity in the AUD group, suggesting neural hyperexcitability and impulsivity.
- Neuropsychological tests, particularly the visual span test (VST) and the Tower of London test (TOLT), also contributed to the classification, with specific variables from these tests being significant.
- Impulsivity measures from the Barratt impulsiveness scale (BIS) were fully significant in the classification process, indicating heightened impulsivity in the AUD group.
- The parahippocampal region emerged as a major hub in the DMN, showing hyperconnectivity with other DMN regions, possibly due to neural damage from chronic drinking, leading to cognitive impairments such as memory deficits and blackouts.
",True,False,True,
31284029,Genetic contribution to the phenotypic correlation between trait impulsivity and resting-state functional connectivity of the amygdala and its subregions.,"This study, identified by PMID: 31284029, explores the relationship between trait impulsivity and the resting-state functional connectivity (rsFC) of the amygdala and its subregions. Trait impulsivity, characterized by a tendency to act without considering potential negative outcomes, is linked to various maladaptive behaviors. The research involved 292 twin participants from late adolescence to young adulthood, aiming to investigate the genetic and neural basis of this trait.

The findings indicate that trait impulsivity is positively correlated with rsFC between the left full amygdala and the right dorsolateral prefrontal cortex (DLPFC), as well as between specific subregions of the amygdala and other brain areas. Specifically, the left basolateral (BL) amygdala shows positive correlations with the right DLPFC and right inferior frontal gyrus, while the right superficial (SF) amygdala correlates with the dorsal anterior cingulate cortex and right anterior insula.

Genetic modeling analyses revealed significant genetic overlap between trait impulsivity and the rsFC of the left full amygdala and the left BL amygdala with the right DLPFC. Approximately 82% and 60% of the phenotypic associations were attributed to these overlapping",True,False,True,
41932505,Intrinsic functional connectivity alterations in medication-naïve children with combined and inattentive ADHD types: Evidence from cortical surface-based analysis.,"This study investigates the intrinsic functional connectivity alterations in medication-naïve children with combined (ADHD-C) and inattentive (ADHD-I) subtypes of Attention-Deficit/Hyperactivity Disorder (ADHD) using surface-based graph theoretical analysis (GTA) and functional connectivity (FC) methods. The research involved 43 children with ADHD-C, 35 with ADHD-I, and 31 healthy controls (HCs).

Key findings include significant intra- and inter-network functional connectivity disruptions in the default mode (DMN), ventral attentional (VAN), and somatosensory-motor (SMN) networks among children with ADHD. Specifically, the ADHD-C group exhibited more pronounced FC abnormalities in the SMN and DMN networks compared to HCs, while the ADHD-I group showed more abnormal FC between the VAN and dorsal attentional network (DAN). Notably, the ADHD-C group had significantly weaker intra-SMN and SMN-DMN connectivity compared to the ADHD-I group.

The study also found that children with ADHD generally displayed reduced global modularity, assortativity, and disrupted nodal centrality in the left lateral prefrontal cortex (PFCl1_L). Higher scores on the FRCQ (Fidgetiness-Rest",False,False,True,
35007715,Risk-taking in humans and the medial orbitofrontal cortex reward system.,"This study, as detailed in the abstract of the paper with PMID 35007715, investigates the neural basis of risk-taking behavior in humans, particularly focusing on its relationship with impulsivity. The research utilized data from 18,740 participants from the UK Biobank, employing a combination of self-reported risk-taking measures, resting-state functional connectivity analysis, and behavioral assessments.

Key findings indicate that individuals who exhibit higher levels of risk-taking show significantly increased functional connectivity within the medial orbitofrontal cortex (mOFC) and ventromedial prefrontal cortex (VMPFC), specifically with the parahippocampal areas. These connections were robustly validated across multiple datasets, suggesting their reliability. Importantly, the study also found that higher risk-taking scores correlated with increased alcohol consumption and cannabis use, as well as reduced anxious feelings, indicating a complex interplay between risk-taking behaviors and various psychological traits.

The mOFC, known for its role in processing reward value and pleasure, appears to play a crucial role in mediating risk-taking behavior. The enhanced connectivity observed in this region suggests that it may exert a stronger influence on decision-making processes in individuals predisposed to taking risks. Additionally, the involvement of the anterior cingulate",True,False,True,
40630648,Identifying a Biological Signature of Trauma-Related Neurodegeneration Following Repeated Traumatic Brain Injuries Compared with Healthy Controls.,"This study aimed to identify a biological signature of trauma-related neurodegeneration following repeated traumatic brain injuries (TBIs) compared to healthy controls. The research utilized a comprehensive assessment protocol including MRI, PET scans for tau and Aβ, blood draws, subjective symptom reports, and objective neurocognitive assessments. The participants included individuals with a history of multiple TBIs and a healthy control group.

Key findings include:
- The TBI group reported significantly higher scores on measures of subjective symptoms, including the Neurobehavioral Symptom Inventory (NSI), PTSD Checklist for DSM-5 (PCL-5), Brief Symptom Inventory-18 (BSI-18), Buss Perry Aggression Questionnaire (BPAQ), Epworth Sleepiness Severity (ESS), and Insomnia Severity Index (ISI) compared to the control group.
- No statistically significant differences were found between the TBI group and the control group in neurocognitive outcomes, Aβ or tau PET, MRI volumetrics, or plasma biomarkers.
- Volumetric changes in the amygdala were associated with several symptom domains in the TBI group, suggesting that amygdala abnormalities might serve as early biomarkers for chronic symptom burden in this population.

Notably, the study did not find significant differences in core",False,False,True,
40193128,Subthalamic Deep Brain Stimulation: Mapping Non-Motor Outcomes to Structural Connections.,"This study explores the impact of subthalamic deep brain stimulation (STN-DBS) on non-motor outcomes in Parkinson's Disease (PD) patients, focusing particularly on impulsivity. Utilizing a retrospective analysis of 56 PD patients who underwent bilateral STN-DBS, the researchers employed principal component analysis (PCA) to compress extensive neuropsychiatric and neuropsychological outcome scores into four main dimensions. These dimensions were interpreted to represent general non-motor improvement, mood and cognition improvement with trait impulsivity worsening, cognition improvement alone, and empathy and impulsive-compulsive behavior improvement.

The study identified specific structural connections between the frontal cortex and the subthalamic nucleus that were associated with changes along these dimensions. By stimulating these tracts, the researchers were able to estimate changes in individual symptom outcomes. In an independent validation dataset of 68 patients, the tract model successfully predicted changes in depression outcomes.

The findings suggest that specific neural pathways may be targeted to modulate particular non-motor symptoms, including impulsivity, through STN-DBS. This approach could lead to more personalized and effective treatment strategies for PD patients, enhancing the management of non-motor symptoms beyond just motor improvements.",False,False,True,
32987241,Intrinsic functional connectivity of the default mode and cognitive control networks relate to change in behavioral performance over two years.,"This study, identified by PMID: 32987241, explores the relationship between intrinsic functional connectivity within and between the cognitive control network (CCN) and the default mode network (DMN) and their association with changes in cognitive control performance over a two-year period. The research involved 109 healthy participants ranging in age from eight to thirty-eight, who underwent fMRI scans and cognitive assessments at two different points in time.

Key findings include:
- Increased within-network connectivity in the central and left default mode network (DMN) was linked to improved memory performance.
- Decreased connectivity between the posterior parietal nodes of the CCN and DMN, as well as between the left and right dorsolateral prefrontal nodes, correlated with enhanced cognitive performance.

These results suggest that changes in intrinsic connectivity within these networks can directly influence cognitive control functions, which are essential for daily social, occupational, and emotional functioning. The study's longitudinal design provides valuable insights into the dynamic nature of these neural networks and their role in cognitive flexibility and adaptability. The findings imply that interventions aimed at modulating intrinsic connectivity could potentially enhance cognitive function, which may have significant implications for both healthy aging and the treatment of cognitive impairments.",True,False,True,
26830141,Midbrain functional connectivity and ventral striatal dopamine D2-type receptors: link to impulsivity in methamphetamine users.,"This study explores the relationship between impulsivity, ventral striatal dopamine D2-type receptor availability, and mesocorticolimbic resting-state functional connectivity (RSFC) in methamphetamine users. The research involved two studies with a total of 75 participants, including both methamphetamine-dependent individuals and healthy controls.

In the first study, 19 methamphetamine-dependent participants and 26 healthy controls underwent positron emission tomography (PET) to measure ventral striatal dopamine D2-type receptor availability and functional magnetic resonance imaging (fMRI) to assess mesocorticolimbic RSFC using a midbrain seed. The findings revealed a significant interaction effect between group and ventral striatal binding potential (BPND) on RSFC. Specifically, there was a negative relationship between ventral striatal BPND and RSFC between the midbrain and striatum, orbitofrontal cortex, and insula in methamphetamine-dependent participants, while this relationship was positive in the control group.

The second study, involving 20 methamphetamine-dependent participants and 18 healthy controls, further explored the relationship between RSFC and impulsivity. Participants completed the Barratt Impulsiveness Scale, and the results indicated an interaction between group and RSFC on impulsivity. Methamphetamine-dependent",False,False,True,
41281564,Associations between structural injury and task-based corticomuscular connectivity after stroke.,"This study explores the relationship between structural injury and task-based corticomuscular connectivity in individuals with early subacute stroke. The research focuses on the corticospinal tract (CST) injury and integrity, measured using structural and diffusion-weighted imaging, and its association with corticomuscular coherence (CMC) during a grip task. CMC was assessed in frequency bands relevant to neural injury and motor function.

The study included 30 individuals with early subacute stroke, but only 21 completed the grip task. No significant structure-function associations were observed across the entire group. However, within specific subgroups based on CST injury and integrity, some significant correlations emerged. In the mild-moderate CST injury subgroup, greater injury was associated with higher coherence between electrodes overlying the supplementary motor area and the affected extensor digitorum in the high beta frequency band (ρ = 0.83, p = 0.001). Conversely, in the subgroup with higher CST integrity, CST integrity positively correlated with coherence between electrodes overlying the ipsilesional primary motor cortex and the affected biceps in the low beta frequency band (r = 0.94, p = 0.0001).

These findings highlight the complexity of structure-function relationships",False,False,True,
38018143,Converging Evidence for Frontopolar Cortex as a Target for Neuromodulation in Addiction Treatment.,"This PubMed abstract discusses the emerging use of noninvasive brain stimulation techniques, specifically transcranial electrical stimulation (tES) and transcranial magnetic stimulation (TMS), in the treatment of substance use disorders. The review highlights the frontopolar cortex as a promising therapeutic target, supported by various types of evidence including lesion-based maps, functional MRI-based maps, tES studies, TMS studies, and dose-response relationships. The frontopolar cortex has been identified as a key region due to its involvement in cognitive control and decision-making processes, which are often impaired in individuals with substance use disorders. The review emphasizes the need for personalized treatment approaches, considering individual differences in brain state, trait, and electric field distribution patterns. This evidence suggests that optimizing treatment through context, target, dose, and timing could enhance clinical outcomes in future clinical trials for substance use disorders. The study is based on a comprehensive review of existing literature and provides a strong foundation for further research in this area.",False,False,True,
25925985,Impaired corticostriatal connectivity in impulse control disorders in Parkinson disease.,"This study, identified by PMID: 25925985, investigates the relationship between impulse control disorders (ICDs) and corticostriatal connectivity in patients with Parkinson's disease (PD). Using functional magnetic resonance imaging (fMRI), the researchers compared the resting-state functional connectivity in the striatum between three groups: patients with PD and ICDs, patients with PD without ICDs, and healthy controls.

The findings indicate that the presence of ICDs in PD patients is linked to impaired functional connectivity between the left anterior putamen and specific cortical regions, including the left inferior temporal gyrus and the left anterior cingulate gyrus. There was also a trend towards disconnection between several motor and associative striatal regions and limbic, associative, and motor cortical regions. Notably, patients without ICDs showed no differences in corticostriatal connectivity when compared to healthy controls. Additionally, a cortical thickness analysis did not reveal any significant differences among the three study subgroups.

These results suggest that altered corticostriatal connectivity may play a role in the development of ICDs in PD, highlighting the importance of this neural network in impulse control. Further research could explore potential therapeutic targets or interventions aimed at modulating these connectivity patterns.",True,False,True,
29946511,Abnormal cortical gyrification in criminal psychopathy.,"This study, identified by PMID: 29946511, investigates the relationship between impulsivity and neuroimaging markers in individuals with psychopathy. The researchers used a sample of 716 adult male inmates and measured the local gyrification index (LGI), a measure of cortical complexity, in relation to scores from the Hare Psychopathy Checklist-Revised (PCL-R).

The findings indicate that higher PCL-R scores, which reflect psychopathic traits, are associated with reduced gyrification in specific brain regions. Specifically, the study found negative associations between PCL-R scores and LGI in the right hemisphere's midcingulate cortex (MCC) and adjacent areas of the superior frontal gyrus and lateral superior parietal cortex. Additionally, PCL-R Factor 1 scores, which assess interpersonal and affective traits, predicted lower LGI in the right MCC and adjacent dorsomedial frontal cortex, as well as higher LGI in bilateral occipital cortex. Notably, PCL-R Factor 2 scores, which relate to impulsivity and antisocial behaviors, did not show significant associations with LGI in any regions.

These results suggest that certain aspects of psychopathy, particularly those related to interpersonal and affective traits, are linked to specific structural abnormalities",True,False,True,
40260305,Effective connectivity analysis of response inhibition functional network.,"This study, identified by PMID: 40260305, investigates the effective connectivity (EC) of functional networks involved in response inhibition using dynamic causal modeling (DCM) and independent component analysis (ICA). The researchers used a Go-NoGo fMRI task with 19 healthy participants to explore the neural mechanisms underlying inhibition.

The study identified four key functional networks activated during correct motor response inhibition: the salience network (SN), the right and left executive control networks (ECNs), and the ventral default mode network (vDMN). Notably, the vDMN was found to have a significant causal inhibitory influence on the left ECN. When response inhibition failed, the SN, bilateral ECNs, and somatomotor network (SMN) were prominently activated. Additionally, there was a significant correlation between the inhibitory influence from the SMN to the SN and the commission error rate.

Furthermore, the study correlated self-reported impulsivity levels with causal network interactions. Highly impulsive individuals required greater interhemispheric integration between the right and left ECNs for effective inhibition. There was also a causal excitatory modulation from the right executive control network (rECN) to the vDMN in these individuals.

Overall, the findings suggest complex hierarchical dynamics",True,False,True,
31427669,The Effect of Mindfulness Meditation on Impulsivity and its Neurobiological Correlates in Healthy Adults.,"This study, identified by PMID: 31427669, investigates the impact of mindfulness meditation on impulsivity and its associated neurobiological correlates in healthy adults. After an eight-week mindfulness intervention, no significant reduction in impulsivity was observed on tasks such as the go/no-go task or the Barratt Impulsiveness Scale (BIS-11). Similarly, there were no notable changes in neural correlates of impulsivity, including frontostriatal gray matter, functional connectivity, and dopamine levels, when comparing the mindfulness group to active or wait-list control groups.

Long-term meditators (LTMs) did not exhibit different performance on the go/no-go task compared to meditation-naïve participants (MNPs). However, LTMs reported lower attentional impulsivity but higher motor and non-planning impulsivity on the BIS-11. Neuroimaging data revealed that LTMs had less striatal gray matter, increased cortico-striatal-thalamic functional connectivity, and a lower spontaneous eye-blink rate, which is indicative of reduced dopamine activity. Importantly, the total lifetime practice hours (TLPH) of LTMs did not correlate with impulsivity or neurobiological metrics.

The findings suggest that both short- and long-term mindfulness practice may",True,False,True,
18479820,An event-related fMRI study on risk taking by healthy individuals of high or low impulsiveness.,"This 2008 study, identified by PMID: 18479820, utilized an event-related fMRI technique to investigate the neural basis of risk-taking behavior in healthy individuals with varying levels of impulsivity. Participants were categorized into high and low impulsivity groups based on their scores from the Barratt Impulsiveness Scale (BIS). During the experiment, participants performed a Risky-Gains task while their brain activity was recorded using a 3T MRI scanner.

The results indicated that individuals with higher impulsivity showed greater activation in the insula, orbitofrontal, and parietal regions of the brain compared to those with lower impulsivity. This suggests that these areas play a significant role in processing cognitive and affective information related to risk-taking decisions. Notably, there were no differences in activation levels in the lateral prefrontal and anterior cingulate regions between the two groups.

These findings contribute to our understanding of how impulsivity influences neural processes involved in decision-making under risk. The enhanced activity in the insula and orbitofrontal regions in high-impulsivity individuals might reflect a more pronounced engagement of emotional and sensory processing during risky choices, which could be a key factor in impulsive behaviors.",True,False,True,
40334458,Temporal variability-based alternations in dynamic functional networks in internet gaming disorder.,"This study explores the dynamic functional networks in individuals with Internet Gaming Disorder (IGD) using resting-state functional connectivity (FC) data. The researchers collected data from 269 participants, including 132 IGD subjects and 137 recreational game users (RGUs). They focused on temporal variability indices at both within-network and between-network levels to understand the dynamic changes in brain networks.

The key findings indicate that IGD individuals show decreased within-network variability in the default mode network (DMN), suggesting potential impairments in self-referential processing or introspection. In contrast, there was an increase in within-network temporal variability in the ventral attention network (VAN), which may reflect altered attentional processes. Additionally, increased between-network temporal variability was observed in the sensorimotor network (SMN) and VAN, as well as between the SMN, limbic network (LN), and VAN and LN. These alterations suggest imbalances in sensory-attention, sensory-emotion, and emotion-motivation functions.

Overall, these results highlight the importance of considering dynamic changes in functional networks when studying IGD. The findings contribute to a deeper understanding of the neural mechanisms underlying pathological gaming behaviors, particularly focusing on executive inhibitory functions and attentional processes. This study, identified",False,False,True,
30504061,Relationship between quality of life in young adults and impulsivity/compulsivity✰.,"This study, published in 2019 in Psychiatry Research (PMID: 30504061), explores the relationship between impulsivity, compulsivity, and quality of life in young adults. The research involved 479 participants with a mean age of 22.3 years (standard deviation of 3.6 years). Using Partial Least Squares (PLS) analysis, the study found that quality of life in young adults is best explained by a single factor. Key factors associated with lower quality of life included older age, higher alcohol consumption, and the presence of various impulse control disorders such as gambling, compulsive buying, intermittent explosive disorder, compulsive sexual behavior, binge-eating, and skin picking. Additionally, mood and anxiety disorders, post-traumatic stress disorder, and substance use disorders were linked to poorer quality of life.

The study also highlighted that higher impulsiveness, as measured by the Barratt scale, and relative impairments in extra-dimensional set-shifting and decision-making quality were significant predictors of lower quality of life. These findings underscore the importance of addressing impulse disorders, particularly problematic gambling, in public health strategies aimed at improving quality of life in young adults. Furthermore, the study suggests that performance on decision-making and set-shifting tasks",True,False,True,
15309395,Negative correlation between right prefrontal activity during response inhibition and impulsiveness: a fMRI study.,"This study, published in 2004 (PMID: 15309395), investigated the relationship between impulsiveness and brain activity during a response inhibition task using functional magnetic resonance imaging (fMRI). Seventeen right-handed healthy participants were recruited, and their brain activity was measured while performing a Go/No-Go task. The Barratt Impulsiveness Scale, 11th version (BIS-11), was used to assess impulsiveness levels.

The findings revealed that regions including the right middle frontal gyrus and inferior parietal lobe were activated during the No-Go trials, consistent with previous neuroimaging studies. Importantly, a significant negative correlation was found between motor impulsiveness scores from the BIS-11 and activation in the right dorsolateral prefrontal cortex (RDLPFC) during the No-Go trials. This suggests that individuals with higher impulsiveness have reduced activity in the RDLPFC when inhibiting responses, indicating that this region might be crucial for response inhibition and that its activity could serve as an indicator of individual capacity for response inhibition.",True,False,True,
42146757,Resting-State Functional Connectivity Alterations in Pediatric Survivors of Severe COVID-19: An Exploratory Case-Control Study.,"This study, identified by PMID: 42146757, explores resting-state functional connectivity alterations in pediatric survivors of severe COVID-19 compared to healthy pre-pandemic controls. The research utilized a case-control design involving 14 children who were hospitalized for severe COVID-19 and 31 healthy controls. The study employed resting-state functional magnetic resonance imaging (rs-fMRI) to analyze brain connectivity patterns.

The results indicated three specific alterations in connectivity clusters among the post-COVID group: increased coupling between the default mode network and the visual medial regions, stronger anticorrelations between the dorsal attention network and sensorimotor regions, and enhanced connectivity between temporal-occipital and vermal regions. Notably, in an exploratory subset analysis, 50% of the post-COVID children exhibited abnormally low scores on the Timeliness component of the MOXO-d-CPT test, which measures cognitive flexibility, and 25% showed low scores on the Impulsivity component, indicating difficulties in inhibiting responses. No control subjects demonstrated these abnormalities.

These findings suggest that pediatric survivors of severe COVID-19 may exhibit subtle cognitive vulnerabilities, particularly related to impulsivity, which warrant further investigation in larger, longitudinal studies to confirm these initial",True,False,True,
41098856,The CB1 receptor: linking impulsivity and substance use disorder.,"This PubMed abstract discusses the role of the cannabinoid receptor type 1 (CB1R) in linking impulsivity and substance use disorders (SUDs). The CB1R is predominantly found in the basal ganglia, hippocampus, and cerebellum, with high concentrations in presynaptic terminals where it modulates synaptic transmission via retrograde endocannabinoid signaling. The expression of CB1R follows a developmental trajectory that is especially dynamic during adolescence, a period marked by heightened impulsivity and increased vulnerability to SUDs.

The prefrontal cortex is traditionally considered the primary locus of self-control, but recent evidence suggests that other subcortical structures, such as the hippocampus and cerebellum, also play crucial roles in regulating impulsive behavior. These structures are interconnected with prefrontal and limbic circuits and influence decision-making, reward sensitivity, and response inhibition—processes essential for the development of impulsive traits and drug-seeking behavior.

The review integrates both preclinical and clinical data to propose a distributed CB1R-regulated neurocircuit that underlies impulsivity and mediates risk for SUDs. It emphasizes adolescence as a critical period when CB1R ontogeny might transiently disrupt inhibitory control systems, potentially contributing to risky behaviors. Key knowledge",False,False,True,
29040723,Resting-state functional connectivity in combat veterans suffering from impulsive aggression.,"This study, identified by PMID: 29040723, investigates the neural basis of impulsive aggression in combat veterans through resting-state functional connectivity analysis. The research hypothesizes that impaired top-down regulation of the amygdala by prefrontal regions might contribute to impulsive aggression. The study included 28 combat veterans with impulsive aggression and 30 without such issues. Using resting-state functional magnetic resonance imaging (fMRI), the researchers analyzed functional connectivity from several seed regions, including the basolateral amygdala (BLA), centromedial amygdala, anterior cingulate cortex (ACC), and anterior insular cortex (AIC).

The findings revealed reduced functional connectivity between the bilateral BLA and the left dorsolateral prefrontal cortex in individuals with impulsive aggression compared to those without. This suggests that weakened connectivity between the amygdala and prefrontal regions might underlie impulsive aggression even in the absence of emotional stimuli. Additionally, the study found group differences in functional connectivity between the bilateral ACC and the left cuneus, which could be linked to heightened vigilance to potential threats. Another notable finding was reduced connectivity between the left AIC and the right temporal pole, which might relate to negative memory associations in imp",True,False,True,
31801105,A preliminary study of disrupted functional network in individuals with Internet gaming disorder: Evidence from the comparison with recreational game users.,"This study, identified by PMID: 31801105, investigates the neural differences between individuals with Internet Gaming Disorder (IGD) and recreational game users (RGU) using neuroimaging techniques. The research employed graph theoretical analysis on resting-state functional magnetic resonance imaging (fMRI) data from 61 IGD participants and 61 RGU participants. The findings indicate that both groups exhibit efficient and economical small-world network topology, suggesting a similar overall network structure. However, the IGD group demonstrated increased nodal centralities in specific brain regions associated with reward processing, craving, emotional memory, and sensory-motor coordination. This suggests that individuals with IGD may have heightened incentive motivation and sensory-motor coordination, which could contribute to the development and maintenance of the disorder. The study provides preliminary evidence for disrupted functional network dynamics in IGD, offering a new perspective on the neural underpinnings of this condition.",True,False,True,
30277562,The role of the dorsal striatum in choice impulsivity.,"This 2019 study from the Annals of the New York Academy of Sciences explores the role of the dorsal striatum in choice impulsivity, focusing on its involvement in action selection based on action-outcome learning. The authors draw on both human neuroimaging and animal model studies to investigate these associations. They highlight that the dorsal striatum, particularly the caudate nucleus, plays a crucial role in reward valuation, which is central to impulsive behavior. Additionally, they discuss a ventral-to-dorsal gradient within the dorsal striatum, suggesting that different regions may be involved in various aspects of impulsivity. The study also examines the origins of striatal afferents and the development of frontostriatal connectivity during adolescence, noting how these factors might influence impulsivity. Overall, the research provides a comprehensive overview of the current understanding of the dorsal striatum's role in choice impulsivity, emphasizing the need for further investigation into the specific mechanisms underlying these associations.",False,False,True,
28189592,Dissociable frontostriatal white matter connectivity underlies reward and motor impulsivity.,"This study, identified by the PMID 28189592, investigates the relationship between frontostriatal white matter connectivity and different forms of impulsivity. The researchers used probabilistic tractography of diffusion imaging data to examine connections between specific brain regions and their association with reward and motor impulsivity.

The study found a double dissociation in connectivity patterns: 
- Ventral striatum and ventromedial prefrontal cortex connectivity was linked to reward impulsivity, as measured by delay discounting.
- Dorsal striatum and supplementary motor area connectivity was associated with motor impulsivity.

These findings support the idea that different types of impulsivity may be driven by distinct neural circuits. Specifically, they suggest that reward impulsivity is related to the ventral frontostriatal pathway, while motor impulsivity is associated with the dorsal frontostriatal pathway. This research highlights the importance of frontostriatal white matter integrity in modulating impulsive behaviors and provides insights into the neural mechanisms underlying these behaviors.",True,False,True,
32035425,Ventromedial prefrontal value signals and functional connectivity during decision-making in suicidal behavior and impulsivity.,"This study, identified by PMID: 32035425, investigates the neural basis of impulsivity and decision-making in individuals with suicidal behavior. The research involved middle-aged and older adults, including those with a history of suicide attempts, those with suicidal ideation, depressed controls without suicidal ideation, and nonpsychiatric controls. Participants underwent an fMRI scan while performing a decision-making task with varying reward probabilities.

Key findings include:

1. **Reduced vmPFC Value Signals**: Individuals with a history of suicide attempts exhibited reduced vmPFC value signals compared to nonpsychiatric controls, suggesting impaired value-based decision-making.

2. **Impulsivity and Connectivity**: In nonpsychiatric controls, there was a negative moderation effect of impulsivity on vmPFC-frontoparietal connectivity. However, this effect was absent in the patient groups, particularly in those with a history of suicide attempts. This alteration in connectivity patterns was associated with disrupted choice processes.

3. **Specificity to vmPFC**: The changes in connectivity were specific to the vmPFC and not observed in the striatum, indicating a region-specific impairment.

The study highlights that disrupted vmPFC value signals and altered vmPFC-frontoparietal connectivity play crucial roles in the behavioral phenotype of",True,False,True,
27095357,Sex differences in impulsivity and brain morphometry in methamphetamine users.,"This study, identified by PMID: 27095357, explores the relationship between impulsivity and brain morphology in methamphetamine (METH) users, with a focus on sex differences. The research involved 124 participants, including 62 METH users and 62 controls, with detailed assessments of brain structures via MRI and impulsivity levels through the Barratt Impulsiveness Scale (BIS).

Key findings indicate that METH users exhibit higher impulsivity scores compared to controls, particularly in the Cognitive and Behavioral Factors domains of the BIS. Notably, there are significant sex-specific differences in brain morphology. Male METH users show larger right superior frontal cortex volumes, which correlate with higher cognitive impulsivity. Conversely, female METH users display smaller frontal cortices, also linked to increased impulsivity. Additionally, only female METH users exhibited a relatively larger nucleus accumbens, suggesting potential estrogen-mediated neuroprotective responses.

The study highlights that the impact of METH use can differ between men and women, possibly due to variations in brain structure and function. For instance, the larger superior frontal cortex in male METH users might indicate decreased dendritic pruning during adolescence, contributing to impulsive behaviors and drug use. In contrast, the smaller frontal cortices in female METH users could reflect greater",True,False,True,
34461353,Impulsivity is related to overhasty risk learning in attention-deficit/hyperactivity disorder: A computational psychiatric approach.,"This study, identified by PMID: 34461353, explores the relationship between impulsivity and risk-taking behavior in adults with Attention-Deficit/Hyperactivity Disorder (ADHD). Using a computational approach and Bayesian modeling, the researchers found that impulsivity is linked to an overhasty adjustment of beliefs during risk learning, which contributes to increased risk-taking behavior. The study utilized an openly available fMRI dataset where participants with ADHD completed the Balloon Analog Risk Task (BART).

The computational model fitted to the data revealed a significant correlation between the Barratt Impulsiveness Scale (BIS) scores and the degree of overhasty learning (r = 0.424, p = 0.009). Additionally, a connectome-based predictive model (CPM) was developed using fMRI data, which successfully predicted the degree of risk-learning bias using negatively correlated edges (r = 0.341, p = 0.041; q2 = 0.092). Notably, the hub nodes in this predictive network were located in the frontal lobe, specifically the orbitofrontal area.

These findings suggest that impulsivity in individuals with ADHD is associated with an overhasty updating of beliefs",True,False,True,
40168432,Protocol for a Randomized Controlled Trial to Enhance Executive Function via Brief Mindfulness Training in Individuals with Internet Gaming Disorder.,"This randomized controlled trial aims to investigate the impact of a brief mindfulness intervention on executive function impairments in individuals with Internet Gaming Disorder (IGD). The study recruits 82 individuals diagnosed with IGD and 40 non-addicted gamers, dividing them into an intervention group and a control group. The intervention group receives a 7-day mindfulness training program focused on breathing meditation, while the control group undergoes progressive muscle relaxation training. 

The primary outcome measures include EEG data (band power, functional connectivity, source localization, and N2/P3 amplitudes), behavioral metrics (response times and accuracy from psychological experimental paradigms), physiological indices (heart rate variability), and self-reported measures (game craving, mindfulness levels, executive function performance, and impulsivity, particularly focusing on inhibitory control). Secondary outcome measures encompass anxiety, stress, positive and negative affect, sleep quality, demographic information, physical and mental health status, and the Big Five personality traits.

The study's protocol suggests that it will explore the efficacy of a brief mindfulness intervention on executive function impairments in IGD individuals and elucidate its underlying neural mechanisms. By doing so, the researchers aim to provide more targeted intervention strategies for executive function research and offer novel insights into the treatment of IGD and related cognitive dysfunctions. The",False,False,True,
23770040,Resting-state beta and gamma activity in Internet addiction.,"This study, identified by the PMID 23770040, investigates the relationship between impulsivity and neuroimaging in individuals with Internet addiction. The research compares resting-state electroencephalogram (EEG) activity in the beta and gamma frequency bands between individuals diagnosed with Internet addiction and healthy controls. 

The study involved 21 participants with Internet addiction and 20 matched healthy controls. Measures of impulsivity included the Barratt Impulsiveness Scale-11 and a stop-signal task. Key findings indicated that individuals with Internet addiction exhibited higher impulsivity and impaired inhibitory control compared to the control group. Neuroimaging results revealed that the Internet addiction group had lower absolute power in the beta band and higher absolute power in the gamma band during resting-state EEG recordings. These differences were statistically significant and correlated with the severity of Internet addiction and impulsivity scores.

The authors suggest that these alterations in resting-state fast-wave brain activity could serve as potential biomarkers for understanding the neurobiological underpinnings of Internet addiction. This study contributes to the growing body of evidence linking impulsivity and specific EEG patterns in addictive behaviors.",True,False,True,
29337234,Electrophysiological Activity Prior to Self-initiated Movements is Related to Impulsive Personality Traits.,"This study, published in the journal Neuroscience in 2018 (PMID: 29337234), explores the relationship between impulsivity and electrophysiological activity preceding self-initiated movements. The research involved nineteen healthy participants who were assessed for their trait impulsivity using the Barratt Impulsiveness Scale (BIS-11) and then performed a task based on Libet's clock paradigm while their brain activity was recorded via EEG.

The findings indicate a positive correlation between higher levels of trait impulsivity and increased motor system excitability during the preparatory phase of movement. Specifically, the readiness potential (RP), an early negative deflection in the EEG signal that precedes voluntary movements, showed an earlier onset and a larger amplitude as impulsivity scores increased. This suggests that individuals with higher trait impulsivity may experience a reduced ability to exert conscious control over their actions, possibly due to less effective preparatory inhibitory mechanisms.

The study provides insights into how individual differences in impulsivity might influence the timing and control of voluntary actions at the neural level, highlighting the importance of preparatory inhibition in behavioral regulation.",True,False,True,
29454934,Time scale properties of task and resting-state functional connectivity: Detrended partial cross-correlation analysis.,"This study, identified by the PMID 29454934, investigates the time scale properties of functional connectivity within the brain during both resting state and task conditions. Using fMRI data from 68 participants, the researchers employed a novel method called detrended partial cross-correlation analysis (DPCCA) to examine the connectivity within the default mode network (DMN) and task networks. 

The key findings indicate that the time scales of connectivity within these networks differ significantly between rest and task conditions. Specifically, the time scale of connectivity within the DMN increases during rest relative to task, whereas it decreases in task networks during active tasks. This suggests that the brain's functional connectivity patterns adapt dynamically depending on the mental state.

Interestingly, the study also found that the time scale of connectivity within the pre-supplementary motor area (pre-SMA), a region crucial for proactive inhibitory control, was inversely related to measures of impulsivity (as assessed by the Barratt Impulsivity Scale) and stop signal reaction time. This implies that individuals with higher levels of impulsivity might exhibit altered connectivity dynamics in regions involved in cognitive control.

Overall, these results highlight the importance of considering the time scale properties of brain networks when studying cognitive processes and suggest that low-frequency fluctuations in blood oxygen",True,False,True,
38451271,Trait anxiety and corresponding neuromarkers predict internet addiction: A longitudinal study.,"This study explores the relationship between trait anxiety (TA) and internet addiction (IA), using both longitudinal data and neuroimaging techniques. The research, published in the Journal of Behavioral Addictions (PMID: 38451271), found a significant positive correlation between trait anxiety and internet addiction, with individuals showing higher trait anxiety also exhibiting increased levels of internet addiction over time.

The study utilized a combination of methods to investigate this relationship. Initially, it examined the correlation between trait anxiety and internet addiction, finding a strong positive link. It then employed a linear mixed-effect model to assess the longitudinal impact of trait anxiety on internet addiction, confirming that individuals with higher trait anxiety had higher levels of internet addiction over the course of the study.

Neuroimaging was used to identify neuromarkers associated with trait anxiety. Connectome-based predictive modeling (CPM) was applied to explore the functional connectivity within cognitive control and emotion-regulation circuits, as well as the default mode network (DMN). The results indicated that these specific neural connections were significantly correlated with trait anxiety. Moreover, these neuromarkers were found to predict internet addiction, further validating the role of these neural circuits in the development of internet addiction.

The study also considered stressful life events as potential mediators in the relationship",True,False,True,
37887440,"Neurophysiological, Neuroimaging, and Neuropsychological Predictors of Human Alcoholism and Risk.","This special issue explores the role of neurophysiological, neuroimaging, and neuropsychological measures in understanding alcohol use disorder (AUD) and predicting risk factors associated with it. One key aspect discussed is impulsivity, which is often linked to increased risk for AUD. For instance, the article ""Random Forest Classification of Alcohol Use Disorder Using EEG Source Functional Connectivity, Neuropsychological Functioning, and Impulsivity Measures"" highlights how impulsivity measures, along with EEG source functional connectivity and neuropsychological functioning, can be used to classify individuals with AUD. Another study, ""Differentiating Individuals with and without Alcohol Use Disorder Using Resting-State fMRI Functional Connectivity of Reward Network, Neuropsychological Performance, and Impulsivity Measures,"" further emphasizes the importance of impulsivity by showing that it can help differentiate between individuals with and without AUD using resting-state fMRI functional connectivity and neuropsychological performance.

These findings suggest that impulsivity plays a significant role in the development and maintenance of AUD. Neuroimaging techniques like EEG and fMRI provide valuable insights into the neural mechanisms underlying AUD, while neuropsychological assessments offer additional perspectives on cognitive functions related to impulsivity. Together, these methods can enhance our understanding of AUD and potentially improve diagnostic and therapeutic approaches.",False,False,True,
30616125,A multi-dimensional evaluation of craving and impulsivity among people admitted for alcohol-related problems in emergency department.,"This study, published in 2019 in Psychiatry Research (PMID: 30616125), evaluated craving and impulsivity in individuals admitted to the emergency department due to alcohol-related issues. The researchers used multiple scales to assess these psychological dimensions, including the Visual Analogue Scale (VAS), Obsessive Compulsive Drinking Scale (OCDS), UPPS Scale, and Barratt Impulsiveness Scale. Among the 98 participants, regression analysis revealed that specific sub-dimensions of craving and impulsivity—namely the compulsive subscale of the OCDS, the VAS, and the Urgency subscale of impulsivity—were significant predictors of the severity of alcohol-use disorders as measured by the Alcohol Use Disorders Identification Test (AUDIT).

The findings suggest that certain aspects of craving and impulsivity may play a crucial role in maintaining excessive alcohol consumption. This multi-dimensional approach to evaluating these psychological factors could provide valuable insights into the mechanisms underlying alcohol misuse and potentially inform targeted interventions.",True,False,True,
27894158,Craving behavioral intervention for internet gaming disorder: remediation of functional connectivity of the ventral striatum.,"This study explores the neural mechanisms underlying the effectiveness of psychobehavioral interventions for Internet Gaming Disorder (IGD) through neuroimaging. The research focuses on the ventral striatum (VS) and its connections with other brain regions, particularly the left inferior parietal lobule (lIPL), which are implicated in gaming cravings and attentional biases.

The study involved 74 individuals diagnosed with IGD and 41 healthy controls. Resting-state functional connectivity of the VS was assessed using functional magnetic resonance imaging (fMRI). The results indicated that individuals with IGD had increased functional connectivity between the VS and the lIPL, right inferior frontal gyrus, and left middle frontal gyrus, with the strength of this connectivity correlating with the severity of their IGD symptoms.

In a follow-up craving behavioral intervention (CBI) study, 20 out of the 74 IGD participants received the intervention, while 16 did not. Those who received the intervention showed a significant reduction in VS-lIPL connectivity, alongside improvements in addiction severity. This suggests that the VS-lIPL connectivity could serve as a biomarker for the efficacy of psychobehavioral interventions in treating IGD.

The findings imply that non-invasive techniques, such",False,False,True,
37561637,Abnormal frontostriatal connectivity and serotonin function in gambling disorder: A preliminary exploratory study.,"This study, published in the Journal of Behavioral Addictions (PMID: 37561637), investigates the neurobiological mechanisms underlying gambling disorder through the examination of frontostriatal connectivity and neurotransmitter function. The research involved 15 individuals diagnosed with gambling disorder and 17 healthy controls, who underwent both resting-state functional connectivity MRI and brain positron emission tomography (PET) scans to assess dopamine, opioid, and serotonin activity.

Key findings include a significant reduction in functional connectivity between the right nucleus accumbens (NAcc) and the right dorsolateral prefrontal cortex (DLPFC) in individuals with gambling disorder. Additionally, there was a notable interaction between group membership and 11C-MADAM binding in the right DLPFC, indicating altered serotonin function. This interaction was further supported by voxelwise analysis, which revealed a widespread difference in 11C-MADAM binding in the prefrontal cortex between the two groups.

The study also found that right NAcc 11C-MADAM binding potential correlated with attentional impulsivity in individuals with gambling disorder, suggesting a link between serotonin function and impulsivity in this population.

Overall, these results indicate that gambling disorder is associated with specific alterations in frontost",True,False,True,
25899520,Altered resting-state functional connectivity of the insula in young adults with Internet gaming disorder.,"This study, identified by PMID: 25899520, investigates the altered resting-state functional connectivity (rsFC) of the insula in young adults with Internet Gaming Disorder (IGD) using functional magnetic resonance imaging (fMRI). The research compares 74 individuals diagnosed with IGD to 41 healthy control subjects matched for age and gender. 

Key findings indicate that IGD participants exhibit enhanced rsFC between the anterior insula and regions such as the anterior cingulate cortex, putamen, angular gyrus, and precuneus—areas crucial for salience processing, craving, self-monitoring, and attention. Additionally, there is increased rsFC between the posterior insula and the postcentral gyrus, precentral gyrus, supplementary motor area, and superior temporal gyrus, which are involved in interoception, movement control, and auditory processing.

The severity of IGD is positively correlated with connectivity between the anterior insula and the angular gyrus, superior temporal gyrus, and anterior cingulate cortex. Moreover, the duration of internet gaming is linked to stronger connectivity between the anterior insula and the anterior cingulate cortex. These results underscore the significance of the insula in the manifestation of core symptoms of IGD and emphasize the",True,False,True,
