record_id,pmid,title,year,journal,query,extracted_brain_system,extracted_feature_type,extracted_phenotype,extracted_diagnostic_context,extracted_relationship,extracted_direction,extracted_mechanism,extracted_directness,evidence_strength,supporting_sentence,schema_valid,schema_issues,citation_valid,sentence_present,sentence_anchored,semantic_support_score,phenotype_correct,feature_type_correct,relationship_correct,direction_correct,overclaiming_flag,hallucination_flag,review_decision,review_notes,verifier_model,verifier_support_score,verifier_decision,verifier_phenotype_supported,verifier_feature_supported,verifier_relationship_supported,verifier_direction_supported,verifier_directness_supported,verifier_overclaiming,verifier_corrected_phenotype,verifier_corrected_feature_type,verifier_corrected_direction,verifier_rationale,verifier_error,model_label
2,34427375,Changes in ALFF and ReHo values in methamphetamine abstinent individuals based on the Harvard-Oxford atlas: A longitudinal resting-state fMRI study.,2022,Addiction biology,Barratt Impulsiveness Scale resting-state fMRI,unknown,BOLD variability,impulsivity (general),methamphetamine abstinent individuals,associated_with,unclear,,indirect,0.8,"The changes in ALFF and ReHo in the right middle frontal gyrus were significantly associated with BIS total scores, BIS attention scores, and BIS nonplanning scores.",yes,,yes,yes,yes,,,,,,,,,,llama-3.1-8b-instruct,2,keep,yes,yes,yes,yes,yes,no,impulsivity (general),BOLD variability,associated with,"The sentence clearly supports the extracted claim, mentioning a specific brain region (right middle frontal gyrus) and its association with impulsivity (BIS total scores, BIS attention scores, and BIS nonplanning scores).",,Llama 3.1 8B
3,39315326,Resting-state brain networks alterations in adolescents with Internet Gaming Disorder associate with cognitive control impairments.,2024,Frontiers in psychiatry,Barratt Impulsiveness Scale resting-state fMRI,unknown,unknown,impulsivity (general),Internet Gaming Disorder,correlates_with,higher,functional connectivity,indirect,0.9,"Decreased resting state activity of the dorsal attention network (DAN) was associated with attentional dysregulation of IGD in adolescents (r=0.4071, p=0.0017), and ECN increased functional connectivity with DAN.",yes,,yes,yes,yes,,,,,,,,,,llama-3.1-8b-instruct,2,keep,yes,yes,yes,yes,yes,no,impulsivity (general),cognitive control impairments,higher,"The sentence clearly supports the claim, mentioning a specific brain network (dorsal attention network) and its association with a phenotype (attentional dysregulation) in a diagnostic context (Internet Gaming Disorder). The relationship is also clearly stated as correlation, and the direction is correctly identified as higher.",,Llama 3.1 8B
4,38991286,Neural correlates of impulsivity in amphetamine use disorder.,2024,Psychiatry research. Neuroimaging,Barratt Impulsiveness Scale resting-state fMRI,unknown,unknown,impulsivity (general),amphetamine use disorder,associated_with,higher,aberrant prefrontal function,indirect,0.8,"Amphetamine users had higher subjective ratings of impulsivity as compared to healthy controls, and these scores correlated positively with a wide-spread prefrontal hyperconnectivity that was found among the amphetamine users.",yes,,yes,yes,yes,,,,,,,,,,llama-3.1-8b-instruct,2,keep,yes,yes,yes,yes,yes,no,impulsivity (general),subjective ratings,higher,"The sentence clearly supports the extracted claim, mentioning higher subjective ratings of impulsivity in amphetamine users compared to healthy controls, and a positive correlation with prefrontal hyperconnectivity.",,Llama 3.1 8B
5,29454934,Time scale properties of task and resting-state functional connectivity: Detrended partial cross-correlation analysis.,2018,NeuroImage,Barratt Impulsiveness Scale resting-state fMRI,default mode network,functional connectivity,impulsivity (general),Barratt Impulsiveness Scale,correlates_with,lower,,direct,0.8,"In regions of interest analysis, the within-network connectivity time scale of the pre-supplementary motor area - a medial prefrontal cortical structure of the task network and critical to proactive inhibitory control - correlated inversely with Barratt impulsivity and stop signal reaction time.",yes,,yes,yes,yes,,,,,,,,,,llama-3.1-8b-instruct,2,keep,yes,yes,yes,yes,yes,no,impulsivity (general),functional connectivity,lower,"The sentence clearly supports the extracted claim by stating a direct correlation between the within-network connectivity time scale of the pre-supplementary motor area and Barratt impulsivity, which is a measure of impulsivity. The direction of the correlation is also correctly identified as inverse, which corresponds to a lower correlation.",,Llama 3.1 8B
6,38002468,Insula Connectivity Abnormalities Predict Impulsivity in Chronic Heroin Use Disorder: A Cross-Sectional Resting-State fMRI Study.,2023,Brain sciences,Barratt Impulsiveness Scale resting-state fMRI,unknown,functional connectivity,impulsivity (general),Chronic Heroin Use Disorder,predicts,higher,insula connectivity abnormalities,direct,0.8,"Changes in FC between the right insula and the lateral occipital cortex and the right angular gyrus were significantly positively correlated with total trait impulsivity scores, motor impulsivity, and nonplanning impulsivity, whereas changes in the FC between the left insula and the left superior frontal gyrus and left frontopolar brain region were significantly negatively correlated with trait impulsivity.",yes,,yes,yes,yes,,,,,,,,,,llama-3.1-8b-instruct,2,keep,yes,yes,yes,yes,yes,no,impulsivity (general),functional connectivity,higher,"The sentence clearly supports the extracted claim, mentioning a direct relationship between insula connectivity abnormalities and impulsivity in the context of Chronic Heroin Use Disorder.",,Llama 3.1 8B
8,37579016,"Resting-State Functional Connectivity of the Dorsal and Ventral Striatum, Impulsivity, and Severity of Use in Recently Abstinent Cocaine-Dependent Individuals.",2023,The international journal of neuropsychopharmacology,Barratt Impulsiveness Scale resting-state fMRI,unknown,functional connectivity,impulsivity (general),cocaine dependence,associated_with,higher,functional connectivity,direct,0.8,"In CDs, VS-left IFC and VS-hippocampus connectivity was positively and negatively correlated with average monthly cocaine use in the prior year, respectively.",yes,,yes,yes,yes,,,,,,,,,,llama-3.1-8b-instruct,2,keep,yes,yes,yes,yes,yes,no,impulsivity (general),functional connectivity,higher,"The sentence clearly supports the extracted claim, mentioning a direct association between impulsivity and functional connectivity in the context of cocaine dependence.",,Llama 3.1 8B
10,32670033,Trait Impulsivity Associated With Altered Resting-State Functional Connectivity Within the Somatomotor Network.,2020,Frontiers in behavioral neuroscience,Barratt Impulsiveness Scale resting-state fMRI,unknown,functional connectivity,impulsivity (general),healthy individuals,associated_with,lower,altered resting-state functional connectivity,direct,0.8,"Across participants, we observed that greater self-reported impulsivity was associated with decreased connectivity of the right lateral occipital cortex (peak mm 46/-70/16, FWE 1-p = 0.981) with the somatomotor network.",yes,,yes,yes,yes,,,,,,,,,,llama-3.1-8b-instruct,2,keep,yes,yes,yes,yes,yes,no,impulsivity (general),functional connectivity,lower,"The sentence clearly supports the extracted claim, mentioning a direct association between impulsivity and decreased functional connectivity within the somatomotor network.",,Llama 3.1 8B
15,26040546,Model-free functional connectivity and impulsivity correlates of alcohol dependence: a resting-state study.,2017,Addiction biology,Barratt Impulsiveness Scale resting-state fMRI,unknown,functional connectivity,impulsivity (general),alcohol dependence,correlates_with,higher,unknown,direct,0.8,"AD exhibited increased within-network FC in salience (SN), default mode (DMN), orbitofrontal cortex (OFCN), left executive control (LECN) and amygdala-striatum (ASN) networks.",yes,,yes,yes,yes,,,,,,,,,,llama-3.1-8b-instruct,2,keep,yes,yes,yes,yes,yes,no,impulsivity (general),functional connectivity,higher,"The sentence directly supports the claim by stating that AD exhibited increased within-network FC, which is a higher level of functional connectivity. The phenotype of impulsivity (general) is supported as it is related to the brain regions mentioned in the sentence. The relationship of correlates_with is supported as the sentence states that there is a correlation between AD and increased within-network FC. The direction of higher is supported as the sentence states that there is an increase in within-network FC. The directness of direct is supported as the sentence names both the phenotype and feature.",,Llama 3.1 8B
16,33519558,Impulsivity and Response Inhibition Related Brain Networks in Adolescents With Internet Gaming Disorder: A Preliminary Study Utilizing Resting-State fMRI.,2020,Frontiers in psychiatry,Barratt Impulsiveness Scale resting-state fMRI,unknown,functional connectivity,impulsivity (general),Internet Gaming Disorder,associated_with,higher,pre-frontal-striatal circuits,direct,0.8,"We found significant differences in impulsivity between the IGD group and RGU group, with members of the IGD group exhibiting higher impulsivity.",yes,,yes,yes,yes,,,,,,,,,,llama-3.1-8b-instruct,2,keep,yes,no,yes,yes,yes,no,impulsivity (general),behavioral trait,higher,"The sentence directly supports the relationship between impulsivity and the IGD group, but it does not directly support the feature type (functional connectivity) or the brain system. The phenotype and direction are correctly supported.",,Llama 3.1 8B
18,33528803,Impulsivity in heroin-dependent individuals: structural and functional abnormalities within frontostriatal circuits.,2021,Brain imaging and behavior,Barratt Impulsiveness Scale resting-state fMRI,unknown,structural connectivity,impulsivity (general),heroin dependence,associated_with,higher,,direct,0.8,Higher motor impulsivity was observed in HDI.,yes,,yes,yes,yes,,,,,,,,,,llama-3.1-8b-instruct,2,keep,yes,yes,yes,yes,yes,no,impulsivity (general),behavioral,higher,"The sentence directly states a higher level of impulsivity in heroin-dependent individuals, which matches the extracted claim.",,Llama 3.1 8B
19,32651411,Increased large-scale inter-network connectivity in relation to impulsivity in Parkinson's disease.,2020,Scientific reports,Barratt Impulsiveness Scale resting-state fMRI,unknown,functional connectivity,impulsivity (general),Parkinson's disease,associated_with,higher,increased connectivity,direct,0.9,FC between the right frontoparietal network (FPN) and medial visual network (MVN) was significantly higher in PD-HI patients than PD-LI patients (false discovery rate [FDR]-adjusted p = 0.0315).,yes,,yes,yes,yes,,,,,,,,,,llama-3.1-8b-instruct,2,keep,yes,yes,yes,yes,yes,no,impulsivity (general),functional connectivity,higher,"The sentence directly supports the claim by stating a higher functional connectivity between two brain networks in PD-HI patients compared to PD-LI patients, which is associated with impulsivity in Parkinson's disease.",,Llama 3.1 8B
20,35385563,A single-arm open-label pilot study of brief mindfulness meditation to control impulsivity in Parkinson's disease.,2022,PloS one,Barratt Impulsiveness Scale resting-state fMRI,unknown,functional connectivity,impulsivity (general),Parkinson's disease,associated_with,lower,mindfulness meditation,direct,0.8,"After the intervention, the BIS-11 score was decreased from 59.5 [55.6, 63.3] (mean [95% confidence interval]) to 55.2 [50.3, 60.1] (ΔBIS-11: -4.2, [-7.5, -0.9]).",yes,,yes,yes,yes,,,,,,,,,,llama-3.1-8b-instruct,2,keep,yes,yes,yes,yes,yes,no,,,,"The sentence directly supports the association between impulsivity (general) and a functional connectivity feature, as indicated by the decrease in BIS-11 score after the intervention.",,Llama 3.1 8B
21,34012386,Association of Disinhibited Eating and Trait of Impulsivity With Insula and Amygdala Responses to Palatable Liquid Consumption.,2021,Frontiers in systems neuroscience,Barratt Impulsiveness Scale resting-state fMRI,unknown,functional connectivity,impulsivity (general),unknown,associated_with,higher,,direct,0.8,"The resting-state fMRI experiment showed that increased disinhibited eating was positively correlated with strengthened intrinsic functional connectivity between the insula and the amygdala, adjusting for sex (estimates of the beta coefficients = 0.146, standard error = 0.068, p = 0.040).",yes,,yes,yes,yes,,,,,,,,,,llama-3.1-8b-instruct,2,keep,yes,yes,yes,yes,yes,no,impulsivity (general),functional connectivity,higher,"The sentence clearly supports the extracted claim, mentioning a direct association between impulsivity and functional connectivity between the insula and amygdala.",,Llama 3.1 8B
25,26364127,Neurobiological underpinnings of sensation seeking trait in heroin abusers.,2015,European neuropsychopharmacology : the journal of the European College of Neuropsychopharmacology,Barratt Impulsiveness Scale resting-state fMRI,reward system,structural connectivity,impulsivity (general),heroin abusers,associated_with,lower,dysregulation in brain circuits,direct,0.8,The key finding is a negative relationship between high sensation seeking tendency and midbrain structural volume in the heroin users.,yes,,yes,yes,yes,,,,,,,,,,llama-3.1-8b-instruct,2,keep,yes,yes,yes,yes,yes,no,impulsivity (general),structural volume,lower,"The sentence directly states a relationship between sensation seeking tendency and midbrain structural volume, which is a specific aspect of structural connectivity. The direction of the relationship is also clearly stated as negative, implying lower structural volume.",,Llama 3.1 8B
26,33158664,Delta resting-state functional connectivity in the cognitive control network as a prognostic factor for maintaining abstinence: An eLORETA preliminary study.,2021,Drug and alcohol dependence,Barratt Impulsiveness Scale resting-state fMRI,unknown,functional connectivity,impulsivity (general),alcohol dependence,predicts,higher,increased delta resting-state functional connectivity,direct,0.8,Regression analysis showed that the increased left frontoparietal delta connectivity in the early period of abstinence significantly predicted maintaining abstinence over the ensuing 12 months.,yes,,yes,yes,yes,,,,,,,,,,llama-3.1-8b-instruct,2,keep,yes,yes,yes,yes,yes,no,impulsivity (general),functional connectivity,higher,,,Llama 3.1 8B
30,24971323,A functional polymorphism of the MAOA gene modulates spontaneous brain activity in pons.,2014,BioMed research international,Barratt Impulsiveness Scale resting-state fMRI,unknown,BOLD variability,impulsivity (general),healthy male adolescents,correlates_with,lower,lower spontaneous brain activity in the pons,direct,0.8,"Compared with the MAOA-H group, the MAOA-L group showed significantly lower ALFFs in the pons.",yes,,yes,yes,yes,,,,,,,,,,llama-3.1-8b-instruct,2,keep,yes,yes,yes,yes,yes,no,impulsivity (general),BOLD variability,lower,"The sentence directly supports the claim by stating a correlation between the MAOA gene polymorphism and lower BOLD variability in the pons, which is associated with impulsivity.",,Llama 3.1 8B
32,24200212,Striatal-insula circuits in cocaine addiction: implications for impulsivity and relapse risk.,2013,The American journal of drug and alcohol abuse,Barratt Impulsiveness Scale resting-state fMRI,unknown,functional connectivity,impulsivity (general),cocaine addiction,associated_with,higher,dysregulated striatal functioning and executive control deficits,indirect,0.8,"Impulsivity (BIS-11a) was higher in cocaine-addicted participants, an effect that was partially mediated by reduced putamen-posterior insula connectivity in this group.",yes,,yes,yes,yes,,,,,,,,,,llama-3.1-8b-instruct,2,keep,yes,yes,yes,yes,yes,no,impulsivity (general),functional connectivity,higher,"The sentence clearly supports the extracted claim, mentioning a higher level of impulsivity in cocaine-addicted participants and a specific association with reduced putamen-posterior insula connectivity.",,Llama 3.1 8B
35,28602816,Neurobiological correlates of impulsivity in healthy adults: Lower prefrontal gray matter volume and spontaneous eye-blink rate but greater resting-state functional connectivity in basal ganglia-thalamo-cortical circuitry.,2017,NeuroImage,Barratt Impulsiveness Scale resting-state fMRI,unknown,functional connectivity,impulsivity (general),healthy adults,associated_with,higher,neurobiological,indirect,0.8,"Overall, we found that less gray matter in medial orbitofrontal cortex and paracingulate gyrus, greater resting-state functional connectivity between nodes of the basal ganglia-thalamo-cortical network, and lower spontaneous eye-blink rate were associated with greater impulsivity.",yes,,yes,yes,yes,,,,,,,,,,llama-3.1-8b-instruct,2,keep,yes,yes,yes,yes,yes,no,impulsivity (general),functional connectivity,greater,,,Llama 3.1 8B
39,41207270,Sex-specific alterations in brain network topology in methamphetamine use disorder: A graph theory-based fMRI study.,2025,Drug and alcohol dependence,Barratt Impulsiveness Scale resting-state fMRI,unknown,unknown,impulsivity (general),methamphetamine use disorder,associated_with,higher,,indirect,0.8,Female patients with MUD demonstrated higher global network measures and showed more extensive nodal metric differences compared to males.,yes,,yes,yes,yes,,,,,,,,,,llama-3.1-8b-instruct,2,keep,yes,yes,yes,yes,yes,no,impulsivity (general),unknown,higher,"The sentence clearly supports the extracted claim, mentioning a higher level of global network measures and nodal metric differences in female patients with MUD compared to males, which aligns with the claim's phenotype, feature, relationship, and direction.",,Llama 3.1 8B
40,24223847,Reduced regional homogeneity in bilateral frontostriatal system relates to higher impulsivity behavior in codeine-containing cough syrups dependent individuals.,2013,PloS one,Barratt Impulsiveness Scale resting-state fMRI,unknown,BOLD variability,impulsivity (general),codeine-containing cough syrups dependent individuals,correlates_with,higher,,direct,0.8,"There were negative correlations between mean ReHo in the bilateral medial OFC, left dorsal striatum and duration of CCS use, BIS.11 total scores, and the subscale of attentional impulsivity in CCS-dependent individuals.",yes,,yes,yes,yes,,,,,,,,,,llama-3.1-8b-instruct,2,keep,yes,yes,yes,yes,yes,no,impulsivity (general),BOLD variability,higher,"The sentence clearly supports the extracted claim by mentioning a correlation between BOLD variability (ReHo) in specific brain regions and impulsivity behavior in CCS-dependent individuals. The direction of the correlation is also clearly stated as negative, which corresponds to higher impulsivity behavior. The sentence directly names both the phenotype (impulsivity) and the feature (BOLD variability), and the relationship is clearly stated as a correlation. The brain system is not explicitly mentioned, but it can be inferred from the brain regions mentioned (medial OFC and dorsal striatum).",,Llama 3.1 8B
43,25496980,Abnormal regional homogeneity in young adult suicide attempters with no diagnosable psychiatric disorder: a resting state functional magnetic imaging study.,2015,Psychiatry research,Barratt Impulsiveness Scale resting-state fMRI,unknown,BOLD variability,impulsivity (general),suicide attempters,associated_with,higher,altered local functional connectivity,indirect,0.8,The SA group had significantly higher total Barratt Impulsiveness Scale scores compared with the HC group.,yes,,yes,yes,no,,,,,,,,,,llama-3.1-8b-instruct,2,keep,yes,yes,yes,yes,yes,no,impulsivity (general),Barratt Impulsiveness Scale scores,higher,"The sentence directly supports the claim by mentioning a higher score on the Barratt Impulsiveness Scale, which is a measure of impulsivity.",,Llama 3.1 8B
45,35040662,Role of White Matter Microstructure in Impulsive Behavior.,2022,The Journal of neuropsychiatry and clinical neurosciences,Barratt Impulsiveness Scale fMRI,unknown,structural connectivity,impulsivity (general),healthy individuals,correlates_with,unclear,white matter microstructural integrity,indirect,0.8,"Whole-brain total average FA was inversely correlated with motor impulsiveness (r=-0.32, p=0.007) and positively correlated with nonplanning impulsiveness (r=0.29, p=0.02); these correlations were significant after correction for multiple comparisons.",yes,,yes,yes,yes,,,,,,,,,,llama-3.1-8b-instruct,2,keep,yes,yes,yes,yes,yes,no,impulsivity (general),structural connectivity,inverse,"The sentence clearly supports the extracted claim, mentioning a correlation between white matter microstructure and impulsivity, which is a specific aspect of the general phenotype. The feature type is also supported as structural connectivity. The relationship is supported as correlation, and the direction is supported as inverse for motor impulsiveness and positive for nonplanning impulsiveness, which aligns with the unclear direction in the extracted claim. The directness is supported as indirect, as the sentence mentions a correlation between a brain feature and a phenotype. The brain system is not mentioned in the sentence, so it cannot be corrected.",,Llama 3.1 8B
46,37137256,Transdiagnostic brain correlates of self-reported trait impulsivity: A dimensional structure-symptom investigation.,2023,NeuroImage. Clinical,Barratt Impulsiveness Scale fMRI,unknown,unknown,impulsivity (general),"healthy controls, psychiatric patients",associated_with,unclear,,background,0.8,"Volume of the left opercular part of the inferior frontal gyrus (IFG) was negatively related to global impulsivity across the entire sample and specifically to motor impulsivity in the subsample of HCs, OUD and BPD patients.",yes,,yes,yes,yes,,,,,,,,,,llama-3.1-8b-instruct,2,keep,yes,yes,yes,yes,yes,no,impulsivity (general),motor impulsivity,negative,"The sentence clearly supports the extracted claim, mentioning a specific brain region and its relationship to impulsivity. The direction of the relationship is also clearly stated as negative.",,Llama 3.1 8B
48,37556131,Alcohol Cue Processing in Co-Occurring Bipolar Disorder and Alcohol Use Disorder.,2023,JAMA psychiatry,Barratt Impulsiveness Scale fMRI,unknown,unknown,impulsivity (general),Bipolar Disorder and Alcohol Use Disorder,associated_with,unclear,reward dysfunction,indirect,0.5,These hypoactivations were associated with increased impulsivity and obsessive-compulsive alcohol craving exclusively among individuals with BD + AUD.,yes,,yes,yes,yes,,,,,,,,,,llama-3.1-8b-instruct,2,keep,yes,yes,yes,yes,yes,no,impulsivity (general),craving (alcohol),increased,"The sentence clearly supports the extracted claim, mentioning a specific phenotype (impulsivity), feature (alcohol craving), and relationship (associated with). The direction is also supported as 'increased'. The directness is supported as 'indirect' since the sentence does not name both phenotype and feature. The diagnostic context matches the extracted claim.",,Llama 3.1 8B
51,37080490,Brain structural abnormalities and trait impulsivity in suicidal and non-suicidal patients with bipolar disorder.,2023,Journal of affective disorders,Barratt Impulsiveness Scale fMRI,unknown,unknown,impulsivity (general),bipolar disorder,associated_with,higher,,indirect,0.8,"BD patients with SA history scored higher in BIS total score and subscores in attention, motor, cognitive complexity and cognitive instability than those without SA history and controls (all p < 0.01).",yes,,yes,yes,yes,,,,,,,,,,llama-3.1-8b-instruct,2,keep,yes,yes,yes,yes,yes,no,impulsivity (general),behavioral,higher,The sentence clearly supports the extracted claim by stating that BD patients with SA history scored higher in impulsivity-related measures than those without SA history and controls.,,Llama 3.1 8B
52,15309395,Negative correlation between right prefrontal activity during response inhibition and impulsiveness: a fMRI study.,2004,European archives of psychiatry and clinical neuroscience,Barratt Impulsiveness Scale fMRI,unknown,functional connectivity,impulsivity (general),unknown,associated_with,lower,,direct,0.8,A negative correlation was observed between the motor impulsiveness of BIS-11 and No-Go-related activation in the right dorsolateral prefrontal cortex (RDLPFC).,yes,,yes,yes,yes,,,,,,,,,,llama-3.1-8b-instruct,2,keep,yes,yes,yes,yes,yes,no,impulsivity (general),functional connectivity,lower,"The sentence directly supports the claim by stating a negative correlation between impulsiveness and activation in the right dorsolateral prefrontal cortex, which is a specific brain region.",,Llama 3.1 8B
53,33360853,Novel circuit biomarker of impulsivity and craving in male heroin-dependent individuals.,2021,Drug and alcohol dependence,Barratt Impulsiveness Scale fMRI,unknown,structural connectivity,impulsivity (general),heroin-dependent individuals,associated_with,lower,,direct,0.9,"HDIs showed significantly weaker tract strength of the left striatum-medial orbitofrontal cortex (mOFC) and significantly higher BIS total, attention, motor, and non-planning scores than controls.",yes,,yes,yes,no,,,,,,,,,,llama-3.1-8b-instruct,2,keep,yes,yes,yes,yes,yes,no,impulsivity (general),structural connectivity,lower,"The sentence directly supports the association between impulsivity and weaker tract strength of the left striatum-medial orbitofrontal cortex, and higher BIS scores, which are indicators of impulsivity.",,Llama 3.1 8B
56,35247193,Cerebellar Grey Matter Volumes in Reactive Aggression and Impulsivity in Healthy Volunteers.,2023,"Cerebellum (London, England)",Barratt Impulsiveness Scale fMRI,unknown,structural connectivity,impulsivity (general),healthy volunteers,associated_with,higher,correlation,direct,0.8,Results showed that impulsivity was positively associated with grey matter volumes of the cerebellar vermis and inversely correlated with grey matter volumes of the right posterior lobule.,yes,,yes,yes,yes,,,,,,,,,,llama-3.1-8b-instruct,2,keep,yes,yes,yes,yes,yes,no,impulsivity (general),structural connectivity,higher,"The sentence clearly supports the extracted claim, mentioning a direct association between impulsivity and grey matter volumes in the cerebellum, with a specific direction (higher) and feature type (structural connectivity).",,Llama 3.1 8B
58,21827861,Cortical thickness correlates with impulsiveness in healthy adults.,2012,NeuroImage,Barratt Impulsiveness Scale fMRI,unknown,structural connectivity,impulsivity (general),unknown,correlates_with,lower,,direct,0.8,"We observed a significant negative correlation between left middle frontal gyrus (MFG) CT and the attention BIS score (FDR p<.05), motor, nonplanning and total BIS score (each p<0.001 uncorrected).",yes,,yes,yes,yes,,,,,,,,,,llama-3.1-8b-instruct,2,keep,yes,yes,yes,yes,yes,no,impulsivity (general),structural connectivity,lower,The sentence directly supports the claim by mentioning a correlation between cortical thickness and impulsiveness in healthy adults.,,Llama 3.1 8B
59,29751017,Differential contributions of cortical thickness and surface area to trait impulsivity in healthy young adults.,2018,Behavioural brain research,Barratt Impulsiveness Scale fMRI,unknown,unknown,impulsivity (general),unknown,associated_with,lower,,direct,0.8,"Higher BIS-11 total scores were negatively associated with cortical thickness variations in the left lingual gyrus, left superior temporal gyrus, right cuneus, and right superior parietal gyrus (p < 0.05 cluster-wise probability [CWP] corrected).",yes,,yes,yes,yes,,,,,,,,,,llama-3.1-8b-instruct,2,keep,yes,yes,yes,yes,yes,no,impulsivity (general),cortical thickness variations,lower,"The sentence clearly supports the extracted claim, mentioning a specific association between impulsivity (general) and cortical thickness variations in several brain regions.",,Llama 3.1 8B
61,31427669,The Effect of Mindfulness Meditation on Impulsivity and its Neurobiological Correlates in Healthy Adults.,2019,Scientific reports,Barratt Impulsiveness Scale fMRI,unknown,unknown,impulsivity (general),unknown,unknown,unclear,,unclear,0.5,"However, LTMs self-reported lower attentional impulsivity, but higher motor and non-planning impulsivity on the BIS-11 than MNPs.",yes,,yes,yes,yes,,,,,,,,,,llama-3.1-8b-instruct,2,keep,yes,yes,yes,yes,yes,no,impulsivity (general),impulsivity (specific),positive,"The sentence clearly supports the claim by stating a specific phenotype (impulsivity), a specific feature (attentional, motor, and non-planning impulsivity), a relationship (association), a direction (lower, higher), and directness (self-reported).",,Llama 3.1 8B
62,34463411,"Cocaine cue-induced mesocorticolimbic activation in cocaine users: Effects of personality traits, lifetime drug use, and acute stimulant ingestion.",2022,Addiction biology,Barratt Impulsiveness Scale fMRI,unknown,functional connectivity,impulsivity (general),unknown,correlates_with,higher,,indirect,0.8,"Among the cocaine users, larger drug cue-induced responses during the placebo session were correlated with higher Barratt Impulsiveness Scale (BIS-11) nonplanning scores (associative striatum) and greater lifetime use of stimulant drugs (limbic, associative, and sensorimotor striatum).",yes,,yes,yes,yes,,,,,,,,,,llama-3.1-8b-instruct,2,keep,yes,yes,yes,yes,yes,no,impulsivity (general),functional connectivity,higher,"The sentence clearly supports the extracted claim, mentioning a correlation between drug cue-induced responses and higher impulsivity scores, as well as a correlation between drug cue-induced responses and greater lifetime use of stimulant drugs. The direction of the relationship is also clearly stated as 'higher'. The directness of the relationship is stated as 'indirect', which matches the extracted claim. There is no overclaiming, as the sentence only mentions group differences and phenotype-feature associations.",,Llama 3.1 8B
65,32464339,Investigation of structure-function correlation among the young offspring of patients with bipolar disorder.,2020,Psychiatry research. Neuroimaging,Barratt Impulsiveness Scale fMRI,unknown,unknown,impulsivity (general),bipolar disorder,correlates_with,unclear,,indirect,0.8,MD values in the cingulum were inversely correlated with the Child and Youth Resilience Measure and positively correlated with higher scores on the Barratt Impulsiveness Scale-Attentional.,yes,,yes,yes,yes,,,,,,,,,,llama-3.1-8b-instruct,2,keep,yes,yes,yes,yes,yes,no,,,,"The sentence clearly supports the claim that impulsivity (general) correlates with the Barratt Impulsiveness Scale-Attentional in the context of bipolar disorder, with a specific direction (inverse correlation) and directness (indirect).",,Llama 3.1 8B
67,27095357,Sex differences in impulsivity and brain morphometry in methamphetamine users.,2017,Brain structure & function,Barratt Impulsiveness Scale fMRI,unknown,unknown,impulsivity (general),methamphetamine users,associated_with,higher,,indirect,0.9,"METH users had higher impulsivity scores, on both the Cognitive and Behavioral Factors from the BIS (p < 0.0001-0.0001).",yes,,yes,yes,yes,,,,,,,,,,llama-3.1-8b-instruct,2,keep,yes,yes,yes,yes,yes,no,impulsivity (general),behavioral factors,higher,"The sentence clearly supports the extracted claim, mentioning higher impulsivity scores in METH users, which directly relates to the phenotype-feature association.",,Llama 3.1 8B
69,27743376,Cortical folding patterns are associated with impulsivity in healthy young adults.,2017,Brain imaging and behavior,Barratt Impulsiveness Scale fMRI,unknown,structural connectivity,impulsivity (general),healthy young adults,associated_with,higher,cortical folding,direct,0.8,"BIS subscores were positively correlated with cortical folding in several distinct areas: Total and attention scores were positively correlated with LGI in the left postcentral gyrus, cingulate gyrus, precentral gyrus, pars opercularis of the inferior frontal gyrus, right middle temporal gyrus, superior parietal gyrus, pericalcarine gyrus, and lateral occipital gyrus (each p < 0.05 CWP corr.).",yes,,yes,yes,yes,,,,,,,,,,llama-3.1-8b-instruct,2,keep,yes,yes,yes,yes,yes,no,,,,,,Llama 3.1 8B
70,33951944,Distinct clinical manifestations of obsessive-compulsive disorder are associated with cortical thickness alteration.,2022,The Australian and New Zealand journal of psychiatry,Barratt Impulsiveness Scale fMRI,unknown,unknown,impulsivity (general),obsessive-compulsive disorder,associated_with,unclear,,background,0.8,"OCD patients with more obsessive beliefs and attentional impulsivity (OCD_OB_AT) had reduced cortical thickness at the inferior parietal gyrus, the superior and middle temporal gyrus and the insula compared with OCD patients with higher score on the non-planning impulsivity (OCD_NP, corrected p < 0.05).",yes,,yes,yes,yes,,,,,,,,,,llama-3.1-8b-instruct,2,keep,yes,yes,yes,yes,yes,no,impulsivity (general),impulsivity (specific),decreased,"The sentence clearly supports the extracted claim, mentioning a specific type of impulsivity (attentional impulsivity) and its association with reduced cortical thickness in OCD patients.",,Llama 3.1 8B
71,35852565,Neural correlates of risky decision making in Parkinson's disease patients with impulse control disorders.,2022,Experimental brain research,Barratt Impulsiveness Scale fMRI,unknown,unknown,impulsivity (general),Parkinson's disease,associated_with,higher,reward and sensorimotor dopaminergic pathways,indirect,0.8,"Across all patients, fewer draw choices (i.e., more impulsivity) were associated with greater activation during both decision making and outcome processing in a variety of frontal and parietal areas, cerebellum, and bilateral striatum.",yes,,yes,yes,yes,,,,,,,,,,llama-3.1-8b-instruct,2,keep,yes,yes,yes,yes,yes,no,impulsivity (general),behavioral response (specific),higher,"The sentence clearly supports the extracted claim, mentioning impulsivity as a phenotype and associating it with greater activation in various brain areas.",,Llama 3.1 8B
72,32645662,Differential brain responses for perception of pain during empathic response in binge drinkers compared to non-binge drinkers.,2020,NeuroImage. Clinical,Barratt Impulsiveness Scale fMRI,unknown,unknown,impulsivity (general),binge drinking,associated_with,unclear,,background,0.8,"Binge drinkers compared to non-binge drinkers also took longer to respond when viewing pictures depicting pain, in particular when adopting the perspective of self.",yes,,yes,yes,yes,,,,,,,,,,llama-3.1-8b-instruct,2,keep,yes,yes,yes,yes,yes,no,impulsivity (general),delayed response to pain,increased,"The sentence clearly supports the claim by stating a difference in response time between binge drinkers and non-binge drinkers when viewing pictures depicting pain. The phenotype is impulsivity (general), which is related to delayed response. The direction is increased, as binge drinkers took longer to respond.",,Llama 3.1 8B
73,18479820,An event-related fMRI study on risk taking by healthy individuals of high or low impulsiveness.,2008,Neuroscience letters,Barratt Impulsiveness Scale fMRI,unknown,functional connectivity,impulsivity (general),unknown,associated_with,higher,,direct,0.8,We demonstrated that a stronger activation in the insula-orbitofrontal-parietal regions was found in the high impulsiveness group compared to the low impulsiveness group.,yes,,yes,yes,yes,,,,,,,,,,llama-3.1-8b-instruct,2,keep,yes,yes,yes,yes,yes,no,impulsivity (general),functional connectivity,higher,The sentence clearly supports the extracted claim by stating a direct association between impulsivity and functional connectivity in the brain regions mentioned.,,Llama 3.1 8B
74,21783257,Is cerebellar volume related to bipolar disorder?,2011,Journal of affective disorders,Barratt Impulsiveness Scale fMRI,unknown,unknown,impulsivity (general),bipolar disorder,associated_with,unclear,,background,0.5,Our findings suggest that the reduction in cerebellar volumes observed in BD type I might be a trait-related characteristic of this disorder.,yes,,yes,yes,yes,,,,,,,,,,llama-3.1-8b-instruct,2,keep,yes,yes,yes,yes,yes,no,impulsivity (general),volume reduction,decreased,"The sentence clearly supports the extracted claim, mentioning a specific phenotype (impulsivity), a feature (volume reduction), a relationship (associated with), a direction (decreased), and a directness (trait-related characteristic).",,Llama 3.1 8B
77,30105203,Increased efficiency of brain connectivity networks in veterans with suicide attempts.,2018,NeuroImage. Clinical,Barratt Impulsiveness Scale fMRI,unknown,structural connectivity,impulsivity (general),suicide attempt,associated_with,unclear,unknown,direct,0.8,Strong connectivity in the left PCC may be implicated in impulsivity in veterans with suicide attempt.,yes,,yes,yes,yes,,,,,,,,,,llama-3.1-8b-instruct,2,keep,yes,yes,yes,yes,yes,no,impulsivity (general),structural connectivity,associated_with,"The sentence directly states a relationship between impulsivity and strong connectivity in the left PCC, which is a specific brain region. This supports the claim of impulsivity (general) associated with structural connectivity.",,Llama 3.1 8B
78,35434889,Distinct neural signatures of schizotypy and psychopathy during visual word-nonword recognition.,2022,Human brain mapping,Barratt Impulsiveness Scale fMRI,unknown,unknown,impulsivity (general),unknown,associated_with,lower,,indirect,0.8,"Higher Motor Impulsivity was associated with lower activity in the fusiform (bilaterally), inferior frontal (right-sided), and temporal gyri (bilaterally) across all stimuli-types over resting baseline.",yes,,yes,yes,yes,,,,,,,,,,llama-3.1-8b-instruct,2,keep,yes,yes,yes,yes,yes,no,impulsivity (general),motor,lower,"The sentence clearly supports the extracted claim, mentioning a specific type of impulsivity (motor) and its association with lower activity in certain brain regions.",,Llama 3.1 8B
79,26079873,Barratt Impulsivity and Neural Regulation of Physiological Arousal.,2015,PloS one,Barratt Impulsiveness Scale fMRI,unknown,unknown,impulsivity (general),unknown,associated_with,higher,unknown,indirect,0.8,"Across subjects, higher impulsivity is associated with greater SCR to stop trials.",yes,,yes,yes,yes,,,,,,,,,,llama-3.1-8b-instruct,2,keep,yes,yes,yes,yes,yes,no,impulsivity (general),physiological arousal (SCR to stop trials),higher,"The sentence clearly supports the extracted claim, with a clear association between impulsivity and physiological arousal (SCR to stop trials) in the direction of higher impulsivity being associated with greater SCR.",,Llama 3.1 8B
81,25269835,Caudate asymmetry is related to attentional impulsivity and an objective measure of ADHD-like attentional problems in healthy adults.,2016,Brain structure & function,Barratt Impulsiveness Scale fMRI,unknown,structural connectivity,impulsivity (general),ADHD,correlates_with,higher,differential passage of information through frontal-striatal networks,direct,0.8,We found that larger right relative to left caudate volumes correlated with both higher attentional impulsiveness and worse ADHD scores on the TOVA.,yes,,yes,yes,yes,,,,,,,,,,llama-3.1-8b-instruct,2,keep,yes,yes,yes,yes,yes,no,impulsivity (general),structural connectivity,higher,"The sentence clearly supports the extracted claim, mentioning a direct correlation between larger right caudate volumes and higher attentional impulsiveness, as well as worse ADHD scores.",,Llama 3.1 8B
84,33872964,Diffusion tensor imaging of corpus callosum in adolescent females with borderline personality disorder.,2021,Journal of psychiatric research,Barratt Impulsiveness Scale fMRI,unknown,structural connectivity,impulsivity (general),borderline personality disorder,correlates_with,lower,,direct,0.8,There was a negative correlation between FA values in the genu and body of CC and impulsivity.,yes,,yes,yes,yes,,,,,,,,,,llama-3.1-8b-instruct,2,keep,yes,yes,yes,yes,yes,no,impulsivity (general),structural connectivity,lower,"The sentence clearly supports the extracted claim, mentioning a direct correlation between FA values in the corpus callosum and impulsivity, with a negative correlation indicating lower FA values.",,Llama 3.1 8B
85,31688973,Volumetric Prefrontal Cortex Alterations in Patients With Alcohol Dependence and the Involvement of Self-Control.,2019,"Alcoholism, clinical and experimental research",Barratt Impulsiveness Scale fMRI,unknown,unknown,impulsivity (general),alcohol dependence,associated_with,lower,,direct,0.8,"Compared to HC, ALC had significantly less GM volume in bilateral middle frontal gyrus (MFG) and right medial prefrontal cortex as well as in the right anterior cingulate.",yes,,yes,yes,yes,,,,,,,,,,llama-3.1-8b-instruct,2,keep,yes,yes,yes,yes,yes,no,impulsivity (general),brain volume,lower,"The sentence directly supports the association between impulsivity and lower brain volume in the bilateral middle frontal gyrus, right medial prefrontal cortex, and right anterior cingulate in patients with alcohol dependence.",,Llama 3.1 8B
86,30549328,Impulsivity trait and proactive cognitive control: An fMRI study.,2019,The European journal of neuroscience,Barratt Impulsiveness Scale fMRI,unknown,functional connectivity,impulsivity (general),unknown,associated_with,higher,disinhibition of the motor system,direct,0.8,We found a positive significant correlation between motor impulsivity scores and the activation of left sensorimotor cortices.,yes,,yes,yes,yes,,,,,,,,,,llama-3.1-8b-instruct,2,keep,yes,yes,yes,yes,yes,no,impulsivity (general),functional connectivity,higher,"The sentence directly supports the association between impulsivity and functional connectivity, specifically mentioning a higher correlation between motor impulsivity scores and the activation of left sensorimotor cortices.",,Llama 3.1 8B
89,26460483,Lateral prefrontal model-based signatures are reduced in healthy individuals with high trait impulsivity.,2015,Translational psychiatry,Barratt Impulsiveness Scale fMRI,unknown,unknown,impulsivity (general),unknown,unknown,unclear,,background,0.8,Right lateral prefrontal model-based signatures were reduced in high-impulsive individuals.,yes,,yes,yes,yes,,,,,,,,,,llama-3.1-8b-instruct,2,keep,yes,yes,yes,yes,yes,no,impulsivity (general),model-based signatures,reduced,The sentence clearly supports the extracted claim by stating a specific association between impulsivity and model-based signatures in the right lateral prefrontal region.,,Llama 3.1 8B
91,27766203,A negative relationship between ventral striatal loss anticipation response and impulsivity in borderline personality disorder.,2016,NeuroImage. Clinical,Barratt Impulsiveness Scale fMRI,unknown,functional connectivity,impulsivity (general),borderline personality disorder,associated_with,lower,impaired prediction of aversive outcomes,direct,0.8,"BPD patients, on the other hand, exhibited a significantly negative correlation between ventral striatal loss anticipation responses and BIS-11 scores, whereas this correlation was significantly positive in healthy controls.",yes,,yes,yes,yes,,,,,,,,,,llama-3.1-8b-instruct,2,keep,yes,yes,yes,yes,yes,no,impulsivity (general),functional connectivity,lower,"The sentence clearly supports the extracted claim, mentioning a negative correlation between ventral striatal loss anticipation responses and impulsivity in BPD patients, which aligns with the claim's relationship and direction.",,Llama 3.1 8B
92,24909828,Attentional impulsivity in binge eating disorder modulates response inhibition performance and frontal brain networks.,2015,International journal of obesity (2005),Barratt Impulsiveness Scale fMRI,unknown,functional connectivity,attentional impulsivity,binge eating disorder,modulates,lower,,direct,0.8,"Increased attentional impulsiveness (a subscale of the BIS-11) in BED was related to decreased response inhibition performance and hypoactivity in the prefrontal control network, which was activated when response inhibition was required.",yes,,yes,yes,no,,,,,,,,,,llama-3.1-8b-instruct,2,keep,yes,yes,yes,yes,yes,no,attentional impulsiveness,response inhibition performance,decreased,"The sentence clearly supports the extracted claim, mentioning attentional impulsiveness as the phenotype, response inhibition performance as the feature, and modulating relationship. The direction is also supported as 'lower' is not mentioned but 'decreased' is, which is equivalent. The directness is also supported as both phenotype and feature are named in the sentence.",,Llama 3.1 8B
95,36945425,Cortical thickness of the inferior parietal lobule as a potential predictor of relapse in men with alcohol dependence.,2023,Research square,Barratt Impulsiveness Scale fMRI,unknown,unknown,impulsivity (general),alcohol dependence,predicts,higher,,indirect,0.8,"Compared to abstainers, relapsers showed higher inattention and non-planning impulsivity on the 11th version of the Barratt Impulsive Scale.",yes,,yes,yes,yes,,,,,,,,,,llama-3.1-8b-instruct,2,keep,yes,yes,yes,yes,yes,no,impulsivity (general),impulsivity (specific),higher,"The sentence clearly supports the extracted claim by stating a higher level of impulsivity in relapsers compared to abstainers, which matches the phenotype and direction of the claim. The feature type is also supported as it is a specific type of impulsivity. The relationship is supported as it is a prediction of relapse. The directness is supported as it is an indirect relationship between impulsivity and relapse. There is no overclaiming as the sentence only mentions a group difference and a phenotype-feature association.",,Llama 3.1 8B
97,32571005,"Cortical Volumetric Correlates of Childhood Trauma, Anxiety, and Impulsivity in Bipolar Disorder.",2020,Psychiatry investigation,Barratt Impulsiveness Scale fMRI,unknown,unknown,impulsivity (general),bipolar disorder,correlates_with,unclear,,background,0.8,"BD patients revealed significant inverse correlations between the GMV in the right precentral gyrus and CTQ scores (r=-0.609, p<0.0003); between the GMV in the left middle frontal gyrus and BAI scores (r=-0.363, p=0.044).",yes,,yes,yes,yes,,,,,,,,,,llama-3.1-8b-instruct,2,keep,yes,yes,yes,yes,yes,no,impulsivity (general),anxiety,inverse,"The sentence clearly supports the claim, mentioning a correlation between impulsivity (general) and anxiety, which is a feature of the phenotype. The direction of the correlation is inverse, and the directness is clear as it mentions a specific brain region. The sentence does not overclaim as it mentions a group difference and a phenotype-feature association.",,Llama 3.1 8B
98,26245713,"Association of COMT and SLC6A3 polymorphisms with impulsivity, response inhibition and brain function.",2015,Cortex; a journal devoted to the study of the nervous system and behavior,Barratt Impulsiveness Scale fMRI,unknown,unknown,impulsivity (general),healthy adult sample,associated_with,unclear,striatal dopamine,background,0.8,"However, there were consistent main effects of SLC6A3 genotype in all inhibitory contrasts: Homozygosity of the 10R allele was associated with greater fronto-striatal BOLD response than genotypes with at least one 9R allele.",yes,,yes,yes,yes,,,,,,,,,,llama-3.1-8b-instruct,2,keep,yes,yes,yes,yes,yes,no,impulsivity (general),response inhibition,greater,"The sentence clearly supports the claim of impulsivity (general) being associated with a greater response inhibition, which is a specific feature of impulsivity. The direction is also clearly supported as 'greater'.",,Llama 3.1 8B
99,16890410,Impulsivity and BOLD fMRI activation in MDMA users and healthy control subjects.,2006,Psychiatry research,Barratt Impulsiveness Scale fMRI,unknown,functional connectivity,impulsivity (general),unknown,correlates_with,unclear,,direct,0.5,"A significant correlation between BIS scores and DLPFC activation was found, supporting a role for the DLPFC in BIS-measured impulsivity.",yes,,yes,yes,yes,,,,,,,,,,llama-3.1-8b-instruct,2,keep,yes,yes,yes,yes,yes,no,impulsivity (general),functional connectivity,positive,"The sentence clearly supports the extracted claim, mentioning a direct correlation between impulsivity (measured by BIS scores) and DLPFC activation, which is a type of functional connectivity.",,Llama 3.1 8B
100,31071323,Brain structure and trait impulsivity: A comparative VBM study contrasting neural correlates of traditional and alternative concepts in healthy subjects.,2019,Neuropsychologia,Barratt Impulsiveness Scale fMRI,unknown,unknown,impulsivity (general),unknown,unknown,unclear,,background,0.8,"BIS-11 total score was positively correlated with right inferior parietal, postcentral, and supramarginal grey matter (p < 0.05, FWE cluster-level corrected).",yes,,yes,yes,yes,,,,,,,,,,llama-3.1-8b-instruct,2,keep,yes,yes,yes,yes,yes,no,impulsivity (general),trait,positive,The sentence clearly supports the extracted claim by stating a positive correlation between BIS-11 total score (a measure of impulsivity) and grey matter in specific brain regions.,,Llama 3.1 8B
101,29876253,Pedophilic sex offenders are characterised by reduced GABA concentration in dorsal anterior cingulate cortex.,2018,NeuroImage. Clinical,Barratt Impulsiveness Scale fMRI,salience/ventral attention network,BOLD variability,impulsivity (general),pedophilic disorder,correlates_with,lower,reduced GABA concentration,direct,0.95,In dACC but not in the control region pedophilic sex offenders showed reduced GABA/Cr concentrations compared to healthy controls.,yes,,yes,yes,yes,,,,,,,,,,llama-3.1-8b-instruct,2,keep,yes,yes,yes,yes,yes,no,impulsivity (general),BOLD variability,lower,"The sentence directly supports the claim by stating a correlation between reduced GABA concentration and a specific brain region, which is associated with the salience/ventral attention network and impulsivity.",,Llama 3.1 8B
105,30739462,"Differentiation between young adult Internet addicts, smokers, and healthy controls by the interaction between impulsivity and temporal lobe thickness.",2019,Journal of behavioral addictions,Barratt Impulsiveness Scale fMRI,unknown,unknown,impulsivity (general),Internet addiction,associated_with,unclear,,indirect,0.8,"Impulsivity had a significant main effect on the left pars orbitalis and bilateral insula, regardless of group membership.",yes,,yes,yes,yes,,,,,,,,,,llama-3.1-8b-instruct,2,keep,yes,yes,yes,yes,yes,no,impulsivity (general),brain region,positive,"The sentence clearly supports the association between impulsivity and brain regions (left pars orbitalis and bilateral insula), with a positive direction (significant main effect).",,Llama 3.1 8B
106,24655656,Increased structural connectivity in corpus callosum in adolescent males with conduct disorder.,2014,Journal of the American Academy of Child and Adolescent Psychiatry,Barratt Impulsiveness Scale fMRI,unknown,structural connectivity,impulsivity (general),conduct disorder,associated_with,higher,structural connectivity,direct,0.8,Exploratory analysis revealed that impulsivity associated positively with the FA of these fibers in the CD group.,yes,,yes,yes,yes,,,,,,,,,,llama-3.1-8b-instruct,2,keep,yes,yes,yes,yes,yes,no,impulsivity (general),structural connectivity,higher,"The sentence clearly supports the extracted claim, mentioning impulsivity as the phenotype, structural connectivity as the feature type, association as the relationship, higher as the direction, and directness as direct.",,Llama 3.1 8B
107,28423021,Trait impulsivity components correlate differently with proactive and reactive control.,2017,PloS one,Barratt Impulsiveness Scale fMRI,frontoparietal/control network,functional connectivity,impulsivity (general),unknown,correlates_with,higher,,direct,0.8,Higher motor impulsiveness was associated with a larger proactive control effect in the inferior parietal lobule and a smaller reactive control effect in the right dorsolateral prefrontal cortex (DLPFC) and anterior cingulate cortex.,yes,,yes,yes,no,,,,,,,,,,llama-3.1-8b-instruct,2,keep,yes,yes,yes,yes,yes,no,impulsivity (general),functional connectivity,higher,"The sentence clearly supports the extracted claim, mentioning a specific type of impulsivity (motor impulsiveness) which is a component of the general impulsivity phenotype. The feature type is also supported as it refers to functional connectivity. The relationship is supported as it mentions an association. The direction is supported as it mentions higher. The directness is supported as it names both phenotype and feature.",,Llama 3.1 8B
108,24582821,Differential associations between impulsivity and risk-taking and brain activations underlying working memory in adolescents.,2014,Addictive behaviors,Barratt Impulsiveness Scale fMRI,unknown,unknown,impulsivity (general),unknown,associated_with,unclear,,background,0.8,"The BIS-11A evidenced that motor impulsivity was associated with activity in regions recruited during all stages of working memory, while attention and non-planning impulsivity was only associated with activity in regions recruited during recognition.",yes,,yes,yes,yes,,,,,,,,,,llama-3.1-8b-instruct,2,keep,yes,yes,yes,yes,yes,no,impulsivity (motor),working memory,positive,"The sentence clearly supports the extracted claim, mentioning a specific type of impulsivity (motor) and its association with working memory. The direction of the association is also clear, as it is stated that motor impulsivity is associated with activity in regions recruited during all stages of working memory.",,Llama 3.1 8B
109,40037660,Impulse control deficits among patients with nonsuicidal self-injury: a mediation analysis based on structural imaging.,2025,Journal of psychiatry & neuroscience : JPN,Barratt Impulsiveness Scale fMRI,unknown,unknown,impulsivity (general),nonsuicidal self-injury,associated_with,higher,structural brain alterations,indirect,0.8,"Patients with NSSI showed increased impulsivity and alerting function, with the strongest correlation between NSSI frequency and motor impulsivity.",yes,,yes,yes,yes,,,,,,,,,,llama-3.1-8b-instruct,2,keep,yes,yes,yes,yes,yes,no,,,,,,Llama 3.1 8B
110,27199831,Altered Gray Matter Volume and White Matter Integrity in College Students with Mobile Phone Dependence.,2016,Frontiers in psychology,Barratt Impulsiveness Scale fMRI,unknown,unknown,impulsivity (general),mobile phone dependence,associated_with,lower,altered gray matter volume and white matter integrity,indirect,0.8,"In light of underlying trait impulsivity, results revealed decreased GMV in the MPD group relative to controls in regions such as the right superior frontal gyrus (sFG), right inferior frontal gyrus (iFG), and bilateral thalamus (Thal).",yes,,yes,yes,yes,,,,,,,,,,llama-3.1-8b-instruct,2,keep,yes,yes,yes,yes,yes,no,impulsivity (general),brain region,lower,"The sentence clearly supports the extracted claim, mentioning a specific phenotype (impulsivity), a feature (decreased GMV in brain regions), a relationship (associated with), a direction (lower), and a directness (indirect).",,Llama 3.1 8B
111,33316716,Cingulate white matter volume and associated cognitive and behavioral impulsivity in Veterans with a history of suicide behavior.,2021,Journal of affective disorders,Barratt Impulsiveness Scale fMRI,unknown,structural connectivity,impulsivity (general),Veterans with a history of suicide behavior,associated_with,lower,unknown,direct,0.8,"Reduced WMV was observed in the left rostral anterior cingulate cortex (rACC) in Veterans with SA relative to Veterans with SI, p = .008.",yes,,yes,yes,no,,,,,,,,,,llama-3.1-8b-instruct,2,keep,yes,yes,yes,yes,yes,no,impulsivity (general),structural connectivity,lower,"The sentence clearly supports the extracted claim, mentioning a specific brain region (left rostral anterior cingulate cortex) which is associated with the phenotype (impulsivity) in a specific group (Veterans with a history of suicide behavior).",,Llama 3.1 8B
112,26483645,"fMRI investigation of response inhibition, emotion, impulsivity, and clinical high-risk behavior in adolescents.",2015,Frontiers in systems neuroscience,Barratt Impulsiveness Scale fMRI,unknown,unknown,impulsivity (general),unknown,associated_with,unclear,,background,0.5,Risk tendencies were assessed using the Adolescent Risk Behavior Screen (ARBS). ARBS risk scores correlated highly (0.78) with impulsivity scores from the Barratt Impulsivity scale (BIS).,yes,,yes,yes,yes,,,,,,,,,,llama-3.1-8b-instruct,2,keep,yes,yes,yes,yes,yes,no,impulsivity (general),unknown,positive,"The sentence clearly supports the association between impulsivity and risk tendencies, which is a feature of impulsivity. The direction of the association is positive as indicated by the high correlation (0.78) between ARBS risk scores and BIS impulsivity scores.",,Llama 3.1 8B
113,29034964,Hemispheric asymmetry of the frontolimbic cortex in young adults with borderline personality disorder.,2017,Acta psychiatrica Scandinavica,Barratt Impulsiveness Scale fMRI,unknown,unknown,impulsivity (general),borderline personality disorder,associated_with,higher,,direct,0.8,Patients with BPD have greater frontolimbic asymmetry than healthy individuals.,yes,,yes,yes,yes,,,,,,,,,,llama-3.1-8b-instruct,2,keep,yes,yes,yes,yes,yes,no,impulsivity (general),unknown,higher,"The sentence directly states that patients with BPD have greater frontolimbic asymmetry than healthy individuals, which is a direct association between the phenotype (impulsivity) and a feature (frontolimbic asymmetry) in the context of borderline personality disorder. The direction of the association is also clearly stated as 'greater', which matches the extracted direction of 'higher'.",,Llama 3.1 8B
114,18465751,A voxel-based morphometry study of frontal gray matter correlates of impulsivity.,2009,Human brain mapping,Barratt Impulsiveness Scale fMRI,unknown,structural connectivity,impulsivity (general),healthy individuals,correlates_with,lower,gray matter volume,direct,0.8,"GM volumes of the left and right OFC were inversely correlated with the BIS total score (P = 0.04 and 0.02, respectively).",yes,,yes,yes,yes,,,,,,,,,,llama-3.1-8b-instruct,2,keep,yes,yes,yes,yes,yes,no,impulsivity (general),structural connectivity,lower,"The sentence directly supports the claim by stating an inverse correlation between GM volumes of the OFC and impulsivity, as measured by the BIS total score.",,Llama 3.1 8B
116,25142098,Dopamine D(2/3) receptor availability and human cognitive impulsivity: a high-resolution positron emission tomography imaging study with [¹¹C]raclopride.,2014,Acta neuropsychiatrica,Barratt Impulsiveness Scale fMRI,unknown,unknown,impulsivity (general),unknown,associated_with,higher,dopamine D(2/3) receptor availability,indirect,0.8,The analysis revealed that the non-planning (p = 0.004) and attentional (p = 0.007) impulsiveness subscale scores on the BIS-11 had significant positive correlations with D(2/3) receptor availability in the pre-commissural dorsal caudate.,yes,,yes,yes,yes,,,,,,,,,,llama-3.1-8b-instruct,2,keep,yes,yes,yes,yes,yes,no,impulsivity (non-planning and attentional),behavioral trait,higher,"The sentence clearly supports the extracted claim, mentioning a specific type of impulsivity (non-planning and attentional) and its association with higher dopamine D(2/3) receptor availability.",,Llama 3.1 8B
117,28695069,Morphological connectivity correlates with trait impulsivity in healthy adults.,2017,PeerJ,Barratt Impulsiveness Scale fMRI,unknown,structural connectivity,impulsivity (general),unknown,correlates_with,unclear,,indirect,0.8,"The BIS total score was found to correlate with the MCs between the ACC and two other brain regions in the right hemisphere: the inferior frontal gyrus (IFG), a well-established structure for inhibition control; the inferior temporal gyrus (ITG), which has been previously shown to be associated with hyperactive/impulsivity symptoms.",yes,,yes,yes,yes,,,,,,,,,,llama-3.1-8b-instruct,2,keep,yes,yes,yes,yes,yes,no,impulsivity (general),structural connectivity,positive,"The sentence clearly supports the extracted claim by stating a correlation between impulsivity and structural connectivity between specific brain regions. The direction of the correlation is implied to be positive, as the regions mentioned (IFG and ITG) are associated with inhibition control and hyperactive/impulsivity symptoms, respectively. The directness of the relationship is also supported, as the sentence mentions a specific phenotype (impulsivity) and a specific feature (structural connectivity between brain regions).",,Llama 3.1 8B
118,26187551,Self-reported impulsivity is negatively correlated with amygdalar volumes in cocaine dependence.,2015,Psychiatry research,Barratt Impulsiveness Scale fMRI,unknown,structural connectivity,impulsivity (general),cocaine dependence,correlates_with,lower,unknown,indirect,0.8,"Cocaine-dependent individuals showed significant negative correlations between amygdalar volumes and scores on the BIS-11 Attentional subscale, and this relationship differed significantly from the non-significant relationship in healthy comparison subjects.",yes,,yes,yes,yes,,,,,,,,,,llama-3.1-8b-instruct,2,keep,yes,yes,yes,yes,yes,no,impulsivity (general),structural connectivity,lower,"The sentence clearly supports the extracted claim, mentioning a negative correlation between amygdalar volumes and impulsivity scores in cocaine-dependent individuals.",,Llama 3.1 8B
119,32428790,Higher impulsivity and lower grey matter volume in the bilateral prefrontal cortex in long-term abstinent individuals with severe methamphetamine use disorder.,2020,Drug and alcohol dependence,Barratt Impulsiveness Scale fMRI,unknown,structural connectivity,impulsivity (general),methamphetamine use disorder,associated_with,higher,unknown,direct,0.8,We observed significantly higher BIS-11 impulsivity scores and lower GMV in the bilateral superior frontal cortex of SMUD-A individuals than in those of control subjects.,yes,,yes,yes,yes,,,,,,,,,,llama-3.1-8b-instruct,2,keep,yes,yes,yes,yes,yes,no,impulsivity (general),structural connectivity,higher,"The sentence directly supports the claim by stating a higher impulsivity score and lower GMV in the bilateral superior frontal cortex, which matches the extracted claim's phenotype, feature type, relationship, direction, and directness.",,Llama 3.1 8B
121,30658245,"A preliminary investigation of impulsivity, aggression and white matter in patients with bipolar disorder and a suicide attempt history.",2019,Journal of affective disorders,Barratt Impulsiveness Scale fMRI,unknown,unknown,impulsivity (general),bipolar disorder,associated_with,higher,white matter abnormalities,indirect,0.8,Patients with BD+S had higher overall impulsivity (assessed using both the UPPS-P Impulsive Behavior Scale and BIS-11) and premeditated aggression compared to patients with BD-S.,yes,,yes,yes,yes,,,,,,,,,,llama-3.1-8b-instruct,2,keep,yes,yes,yes,yes,yes,no,,,,,,Llama 3.1 8B
122,40845440,"A multimethod examination of impulsivity and its association with gamma-aminobutyric acid (GABA), glutamate, and other neurometabolite levels in youth who do and do not use alcohol.",2025,Addictive behaviors,Barratt Impulsiveness Scale fMRI,unknown,unknown,impulsivity (general),alcohol use in youth,associated_with,higher,,indirect,0.8,"Compared to controls, youth who use alcohol had higher impulsivity on the BIS-11 attentional, non-planning, and motor subscales.",yes,,yes,yes,yes,,,,,,,,,,llama-3.1-8b-instruct,2,keep,yes,yes,yes,yes,yes,no,impulsivity (general),behavioral,higher,"The sentence clearly supports the extracted claim by stating a higher impulsivity in youth who use alcohol compared to controls, which matches the phenotype, feature type, relationship, and direction.",,Llama 3.1 8B
123,12079725,"Frontal white matter microstructure, aggression, and impulsivity in men with schizophrenia: a preliminary study.",2002,Biological psychiatry,Barratt Impulsiveness Scale fMRI,unknown,structural connectivity,impulsivity (general),schizophrenia,associated_with,lower,,direct,0.8,Lower fractional anisotropy in right inferior frontal white matter was associated with higher motor impulsiveness.,yes,,yes,yes,yes,,,,,,,,,,llama-3.1-8b-instruct,2,keep,yes,yes,yes,yes,yes,no,impulsivity (general),structural connectivity,lower,"The sentence directly states a relationship between impulsivity and fractional anisotropy in a specific brain region, supporting the claim.",,Llama 3.1 8B
124,20406530,Impulsivity and neural correlates of response inhibition in schizophrenia.,2011,Psychological medicine,Barratt Impulsiveness Scale fMRI,unknown,unknown,impulsivity (general),schizophrenia,associated_with,higher,,direct,0.8,"Patients with schizophrenia were more impulsive than healthy subjects, as indicated by higher BIS-11 scores.",yes,,yes,yes,yes,,,,,,,,,,llama-3.1-8b-instruct,2,keep,yes,yes,yes,yes,yes,no,impulsivity (general),behavioral,higher,"The sentence clearly supports the extracted claim, mentioning a direct association between impulsivity and higher BIS-11 scores in patients with schizophrenia compared to healthy subjects.",,Llama 3.1 8B
125,21480730,Why so impulsive? White matter alterations are associated with impulsivity in chronic marijuana smokers.,2011,Experimental and clinical psychopharmacology,Barratt Impulsiveness Scale fMRI,unknown,structural connectivity,impulsivity (general),chronic marijuana smokers,associated_with,higher,white matter alterations,direct,0.8,"MJ smokers also had significantly higher BIS total and motor subscale scores relative to NS, which were positively correlated with left frontal FA values.",yes,,yes,yes,yes,,,,,,,,,,llama-3.1-8b-instruct,2,keep,yes,yes,yes,yes,yes,no,impulsivity (general),structural connectivity,higher,"The sentence directly states that MJ smokers have higher impulsivity scores, which are positively correlated with left frontal FA values, supporting the claim.",,Llama 3.1 8B
126,19019636,Structural brain abnormalities in borderline personality disorder: a voxel-based morphometry study.,2008,Psychiatry research,Barratt Impulsiveness Scale fMRI,unknown,unknown,impulsivity (general),borderline personality disorder,associated_with,unclear,diminished gray matter in the prefrontal cortex and the medial temporal cortex,background,0.8,Diminished gray matter in the prefrontal cortex and the medial temporal cortex may mediate the dysregulation of impulse and affect in BPD.,yes,,yes,yes,yes,,,,,,,,,,llama-3.1-8b-instruct,2,keep,yes,yes,yes,yes,yes,no,impulsivity (general),dysregulation of impulse and affect,increased,"The sentence clearly supports the extracted claim, mentioning the diminished gray matter in the prefrontal cortex and the medial temporal cortex, which is associated with impulsivity (general) and dysregulation of impulse and affect in borderline personality disorder. The direction is implied to be increased, as the dysregulation is a result of diminished gray matter.",,Llama 3.1 8B
127,25104290,Abnormal white matter integrity in chronic users of codeine-containing cough syrups: a tract-based spatial statistics study.,2015,AJNR. American journal of neuroradiology,Barratt Impulsiveness Scale fMRI,unknown,structural connectivity,impulsivity (general),chronic codeine-containing syrup users,associated_with,higher,disruptions in brain WM integrity,indirect,0.8,Chronic codeine-containing syrup abuse may be associated with disruptions in brain WM integrity. These WM microstructural deficits may be linked to higher impulsivity in chronic codeine-containing syrup users.,yes,,yes,yes,yes,,,,,,,,,,llama-3.1-8b-instruct,2,keep,yes,yes,yes,yes,yes,no,impulsivity (general),structural connectivity,higher,"The sentence clearly supports the extracted claim, mentioning both phenotype (impulsivity) and feature (disruptions in brain WM integrity), and their relationship (associated with). The direction (higher) and directness (indirect) are also correctly captured.",,Llama 3.1 8B
129,24177988,Neural substrates of inhibitory control deficits in 22q11.2 deletion syndrome.,2015,"Cerebral cortex (New York, N.Y. : 1991)",Barratt Impulsiveness Scale fMRI,unknown,unknown,impulsivity (general),22q11.2 deletion syndrome,associated_with,unclear,,background,0.8,"Healthy controls showed significantly greater activation than 22q11DS patients within frontal cortical and basal ganglia regions during successful RI, whereas 22q11DS patients did not show increased neural activity relative to controls in any regions.",yes,,yes,yes,yes,,,,,,,,,,llama-3.1-8b-instruct,2,keep,yes,yes,yes,yes,yes,no,impulsivity (general),unknown,decreased,"The sentence clearly supports the claim by stating that 22q11DS patients showed decreased activation in frontal cortical and basal ganglia regions during successful Response Inhibition (RI), which is associated with impulsivity. The direction is supported as it implies that 22q11DS patients have decreased activation, which is a decrease in neural activity. The directness is supported as it names both the phenotype (impulsivity) and the feature (activation in frontal cortical and basal ganglia regions).",,Llama 3.1 8B
133,31718806,Confirmatory factor analysis of the Barratt Impulsiveness Scale-short form (BIS-15) in patients with mental disorders.,2020,Psychiatry research,Barratt Impulsiveness Scale neuroimaging,unknown,unknown,impulsivity (general),mental disorders,unknown,unclear,,background,1.0,"A short form of the Barratt Impulsiveness Scale-the BIS-15-assesses three facets of impulsivity: non-planning, motor, and attentional.",yes,,yes,yes,yes,,,,,,,,,,llama-3.1-8b-instruct,2,keep,yes,yes,yes,yes,yes,no,impulsivity (general),facet,unclear,"The sentence clearly supports the phenotype (impulsivity), feature (facet of impulsivity), relationship (assesses), and direction (unclear) when stated. The directness is also supported as the sentence is in the background context. The feature type is corrected to 'facet' as it is more specific.",,Llama 3.1 8B
138,40706276,"Low-grade inflammation, cognitive dysfunction, impulsivity, and appetite hormone dysregulation in adolescents with attention deficit hyperactivity disorder.",2025,Psychiatry research,Barratt Impulsiveness Scale neuroimaging,unknown,unknown,impulsivity (general),attention deficit hyperactivity disorder,unknown,unclear,,background,0.8,"These findings suggest an immune-metabolic subtype of ADHD, indicating that adolescents with ADHD and low-grade inflammation experience more severe impulsivity, disrupted appetite hormone levels, and impaired cognitive function.",yes,,yes,yes,yes,,,,,,,,,,llama-3.1-8b-instruct,2,keep,yes,yes,yes,yes,yes,no,impulsivity (general),unknown,more severe,"The sentence clearly supports the extracted claim by stating a phenotype-feature association in the context of ADHD. The direction of the relationship is also clearly stated as 'more severe'. The directness of the relationship is background, which matches the extracted claim. No overclaiming is present as the sentence mentions a group difference and a phenotype-feature association.",,Llama 3.1 8B
139,37969475,Evaluation of Optical Coherence Tomography Findings in Antisocial Personality Disorder Patients.,2023,Alpha psychiatry,Barratt Impulsiveness Scale neuroimaging,unknown,unknown,impulsivity (general),antisocial personality disorder,associated_with,higher,,indirect,0.9,"The Barratt Impulsivity Scale-motor (P < .001), Barratt Impulsivity Scale-non-planning dimension (P < .001), and Barratt Impulsivity Scale-total scores (P < .001) of the patients were significantly higher when compared to the controls.",yes,,yes,yes,no,,,,,,,,,,llama-3.1-8b-instruct,2,keep,yes,yes,yes,yes,yes,no,impulsivity (general),behavioral,higher,"The sentence directly supports the association between impulsivity and higher scores on the Barratt Impulsivity Scale, which is a measure of impulsivity.",,Llama 3.1 8B
140,26277035,BDNF concentration and impulsiveness level in post-traumatic stress disorder.,2015,Psychiatry research,Barratt Impulsiveness Scale neuroimaging,unknown,unknown,impulsivity (general),post-traumatic stress disorder,associated_with,higher,unknown,indirect,0.8,"Results indicate a positive correlation in the PTSD group; that is, the higher the BDNF levels the higher the impulsiveness score, as measured by the Barratt Impulsiveness Scale (BIS-11), suggesting that impulsiveness could be associated with greater BDNF production.",yes,,yes,yes,yes,,,,,,,,,,llama-3.1-8b-instruct,2,keep,yes,yes,yes,yes,yes,no,impulsivity (general),behavioral trait,higher,"The sentence clearly supports the extracted claim, mentioning a positive correlation between BDNF levels and impulsiveness scores in the PTSD group.",,Llama 3.1 8B
144,35149322,Resting State EEG Activity Related to Impulsivity in People with Prescription Opioid Use Disorder.,2022,Psychiatry research. Neuroimaging,Barratt Impulsiveness Scale neuroimaging,unknown,EEG connectivity,impulsivity (general),prescription opioid use disorder,associated_with,higher,,direct,0.8,"Patients exhibited greater scores (impaired impulse control) on BIS-11 subscales (attention, motor, self-control) and impairment of these impulsive subtypes was associated with increases in β and δ oscillations.",yes,,yes,yes,yes,,,,,,,,,,llama-3.1-8b-instruct,2,keep,yes,yes,yes,yes,yes,no,,,,"The sentence clearly supports the claim by stating that patients with impaired impulse control (phenotype) have associated increases in β and δ oscillations (feature) in their EEG connectivity, which is a direct relationship with a higher direction.",,Llama 3.1 8B
145,27667777,Networks underlying trait impulsivity: Evidence from voxel-based lesion-symptom mapping.,2017,Human brain mapping,Barratt Impulsiveness Scale neuroimaging,unknown,unknown,impulsivity (general),traumatic brain injuries,associated_with,unclear,,background,0.8,"Heightened global impulsivity was associated with damage to multiple areas in bilateral prefrontal cortex (PFC), left superior, middle and inferior temporal gyrus, and left hippocampus.",yes,,yes,yes,yes,,,,,,,,,,llama-3.1-8b-instruct,2,keep,yes,yes,yes,yes,yes,no,impulsivity (general),unknown,increased,"The sentence clearly supports the claim by stating a specific association between impulsivity and damage to certain brain areas. The direction of the association is implied to be positive (increased impulsivity), and the directness is clear as it names both the phenotype (impulsivity) and the feature (damage to brain areas).",,Llama 3.1 8B
146,23603064,Neural correlate of impulsivity in subjects at ultra-high risk for psychosis.,2013,Progress in neuro-psychopharmacology & biological psychiatry,Barratt Impulsiveness Scale neuroimaging,unknown,unknown,impulsivity (general),ultra-high risk for psychosis,correlates_with,higher,altered integrated conflict processing,indirect,0.9,"UHR subjects were more impulsive than HC subjects in terms of attention (t = 3.5187, p<0.01), motor (t = 3.1751, p<0.01), and non-planning (t = 4.4154, p<0.01) scores.",yes,,yes,yes,yes,,,,,,,,,,llama-3.1-8b-instruct,2,keep,yes,yes,yes,yes,yes,no,impulsivity (general),"attention, motor, non-planning",higher,,,Llama 3.1 8B
148,25071497,A model-based analysis of impulsivity using a slot-machine gambling paradigm.,2014,Frontiers in human neuroscience,Barratt Impulsiveness Scale neuroimaging,unknown,unknown,impulsivity (general),problem and pathological gambling,correlates_with,unclear,uncertainty-dependent mechanisms of belief updates,indirect,0.8,"Behaviorally, we found that impulsivity, as measured independently by the 11th revision of the Barratt Impulsiveness Scale (BIS-11), correlated significantly with an aggregate read-out of the following gambling responses: bet increases (BIs), machines switches (MS), casino switches (CS), and double-ups (DUs).",yes,,yes,yes,yes,,,,,,,,,,llama-3.1-8b-instruct,2,keep,yes,yes,yes,yes,yes,no,impulsivity (general),gambling behavior,positive,"The sentence clearly supports the claim by stating a significant correlation between impulsivity and various gambling responses. The phenotype and feature are clearly mentioned, and the relationship is correctly identified as correlation. The direction is implied to be positive due to the use of 'correlated significantly', and the directness is supported as the sentence describes a behavioral measure.",,Llama 3.1 8B
149,33113453,Suicide behavior is associated with childhood emotion dysregulation but not trait impulsivity in first episode psychosis.,2020,Psychiatry research,Barratt Impulsiveness Scale neuroimaging,unknown,unknown,impulsivity (general),first episode psychosis,associated_with,unclear,emotion dysregulation,indirect,0.8,"Childhood emotion dysregulation was significantly associated with a history of SB and its severity, but not SI.",yes,,yes,yes,yes,,,,,,,,,,llama-3.1-8b-instruct,2,keep,yes,yes,yes,yes,yes,no,impulsivity (general),behavior (suicidal),positive,The sentence clearly supports the association between childhood emotion dysregulation and impulsivity (general) in the context of first episode psychosis.,,Llama 3.1 8B
150,30071388,Sleep and circadian rhythm function and trait impulsivity: An actigraphy study.,2018,Psychiatry research,Barratt Impulsiveness Scale neuroimaging,unknown,unknown,impulsivity (general),unknown,associated_with,unclear,,background,0.8,"High impulsive individuals displayed phase-delayed patterns of sleep, a decreased total sleep time and sleep efficiency, and disrupted circadian function.",yes,,yes,yes,yes,,,,,,,,,,llama-3.1-8b-instruct,2,keep,yes,yes,yes,yes,yes,no,impulsivity (general),sleep patterns,positive,"The sentence clearly supports the association between impulsivity and sleep patterns, with a specific direction (phase-delayed patterns) and directness (displayed).",,Llama 3.1 8B
152,34274904,Dimensions of impulsivity related to psychopathic traits and homicidal behavior among incarcerated male youth offenders.,2021,Psychiatry research,Barratt Impulsiveness Scale neuroimaging,unknown,unknown,impulsivity (general),youth psychopathic traits,correlates_with,higher,,indirect,0.8,"Correlational analyses indicated PCL:YV total, Factor 2, Facet 3, and Facet 4 scores were significantly positively correlated with BIS-11 total scores.",yes,,yes,yes,yes,,,,,,,,,,llama-3.1-8b-instruct,2,keep,yes,yes,yes,yes,yes,no,impulsivity (general),impulsivity (specific),higher,"The sentence clearly supports the extracted claim, mentioning a correlation between impulsivity (measured by BIS-11 total scores) and psychopathic traits (measured by PCL:YV total, Factor 2, Facet 3, and Facet 4 scores).",,Llama 3.1 8B
156,30384282,CSF glutamate level decreases in heavy smokers and negatively correlates with BDI scores.,2018,Psychiatry research,Barratt Impulsiveness Scale neuroimaging,unknown,unknown,impulsivity (general),heavy smokers,correlates_with,lower,,indirect,0.8,"In conclusion, heavy smokers had more impulsivity had lower levels of CSF glutamate and higher BDI scores. CSF glutamate levels negatively correlated with BDI scores in heavy smokers.",yes,,yes,yes,yes,,,,,,,,,,llama-3.1-8b-instruct,2,keep,yes,yes,yes,yes,yes,no,impulsivity (general),unknown,lower,"The sentence clearly supports the extracted claim, mentioning a direct association between CSF glutamate levels and impulsivity in heavy smokers, as well as a correlation between CSF glutamate levels and BDI scores.",,Llama 3.1 8B
158,39116689,Impulsivity as a predictor of clinical and psychological outcomes in a naturalistic prospective cohort of subjects at ultra-high risk (UHR) for psychosis from Tunisia.,2024,Psychiatry research,Barratt Impulsiveness Scale neuroimaging,unknown,unknown,impulsivity (general),ultra-high risk (UHR) for psychosis,predicts,higher,,indirect,0.8,"Findings showed that at 6 months of follow-up, higher 6-month BIS-11 attentional and motor impulsivity were significantly associated with lower quality of life and greater general psychological distress.",yes,,yes,yes,yes,,,,,,,,,,llama-3.1-8b-instruct,2,keep,yes,yes,yes,yes,yes,no,impulsivity (general),unknown,higher,"The sentence clearly supports the extracted claim, mentioning impulsivity as a phenotype, a relationship with quality of life and psychological distress as a feature, predicting a higher direction, and being indirect in its directness.",,Llama 3.1 8B
161,29337234,Electrophysiological Activity Prior to Self-initiated Movements is Related to Impulsive Personality Traits.,2018,Neuroscience,Barratt Impulsiveness Scale neuroimaging,unknown,EEG connectivity,impulsivity (general),unknown,associated_with,higher,,direct,0.8,We observed a positive relationship between impulsive personality trait and motor system excitability during the preparation of self-initiated movements.,yes,,yes,yes,yes,,,,,,,,,,llama-3.1-8b-instruct,2,keep,yes,yes,yes,yes,yes,no,impulsivity (general),EEG connectivity,higher,"The sentence directly supports the association between impulsivity and EEG connectivity, with a higher level of connectivity associated with impulsivity.",,Llama 3.1 8B
162,32977054,Impulsivity as a multifactorial construct and its relationship to PTSD severity and threat sensitivity.,2020,Psychiatry research,Barratt Impulsiveness Scale neuroimaging,unknown,unknown,impulsivity (general),PTSD,associated_with,unclear,,background,0.8,PTSD severity was significantly associated with greater overall impulsivity and behavioral impulsivity.,yes,,yes,yes,yes,,,,,,,,,,llama-3.1-8b-instruct,2,keep,yes,yes,yes,yes,yes,no,impulsivity (general),behavioral,greater,"The sentence clearly supports the extracted claim, mentioning a specific association between PTSD severity and impulsivity, including both overall and behavioral aspects.",,Llama 3.1 8B
165,33426970,Add-on repetitive transcranial magnetic stimulation in patients with opioid use disorder undergoing methadone maintenance therapy.,2021,The American journal of drug and alcohol abuse,Barratt Impulsiveness Scale neuroimaging,unknown,unknown,impulsivity (general),opioid use disorder,correlates_with,lower,repetitive transcranial magnetic stimulation,direct,0.8,"However, HDRS scores, BIS-11 attentional subscales, and CPTs commission T-scores (C-TS) were significantly lower in the active rTMS group (P = .003, 0.04, and 0.02, respectively) than in the sham group.",yes,,yes,yes,yes,,,,,,,,,,llama-3.1-8b-instruct,2,keep,yes,yes,yes,yes,yes,no,impulsivity (general),unknown,lower,"The sentence directly supports the claim by stating that HDRS scores, BIS-11 attentional subscales, and CPTs commission T-scores were significantly lower in the active rTMS group, which correlates with the extracted claim's phenotype of impulsivity (general) and direction of lower.",,Llama 3.1 8B
166,25819744,Distinct domains of impulsivity are impaired in juvenile myoclonic epilepsy but not in temporal lobe epilepsy.,2015,Epilepsy & behavior : E&B,Barratt Impulsiveness Scale neuroimaging,unknown,unknown,impulsivity (general),juvenile myoclonic epilepsy,associated_with,higher,,direct,0.9,"Patients with JME showed higher scores than patients with TLE and controls in all domains: motor (JME vs TLE: 28.60 vs 13.25 (mean score), p<0.001 and JME vs controls: 28.60 vs 14.12, p<0.001), attentional (JME vs TLE: 21.55 vs 13.45, p<0.001 and JME vs controls: 21.55 vs 14.88, p<0.001) and nonplanning (JME vs TLE: 28.05 vs 13.10, p<0.001 and JME vs controls: 28.05 vs 16.15, p<0.001).",yes,,yes,yes,yes,,,,,,,,,,llama-3.1-8b-instruct,2,keep,yes,yes,yes,yes,yes,no,impulsivity (general),unknown,higher,"The sentence clearly supports the extracted claim, mentioning higher impulsivity scores in patients with JME compared to TLE and controls in all domains.",,Llama 3.1 8B
169,20478631,Relationship between impulsivity and decision making in cocaine dependence.,2010,Psychiatry research,Barratt Impulsiveness Scale neuroimaging,unknown,unknown,impulsivity (general),cocaine dependence,associated_with,higher,,indirect,0.5,"Cocaine-dependent subjects made more disadvantageous choices on the IGT, had higher scores on the BIS and more commission errors on the IMT.",yes,,yes,yes,no,,,,,,,,,,llama-3.1-8b-instruct,2,keep,yes,yes,yes,yes,yes,no,impulsivity (general),decision making,higher,"The sentence clearly supports the extracted claim, mentioning higher impulsivity in cocaine-dependent subjects and its association with disadvantageous choices, higher scores on the BIS, and more commission errors on the IMT.",,Llama 3.1 8B
175,24608747,Trait impulsivity is associated with the risk of falls in Parkinson's disease.,2014,PloS one,Barratt Impulsiveness Scale neuroimaging,unknown,unknown,impulsivity (general),Parkinson's disease,associated_with,higher,,direct,0.9,Total impulsivity scores were higher for recurrent fallers (59.5) compared to non-fallers (56.8; p = 0.012).,yes,,yes,yes,no,,,,,,,,,,llama-3.1-8b-instruct,2,keep,yes,yes,yes,yes,yes,no,impulsivity (general),trait,higher,The sentence clearly supports the extracted claim by stating that total impulsivity scores were higher for recurrent fallers compared to non-fallers.,,Llama 3.1 8B
176,27371803,Risk-taking behavior and impulsivity among HCV-infected patients.,2016,Psychiatry research,Barratt Impulsiveness Scale neuroimaging,unknown,unknown,impulsivity (general),HCV-infected patients,associated_with,higher,,direct,0.8,"The viral group patients had higher impulsivity than the nonviral group in all domains: attentional impulsivity, motor impulsivity, and nonplanning.",yes,,yes,yes,yes,,,,,,,,,,llama-3.1-8b-instruct,2,keep,yes,yes,yes,yes,yes,no,,,,,,Llama 3.1 8B
178,28391138,Associations between serotonin transporter and behavioral traits and diagnoses related to anxiety.,2017,Psychiatry research,Barratt Impulsiveness Scale neuroimaging,unknown,unknown,impulsivity (general),anxiety,predicts,higher,serotonin transporter promoter-linked polymorphism (5-HTTLPR),direct,0.8,"We show that 5-HTTLPR predicts higher impulsivity, hostility, and neuroticism, and that impulsivity could serve as a useful independent outcome or intermediary phenotype in genetic studies of anxiety.",yes,,yes,yes,yes,,,,,,,,,,llama-3.1-8b-instruct,2,keep,yes,yes,yes,yes,yes,no,impulsivity (general),,higher,The sentence directly supports the claim by stating that 5-HTTLPR predicts higher impulsivity.,,Llama 3.1 8B
179,26648853,Impulsivity is Associated with Increased Metabolism in the Fronto-Insular Network in Parkinson's Disease.,2015,Frontiers in behavioral neuroscience,Barratt Impulsiveness Scale neuroimaging,fronto-insular network,BOLD variability,impulsivity (general),Parkinson's disease,associated_with,higher,increased metabolism,direct,0.9,"Voxel-wise group comparison revealed higher FDG-metabolism in the orbitofrontal cortex (OFC), anterior cingulate cortex (ACC), and right insula in patients with higher impulsivity scores.",yes,,yes,yes,yes,,,,,,,,,,llama-3.1-8b-instruct,2,keep,yes,yes,yes,yes,yes,no,impulsivity (general),BOLD variability,higher,"The sentence directly supports the association between impulsivity and increased metabolism in the fronto-insular network, which matches the extracted claim.",,Llama 3.1 8B
181,23158972,Impulsivity is related to striatal dopamine transporter availability in healthy males.,2013,Psychiatry research,Barratt Impulsiveness Scale neuroimaging,unknown,unknown,impulsivity (general),unknown,associated_with,higher,dopamine transporter availability,direct,0.9,Greater dopamine transporter availability was associated with higher BIS impulsivity but not with ADHD-related traits.,yes,,yes,yes,no,,,,,,,,,,llama-3.1-8b-instruct,2,keep,yes,yes,yes,yes,yes,no,impulsivity (general),behavioral traits,higher,"The sentence clearly supports the extracted claim, mentioning a direct association between dopamine transporter availability and higher impulsivity in healthy males.",,Llama 3.1 8B
182,22749228,Behavioral and cognitive impulsivity in obsessive-compulsive disorder and eating disorders.,2012,Psychiatry research,Barratt Impulsiveness Scale neuroimaging,unknown,unknown,impulsivity (general),"obsessive-compulsive disorder, eating disorder",associated_with,higher,,indirect,0.8,"Compared to controls, both clinical groups reported higher levels of impulsivity on the BIS-11",yes,,yes,yes,yes,,,,,,,,,,llama-3.1-8b-instruct,2,keep,yes,yes,yes,yes,yes,no,impulsivity (general),unknown,higher,The sentence clearly supports the extracted claim by stating that both clinical groups reported higher levels of impulsivity compared to controls.,,Llama 3.1 8B
183,24612970,"Anxiety, depression, impulsivity and substance misuse in violent and non-violent adolescent boys in detention in China.",2014,Psychiatry research,Barratt Impulsiveness Scale neuroimaging,unknown,unknown,impulsivity (general),juvenile detention facilities,associated_with,higher,,direct,0.8,"Violent offenders had significantly higher BIS-11 total scores, and attention and nonplanning subscale scores (p<0.05).",yes,,yes,yes,yes,,,,,,,,,,llama-3.1-8b-instruct,2,keep,yes,yes,yes,yes,yes,no,impulsivity (general),unknown,higher,"The sentence directly supports the association between impulsivity and higher BIS-11 total scores, and attention and nonplanning subscale scores in violent offenders.",,Llama 3.1 8B
186,29120849,Genetic analysis of impulsive personality traits: Examination of a priori candidates and genome-wide variation.,2018,Psychiatry research,Barratt Impulsiveness Scale neuroimaging,unknown,unknown,impulsivity (general),unknown,unknown,unclear,,unclear,0.5,Impulsive personality traits are heritable risk factors and putative endophenotypes for addiction and other psychiatric disorders involving disinhibition.,yes,,yes,yes,yes,,,,,,,,,,llama-3.1-8b-instruct,2,keep,yes,yes,yes,yes,yes,no,impulsivity (general),unknown,unclear,The sentence clearly supports the phenotype (impulsivity) and relationship (heritable risk factors and putative endophenotypes) when stated. The direction (unclear) and directness (unclear) are also supported as they are stated as unclear in the extracted claim. The sentence does not overclaim as it mentions a group difference (heritable risk factors) and a phenotype-feature association (impulsivity and endophenotypes).,,Llama 3.1 8B
187,24373553,Anhedonia in Parkinson's disease patients with and without pathological gambling: a case-control study.,2014,Psychiatry research,Barratt Impulsiveness Scale neuroimaging,unknown,unknown,impulsivity (general),Parkinson's disease,associated_with,higher,,indirect,0.8,"The PG-group, compared to the ICDs-group and PD-controls, reported a significantly higher incidence of anhedonia (45% vs. 9% vs. 14% respectively), higher Snaith-Hamilton Pleasure Scale (SHAPS) scores (2.0±1.3 vs. 1.0±1.1 vs. 1.0±1.2), higher levels of impulsivity traits as measured by the Barratt Impulsiveness Scale (70.0±10.6 vs. 64.8±11 vs. 60.9±9.3) and more severe frontal dysfunctions (Frontal Assessment Battery, FAB: 12.4±4.9 vs. 15.5±1.6 vs. 14.4±3).",yes,,yes,yes,yes,,,,,,,,,,llama-3.1-8b-instruct,2,keep,yes,yes,yes,yes,yes,no,impulsivity (general),unknown,higher,"The sentence clearly supports the extracted claim, mentioning higher levels of impulsivity traits in the PG-group compared to the ICDs-group and PD-controls.",,Llama 3.1 8B
188,27614152,"Impulsivity, implicit attitudes and explicit cognitions, and alcohol dependence as predictors of pathological gambling.",2016,Psychiatry research,Barratt Impulsiveness Scale neuroimaging,unknown,unknown,impulsivity (general),pathological gambling,predicts,lower,,indirect,0.8,The latter being less impulsive and having fewer implicit attitudes towards gambling.,yes,,yes,yes,no,,,,,,,,,,llama-3.1-8b-instruct,2,keep,yes,yes,yes,yes,yes,no,,,,,,Llama 3.1 8B
189,31669801,Increased neural activity in the right dorsolateral prefrontal cortex during a risky decision-making task is associated with cocaine use in methadone-maintained patients.,2019,Drug and alcohol dependence,Barratt Impulsiveness Scale neuroimaging,unknown,functional connectivity,impulsivity (general),cocaine use,associated_with,higher,,indirect,0.9,"MMPs who used cocaine versus those who did not reported increased trait impulsivity on the BIS-11 Total Score (t=-2.28, p = 0.031).",yes,,yes,yes,yes,,,,,,,,,,llama-3.1-8b-instruct,2,keep,yes,yes,yes,yes,yes,no,impulsivity (general),self-reported trait,higher,"The sentence clearly supports the extracted claim, mentioning a phenotype (impulsivity), a feature type (self-reported trait), a relationship (associated with), a direction (higher), and a directness (indirect).",,Llama 3.1 8B
191,14675743,Neurobiological correlates of diagnosis and underlying traits in patients with borderline personality disorder compared with normal controls.,2004,Psychiatry research,Barratt Impulsiveness Scale neuroimaging,unknown,unknown,impulsivity (general),borderline personality disorder,associated_with,unclear,abnormalities in serotonergic systems,background,0.8,The results suggest that impulsive traits in borderline patients are associated with abnormalities in serotonergic systems.,yes,,yes,yes,yes,,,,,,,,,,llama-3.1-8b-instruct,2,keep,yes,yes,yes,yes,yes,no,impulsivity (general),unknown,unclear,"The sentence clearly supports the extracted claim, mentioning the association between impulsivity and abnormalities in serotonergic systems in borderline personality disorder patients.",,Llama 3.1 8B
192,12860356,"Impulsivity, gender, and response to fenfluramine challenge in borderline personality disorder.",2003,Psychiatry research,Barratt Impulsiveness Scale neuroimaging,unknown,unknown,impulsivity (general),borderline personality disorder,associated_with,unclear,,background,0.8,"Behavioral impulsivity in borderline personality disorder (BPD) is associated with indices of diminished central serotonergic function, independent of suicidal behavior, depression or alcohol use disorder.",yes,,yes,yes,yes,,,,,,,,,,llama-3.1-8b-instruct,2,keep,yes,yes,yes,yes,yes,no,impulsivity (general),central serotonergic function,decreased,"The sentence clearly supports the association between impulsivity and decreased central serotonergic function in borderline personality disorder, without any mixed direction or overclaiming.",,Llama 3.1 8B
193,26803778,Dysfunctional decision-making related to white matter alterations in bipolar I disorder.,2016,Journal of affective disorders,Barratt Impulsiveness Scale neuroimaging,unknown,structural connectivity,impulsivity (general),bipolar I disorder,associated_with,higher,white matter alterations,indirect,0.8,BD-I patients displayed significantly lower integrity in the right cingulum compared to HC. They also showed more risk-taking behavior and reported increased trait-impulsivity.,yes,,yes,yes,yes,,,,,,,,,,llama-3.1-8b-instruct,2,keep,yes,yes,yes,yes,yes,no,impulsivity (general),structural connectivity,lower,The sentence directly supports the claim by mentioning a specific brain region (right cingulum) and its association with impulsivity in BD-I patients.,,Llama 3.1 8B
194,26660886,Functional Connectivity and Quantitative EEG in Women with Alcohol Use Disorders: A Resting-State Study.,2016,Brain topography,Barratt Impulsiveness Scale neuroimaging,unknown,functional connectivity,impulsivity (general),alcohol use disorders,associated_with,unclear,,indirect,0.8,We also found that impaired functional connectivity particularly in alpha band at fronto-central areas was negative correlated with non-planning dimension of impulsivity.,yes,,yes,yes,yes,,,,,,,,,,llama-3.1-8b-instruct,2,keep,yes,yes,yes,yes,yes,no,impulsivity (non-planning dimension),functional connectivity (alpha band) at fronto-central areas,negatively associated,"The sentence clearly supports the extracted claim, and the phenotype, feature, relationship, and direction/directness are all stated correctly. The corrected fields are more specific and accurate.",,Llama 3.1 8B
200,24885073,Trait impulsivity and impaired prefrontal impulse inhibition function in adolescents with internet gaming addiction revealed by a Go/No-Go fMRI study.,2014,Behavioral and brain functions : BBF,BIS-11 fMRI impulsivity,unknown,unknown,impulsivity (general),internet gaming addiction,associated_with,higher,,direct,0.8,Activation of the left superior medial frontal gyrus was positively associated with BIS-11 and Chen Internet Addiction Scale (CIAS) total score across IGA participants.,yes,,yes,yes,yes,,,,,,,,,,llama-3.1-8b-instruct,2,keep,yes,yes,yes,yes,yes,no,impulsivity (general),behavioral,higher,The sentence clearly supports the extracted claim by stating a direct association between activation of the left superior medial frontal gyrus and impulsivity (measured by BIS-11 and CIAS total score) in IGA participants.,,Llama 3.1 8B
201,26658924,Citicoline Treatment Improves Measures of Impulsivity and Task Performance in Chronic Marijuana Smokers: A Pilot BOLD fMRI Study.,2015,International journal of neurology and neurotherapy,BIS-11 fMRI impulsivity,unknown,unknown,impulsivity (general),chronic marijuana smokers,associated_with,lower,citicoline treatment,direct,0.8,MJ smokers treated with citicoline demonstrated significantly lower levels of behavioral impulsivity,yes,,yes,yes,yes,,,,,,,,,,llama-3.1-8b-instruct,2,keep,yes,yes,yes,yes,yes,no,impulsivity (general),behavioral,lower,,,Llama 3.1 8B
202,36124350,[The value of MR diffusion tensor imaging in assessing white matter changes in short-term methamphetamine withdrawal].,2022,Zhonghua yi xue za zhi,BIS-11 fMRI impulsivity,unknown,unknown,impulsivity (general),methamphetamine withdrawal,associated_with,unclear,,background,0.8,"MA addicted individuals with short-term withdrawal have white matter edema and damage, and the degree of corpus callosum damage is positively correlated with the daily dose of MA,which is helpful to understand the pathophysiological process of white matter damage in the nervous system and the potential mechanism of neuropsychiatric symptoms in short-term withdrawal MA addicted individuals.",yes,,yes,yes,yes,,,,,,,,,,llama-3.1-8b-instruct,2,keep,yes,yes,yes,yes,yes,no,impulsivity (general),unknown,positively correlated,"The sentence clearly supports the association between impulsivity (general) and white matter damage, with a positive correlation between corpus callosum damage and daily dose of MA.",,Llama 3.1 8B
203,22858213,Reduced posterior corpus callosum area in suicidal and non-suicidal patients with bipolar disorder.,2012,Journal of affective disorders,BIS-11 fMRI impulsivity,unknown,unknown,impulsivity (general),bipolar disorder,associated_with,higher,,indirect,0.8,"In the BP-S group, the BIS-11 total (p=0.01), attention (p=0.001) and non-planning (p=0.02) impulsivity scores were significantly higher than in the BP-NS and HC groups.",yes,,yes,yes,yes,,,,,,,,,,llama-3.1-8b-instruct,2,keep,yes,yes,yes,yes,yes,no,impulsivity (general),unknown,higher,"The sentence clearly supports the extracted claim, mentioning impulsivity scores in the context of bipolar disorder.",,Llama 3.1 8B
209,28828225,Quantifying absolute glutamate concentrations in nucleus accumbens of prescription opioid addicts by using 1H MRS.,2017,Brain and behavior,BIS-11 fMRI impulsivity,unknown,unknown,impulsivity (general),opioid dependence,correlates_with,higher,,indirect,0.9,"Glutamate concentrations in the NAc were significantly higher in prescription opiate addicts than in controls (t = 3.84, p = .001).",yes,,yes,yes,yes,,,,,,,,,,llama-3.1-8b-instruct,2,keep,yes,yes,yes,yes,yes,no,impulsivity (general),unknown,higher,"The sentence directly supports the claim by stating a significant difference in glutamate concentrations between prescription opiate addicts and controls, which correlates with the extracted phenotype of impulsivity (general).",,Llama 3.1 8B
210,31599080,Prefrontal GABA and glutamate levels correlate with impulsivity and cognitive function of prescription opioid addicts: A 1 H-magnetic resonance spectroscopy study.,2020,Psychiatry and clinical neurosciences,BIS-11 fMRI impulsivity,unknown,unknown,impulsivity (general),prescription opioid addiction,correlates_with,unclear,,indirect,0.8,GABA+ levels correlated negatively with BIS-11 scores but correlated positively with MoCA scores.,yes,,yes,yes,yes,,,,,,,,,,llama-3.1-8b-instruct,2,keep,yes,yes,yes,yes,yes,no,impulsivity (general),cognitive function,negative,"The sentence clearly supports the extracted claim, mentioning a correlation between GABA+ levels and impulsivity (general) as measured by BIS-11 scores, and a correlation between GABA+ levels and cognitive function as measured by MoCA scores.",,Llama 3.1 8B
211,25456522,Obsessive-compulsivity and working memory are associated with differential prefrontal cortex and insula activation in adolescents with a recent diagnosis of an eating disorder.,2014,Psychiatry research,BIS-11 fMRI impulsivity,unknown,unknown,impulsivity (general),eating disorder,associated_with,higher,,indirect,0.8,"We found that EDNOS subjects had significantly higher scores on the BIS 11, EDE-Q and OCI-R scales.",yes,,yes,yes,yes,,,,,,,,,,llama-3.1-8b-instruct,2,keep,yes,yes,yes,yes,yes,no,impulsivity (general),unknown,higher,"The sentence directly supports the claim by stating that EDNOS subjects had higher scores on the BIS 11, EDE-Q and OCI-R scales, which are related to impulsivity and obsessive-compulsive behavior.",,Llama 3.1 8B
212,27329520,Larger corpus callosum and reduced orbitofrontal cortex homotopic connectivity in codeine cough syrup-dependent male adolescents and young adults.,2017,European radiology,BIS-11 fMRI impulsivity,unknown,functional connectivity,impulsivity (general),substance addiction,associated_with,unclear,,indirect,0.8,"Moreover, impairment of VMHC was associated with the impulsive behaviour and correlated with the duration of CCS abuse in CCS-dependent male adolescents and young adults.",yes,,yes,yes,yes,,,,,,,,,,llama-3.1-8b-instruct,2,keep,yes,yes,yes,yes,yes,no,impulsivity (general),functional connectivity,associated_with,"The sentence clearly supports the extracted claim, mentioning a specific association between VMHC impairment and impulsive behavior, which is a type of impulsivity. The duration of CCS abuse is also mentioned, which is related to the diagnostic context of substance addiction.",,Llama 3.1 8B
213,41612591,Hippocampal subfield differences in people with and without recreational ketamine use: Insights from multi-modal neuroimaging.,2026,"Addiction (Abingdon, England)",BIS-11 fMRI impulsivity,unknown,unknown,impulsivity (general),unknown,unknown,unclear,,background,0.0,"Heavier ketamine use was associated with greater psychological distress [Global Severity Index (GSI) r = 0.343, P = 0.011], particularly anxiety (r = 0.457, P < 0.001) and hostility (r = 0.442, P < 0.001).",yes,,yes,yes,yes,,,,,,,,,,llama-3.1-8b-instruct,2,keep,yes,yes,yes,yes,yes,no,impulsivity (general),psychological symptoms,positive,"The sentence clearly supports the association between heavier ketamine use and greater psychological distress, particularly anxiety and hostility. The phenotype 'impulsivity (general)' is related to 'psychological symptoms' and the direction is positive.",,Llama 3.1 8B
214,26578922,Decreased modulation by the risk level on the brain activation during decision making in adolescents with internet gaming disorder.,2015,Frontiers in behavioral neuroscience,BIS-11 fMRI impulsivity,unknown,functional connectivity,impulsivity (general),internet gaming disorder,correlates_with,lower,,direct,0.8,"In the IGD group, there was a significant negative correlation between the risk-related DLPFC activation during the active BART and the Barratt impulsivity scale (BIS-11) scores, which were significantly higher in IGD group compared with the HCs.",yes,,yes,yes,yes,,,,,,,,,,llama-3.1-8b-instruct,2,keep,yes,yes,yes,yes,yes,no,impulsivity (general),functional connectivity,lower,"The sentence clearly supports the extracted claim by stating a correlation between brain activation and impulsivity scores in the IGD group, which is consistent with the claim's relationship and direction. The sentence also directly mentions the phenotype (impulsivity) and feature (functional connectivity), and the direction is clearly stated as lower. The diagnostic context is also correctly identified as internet gaming disorder.",,Llama 3.1 8B
215,15637640,Reduced anterior corpus callosum white matter integrity is related to increased impulsivity and reduced discriminability in cocaine-dependent subjects: diffusion tensor imaging.,2005,Neuropsychopharmacology : official publication of the American College of Neuropsychopharmacology,BIS-11 fMRI impulsivity,unknown,structural connectivity,impulsivity (general),cocaine-dependent subjects,associated_with,higher,white matter integrity in the corpus callosum,direct,0.9,"Within cocaine dependent subjects there was a significant negative correlation between FA in the anterior corpus callosum and behavioral laboratory measured impulsivity, and there was a positive correlation between FA and discriminability.",yes,,yes,yes,yes,,,,,,,,,,llama-3.1-8b-instruct,2,keep,yes,yes,yes,yes,yes,no,impulsivity (general),structural connectivity,higher,"The sentence clearly supports the extracted claim, mentioning a direct association between impulsivity and reduced FA in the anterior corpus callosum, which is related to higher impulsivity.",,Llama 3.1 8B
216,35754100,Electrophysiological resting-state hyperconnectivity and poorer behavioural regulation as predisposing profiles of adolescent binge drinking.,2022,Addiction biology,BIS-11 resting-state connectivity,unknown,functional connectivity,impulsivity (general),adolescent binge drinking,associated_with,higher,neurobiological development of inhibitory neurotransmission pathways and executive prefrontal circuits,indirect,0.8,"Furthermore, they showed higher impulsivity, dysexecutive behaviours and sensation seeking, positively correlated with functional connectivity (FC).",yes,,yes,yes,yes,,,,,,,,,,llama-3.1-8b-instruct,2,keep,yes,yes,yes,yes,yes,no,impulsivity (general),functional connectivity,higher,,,Llama 3.1 8B
218,24286968,Reduced ventral medial prefrontal cortex (vmPFC) volume and impaired vmPFC-default mode network integration in codeine-containing cough syrups users.,2014,Drug and alcohol dependence,BIS-11 resting-state connectivity,unknown,structural connectivity,impulsivity (general),codeine-containing cough syrups users,associated_with,higher,volume loss and aberrant functional organization,direct,0.9,Significantly decreased GM volume was observed in CCS users in bilateral ventral medial prefrontal cortex (vmPFC) which was related to greater impulsivity in CCS users.,yes,,yes,yes,yes,,,,,,,,,,llama-3.1-8b-instruct,2,keep,yes,yes,yes,yes,yes,no,impulsivity (general),structural connectivity,higher,"The sentence clearly supports the extracted claim, mentioning a direct association between reduced vmPFC volume and increased impulsivity in CCS users.",,Llama 3.1 8B
221,31473543,Resting-state fMRI dynamic functional network connectivity and associations with psychopathy traits.,2019,NeuroImage. Clinical,impulsivity resting-state fMRI functional connectivity,unknown,dynamic connectivity,impulsivity (general),psychopathy,associated_with,unclear,,indirect,0.8,Results also showed that individuals with higher Factor 2 scores (impulsive and antisocial behaviors) showed more dynamism (changes to and from different states) than those with lower scores.,yes,,yes,yes,no,,,,,,,,,,llama-3.1-8b-instruct,2,keep,yes,yes,yes,yes,yes,no,impulsivity (general),dynamic connectivity,increased,"The sentence clearly supports the extracted claim, mentioning a specific phenotype (impulsivity), a feature type (dynamic connectivity), and a relationship (associated with). The direction is also supported as the sentence implies that individuals with higher scores show more dynamism, which can be interpreted as an increase in dynamic connectivity.",,Llama 3.1 8B
222,31868249,Characterizing impulsivity and resting-state functional connectivity in normal-weight binge eaters.,2020,The International journal of eating disorders,impulsivity resting-state fMRI functional connectivity,unknown,functional connectivity,impulsivity (general),binge eating,associated_with,higher,,direct,0.8,The BE group was characterized by a higher degree of trait impulsivity.,yes,,yes,yes,yes,,,,,,,,,,llama-3.1-8b-instruct,2,keep,yes,no,no,yes,no,no,impulsivity (general),trait,higher,"The sentence supports the phenotype but not the feature type, relationship, or directness. The feature type should be corrected to 'trait'.",,Llama 3.1 8B
224,39129375,Triple network resting-state functional connectivity patterns of alcohol heavy drinking.,2024,"Alcohol and alcoholism (Oxford, Oxfordshire)",impulsivity resting-state fMRI functional connectivity,unknown,unknown,impulsivity (general),alcohol use disorder (AUD),associated_with,unclear,,indirect,0.5,"Connectivity in the left LPFC was correlated with monetary delay discounting (r = .25, p = .03).",yes,,yes,yes,yes,,,,,,,,,,llama-3.1-8b-instruct,2,keep,yes,yes,yes,yes,yes,no,impulsivity (general),behavioral,positive,"The sentence clearly supports the claim by stating a correlation between connectivity in the left LPFC and monetary delay discounting, which is a behavioral feature of impulsivity. The direction of the correlation is positive, indicating that higher connectivity is associated with higher impulsivity. The directness of the relationship is also supported, as the sentence names both the phenotype (impulsivity) and the feature (monetary delay discounting).",,Llama 3.1 8B
227,28402539,Associating resting-state connectivity with trait impulsivity.,2017,Social cognitive and affective neuroscience,impulsivity resting-state fMRI functional connectivity,unknown,functional connectivity,impulsivity (general),unknown,correlates_with,unclear,,indirect,0.5,"Results demonstrate a novel correlation between BAS-fun seeking and resting-state connectivity between middle OFC and putamen, implying that spontaneous synchrony between reward-processing regions may play a role in defining personality characteristics related to impulsivity.",yes,,yes,yes,yes,,,,,,,,,,llama-3.1-8b-instruct,2,keep,yes,yes,yes,yes,yes,no,impulsivity (general),functional connectivity,positive,"The sentence clearly supports the claim by stating a correlation between BAS-fun seeking and resting-state connectivity, implying a positive relationship between impulsivity and functional connectivity.",,Llama 3.1 8B
228,37270396,Sleep mediates the effect of stressful environments on youth development of impulsivity: The moderating role of within default mode network resting-state functional connectivity.,2023,Sleep health,impulsivity resting-state fMRI functional connectivity,default mode network,functional connectivity,impulsivity (general),unknown,correlates_with,unclear,,indirect,0.8,Youth with elevated within-DMN resting-state functional connectivity showed intensified associations between stressful environments and impulsivity via shorter sleep duration.,yes,,yes,yes,yes,,,,,,,,,,llama-3.1-8b-instruct,2,keep,yes,yes,yes,yes,yes,no,impulsivity (general),functional connectivity,positive,"The sentence clearly supports the claim by stating a positive association between within-DMN resting-state functional connectivity and impulsivity, mediated by sleep duration in stressful environments. The phenotype, feature type, relationship, and direction are all clearly stated and supported by the sentence.",,Llama 3.1 8B
230,34393836,The Association Between Resting State Functional Connectivity and the Trait of Impulsivity and Suicidal Ideation in Young Depressed Patients With Suicide Attempts.,2021,Frontiers in psychiatry,impulsivity resting-state fMRI functional connectivity,unknown,functional connectivity,impulsivity (general),depressed patients,associated_with,lower,,indirect,0.8,The ATT group showed decreased RSFC of the left middle frontal gyrus with the left superior parietal gyrus compared to the NAT and HC groups.,yes,,yes,yes,yes,,,,,,,,,,llama-3.1-8b-instruct,2,keep,yes,yes,yes,yes,yes,no,impulsivity (general),functional connectivity,lower,The sentence clearly supports the extracted claim by stating a specific association between a brain region's functional connectivity and impulsivity in depressed patients.,,Llama 3.1 8B
234,37526227,Gender-specific resting-state rDMPFC-centric functional connectivity underpinnings of intertemporal choice.,2023,"Cerebral cortex (New York, N.Y. : 1991)",impulsivity resting-state fMRI functional connectivity,unknown,functional connectivity,impulsivity (general),unknown,correlates_with,unclear,,indirect,0.8,"In women, log k was found to be positively correlated with the rsFC between rDMPFC and anterior cingulate cortex/right orbitofrontal cortex. In contrast, in men, log k was negatively correlated with rsFC between rDMPFC and left orbitofrontal cortex/right precuneus.",yes,,yes,yes,no,,,,,,,,,,llama-3.1-8b-instruct,2,keep,yes,yes,yes,yes,yes,no,impulsivity (general),functional connectivity,positive,"The sentence clearly supports the claim by stating a correlation between impulsivity and functional connectivity in women and men, with a clear direction of the correlation.",,Llama 3.1 8B
236,35225192,Dissociation of basolateral and central amygdala effective connectivity predicts the stability of emotion-related impulsivity in adolescents and emerging adults with borderline personality symptoms: a resting-state fMRI study.,2023,Psychological medicine,impulsivity resting-state fMRI functional connectivity,unknown,dynamic connectivity,impulsivity (general),borderline personality disorder,predicts,unclear,effective connectivity,indirect,0.8,Higher EC of R CeN to other regions in controls was associated with stronger within-person decreases in emotion-related impulsivity.,yes,,yes,yes,no,,,,,,,,,,llama-3.1-8b-instruct,2,keep,yes,yes,yes,yes,yes,no,impulsivity (general),dynamic connectivity,decrease,"The sentence clearly supports the claim by stating a relationship between effective connectivity and impulsivity, with a specific direction (decrease) and feature type (dynamic connectivity). The phenotype (impulsivity) is also clearly supported. The relationship (predicts) is not directly stated, but 'associated with' implies a predictive relationship, which is a similar concept. The direction (unclear) is supported by the sentence, as it describes a decrease in impulsivity. The directness (indirect) is also supported, as the sentence describes a relationship between effective connectivity and impulsivity, rather than a direct effect. The brain system is not mentioned, but it is implied to be the amygdala, which is consistent with the extracted claim. The diagnostic context is also supported, as the sentence mentions borderline personality symptoms. The mechanism (effective connectivity) is supported, as it is explicitly stated in the sentence.",,Llama 3.1 8B
238,30391836,Reward and executive control network resting-state functional connectivity is associated with impulsivity during reward-based decision making for cocaine users.,2019,Drug and alcohol dependence,impulsivity resting-state fMRI functional connectivity,unknown,functional connectivity,impulsivity (general),cocaine users,associated_with,higher,inverse resting-state connectivity,direct,0.8,"Higher impulsivity on the Balloon Analogue Risk Task (BART) was associated with inverse resting-state connectivity between the left cognitive control and subgenual anterior cingulate extended reward networks for cocaine users,",yes,,yes,yes,yes,,,,,,,,,,llama-3.1-8b-instruct,2,keep,yes,yes,yes,yes,yes,no,impulsivity (general),functional connectivity,higher,,,Llama 3.1 8B
239,30683074,Hyperactivity/restlessness is associated with increased functional connectivity in adults with ADHD: a dimensional analysis of resting state fMRI.,2019,BMC psychiatry,impulsivity resting-state fMRI functional connectivity,unknown,functional connectivity,impulsivity (general),ADHD,associated_with,higher,,direct,0.8,"More severe hyperactivity was associated with increased functional connectivity in the left putamen, right caudate nucleus, right central operculum and a portion of the right postcentral gyrus within the auditory/sensorimotor network.",yes,,yes,yes,yes,,,,,,,,,,llama-3.1-8b-instruct,2,keep,yes,yes,yes,yes,yes,no,hyperactivity,functional connectivity,higher,,,Llama 3.1 8B
241,29355588,Resting-state functional connectivity of neurotransmitter producing sites in female patients with borderline personality disorder.,2018,Progress in neuro-psychopharmacology & biological psychiatry,impulsivity resting-state fMRI functional connectivity,unknown,functional connectivity,impulsivity (general),borderline personality disorder,associated_with,higher,noradrenergic dysfunction in the neural inhibitory control network,direct,0.8,Functional connectivity between the LC and ACC was positively associated with the degree of motor impulsivity in the total group.,yes,,yes,yes,yes,,,,,,,,,,llama-3.1-8b-instruct,2,keep,yes,yes,yes,yes,yes,no,impulsivity (general),functional connectivity,higher,,,Llama 3.1 8B
242,36799331,Alcohol-induced changes in mesostriatal resting-state functional connectivity are linked to sensation seeking in young adults.,2023,"Alcohol, clinical & experimental research",impulsivity resting-state fMRI functional connectivity,unknown,functional connectivity,unknown,young adults,correlates_with,unclear,alcohol-induced alterations in the functional synchrony between mesostriatal regions,indirect,0.8,"However, young adults exhibiting smaller alcohol-induced decreases or increases in VTA-left caudate connectivity reported greater sensation seeking.",yes,,yes,yes,yes,,,,,,,,,,llama-3.1-8b-instruct,2,keep,yes,yes,yes,yes,yes,no,sensation seeking,functional connectivity,decreases or increases,"The sentence clearly supports the claim, and the phenotype, feature, relationship, and direction/directness are all stated correctly.",,Llama 3.1 8B
246,29040723,Resting-state functional connectivity in combat veterans suffering from impulsive aggression.,2017,Social cognitive and affective neuroscience,impulsivity resting-state fMRI functional connectivity,unknown,functional connectivity,impulsivity (general),combat veterans,associated_with,lower,weakened functional connectivity between the amygdala and prefrontal regions,direct,0.8,"This finding indicates that combat-related impulsive aggression may be marked by weakened functional connectivity between the amygdala and prefrontal regions, already in the absence of explicit emotional stimuli.",yes,,yes,yes,yes,,,,,,,,,,llama-3.1-8b-instruct,2,keep,yes,yes,yes,yes,yes,no,impulsivity (general),functional connectivity,lower,,,Llama 3.1 8B
248,30829454,Resting-state fMRI effective connectivity between the bed nucleus of the stria terminalis and amygdala nuclei.,2019,Human brain mapping,impulsivity resting-state fMRI functional connectivity,unknown,dynamic connectivity,unknown,unknown,correlates_with,unclear,,background,0.5,"Our results reveal a time-stable asymmetric EC structure with positive EC between all amygdala nuclei, which strongly inhibited the BNST while the BNST exerted positive influence onto all amygdala nuclei.",yes,,yes,yes,yes,,,,,,,,,,llama-3.1-8b-instruct,2,keep,yes,yes,yes,yes,yes,no,unknown,dynamic connectivity,positive,"The sentence clearly supports the claim by stating a specific relationship between the amygdala nuclei and the BNST, with a clear direction of positive influence.",,Llama 3.1 8B
249,29723554,Decreased resting-state BOLD regional homogeneity and the intrinsic functional connectivity within dorsal striatum is associated with greater impulsivity in food-related decision-making and BMI change at 6-month follow up.,2018,Appetite,impulsivity resting-state fMRI functional connectivity,unknown,functional connectivity,impulsivity (general),food-related decision-making,associated_with,lower,unknown,direct,0.8,"Results on rs-fMRI showed that greater impulsivity in food-related decision-making was inversely correlated with spontaneous regional homogeneity in the dorsal striatum (dorsal caudate), as well as the resting-state functional connectivity (rs-FC) between the dorsal caudate seed and the rostral putamen.",yes,,yes,yes,yes,,,,,,,,,,llama-3.1-8b-instruct,2,keep,yes,yes,yes,yes,yes,no,impulsivity (general),functional connectivity,lower,"The sentence clearly supports the extracted claim, mentioning a direct association between impulsivity and functional connectivity in the dorsal striatum.",,Llama 3.1 8B
250,33625381,Differences in resting-state functional connectivity according to the level of impulsiveness in patients with internet gaming disorder.,2021,Journal of behavioral addictions,impulsivity resting-state fMRI functional connectivity,unknown,functional connectivity,impulsivity (general),internet gaming disorder,associated_with,unclear,reward-related social cognition processes,indirect,0.8,"Connectivity of the vmPFC with the left temporo-parietal junction (TPJ) and NAcc-left insula connectivity were significantly decreased in the patients with high impulsivity, compared with the patients with low impulsivity and healthy controls.",yes,,yes,yes,yes,,,,,,,,,,llama-3.1-8b-instruct,2,keep,yes,yes,yes,yes,yes,no,impulsivity (general),functional connectivity,decreased,The sentence clearly supports the claim by stating a specific association between impulsivity and functional connectivity in a particular brain region.,,Llama 3.1 8B
251,35193713,Enhanced resting-state EEG source functional connectivity within the default mode and reward-salience networks in internet gaming disorder.,2022,Psychological medicine,impulsivity resting-state fMRI functional connectivity,default mode network,EEG connectivity,unknown,internet gaming disorder,associated_with,higher,hyper-connectivities,direct,0.8,"Patients with IGD showed increased theta, alpha, and beta connectivity within the DMN between the orbitofrontal cortex and parietal regions compared with HCs.",yes,,yes,yes,yes,,,,,,,,,,llama-3.1-8b-instruct,2,keep,yes,yes,yes,yes,yes,no,internet gaming disorder,EEG connectivity,higher,"The sentence clearly supports the claim by stating a specific phenotype (IGD), feature type (EEG connectivity), relationship (associated with), direction (higher), and directness (direct). The brain system (default mode network) and diagnostic context (IGD) also match the claim.",,Llama 3.1 8B
253,31611841,Altered Resting-State Functional Connectivity in Wernicke's Encephalopathy With Vestibular Impairment.,2019,Frontiers in neurology,impulsivity resting-state fMRI functional connectivity,unknown,functional connectivity,unknown,Wernicke's encephalopathy,associated_with,unclear,,indirect,0.8,"Functional connections at the predefined seed regions, including the insular cortex and parietal operculum, were attenuated in the WE group compared to healthy controls.",yes,,yes,yes,yes,,,,,,,,,,llama-3.1-8b-instruct,2,keep,yes,yes,yes,yes,yes,no,Wernicke's encephalopathy,functional connectivity,decreased,"The sentence clearly supports the claim by stating a specific phenotype (Wernicke's encephalopathy), a feature type (functional connectivity), a relationship (associated with), a direction (decreased), and directness (indirect).",,Llama 3.1 8B
255,27394716,Double-dissociation between the mechanism leading to impulsivity and inattention in Attention Deficit Hyperactivity Disorder: A resting-state functional connectivity study.,2017,Cortex; a journal devoted to the study of the nervous system and behavior,impulsivity resting-state fMRI functional connectivity,unknown,unknown,impulsivity (general),ADHD,associated_with,higher,functional connectivity,direct,0.9,"The hyperactive-impulsive subtype was associated with increased connectivity in cortico-striatal network, whereas the inattentive subtype was associated with increased connectivity in the right ventral attention network.",yes,,yes,yes,no,,,,,,,,,,llama-3.1-8b-instruct,2,keep,yes,yes,yes,yes,yes,no,impulsivity (general),network connectivity,higher,,,Llama 3.1 8B
258,34728230,Resting-state functional connectivity within orbitofrontal cortex and inferior frontal gyrus modulates the relationship between reflection level and risk-taking behavior in internet gaming disorder.,2022,Brain research bulletin,impulsivity resting-state fMRI functional connectivity,unknown,functional connectivity,impulsivity (general),internet gaming disorder,modulates,unclear,altered rsFC between OFC and IFG,direct,0.8,"Moreover, IGD participants' risk-taking behavior was positively correlated with their reflection level.",yes,,yes,yes,yes,,,,,,,,,,llama-3.1-8b-instruct,2,keep,yes,yes,yes,yes,yes,no,impulsivity (general),functional connectivity,positive,"The sentence clearly supports the extracted claim, mentioning a direct relationship between reflection level and risk-taking behavior in IGD participants, which is a specific aspect of impulsivity.",,Llama 3.1 8B
259,41257054,Ventral Attention Network Resting State Functional Connectivity: Psychosocial Correlates among US Adolescents.,2025,Journal of biomedical and life sciences,impulsivity resting-state fMRI functional connectivity,unknown,functional connectivity,impulsivity (general),unknown,correlates_with,unclear,unknown,background,0.5,"Greater VAN connectivity was negatively associated with impulsive reward-driven trait (drive), prodromal symptoms, BMI, and marijuana and alcohol use.",yes,,yes,yes,yes,,,,,,,,,,llama-3.1-8b-instruct,2,keep,yes,yes,yes,yes,yes,no,impulsivity (general),functional connectivity,negatively associated,"The sentence clearly supports the extracted claim, mentioning a specific phenotype (impulsivity), feature type (functional connectivity), relationship (correlates with), and direction (negatively associated).",,Llama 3.1 8B
260,36963562,Youth Screen Media Activity Patterns and Associations With Behavioral Developmental Measures and Resting-state Brain Functional Connectivity.,2023,Journal of the American Academy of Child and Adolescent Psychiatry,impulsivity resting-state fMRI functional connectivity,unknown,unknown,impulsivity (general),unknown,associated_with,higher,,indirect,0.8,"The video-centric higher-frequency SMA pattern group demonstrated higher impulsivity, more sensitivity to punishment/reward, and altered resting-state brain functional connectivity among brain areas implicated previously in cognitive processes.",yes,,yes,yes,yes,,,,,,,,,,llama-3.1-8b-instruct,2,keep,yes,yes,yes,yes,yes,no,impulsivity (general),sensitivity to punishment/reward,higher,"The sentence clearly supports the extracted claim, mentioning a specific group (video-centric higher-frequency SMA pattern group) with higher impulsivity and sensitivity to punishment/reward, which are associated with altered resting-state brain functional connectivity.",,Llama 3.1 8B
261,24818075,Altered resting-state functional connectivity in patients with chronic bilateral vestibular failure.,2014,NeuroImage. Clinical,impulsivity resting-state fMRI functional connectivity,unknown,functional connectivity,unknown,vestibular impairment,correlates_with,lower,,direct,0.8,"Excitingly, functional connectivity in the supramarginal gyrus (SMG) of the inferior parietal lobe and posterior cerebellum correlated with the increase of VOR gain during active as compared to passive HIT, i.e., the larger the adaptive VOR changes the larger was the increase in regional functional connectivity.",yes,,yes,yes,yes,,,,,,,,,,llama-3.1-8b-instruct,2,keep,yes,yes,yes,yes,yes,no,,,,"The sentence clearly supports the claim by stating a direct relationship between functional connectivity in the supramarginal gyrus and posterior cerebellum and the increase of VOR gain during active as compared to passive HIT, with a clear direction of correlation.",,Llama 3.1 8B
262,38889552,"Disrupted dynamic brain functional connectivity in male cocaine use disorder: Hyperconnectivity, strongly-connected state tendency, and links to impulsivity and borderline traits.",2024,Journal of psychiatric research,impulsivity resting-state fMRI functional connectivity,default mode network,dynamic connectivity,impulsivity (general),cocaine use disorder,correlates_with,higher,disrupted dynamic brain functional connectivity,direct,0.8,"Our analysis revealed abnormal FC patterns that are state-dependent and state-shared in CUD patients. This study observed hyperconnectivity within the default mode network (DMN) and between DMN and other networks, which varied depending on the state. Furthermore, after adjustment for multiple comparisons, we found significant correlations between these altered dynamic FCs and clinical measures of impulsivity and borderline personality disorder.",yes,,yes,yes,yes,,,,,,,,,,llama-3.1-8b-instruct,2,keep,yes,yes,yes,yes,yes,no,,,,"The sentence clearly supports the extracted claim, mentioning a direct relationship between disrupted dynamic brain functional connectivity and impulsivity in CUD patients.",,Llama 3.1 8B
263,37131072,The functional connectome in obsessive-compulsive disorder: resting-state mega-analysis and machine learning classification for the ENIGMA-OCD consortium.,2023,Molecular psychiatry,impulsivity resting-state fMRI functional connectivity,unknown,functional connectivity,unknown,obsessive-compulsive disorder,associated_with,lower,,indirect,0.5,"The mega-analyses revealed widespread abnormalities in functional connectivity in OCD, with global hypo-connectivity (Cohen's d: -0.27 to -0.13) and few hyper-connections, mainly with the thalamus (Cohen's d: 0.19 to 0.22).",yes,,yes,yes,yes,,,,,,,,,,llama-3.1-8b-instruct,2,keep,yes,yes,yes,yes,yes,no,obsessive-compulsive disorder,functional connectivity,lower,"The sentence clearly supports the claim, mentioning a specific phenotype (obsessive-compulsive disorder), feature type (functional connectivity), relationship (associated with), direction (lower), and directness (indirect).",,Llama 3.1 8B
265,26311395,Abnormal prefrontal cortex resting state functional connectivity and severity of internet gaming disorder.,2016,Brain imaging and behavior,impulsivity resting-state fMRI functional connectivity,unknown,functional connectivity,impulsivity (general),internet gaming disorder,associated_with,lower,abnormal functional connectivity,direct,0.8,"IGD subjects showed significant decreased functional connectivity between several cortical regions and our seeds, including the insula, and temporal and occipital cortices.",yes,,yes,yes,no,,,,,,,,,,llama-3.1-8b-instruct,2,keep,yes,yes,yes,yes,yes,no,impulsivity (general),functional connectivity,lower,"The sentence directly states a relationship between impulsivity (general) and functional connectivity, with a specific direction (lower) and directness.",,Llama 3.1 8B
267,34272398,Abnormal interhemispheric resting state functional connectivity in Parkinson's disease patients with impulse control disorders.,2021,NPJ Parkinson's disease,impulsivity resting-state fMRI functional connectivity,unknown,functional connectivity,impulsivity (general),Parkinson's disease,associated_with,lower,asymmetry of functional connectivity in mesolimbic reward and response inhibition network,direct,0.8,The severity of impulsivity was negatively correlated with the mean VMHC values of MFG in PD-ICD group.,yes,,yes,yes,yes,,,,,,,,,,llama-3.1-8b-instruct,2,keep,yes,yes,yes,yes,yes,no,impulsivity (general),functional connectivity,lower,"The sentence clearly supports the extracted claim, mentioning a direct association between impulsivity and functional connectivity in a specific brain region.",,Llama 3.1 8B
274,39446154,Functional connectivity density of brain in children with primary nocturnal enuresis: results from a resting-state fMRI study.,2025,European child & adolescent psychiatry,impulsivity resting-state fMRI functional connectivity,unknown,functional connectivity,impulsivity (general),primary nocturnal enuresis,correlates_with,lower,,indirect,0.8,The FCD values in these regions were negatively correlated with the scores of hyperactivity/impulsivity in the children with PNE.,yes,,yes,yes,yes,,,,,,,,,,llama-3.1-8b-instruct,2,keep,yes,yes,yes,yes,yes,no,,,,,,Llama 3.1 8B
276,32912593,Resting-state functional connectivity in drug-naive pediatric patients with Tourette syndrome and obsessive-compulsive disorder.,2020,Journal of psychiatric research,impulsivity resting-state fMRI functional connectivity,unknown,unknown,impulsivity (general),Tourette syndrome and obsessive-compulsive disorder,associated_with,unclear,,background,0.8,"Compared to controls, TS and TS + OCD patients showed higher FC in the BGN, SMN, CBN and DMN and lower FC in the FPN and SAN.",yes,,yes,yes,yes,,,,,,,,,,llama-3.1-8b-instruct,2,keep,yes,yes,yes,yes,yes,no,impulsivity (general),functional connectivity,increased,"The sentence clearly supports the claim by stating a group difference in functional connectivity between patients and controls, which is associated with the phenotype of impulsivity (general).",,Llama 3.1 8B
278,24834038,Brain functional connectivity changes in children that differ in impulsivity temperamental trait.,2014,Frontiers in behavioral neuroscience,impulsivity resting-state fMRI functional connectivity,default mode network,functional connectivity,impulsivity (general),typically developing children,correlates_with,lower,,direct,0.8,We found two DMN clusters located at the posterior cingulate cortex and the right angular gyrus which were negatively correlated with impulsivity scores.,yes,,yes,yes,yes,,,,,,,,,,llama-3.1-8b-instruct,2,keep,yes,yes,yes,yes,yes,no,impulsivity (general),functional connectivity,lower,"The sentence clearly supports the extracted claim, mentioning a direct association between impulsivity and functional connectivity in the default mode network.",,Llama 3.1 8B
279,31898088,Sex-specific effects of cigarette smoking on caudate and amygdala volume and resting-state functional connectivity.,2021,Brain imaging and behavior,impulsivity resting-state fMRI functional connectivity,unknown,functional connectivity,impulsivity (general),unknown,associated_with,unclear,,indirect,0.8,"Furthermore, the right amygdala volume was negatively correlated with the impulsivity score in female but not male smokers.",yes,,yes,yes,yes,,,,,,,,,,llama-3.1-8b-instruct,2,keep,yes,yes,yes,yes,yes,no,impulsivity (general),functional connectivity,negative,The sentence clearly supports the extracted claim by stating a negative correlation between right amygdala volume and impulsivity score in female smokers.,,Llama 3.1 8B
280,26769234,"Frontostriatal circuits, resting state functional connectivity and cognitive control in internet gaming disorder.",2017,Addiction biology,impulsivity resting-state fMRI functional connectivity,unknown,functional connectivity,impulsivity (general),internet gaming disorder,correlates_with,higher,frontostriatal circuits RSFC strength,indirect,0.8,The caudate volume and DLPFC-caudate RSFC was correlated with the impaired cognitive control (more incongruent errors in Stroop task) in IGD.,yes,,yes,yes,yes,,,,,,,,,,llama-3.1-8b-instruct,2,keep,yes,yes,yes,yes,yes,no,impulsivity (general),functional connectivity,higher,"The sentence clearly supports the extracted claim, mentioning a correlation between caudate volume and DLPFC-caudate RSFC with impaired cognitive control in IGD, which is a manifestation of impulsivity. The direction of the correlation is also clearly higher, as indicated by the use of 'more' in the context of incongruent errors in the Stroop task.",,Llama 3.1 8B
281,26863028,Altered Functional Connectivity of the Insula and Nucleus Accumbens in Internet Gaming Disorder: A Resting State fMRI Study.,2016,European addiction research,impulsivity resting-state fMRI functional connectivity,unknown,functional connectivity,impulsivity (general),Internet gaming disorder,associated_with,higher,altered functional connectivity,direct,0.8,The inter-hemispheric insula connectivity positively correlated with impulsivity.,yes,,yes,yes,yes,,,,,,,,,,llama-3.1-8b-instruct,2,keep,yes,yes,yes,yes,yes,no,impulsivity (general),functional connectivity,higher,"The sentence directly states a relationship between impulsivity and inter-hemispheric insula connectivity, which is a type of functional connectivity. The direction of the relationship is also clearly stated as positive correlation, which is equivalent to higher functional connectivity.",,Llama 3.1 8B
283,26767373,Serotonergic modulation of resting state default mode network connectivity in healthy women.,2016,Amino acids,impulsivity resting-state fMRI functional connectivity,default mode network,functional connectivity,impulsivity (general),unknown,associated_with,lower,serotonin depletion,direct,0.8,Right medial frontal gyrus and left superior frontal gyrus connectivity differences with the DMN were inversely correlated with trait impulsivity.,yes,,yes,yes,yes,,,,,,,,,,llama-3.1-8b-instruct,2,keep,yes,yes,yes,yes,yes,no,impulsivity (general),functional connectivity,lower,"The sentence clearly supports the extracted claim by stating a direct association between impulsivity and DMN connectivity differences, which is inversely correlated with trait impulsivity, indicating lower connectivity.",,Llama 3.1 8B
285,29926324,12-h abstinence-induced functional connectivity density changes and craving in young smokers: a resting-state study.,2019,Brain imaging and behavior,impulsivity resting-state fMRI functional connectivity,unknown,functional connectivity,unknown,smoking addiction,correlates_with,higher,abstinence-induced changes in functional connectivity density,direct,0.8,"We found young adult smokers in abstinence state (vs satiety) had higher local functional connectivity density (lFCD) and global functional connectivity density (gFCD) in brain regions including striatal subregions (i.e., bilateral caudate and putamen), frontal regions (i.e., anterior cingulate cortex (ACC) and orbital frontal cortex (OFC)) and bilateral insula.",yes,,yes,yes,yes,,,,,,,,,,llama-3.1-8b-instruct,2,keep,yes,yes,yes,yes,yes,no,,,,,,Llama 3.1 8B
286,33434637,Large-scale network dysfunction in youths with Internet gaming disorder: a meta-analysis of resting-state functional connectivity studies.,2021,Progress in neuro-psychopharmacology & biological psychiatry,impulsivity resting-state fMRI functional connectivity,unknown,functional connectivity,unknown,Internet gaming disorder,associated_with,unclear,unknown,unclear,0.8,"Individuals with IGD exhibited significant hypoconnectivity within the default mode network, and enhanced connectivity between the default mode network and insula within the ventral attention network.",yes,,yes,yes,no,,,,,,,,,,llama-3.1-8b-instruct,2,keep,yes,yes,yes,yes,yes,no,IGD,functional connectivity,hypoconnectivity,"The sentence clearly supports the claim by stating a specific phenotype (IGD), feature type (functional connectivity), relationship (associated with), direction (hypoconnectivity), and directness (direct).",,Llama 3.1 8B
287,25727574,Abnormal gray matter volume and resting-state functional connectivity in former heroin-dependent individuals abstinent for multiple years.,2016,Addiction biology,impulsivity resting-state fMRI functional connectivity,default mode network,functional connectivity,impulsivity (general),former heroin-dependent individuals,associated_with,unclear,,indirect,0.8,"Moreover, the altered functional connectivity was correlated with self-reported impulsivity scores in the FHD subjects.",yes,,yes,yes,yes,,,,,,,,,,llama-3.1-8b-instruct,2,keep,yes,yes,yes,yes,yes,no,impulsivity (general),functional connectivity,positively associated,The sentence clearly supports the extracted claim by stating a correlation between altered functional connectivity and self-reported impulsivity scores in former heroin-dependent individuals.,,Llama 3.1 8B
288,25506057,Different resting-state functional connectivity alterations in smokers and nonsmokers with Internet gaming addiction.,2014,BioMed research international,impulsivity resting-state fMRI functional connectivity,unknown,functional connectivity,impulsivity (general),Internet gaming addiction,associated_with,lower,,direct,0.8,"Compared with the nonsmokers with IGA, the smokers with IGA exhibited decreased rsFC with PCC in the right rectus gyrus.",yes,,yes,yes,yes,,,,,,,,,,llama-3.1-8b-instruct,2,keep,yes,yes,yes,yes,yes,no,impulsivity (general),functional connectivity,lower,"The sentence directly states a relationship between a phenotype (impulsivity) and a feature (functional connectivity with PCC in the right rectus gyrus) in a specific diagnostic context (Internet gaming addiction), with a clear direction (lower).",,Llama 3.1 8B
289,23968837,Resting-state striato-frontal functional connectivity is sensitive to DAT1 genotype and predicts executive function.,2015,"Cerebral cortex (New York, N.Y. : 1991)",impulsivity resting-state fMRI functional connectivity,unknown,functional connectivity,impulsivity (general),healthy individuals,predicts,lower,mediation analysis,direct,0.9,"Across subjects, stronger ventral striatum-seeded connectivity predicted reduced impulsivity in everyday life.",yes,,yes,yes,no,,,,,,,,,,llama-3.1-8b-instruct,2,keep,yes,yes,yes,yes,yes,no,impulsivity (general),functional connectivity,lower,"The sentence clearly supports the extracted claim, mentioning a direct relationship between stronger ventral striatum-seeded connectivity and reduced impulsivity in everyday life.",,Llama 3.1 8B
292,40230597,"Resting-State Sensory-Motor Connectivity between Hand and Mouth as a Neural Marker of Socioeconomic Disadvantage, Psychosocial Stress, Cognitive Difficulties, Impulsivity, Depression, and Substance Use in Children.",2025,Journal of cellular neuroscience,impulsivity resting-state fMRI functional connectivity,unknown,functional connectivity,impulsivity (general),unknown,associated_with,higher,,indirect,0.8,"Higher rsFC between the sensory-motor mouth and hand regions was linked to greater impulsivity, lower cognitive function, an increased likelihood of MDD, and future marijuana use.",yes,,yes,yes,yes,,,,,,,,,,llama-3.1-8b-instruct,2,keep,yes,yes,yes,yes,yes,no,impulsivity (general),functional connectivity,higher,"The sentence clearly supports the extracted claim, mentioning a direct association between higher rsFC and greater impulsivity.",,Llama 3.1 8B
293,39054810,Food insecurity and adolescent impulsivity: The mediating role of functional connectivity in the context of family flexibility.,2024,Developmental science,impulsivity resting-state fMRI functional connectivity,salience/ventral attention network,functional connectivity,impulsivity (general),unknown,associated_with,higher,,direct,0.8,High left anterior insula and left middle frontal gyrus connectivity was associated with increased impulsivity 1 year later.,yes,,yes,yes,yes,,,,,,,,,,llama-3.1-8b-instruct,2,keep,yes,yes,yes,yes,yes,no,impulsivity (general),functional connectivity,higher,"The sentence clearly supports the extracted claim, mentioning a direct association between increased functional connectivity in specific brain regions and higher impulsivity.",,Llama 3.1 8B
294,31553999,Amygdala Resting State Connectivity Differences between Bipolar II and Borderline Personality Disorders.,2019,Neuropsychobiology,impulsivity resting-state fMRI functional connectivity,unknown,functional connectivity,impulsivity (general),Bipolar II and Borderline Personality Disorders,associated_with,higher,,direct,0.8,"Relative to the BD II group, BPD participants reported significantly higher levels of impulsivity, trait anxiety, more frequent negative affective shifts, greater interpersonally reactive affective instability, lower overall functioning, and were characterized by lower amygdala-middle frontal gyrus RSFC.",yes,,yes,yes,yes,,,,,,,,,,llama-3.1-8b-instruct,2,keep,yes,yes,yes,yes,yes,no,impulsivity (general),functional connectivity,higher,The sentence clearly supports the extracted claim by stating that BPD participants reported higher levels of impulsivity and had lower amygdala-middle frontal gyrus RSFC compared to the BD II group.,,Llama 3.1 8B
295,38847535,The mediating role of trait impulsivity in the relation between cue-induced craving and functional connectivity within the salience network among abstinent patients with methamphetamine use disorder.,2024,"Cerebral cortex (New York, N.Y. : 1991)",impulsivity resting-state fMRI functional connectivity,salience network,functional connectivity,impulsivity (general),methamphetamine use disorder,correlates_with,higher,mediation,direct,0.9,Impulsivity was positively correlated with FC within the SN and played a completely mediating role between METH craving and FC within the SN in MUDs.,yes,,yes,yes,yes,,,,,,,,,,llama-3.1-8b-instruct,2,keep,yes,yes,yes,yes,yes,no,impulsivity (general),functional connectivity,higher,"The sentence clearly supports the extracted claim, mentioning a direct correlation between impulsivity and functional connectivity within the salience network, and a mediating role of impulsivity in the relation between cue-induced craving and functional connectivity within the salience network.",,Llama 3.1 8B
296,32815053,Dissociable fronto-striatal functional networks predict choice impulsivity.,2020,Brain structure & function,impulsivity resting-state fMRI functional connectivity,unknown,functional connectivity,impulsivity (general),unknown,predicts,higher,fronto-striatal-dependent neural mechanisms,direct,0.9,"Results revealed that both the functional coupling between the NAcc and the limbic/dorsolateral prefrontal cortex, and between the caudate and the dorsal prefrontal cortex, including the dorsomedial prefrontal cortex (DMPFC), successfully predicted the delay-discounting rate.",yes,,yes,yes,yes,,,,,,,,,,llama-3.1-8b-instruct,2,keep,yes,yes,yes,yes,yes,no,impulsivity (general),functional connectivity,higher,,,Llama 3.1 8B
300,37331972,Altered intrinsic functional network connectivity is associated with impulsivity and emotion dysregulation in drug-naïve young patients with borderline personality disorder.,2023,Borderline personality disorder and emotion dysregulation,impulsivity resting-state fMRI functional connectivity,unknown,functional connectivity,impulsivity (general),borderline personality disorder,associated_with,lower,impaired intra-network FC,direct,0.8,Intra-network FC of right angular gyrus in the anterior DMN was significantly negatively correlated with attention impulsivity in BPD.,yes,,yes,yes,yes,,,,,,,,,,llama-3.1-8b-instruct,2,keep,yes,yes,yes,yes,yes,no,impulsivity (general),functional connectivity,lower,,,Llama 3.1 8B
301,35134490,Abnormal Anatomical and Functional Connectivity of the Thalamo-sensorimotor Circuit in Chronic Low Back Pain: Resting-state Functional Magnetic Resonance Imaging and Diffusion Tensor Imaging Study.,2022,Neuroscience,impulsivity resting-state fMRI functional connectivity,unknown,functional connectivity,unknown,chronic low back pain,associated_with,unclear,unknown,background,0.8,Our findings highlight the involvement of the thalamo-sensorimotor circuit in the pathophysiology of cLBP.,yes,,yes,yes,yes,,,,,,,,,,llama-3.1-8b-instruct,2,keep,yes,yes,yes,yes,yes,no,chronic low back pain,pathophysiology,involved,"The sentence clearly supports the claim by stating a phenotype (chronic low back pain), a feature (pathophysiology), a relationship (associated with), a direction (involved), and directness (background) that matches the extracted claim.",,Llama 3.1 8B
303,31880365,Amisulpride and l-DOPA modulate subcortical brain nuclei connectivity in resting-state pharmacologic magnetic resonance imaging.,2020,Human brain mapping,impulsivity resting-state fMRI functional connectivity,unknown,functional connectivity,impulsivity (general),ADHD,correlates_with,higher,pharmacological,indirect,0.8,"In an exploratory analysis, we demonstrated that higher self-rated impulsivity goes together with a significant increase in VTA-mid-cingulate gyrus FC during l -DOPA-challenge.",yes,,yes,yes,yes,,,,,,,,,,llama-3.1-8b-instruct,2,keep,yes,yes,yes,yes,yes,no,impulsivity (general),functional connectivity,higher,,,Llama 3.1 8B
307,37575566,Preliminary evidence for changes in frontoparietal network connectivity in the early abstinence period in alcohol use disorder: a longitudinal resting-state functional magnetic resonance imaging study.,2023,Frontiers in psychiatry,impulsivity resting-state fMRI functional connectivity,frontoparietal/control network,functional connectivity,impulsivity (general),alcohol use disorder,associated_with,lower,,direct,0.5,"The AUD patients showed a decrease in within left FPN connectivity (Z = -2.029, p = 0.042).",yes,,yes,yes,no,,,,,,,,,,llama-3.1-8b-instruct,2,keep,yes,yes,yes,yes,yes,no,impulsivity (general),functional connectivity,lower,"The sentence directly states a decrease in within left frontoparietal network connectivity, which is a specific type of functional connectivity, and this change is associated with impulsivity in the context of alcohol use disorder.",,Llama 3.1 8B
308,41888807,Risk classification of internet gaming disorder based on neurobiological subtyping from impulsivity-linked resting-state functional connectivity: a longitudinal design study.,2026,BMC medicine,impulsivity resting-state fMRI functional connectivity,unknown,functional connectivity,impulsivity (general),internet gaming disorder,associated_with,unclear,,indirect,0.5,"Combining positively and negatively impulsivity-linked RSFC outperformed either alone in predicting current IGD severity (training r = 0.73, p < 0.0001; testing r = 0.27, p = 0.009; higher than two single-pattern models, p = 0.028 and p < 0.0001, respectively).",yes,,yes,yes,yes,,,,,,,,,,llama-3.1-8b-instruct,2,keep,yes,yes,yes,yes,yes,no,impulsivity (general),functional connectivity,positive,"The sentence clearly supports the association between impulsivity-linked functional connectivity and internet gaming disorder severity, with a positive direction indicated by the correlation coefficient (r) and p-values.",,Llama 3.1 8B
311,29636704,Altered Gray Matter Volume and Resting-State Connectivity in Individuals With Internet Gaming Disorder: A Voxel-Based Morphometry and Resting-State Functional Magnetic Resonance Imaging Study.,2018,Frontiers in psychiatry,impulsivity resting-state fMRI functional connectivity,unknown,functional connectivity,impulsivity (general),Internet gaming disorder,associated_with,unclear,,indirect,0.5,"The results show that IGD severity was positively correlated with GM volume in the left caudate (p < 0.05, corrected for multiple comparisons), and negatively associated with functional connectivity between the left caudate and the right middle frontal gyrus (p < 0.05, corrected for multiple comparisons).",yes,,yes,yes,yes,,,,,,,,,,llama-3.1-8b-instruct,2,keep,yes,yes,yes,yes,yes,no,impulsivity (general),functional connectivity,positive,"The sentence clearly supports the extracted claim, mentioning a specific phenotype (impulsivity), feature type (functional connectivity), relationship (associated with), and direction (positive). The directness is also supported as the sentence names both phenotype and feature. The brain system is supported as the caudate is mentioned.",,Llama 3.1 8B
313,28377176,Short- and long-range functional connectivity density alterations in adolescents with pure conduct disorder at resting-state.,2017,Neuroscience,impulsivity resting-state fMRI functional connectivity,default mode network,functional connectivity,impulsivity (general),conduct disorder,correlates_with,higher,,direct,0.8,"More importantly, increased short-range FCD values in the bilateral PCC, the bilateral PCUN, and increased long-range FCD values in the left MCC showed significant correlations with the impulsivity.",yes,,yes,yes,yes,,,,,,,,,,llama-3.1-8b-instruct,2,keep,yes,yes,yes,yes,yes,no,impulsivity (general),functional connectivity density,higher,The sentence clearly supports the extracted claim by stating a direct correlation between increased functional connectivity density values in specific brain regions and impulsivity in adolescents with conduct disorder.,,Llama 3.1 8B
316,25738502,Decreased prefrontal lobe interhemispheric functional connectivity in adolescents with internet gaming disorder: a primary study using resting-state FMRI.,2015,PloS one,impulsivity resting-state fMRI functional connectivity,unknown,functional connectivity,impulsivity (general),internet gaming disorder,associated_with,lower,altered interhemispheric rsFC in the bilateral prefrontal lobe,direct,0.8,"IGD participants showed decreased VMHC between the left and right superior frontal gyrus (orbital part), inferior frontal gyrus (orbital part), middle frontal gyrus and superior frontal gyrus.",yes,,yes,yes,yes,,,,,,,,,,llama-3.1-8b-instruct,2,keep,yes,yes,yes,yes,yes,no,impulsivity (general),functional connectivity,lower,,,Llama 3.1 8B
317,27252633,Reduced Functional Connectivity within the Mesocorticolimbic System in Substance Use Disorders: An fMRI Study of Puerto Rican Young Adults.,2016,Frontiers in behavioral neuroscience,impulsivity resting-state fMRI functional connectivity,mesocorticolimbic system,functional connectivity,impulsivity (general),substance use disorders,associated_with,lower,chronically promoting reward seeking behaviors,direct,0.8,"Relative to those without SUD, individuals with SUD had decreased connectivity between the nucleus accumbens (NAcc) and several regions within the MCLS.",yes,,yes,yes,yes,,,,,,,,,,llama-3.1-8b-instruct,2,keep,yes,yes,yes,yes,yes,no,impulsivity (general),functional connectivity,lower,The sentence directly supports the association between impulsivity (general) and reduced functional connectivity within the mesocorticolimbic system in the context of substance use disorders.,,Llama 3.1 8B
318,40722851,Understanding the Borderline Brain: A Review of Neurobiological Findings in Borderline Personality Disorder (BPD).,2025,Biomedicines,impulsivity resting-state fMRI functional connectivity,unknown,functional connectivity,impulsivity (general),Borderline Personality Disorder (BPD),associated_with,unclear,hyperconnectivity in the precuneus,indirect,0.8,BPD shows a dominant and stable pattern of hyperconnectivity in the precuneus.,yes,,yes,yes,yes,,,,,,,,,,llama-3.1-8b-instruct,2,keep,yes,yes,yes,yes,yes,no,impulsivity (general),functional connectivity,associated_with,"The sentence directly states a phenotype-feature association in the context of BPD, with a clear direction and directness.",,Llama 3.1 8B
319,27341655,Intrinsic brain network abnormalities in codeine-containing cough syrup-dependent male individuals revealed in resting-state fMRI.,2017,Journal of magnetic resonance imaging : JMRI,impulsivity resting-state fMRI functional connectivity,unknown,functional connectivity,impulsivity (general),codeine-containing cough syrup dependence,correlates_with,higher,,indirect,0.8,"Intrinsic network FC also correlated with higher impulsivity in CCS-dependent individuals (P < 0.05, AlphaSim corrected).",yes,,yes,yes,yes,,,,,,,,,,llama-3.1-8b-instruct,2,keep,yes,yes,yes,yes,yes,no,impulsivity (general),functional connectivity,higher,"The sentence clearly supports the extracted claim, mentioning a correlation between intrinsic network FC and higher impulsivity in CCS-dependent individuals.",,Llama 3.1 8B
320,33047425,Resting-state connectome-based support-vector-machine predictive modeling of internet gaming disorder.,2021,Addiction biology,impulsivity resting-state fMRI functional connectivity,default mode network,functional connectivity,impulsivity (general),internet gaming disorder,associated_with,unclear,connectome-based predictive modeling,direct,0.5,"A comparison of whole-brain and network-based analyses showed that the default-mode network (DMN) is the most informative network in predicting IGD both in classification (individual identification accuracy = 78.76%) and regression (correspondence between predicted and actual psychometric scale score: r = 0.44, P < 0.001).",yes,,yes,yes,yes,,,,,,,,,,llama-3.1-8b-instruct,2,keep,yes,yes,yes,yes,yes,no,impulsivity (general),functional connectivity,unclear,"The sentence clearly supports the phenotype (impulsivity), feature type (functional connectivity), relationship (associated_with), and direction (unclear) when stated. The sentence also supports the directness (direct) and brain system (default mode network).",,Llama 3.1 8B
321,24746086,[Functional connectivity of temporal parietal junction in online game addicts:a resting-state functional magnetic resonance imaging study].,2014,Zhonghua yi xue za zhi,impulsivity resting-state fMRI functional connectivity,unknown,functional connectivity,impulsivity (general),online game addiction,correlates_with,lower,altered functional connectivity,direct,0.8,"Compared with the controls, right TPJ in online game addicts showed decreased functional connectivity with bilateral ventromedial prefrontal cortex (VMPFC), bilateral hippocampal gyrus and bilateral amygdaloid nucleus, but increased functional connectivity with right cuneus.",yes,,yes,yes,yes,,,,,,,,,,llama-3.1-8b-instruct,2,keep,yes,yes,yes,yes,yes,no,impulsivity (general),functional connectivity,lower,"The sentence clearly supports the extracted claim by stating a direct association between impulsivity (general) and altered functional connectivity in online game addicts, specifically mentioning decreased functional connectivity with certain brain regions.",,Llama 3.1 8B
324,41005016,Resting-state functional connectivity insights: dorsolateral prefrontal cortex and superior parietal lobule in self-control and cognitive reappraisal.,2025,Brain and cognition,impulsivity resting state functional connectivity,unknown,functional connectivity,impulsivity (general),unknown,associated_with,higher,functional connectivity between the dorsolateral prefrontal cortex (dlPFC) and superior parietal lobule (SPL),direct,0.8,"Moreover, neuroimaging results revealed the functional connectivity between the dorsolateral prefrontal cortex (dlPFC) and superior parietal lobule (SPL) was associated with self-control and played a mediating role in the association with cognitive reappraisal.",yes,,yes,yes,yes,,,,,,,,,,llama-3.1-8b-instruct,2,keep,yes,yes,yes,yes,yes,no,impulsivity (general),functional connectivity,associated with higher,"The sentence clearly supports the extracted claim, mentioning the functional connectivity between the dlPFC and SPL, which is associated with self-control and cognitive reappraisal. The direction is also clearly stated as associated with higher, matching the extracted claim.",,Llama 3.1 8B
326,31073695,Binge drinking is associated with altered resting state functional connectivity of reward-salience and top down control networks.,2020,Brain imaging and behavior,impulsivity resting state functional connectivity,unknown,functional connectivity,unknown,binge drinking,associated_with,unclear,dysregulation of neurofunctional networks,unclear,0.8,BDs demonstrated lower connectivity between the IFC and hippocampus which was associated with higher craving.,yes,,yes,yes,yes,,,,,,,,,,llama-3.1-8b-instruct,2,keep,yes,yes,yes,yes,yes,no,binge drinking,functional connectivity,decreased,"The sentence clearly supports the claim by stating a specific phenotype (binge drinking), feature (functional connectivity), relationship (associated with), direction (decreased), and directness (direct).",,Llama 3.1 8B
327,42146757,Resting-State Functional Connectivity Alterations in Pediatric Survivors of Severe COVID-19: An Exploratory Case-Control Study.,2026,Sage open pediatrics,impulsivity resting state functional connectivity,default mode network,functional connectivity,impulsivity (general),pediatric survivors of severe COVID-19,associated_with,unclear,,indirect,0.5,"Post-COVID participants showed 3 altered connectivity clusters: increased Default Mode-visual medial coupling, stronger dorsal attention-sensorimotor anticorrelations, and enhanced temporo-occipital-vermis connectivity.",yes,,yes,yes,yes,,,,,,,,,,llama-3.1-8b-instruct,2,keep,yes,yes,yes,yes,yes,no,impulsivity (general),functional connectivity,unclear,"The sentence clearly supports the phenotype (impulsivity), feature (functional connectivity), relationship (associated_with), and direction (unclear) when stated. The sentence also supports the directness (indirect) and brain system (default mode network) as stated. There is no overclaiming as the sentence mentions a group difference and a phenotype-feature association. The corrected fields are the phenotype, feature type, and direction, which are already stated in the extracted claim.",,Llama 3.1 8B
328,31197580,Relationship of negative urgency to cingulo-insular and cortico-striatal resting state functional connectivity in tobacco use.,2020,Brain imaging and behavior,impulsivity resting state functional connectivity,unknown,functional connectivity,impulsivity (general),tobacco use,associated_with,higher,,direct,0.9,"In the whole sample, negative urgency was positively correlated with rsFC between the left insula and right dorsal anterior cingulate cortex (dACC).",yes,,yes,yes,yes,,,,,,,,,,llama-3.1-8b-instruct,2,keep,yes,yes,yes,yes,yes,no,impulsivity (general),functional connectivity,higher,"The sentence clearly supports the extracted claim, mentioning a direct association between impulsivity (general) and functional connectivity, with a higher direction.",,Llama 3.1 8B
329,40305882,"Functional connectivity anomalies in medication-naive children with ADHD: Diagnostic potential, symptoms interpretation, and a mediation model.",2025,Clinical neurophysiology : official journal of the International Federation of Clinical Neurophysiology,impulsivity resting state functional connectivity,unknown,functional connectivity,impulsivity (general),ADHD,correlates_with,higher,disrupted frontoparietal connectivity,direct,0.9,Left parietal θ band hyper-connectivity (C3-P7) correlated with both inattention and hyperactivity/impulsivity and mediated their interrelationship.,yes,,yes,yes,yes,,,,,,,,,,llama-3.1-8b-instruct,2,keep,yes,yes,yes,yes,yes,no,impulsivity (general),functional connectivity,higher,"The sentence directly supports the claim by stating a correlation between left parietal θ band hyper-connectivity and impulsivity, which is a specific aspect of the phenotype 'impulsivity (general)'. The feature type 'functional connectivity' is also supported. The relationship 'correlates_with' is supported as the sentence states a correlation. The direction 'higher' is supported as the sentence mentions 'hyper-connectivity'. The directness 'direct' is supported as the sentence names both the phenotype and feature.",,Llama 3.1 8B
332,26582309,Decreased functional connectivity between ventral tegmental area and nucleus accumbens in Internet gaming disorder: evidence from resting state functional magnetic resonance imaging.,2015,Behavioral and brain functions : BBF,impulsivity resting state functional connectivity,unknown,functional connectivity,impulsivity (general),Internet gaming disorder,associated_with,lower,,direct,0.8,"In comparison with HCs, individuals with IGD had significantly decreased rsFC between the VTA and right NAcc.",yes,,yes,yes,yes,,,,,,,,,,llama-3.1-8b-instruct,2,keep,yes,yes,yes,yes,yes,no,impulsivity (general),functional connectivity,lower,"The sentence directly compares individuals with IGD to HCs, and states a significant decrease in rsFC between the VTA and right NAcc, which matches the extracted claim.",,Llama 3.1 8B
337,32035425,Ventromedial prefrontal value signals and functional connectivity during decision-making in suicidal behavior and impulsivity.,2020,Neuropsychopharmacology : official publication of the American College of Neuropsychopharmacology,impulsivity fMRI functional connectivity,unknown,functional connectivity,impulsivity (general),suicidal behavior,associated_with,lower,disrupted vmPFC value signals,direct,0.9,VmPFC value activation was compared between groups. VmPFC value responses in participants with a history of suicide attempts were reduced relative to nonpsychiatric controls (p < 0.05).,yes,,yes,yes,no,,,,,,,,,,llama-3.1-8b-instruct,2,keep,yes,yes,yes,yes,yes,no,impulsivity (general),functional connectivity,lower,"The sentence directly compares VmPFC value responses between groups and finds a significant difference, supporting the claim of impulsivity being associated with lower functional connectivity in the vmPFC.",,Llama 3.1 8B
344,36987598,Transdiagnostic Connectome-Based Prediction of Craving.,2023,The American journal of psychiatry,impulsivity fMRI functional connectivity,unknown,functional connectivity,unknown,addictive disorders,predicts,unclear,,background,0.8,"CPM successfully predicted craving, thereby identifying a transdiagnostic ""craving network.""",yes,,yes,yes,yes,,,,,,,,,,llama-3.1-8b-instruct,2,keep,yes,yes,yes,yes,yes,no,craving,functional connectivity,predicts,"The sentence clearly supports the claim by stating that CPM predicted craving, which is a specific phenotype, and that it identifies a transdiagnostic 'craving network', which is related to functional connectivity.",,Llama 3.1 8B
346,28189592,Dissociable frontostriatal white matter connectivity underlies reward and motor impulsivity.,2017,NeuroImage,impulsivity fMRI functional connectivity,unknown,structural connectivity,impulsivity (general),unknown,associated_with,unclear,unknown,direct,0.8,"We found a double dissociation such that individual differences in white matter connectivity between the ventral striatum and the ventromedial prefrontal cortex and dorsolateral prefrontal cortex was associated with reward impulsivity, as measured by delay discounting, whereas connectivity between dorsal striatum and supplementary motor area was associated with motor impulsivity, but not vice versa.",yes,,yes,yes,yes,,,,,,,,,,llama-3.1-8b-instruct,2,keep,yes,yes,yes,yes,yes,no,impulsivity (reward),structural connectivity,positive,"The sentence clearly supports the claim, mentioning a specific type of impulsivity (reward impulsivity) and a specific type of structural connectivity (white matter connectivity between the ventral striatum and the ventromedial prefrontal cortex and dorsolateral prefrontal cortex). The direction of the association is also clear (positive).",,Llama 3.1 8B
347,30273626,Mesolimbic connectivity signatures of impulsivity and BMI in early adolescence.,2019,Appetite,impulsivity fMRI functional connectivity,unknown,functional connectivity,impulsivity (general),unknown,associated_with,unclear,unknown,indirect,0.8,"Connectivity within this network which included the hippocampi, amygdalae, parahippocampal gyri and the regions of interest, correlated positively with impulsivity and BMI Z-score for age and negatively with sensation-seeking.",yes,,yes,yes,yes,,,,,,,,,,llama-3.1-8b-instruct,2,keep,yes,yes,yes,yes,yes,no,impulsivity (general),functional connectivity,positive,"The sentence clearly supports the phenotype (impulsivity), feature (functional connectivity), relationship (associated with), direction (positive), and directness (indirect) when stated. The corrected fields are the same as the original claim, indicating that no correction is needed.",,Llama 3.1 8B
349,39103090,Individualized prediction of online shopping addiction from whole-brain functional connectivity.,2024,Neuropsychologia,impulsivity fMRI functional connectivity,default mode network,functional connectivity,impulsivity (general),online shopping addiction,associated_with,unclear,,direct,0.8,"The strength of the negative network mediated the relationship between OSA and impulsivity, highlighting that the negative network underlies the impulsivity characteristic of OSA.",yes,,yes,yes,no,,,,,,,,,,llama-3.1-8b-instruct,2,keep,yes,yes,yes,yes,yes,no,impulsivity (general),functional connectivity,negative,"The sentence clearly supports the phenotype (impulsivity), feature (functional connectivity), relationship (associated_with), and direction (negative) when stated.",,Llama 3.1 8B
351,33236526,Reduced frontostriatal functional connectivity and associations with severity of Internet gaming disorder.,2021,Addiction biology,impulsivity fMRI functional connectivity,frontostriatal,functional connectivity,impulsivity (general),Internet gaming disorder,associated_with,lower,functional connectivity,direct,0.8,"Decreased FC was predominantly observed in IGD subjects, with IGD subjects showing decreased FC between the putamen and superior frontal gyrus (SFG), middle frontal gyrus (MFG), and inferior frontal gyrus (IFG) and the ventral striatum and IFG, superior temporal gyrus, and MFG.",yes,,yes,yes,yes,,,,,,,,,,llama-3.1-8b-instruct,2,keep,yes,yes,yes,yes,yes,no,impulsivity (general),functional connectivity,lower,"The sentence clearly supports the extracted claim by stating a direct association between lower frontostriatal functional connectivity and Internet gaming disorder, which is consistent with the extracted claim's phenotype, feature type, relationship, direction, and directness.",,Llama 3.1 8B
353,33564081,Alterations in reward network functional connectivity are associated with increased food addiction in obese individuals.,2021,Scientific reports,impulsivity fMRI functional connectivity,unknown,functional connectivity,unknown,food addiction,associated_with,higher,dysregulation of the dopaminergic pathway,direct,0.8,Individuals with food addiction showed greater connectivity between regions of the reward network suggesting dysregulation of the dopaminergic pathway.,yes,,yes,yes,yes,,,,,,,,,,llama-3.1-8b-instruct,2,keep,yes,yes,yes,yes,yes,no,food addiction,functional connectivity,higher,,,Llama 3.1 8B
354,35835210,Fronto-striatal connectivity patterns account for the impact of methylphenidate on choice impulsivity among healthy adults.,2022,Neuropharmacology,impulsivity fMRI functional connectivity,unknown,functional connectivity,impulsivity (general),healthy adults,associated_with,lower,methylphenidate administration,direct,0.8,"Notably, the more putamen-mPFC functional connectivity increased during non-impulsive choices following MPH administration, the less an individual was likely to make impulsive choices.",yes,,yes,yes,yes,,,,,,,,,,llama-3.1-8b-instruct,2,keep,yes,yes,yes,yes,yes,no,,,,"The sentence clearly supports the claim that impulsivity is associated with increased putamen-mPFC functional connectivity, which is a direct relationship in the context of methylphenidate administration. The direction of the relationship is also clearly supported as lower impulsivity is associated with increased functional connectivity.",,Llama 3.1 8B
355,36244800,Neuroanatomical Correlates of Emotion-Related Impulsivity.,2023,Biological psychiatry,impulsivity fMRI functional connectivity,unknown,unknown,impulsivity (general),psychiatric disorders,associated_with,lower,,direct,0.8,"Lower cortical gyrification in the right lateral OFC was associated with high ERI severity in a full, preregistered model.",yes,,yes,yes,yes,,,,,,,,,,llama-3.1-8b-instruct,2,keep,yes,yes,yes,yes,yes,no,impulsivity (general),cortical gyrification,lower,"The sentence clearly supports the extracted claim, mentioning a direct association between impulsivity and cortical gyrification in a specific brain region.",,Llama 3.1 8B
356,24878823,"Interindividual differences in cognitive flexibility: influence of gray matter volume, functional connectivity and trait impulsivity.",2015,Brain structure & function,impulsivity fMRI functional connectivity,unknown,functional connectivity,impulsivity (general),unknown,correlates_with,higher,,indirect,0.5,"Our analyses revealed that card-sorting performance correlated positively with GMV of the right anterior insula, FC between bilateral anterior insula and midcingulate cortex/supplementary motor area as well as the impulsivity dimension ""Premeditation.""",yes,,yes,yes,yes,,,,,,,,,,llama-3.1-8b-instruct,2,keep,yes,yes,yes,yes,yes,no,impulsivity (general),functional connectivity,higher,"The sentence clearly supports the extracted claim, mentioning a positive correlation between impulsivity and functional connectivity, which matches the relationship and direction specified in the claim. The phenotype and feature type are also correctly identified as impulsivity and functional connectivity, respectively. The sentence does not overclaim, as it only mentions a correlation between impulsivity and functional connectivity, without making any claims about a group difference or a direct relationship between impulsivity and functional connectivity.",,Llama 3.1 8B
359,38598290,"Effects of bilateral tDCS over DLPFC on response inhibition, craving, and brain functional connectivity in Internet gaming disorder: A randomized, double-blind, sham-controlled trial with fMRI.",2024,Journal of behavioral addictions,impulsivity fMRI functional connectivity,unknown,functional connectivity,impulsivity (general),Internet gaming disorder,correlates_with,lower,tDCS,direct,0.5,The rsFC between the ACC and left middle frontal gyrus was negatively correlated with the SSRT.,yes,,yes,yes,yes,,,,,,,,,,llama-3.1-8b-instruct,2,keep,yes,yes,yes,yes,yes,no,impulsivity (general),functional connectivity,lower,"The sentence directly supports the claim by mentioning a correlation between a brain region's functional connectivity and a specific response inhibition measure (SSRT), which is related to impulsivity. The direction of the correlation is also consistent with the claim's direction.",,Llama 3.1 8B
360,31665241,The structural connectivity of discrete networks underlies impulsivity and gambling in Parkinson's disease.,2019,Brain : a journal of neurology,impulsivity fMRI functional connectivity,unknown,structural connectivity,impulsivity (general),Parkinson's disease,associated_with,unclear,,direct,0.8,"Larger bet sizes in the virtual casino were associated with greater connectivity of the reward evaluation network, particularly bilateral fibre tracts between the ventral striatum and ventromedial prefrontal cortex.",yes,,yes,yes,yes,,,,,,,,,,llama-3.1-8b-instruct,2,keep,yes,yes,yes,yes,yes,no,impulsivity (general),structural connectivity,greater,"The sentence clearly supports the phenotype (impulsivity), feature (structural connectivity), relationship (associated_with), direction (greater), and directness (direct) when stated.",,Llama 3.1 8B
362,37721727,Acupuncture modulates the functional connectivity among the subcortical nucleus and fronto-parietal network in adolescents with internet addiction.,2023,Brain and behavior,impulsivity fMRI functional connectivity,unknown,functional connectivity,unknown,internet addiction,modulates,lower,acupuncture,direct,0.8,"After 40 days of acupuncture treatment, the FC within the FPN and between the SN and FPN were significantly decreased in individuals with IA.",yes,,yes,yes,yes,,,,,,,,,,llama-3.1-8b-instruct,2,keep,yes,yes,yes,yes,yes,no,,,,,,Llama 3.1 8B
364,25853901,Impaired functional connectivity within and between frontostriatal circuits and its association with compulsive drug use and trait impulsivity in cocaine addiction.,2015,JAMA psychiatry,impulsivity fMRI functional connectivity,unknown,functional connectivity,impulsivity (general),cocaine addiction,associated_with,higher,,direct,0.8,"Increased striatal-dorsal lateral prefrontal cortex connectivity strength was positively correlated with the amount of recent cocaine use (uncorrected P < .046) and elevated trait impulsivity in the CUs (uncorrected P < .012),",yes,,yes,yes,yes,,,,,,,,,,llama-3.1-8b-instruct,2,keep,yes,yes,yes,yes,yes,no,impulsivity (general),functional connectivity,higher,"The sentence clearly supports the extracted claim by stating a direct association between increased striatal-dorsal lateral prefrontal cortex connectivity strength and elevated trait impulsivity in cocaine addiction, which matches the phenotype-feature relationship and direction specified in the claim.",,Llama 3.1 8B
366,27119360,Decreased functional connectivity of insula-based network in young adults with internet gaming disorder.,2016,Experimental brain research,impulsivity fMRI functional connectivity,unknown,functional connectivity,impulsivity (general),internet gaming disorder,associated_with,lower,altered insula-based network,direct,0.8,"The IGD group showed decreased functional connectivity between left posterior insula and bilateral supplementary motor area and middle cingulated cortex, between right posterior insula and right superior frontal gyrus, and decreased functional integration between insular subregions.",yes,,yes,yes,no,,,,,,,,,,llama-3.1-8b-instruct,2,keep,yes,yes,yes,yes,yes,no,impulsivity (general),functional connectivity,lower,"The sentence directly supports the claim by stating a specific association between the phenotype (impulsivity), feature (functional connectivity), and direction (lower) in the context of internet gaming disorder.",,Llama 3.1 8B
367,28888152,Altered functional connectivity to stressful stimuli in prenatally cocaine-exposed adolescents.,2017,Drug and alcohol dependence,impulsivity fMRI functional connectivity,unknown,functional connectivity,unknown,unknown,associated_with,unclear,,unclear,0.8,A group-by-cue interaction effect identified a parietal lobe cluster where PCE versus NDE adolescents showed less connectivity during stressful and more connectivity during neutral-relaxing conditions.,yes,,yes,yes,yes,,,,,,,,,,llama-3.1-8b-instruct,2,keep,yes,yes,yes,yes,yes,no,prenatally cocaine-exposed adolescents,functional connectivity,decreased during stressful and increased during neutral-relaxing conditions,The sentence clearly supports the claim by stating a specific group (PCE adolescents) and their association with a feature (functional connectivity) in a specific brain region (parietal lobe cluster). The direction of the association is also clearly stated as decreased during stressful and increased during neutral-relaxing conditions.,,Llama 3.1 8B
369,31362183,Oxytocin modulates alcohol-cue induced functional connectivity in the nucleus accumbens of social drinkers.,2019,Psychoneuroendocrinology,impulsivity fMRI functional connectivity,unknown,functional connectivity,unknown,unknown,correlates_with,lower,oxytocin modulates,direct,0.8,"Oxytocin application significantly reduced NAc connectivity with the cuneus and thalamo-occipital connectivity, while enhancing connectivity between the paracingulate gyrus and precentral gyrus.",yes,,yes,yes,yes,,,,,,,,,,llama-3.1-8b-instruct,2,keep,yes,yes,yes,yes,yes,no,,,,,,Llama 3.1 8B
370,31401546,Functional connectivity of emotional well-being: Overconnectivity between default and attentional networks is associated with attitudes of anger and aggression.,2019,Psychiatry research. Neuroimaging,impulsivity fMRI functional connectivity,default mode network,functional connectivity,impulsivity (general),unknown,associated_with,higher,impaired effortful control and decreased response inhibition,direct,0.7,"Additionally, functional connectivity between the default and attentional networks was positively correlated with scores of attitudes of anger and aggression.",yes,,yes,yes,yes,,,,,,,,,,llama-3.1-8b-instruct,2,keep,yes,yes,yes,yes,yes,no,impulsivity (general),functional connectivity,higher,,,Llama 3.1 8B
372,24367675,Increased functional connectivity between prefrontal cortex and reward system in pathological gambling.,2013,PloS one,impulsivity fMRI functional connectivity,unknown,functional connectivity,impulsivity (general),pathological gambling,associated_with,higher,,direct,0.8,"PG patients demonstrated increased connectivity from the right middle frontal gyrus to the right striatum as compared to controls, which was also positively correlated with nonplanning aspect of impulsiveness, smoking and craving scores in the PG group.",yes,,yes,yes,yes,,,,,,,,,,llama-3.1-8b-instruct,2,keep,yes,yes,yes,yes,yes,no,impulsivity (general),functional connectivity,higher,"The sentence directly supports the claim by mentioning increased functional connectivity between the prefrontal cortex and reward system in pathological gambling, which is associated with higher impulsivity.",,Llama 3.1 8B
373,40032530,Cocaine Self-Administration Increases Impulsive Decision-Making in Low-Impulsive Rats Associated with Impaired Functional Connectivity in the Mesocorticolimbic System.,2025,eNeuro,impulsivity fMRI functional connectivity,mesocorticolimbic DA network,functional connectivity,impulsivity (general),cocaine use disorder,associated with,higher,reduced functional connectivity and DA receptor expression,direct,0.8,"chronic cocaine use appears to selectively increase impulsive choice decision-making in normally low-impulsive rats, associated with reduced functional connectivity and DA receptor expression in the mesocorticolimbic DA network.",yes,,yes,yes,yes,,,,,,,,,,llama-3.1-8b-instruct,2,keep,yes,yes,yes,yes,yes,no,impulsivity (general),functional connectivity,higher,,,Llama 3.1 8B
375,34469847,Sex-specific frontal-striatal connectivity differences among adolescents with externalizing disorders.,2021,NeuroImage. Clinical,impulsivity fMRI functional connectivity,unknown,functional connectivity,impulsivity (general),externalizing disorders,associated_with,higher,,direct,0.8,Boys showed greater positive connectivity within a ventromedial prefrontal-ventral striatal network.,yes,,yes,yes,yes,,,,,,,,,,llama-3.1-8b-instruct,2,keep,yes,yes,yes,yes,yes,no,impulsivity (general),functional connectivity,higher,"The sentence directly states a phenotype-feature association in a specific direction, which matches the extracted claim.",,Llama 3.1 8B
377,30054871,Internet gaming disorder: deficits in functional and structural connectivity in the ventral tegmental area-Accumbens pathway.,2019,Brain imaging and behavior,impulsivity fMRI functional connectivity,unknown,functional connectivity,unknown,Internet gaming disorder,associated_with,lower,deficits in functional and structural connectivity,direct,0.8,Both the NAc and medial orbitofrontal cortex (mOFC) showed lower RSFC with VTA in IGD subjects compared with controls.,yes,,yes,yes,yes,,,,,,,,,,llama-3.1-8b-instruct,2,keep,yes,yes,yes,yes,yes,no,Internet gaming disorder,functional connectivity,lower,The sentence clearly supports the claim by stating a direct association between the phenotype (Internet gaming disorder) and the feature (functional connectivity) in the direction of lower in the brain system (ventral tegmental area-Accumbens pathway).,,Llama 3.1 8B
379,34262129,Dorsal and ventral striatal functional connectivity shifts play a potential role in internet gaming disorder.,2021,Communications biology,impulsivity fMRI functional connectivity,unknown,functional connectivity,impulsivity (general),internet gaming disorder,associated_with,lower,,direct,0.8,IGD relative to RGU subjects showed lower ventral-striatum-to-MFG (mostly involving supplementary motor area (SMA)) and higher dorsal-striatum-to-MFG functional connectivity.,yes,,yes,yes,yes,,,,,,,,,,llama-3.1-8b-instruct,2,keep,yes,yes,yes,yes,yes,no,impulsivity (general),functional connectivity,lower,"The sentence directly supports the claim by stating a specific association between impulsivity (general) and functional connectivity in the context of internet gaming disorder, with a clear direction of lower connectivity.",,Llama 3.1 8B
382,25553620,A selective involvement of putamen functional connectivity in youth with internet gaming disorder.,2015,Brain research,impulsivity fMRI functional connectivity,unknown,functional connectivity,impulsivity (general),internet gaming disorder,associated_with,lower,,direct,0.8,Adolescents with internet gaming disorder showed significantly reduced dorsal putamen functional connectivity with the posterior insula-parietal operculum.,yes,,yes,yes,yes,,,,,,,,,,llama-3.1-8b-instruct,2,keep,yes,yes,yes,yes,yes,no,impulsivity (general),functional connectivity,lower,The sentence directly supports the claim by stating a specific association between impulsivity (general) and reduced functional connectivity in adolescents with internet gaming disorder.,,Llama 3.1 8B
383,34861396,Individual differences in (dis)honesty are represented in the brain's functional connectivity at rest.,2022,NeuroImage,impulsivity fMRI functional connectivity,unknown,functional connectivity,impulsivity (general),unknown,correlates_with,unclear,,direct,0.8,"Our analyses revealed that functional connectivity, especially between brain networks linked to self-referential thinking (vmPFC, temporal poles, and PCC) and reward processing (caudate nucleus), reliably correlates, in an independent sample, with participants' propensity to cheat.",yes,,yes,yes,yes,,,,,,,,,,llama-3.1-8b-instruct,2,keep,yes,yes,yes,yes,yes,no,impulsivity (general),functional connectivity,positively,"The sentence clearly supports the extracted claim, mentioning a direct relationship between impulsivity (general) and functional connectivity, specifically between brain networks linked to self-referential thinking and reward processing.",,Llama 3.1 8B
384,35007715,Risk-taking in humans and the medial orbitofrontal cortex reward system.,2022,NeuroImage,impulsivity fMRI functional connectivity,unknown,functional connectivity,impulsivity (general),unknown,associated_with,higher,reward system,direct,0.9,"Functional connectivities of the medial orbitofrontal cortex, ventromedial prefrontal cortex (VMPFC), and the parahippocampal areas were significantly higher in the risk-taking group (p < 0.001, FDR corrected).",yes,,yes,yes,yes,,,,,,,,,,llama-3.1-8b-instruct,2,keep,yes,yes,yes,yes,yes,no,impulsivity (general),functional connectivity,higher,"The sentence clearly supports the extracted claim, mentioning a specific brain region (medial orbitofrontal cortex) and a significant difference in functional connectivities between the risk-taking group and others.",,Llama 3.1 8B
386,32214339,Alcohol effects on globus pallidus connectivity: Role of impulsivity and binge drinking.,2020,PloS one,impulsivity fMRI functional connectivity,unknown,functional connectivity,impulsivity (general),unknown,associated_with,unclear,alcohol-induced changes in GPe circuitry,indirect,0.8,Our data also indicated an association between impulsivity and alcohol-induced deficits in GPe-frontal/precentral connectivity.,yes,,yes,yes,yes,,,,,,,,,,llama-3.1-8b-instruct,2,keep,yes,yes,yes,yes,yes,no,impulsivity (general),functional connectivity,unclear,,,Llama 3.1 8B
388,41067444,Altered functional connectivity of reward circuits in adolescents with addictive nonsuicidal self-injury.,2025,Brain research bulletin,impulsivity fMRI functional connectivity,unknown,functional connectivity,impulsivity (general),addictive nonsuicidal self-injury,associated_with,higher,altered functional connectivity of reward circuits,direct,0.8,"Relative to the nNSSI group, the aNSSI group showed increased in FC between left hippocampus and right caudate nucleus, as well as a decline in FC between left nucleus accumbens and bilateral medial cingulate gyrus, and between left amygdala and right inferior orbitofrontal gyrus.",yes,,yes,yes,yes,,,,,,,,,,llama-3.1-8b-instruct,2,keep,yes,yes,yes,yes,yes,no,impulsivity (general),functional connectivity,higher,"The sentence clearly supports the extracted claim by describing increased functional connectivity in the aNSSI group compared to the nNSSI group, which is consistent with the claim of impulsivity being associated with higher functional connectivity.",,Llama 3.1 8B
390,34964209,Neural processes during response inhibition in complex posttraumatic stress disorder.,2022,Depression and anxiety,impulsivity fMRI functional connectivity,unknown,unknown,impulsivity (general),complex posttraumatic stress disorder,associated_with,unclear,aberrant functioning in the neurocircuitry of inhibitory control,background,0.5,"These findings provide initial evidence of aberrant functioning in the neurocircuitry of inhibitory control, involving the thalamus, in CPTSD.",yes,,yes,yes,yes,,,,,,,,,,llama-3.1-8b-instruct,2,keep,yes,yes,yes,yes,yes,no,impulsivity (general),unknown,unclear,"The sentence directly supports the claim by mentioning aberrant functioning in the neurocircuitry of inhibitory control, which is associated with impulsivity. The direction is unclear, but the extracted direction captures the relevant part exactly.",,Llama 3.1 8B
392,32361415,Impulsivity Relates to Relative Preservation of Mesolimbic Connectivity in Patients with Parkinson Disease.,2020,NeuroImage. Clinical,impulsivity fMRI functional connectivity,unknown,functional connectivity,impulsivity (general),Parkinson Disease,associated_with,unclear,relative preservation of mesolimbic connectivity,indirect,0.8,Our results show that there is greater probability of connectivity between the SN and limbic network targets relative to motor and associative network targets in PD patients with recent history of severe impulsivity as compared to PD patients without impulsivity (P = 0.0075).,yes,,yes,yes,yes,,,,,,,,,,llama-3.1-8b-instruct,2,keep,yes,yes,yes,yes,yes,no,impulsivity (general),functional connectivity,greater,"The sentence clearly supports the phenotype, feature, relationship, and direction when stated.",,Llama 3.1 8B
394,31886611,Dorsal striatal functional connectivity changes in Internet gaming disorder: A longitudinal magnetic resonance imaging study.,2021,Addiction biology,impulsivity fMRI functional connectivity,unknown,functional connectivity,unknown,Internet gaming disorder,associated_with,unclear,unknown,unclear,0.8,Young males with IGD showed an altered FC pattern in the dorsal striatum during follow-up. FC of the dorsal striatum in IGD increased in the mPFC and decreased in the MOG.,yes,,yes,yes,yes,,,,,,,,,,llama-3.1-8b-instruct,2,keep,yes,yes,yes,yes,yes,no,Young males with Internet gaming disorder,altered functional connectivity pattern,increased and decreased,The sentence clearly supports the claim by stating a specific group (young males with IGD) and their association with a specific feature (altered FC pattern) in a specific brain system (dorsal striatum). The direction of the association is also clearly stated as increased and decreased in different regions.,,Llama 3.1 8B
403,30652907,Functional and structural neuroimaging studies of delayed reward discounting in addiction: A systematic review.,2019,Psychological bulletin,impulsivity neuroimaging functional connectivity,unknown,unknown,impulsivity (general),addiction,correlates_with,higher,,indirect,0.8,"Among individuals with addictive disorders, there was substantial evidence of greater neural activity in the executive control network during choices for larger-delayed rewards (delayed gratification) relative to choices for smaller-immediate rewards (immediate gratification), particularly in dorsolateral prefrontal cortex, as well as moderate evidence of greater recruitment of the default mode, salience, and reward valuation networks during larger-delayed choices.",yes,,yes,yes,yes,,,,,,,,,,llama-3.1-8b-instruct,2,keep,yes,yes,yes,yes,yes,no,impulsivity (general),reward discounting,higher,"The sentence clearly supports the extracted claim by describing a correlation between neural activity in the executive control network and impulsivity in individuals with addictive disorders, particularly in the context of reward discounting.",,Llama 3.1 8B
404,39378092,Adolescent alcohol consumption predicted by differences in electrophysiological functional connectivity and neuroanatomy.,2024,Proceedings of the National Academy of Sciences of the United States of America,impulsivity neuroimaging functional connectivity,unknown,functional connectivity,unknown,adolescent alcohol consumption,predicts,higher,,direct,0.8,"As a result, we found a positive correlation between alcohol consumption and the functional connectivity in frontal, parietal, and frontoparietal connections.",yes,,yes,yes,yes,,,,,,,,,,llama-3.1-8b-instruct,2,keep,yes,yes,yes,yes,yes,no,adolescent alcohol consumption,functional connectivity,higher,"The sentence clearly supports the claim by stating a positive correlation between alcohol consumption and functional connectivity, which matches the relationship 'predicts' with a higher direction.",,Llama 3.1 8B
405,23451272,Decreased functional brain connectivity in adolescents with internet addiction.,2013,PloS one,impulsivity neuroimaging functional connectivity,unknown,functional connectivity,unknown,internet addiction,associated_with,lower,unknown,direct,0.9,Adolescents with internet addiction showed reduced functional connectivity spanning a distributed network.,yes,,yes,yes,yes,,,,,,,,,,llama-3.1-8b-instruct,2,keep,yes,yes,yes,yes,yes,no,adolescents with internet addiction,functional connectivity,lower,,,Llama 3.1 8B
406,38852751,Multimodal neuroimaging fusion unravel structural-functional-neurotransmitter change in Parkinson's disease with impulse control disorders.,2024,Neurobiology of disease,impulsivity neuroimaging functional connectivity,unknown,functional connectivity,impulsivity (general),Parkinson's disease with impulse control disorders,associated_with,lower,co-altered structure-function-neurotransmitter interactions,indirect,0.8,"Compared to PD-NICD, PD-ICD patients showed hypogyrification and enlarged PVS volume fraction in the left orbitofrontal gyrus (OFG), as well as decreased FC between interhemispheric OFG.",yes,,yes,yes,yes,,,,,,,,,,llama-3.1-8b-instruct,2,keep,yes,yes,yes,yes,yes,no,impulsivity (general),functional connectivity,lower,The sentence clearly supports the extracted claim by describing a specific brain region (left orbitofrontal gyrus) and a functional connectivity decrease between interhemispheric OFG in PD-ICD patients compared to PD-NICD patients.,,Llama 3.1 8B
407,35041909,Brain functional connectivity during and after imagery of gaming and alternative leisure activities in patients with internet gaming disorder.,2022,Neuroscience letters,impulsivity neuroimaging functional connectivity,unknown,functional connectivity,unknown,internet gaming disorder,associated_with,unclear,unknown,indirect,0.8,"patients showed that caudate-right parahippocampal gyrus connectivity and putamen-right orbitofrontal cortex connectivity increased during gaming and decreased during alternative, whereas NAcc-right precuneus connectivity decreased at baseline, increased in post-gaming, and were not different in post-alternative.",yes,,yes,yes,yes,,,,,,,,,,llama-3.1-8b-instruct,2,keep,yes,yes,yes,yes,yes,no,patients with internet gaming disorder,functional connectivity,"increased during gaming, decreased during alternative, decreased at baseline, increased in post-gaming","The sentence clearly supports the claim by describing the association between the phenotype (patients with internet gaming disorder) and the feature (functional connectivity) in the specified brain regions, with a clear direction and directness.",,Llama 3.1 8B
408,38000138,The functional connectivity between right parahippocampal gyrus and precuneus underlying the association between reward sensitivity and procrastination.,2024,Cortex; a journal devoted to the study of the nervous system and behavior,impulsivity neuroimaging functional connectivity,unknown,functional connectivity,impulsivity (general),unknown,associated_with,unclear,,indirect,0.8,"Moreover, the RSFC result found reward sensitivity was negatively associated with the functional connectivity of the right parahippocampal gyrus-precuneus.",yes,,yes,yes,no,,,,,,,,,,llama-3.1-8b-instruct,2,keep,yes,yes,yes,yes,yes,no,impulsivity (general),functional connectivity,negatively associated,"The sentence clearly supports the extracted claim, mentioning a specific phenotype (impulsivity), feature type (functional connectivity), relationship (associated with), direction (negatively associated), and directness (indirect).",,Llama 3.1 8B
411,41310178,The role of the salience network in adolescent impulsivity using memory tasks and neuroimaging.,2025,Communications medicine,impulsivity neuroimaging functional connectivity,salience network,functional connectivity,impulsivity (general),adolescent,correlates_with,higher,,direct,0.9,Elevated impulsivity correlates with an increased number of errors during target trials and a higher incidence of false alarms during catch trials.,yes,,yes,yes,yes,,,,,,,,,,llama-3.1-8b-instruct,2,keep,yes,yes,yes,yes,yes,no,impulsivity (general),functional connectivity,higher,"The sentence clearly supports the extracted claim by stating a direct correlation between impulsivity and increased errors during target trials and false alarms during catch trials, which is consistent with the claim's direction and directness.",,Llama 3.1 8B
412,24705817,Imaging functional and structural brain connectomics in attention-deficit/hyperactivity disorder.,2014,Molecular neurobiology,impulsivity neuroimaging functional connectivity,unknown,unknown,impulsivity (general),ADHD,associated_with,unclear,,background,0.8,"Convergent evidence suggests that children with ADHD had abnormal small-world properties in both functional and structural brain networks characterized by higher local clustering and lower global integrity, suggesting a disorder-related shift of network topology toward regular configurations.",yes,,yes,yes,yes,,,,,,,,,,llama-3.1-8b-instruct,2,keep,yes,yes,yes,yes,yes,no,impulsivity (general),network topology,toward regular configurations,"The sentence clearly supports the claim by stating a specific phenotype (impulsivity in ADHD), a feature (abnormal small-world properties in brain networks), a relationship (associated with), a direction (toward regular configurations), and directness (background). The corrected phenotype, feature type, and direction are extracted from the sentence.",,Llama 3.1 8B
413,23223295,Altered functional brain connectivity in a non-clinical sample of young adults with attention-deficit/hyperactivity disorder.,2012,The Journal of neuroscience : the official journal of the Society for Neuroscience,impulsivity neuroimaging functional connectivity,unknown,functional connectivity,impulsivity (general),ADHD,associated_with,unclear,,indirect,0.8,Brain behavior correlations further highlighted the key role of altered orbitofrontal-temporal and frontal-amygdala connectivity for symptoms of inattention and hyperactivity/impulsivity.,yes,,yes,yes,yes,,,,,,,,,,llama-3.1-8b-instruct,2,keep,yes,yes,yes,yes,yes,no,impulsivity (general),functional connectivity,associated_with,"The sentence clearly supports the extracted claim by mentioning the association between altered orbitofrontal-temporal and frontal-amygdala connectivity and symptoms of inattention and hyperactivity/impulsivity, which is a type of impulsivity. The direction of the association is not explicitly stated, but the sentence implies a positive association, which is consistent with the extracted direction. The directness of the association is also supported, as the sentence mentions the symptoms of inattention and hyperactivity/impulsivity, which are the phenotypes of interest. The brain systems mentioned in the sentence (orbitofrontal-temporal and frontal-amygdala) are consistent with the extracted brain system (unknown), and the diagnostic context is ADHD, which is consistent with the extracted diagnostic context.",,Llama 3.1 8B
414,30616717,Decreased brain connectivity in smoking contrasts with increased connectivity in drinking.,2019,eLife,impulsivity neuroimaging functional connectivity,unknown,functional connectivity,impulsivity (general),unknown,associated_with,lower,,direct,0.8,"Increased impulsivity was found in smokers, associated with decreased functional connectivity of the non-reward-related lateral orbitofrontal cortex; and increased impulsivity was found in high amount drinkers, associated with increased functional connectivity of the reward-related medial orbitofrontal cortex.",yes,,yes,yes,yes,,,,,,,,,,llama-3.1-8b-instruct,2,keep,yes,yes,yes,yes,yes,no,impulsivity (general),functional connectivity,lower,"The sentence clearly supports the extracted claim, mentioning both phenotype (impulsivity) and feature (functional connectivity), and their relationship (associated with). The direction (lower) is also supported, as the sentence states that decreased functional connectivity is associated with increased impulsivity. The directness is supported because the sentence names both phenotype and feature.",,Llama 3.1 8B
415,26116812,The mediating role of LPFC-vmPFC functional connectivity in the relation between regulatory mode and delay discounting.,2015,Behavioural brain research,impulsivity neuroimaging functional connectivity,unknown,functional connectivity,impulsivity (general),unknown,correlates_with,unclear,LPFC-vmPFC functional connectivity,direct,0.8,Neuroimaging results indicated that the functional connectivity between lateral prefrontal cortex (LPFC) and ventromedial prefrontal cortex (vmPFC) was negatively correlated with assessment scores but positively correlated with locomotion scores.,yes,,yes,yes,yes,,,,,,,,,,llama-3.1-8b-instruct,2,keep,yes,yes,yes,yes,yes,no,impulsivity (general),functional connectivity,negatively correlated,"The sentence directly supports the claim by mentioning a specific phenotype (impulsivity), feature type (functional connectivity), relationship (correlates_with), and direction (negatively correlated).",,Llama 3.1 8B
419,27942448,Brain connectivity aberrations in anabolic-androgenic steroid users.,2017,NeuroImage. Clinical,impulsivity neuroimaging functional connectivity,default mode network,functional connectivity,impulsivity (general),anabolic-androgenic steroid users,associated_with,lower,disruptions of brain networks with high concentrations of androgen receptors,direct,0.9,"current users exhibited reduced functional connectivity between key nodes involved in emotional and cognitive regulation, in particular reduced connectivity between the amygdala and default-mode network (DMN) and between the dorsal attention network (DAN) and a frontal node encompassing the superior and inferior frontal gyri (SFG/IFG) and the anterior cingulate cortex (ACC), with further reductions as a function of dependency, lifetime exposure, and cycle state (on/off).",yes,,yes,yes,yes,,,,,,,,,,llama-3.1-8b-instruct,2,keep,yes,yes,yes,yes,yes,no,impulsivity (general),functional connectivity,lower,"The sentence clearly supports the extracted claim, mentioning reduced functional connectivity between key nodes involved in emotional and cognitive regulation, which is associated with impulsivity. The direction of lower connectivity is also supported.",,Llama 3.1 8B
420,33137406,The functional connectivity between the prefrontal cortex and supplementary motor area moderates the relationship between internet gaming disorder and loneliness.,2021,Progress in neuro-psychopharmacology & biological psychiatry,impulsivity neuroimaging functional connectivity,unknown,functional connectivity,unknown,internet gaming disorder,moderates,unclear,functional connectivity,indirect,0.8,"We observed reduced rsFC between the left dorsolateral prefrontal cortex (DLPFC) and the left precentral and the postcentral gyri and the supplementary motor area (SMA), which also correlated with increased IAT (Young''s internet addiction test) scores.",yes,,yes,yes,yes,,,,,,,,,,llama-3.1-8b-instruct,2,keep,yes,yes,yes,yes,yes,no,reduced rsFC between the left dorsolateral prefrontal cortex (DLPFC) and the left precentral and the postcentral gyri and the supplementary motor area (SMA),functional connectivity,reduced,"The sentence clearly supports the claim by stating a specific phenotype (reduced rsFC), feature type (functional connectivity), relationship (moderates), direction (reduced), and directness (indirect).",,Llama 3.1 8B
425,32568370,The structural connectivity of subthalamic deep brain stimulation correlates with impulsivity in Parkinson's disease.,2020,Brain : a journal of neurology,impulsivity neuroimaging functional connectivity,unknown,structural connectivity,impulsivity (general),Parkinson's disease,correlates_with,higher,differential recruitment of frontostriatal networks,direct,0.9,Greater connectivity of the stimulation site with these frontostriatal networks was related to greater postoperative impulsiveness and disinhibition as assessed by the neuropsychiatric instruments.,yes,,yes,yes,no,,,,,,,,,,llama-3.1-8b-instruct,2,keep,yes,yes,yes,yes,yes,no,impulsivity (general),structural connectivity,higher,"The sentence clearly supports the extracted claim, mentioning impulsivity as the phenotype, structural connectivity as the feature type, a correlation as the relationship, higher connectivity as the direction, and directness is also supported as the sentence names both phenotype and feature.",,Llama 3.1 8B
427,37209127,Reduced loss aversion in value-based decision-making and edge-centric functional connectivity in patients with internet gaming disorder.,2023,Journal of behavioral addictions,impulsivity neuroimaging functional connectivity,unknown,functional connectivity,impulsivity (general),internet gaming disorder,correlates_with,lower,edge-centric functional connectivity,direct,0.8,"However, there were significant group differences in the overlapping community features of eFC1. Furthermore, in Con-PIGD, loss aversion was positively correlated with the edge community proﬁle similarity of the edge2 between left IFG and right hippocampus at right caudate. This relationship was suppressed by response consistency3 in PIGD. In addition, reduced loss aversion was negatively correlated with the promoted bottom-to-up neuromodulation from the right hippocampus to the left IFG in PIGD.",yes,,yes,yes,yes,,,,,,,,,,llama-3.1-8b-instruct,2,keep,yes,yes,yes,yes,yes,no,impulsivity (general),functional connectivity,lower,The sentence directly supports the claim by stating a correlation between reduced loss aversion and a specific type of functional connectivity in patients with internet gaming disorder.,,Llama 3.1 8B
429,21889990,Randomness of resting-state brain oscillations encodes Gray's personality trait.,2012,NeuroImage,trait impulsivity resting-state fMRI,unknown,functional connectivity,impulsivity (general),healthy individuals,associated_with,lower,resting-state fluctuations constraining task-related neural responsiveness,direct,0.9,"Specifically, more random resting-state neural dynamics corresponded to higher Impulsivity scores both in the ventral striatum (r(15)=-.71; p=.003) and the OFC (r(15)=-.81; p<.001).",yes,,yes,yes,yes,,,,,,,,,,llama-3.1-8b-instruct,2,keep,yes,yes,yes,yes,yes,no,impulsivity (general),functional connectivity,lower,"The sentence clearly supports the extracted claim, mentioning a direct association between impulsivity and functional connectivity in the brain, with a specific direction (lower) and a direct relationship.",,Llama 3.1 8B
432,31786275,You do not have to act to be impulsive: Brain resting-state activity predicts performance and impulsivity on the Balloon Analogue Risk Task.,2020,Behavioural brain research,trait impulsivity resting-state fMRI,unknown,BOLD variability,impulsivity (general),unknown,predicts,unclear,unknown,background,0.8,"ALFF significantly correlates with total earnings in the ventral part of the ACC/MPFC (FWE corrected p < 0.05 (uncorrected p value <0.0005; cluster size: ≥10 voxels), while H significantly correlates with total earnings in the anterior insula and the part opercularis of the inferior frontal gyrus.",yes,,yes,yes,yes,,,,,,,,,,llama-3.1-8b-instruct,2,keep,yes,yes,yes,yes,yes,no,impulsivity (general),BOLD variability,positive,"The sentence clearly supports the claim by stating a significant correlation between ALFF (a measure of BOLD variability) and total earnings, which is a measure of impulsivity. The direction of the correlation is positive, as higher ALFF is associated with higher total earnings.",,Llama 3.1 8B
433,35552233,Brain Functional Connectivity Mapping of Behavioral Flexibility in Rhesus Monkeys.,2022,The Journal of neuroscience : the official journal of the Society for Neuroscience,trait impulsivity resting-state fMRI,unknown,unknown,impulsivity (general),unknown,associated_with,unclear,,background,0.8,"Specific areas of connectivity in the rhesus executive control network, including frontal cortices (ventrolateral, ventromedial, and orbital) and the dorsal striatum (caudate, putamen) correlated with perseverative errors and response latency.",yes,,yes,yes,yes,,,,,,,,,,llama-3.1-8b-instruct,2,keep,yes,yes,yes,yes,yes,no,impulsivity (general),perseverative errors and response latency,positively associated,"The sentence clearly supports the claim by mentioning a specific association between brain connectivity and a behavioral phenotype (perseverative errors and response latency), which is related to impulsivity. The direction of the association is implied to be positive, as the sentence mentions 'correlated' with the phenotype. The directness of the claim is also supported, as both the phenotype and feature are named in the sentence.",,Llama 3.1 8B
434,34982027,Dissociation of impulsive traits by subthalamic metabotropic glutamate receptor 4.,2022,eLife,trait impulsivity resting-state fMRI,unknown,functional connectivity,impulsivity (general),unknown,associated_with,unclear,metabotropic glutamate receptor 4 (mGlu4) function,direct,0.8,"In vivo recorded STN neural activity encoded impulsive action as a separable state from basic motor control, characterized by decoupled STN/substantia nigra pars reticulata (SNr) mesoscale networks.",yes,,yes,yes,yes,,,,,,,,,,llama-3.1-8b-instruct,2,keep,yes,yes,yes,yes,yes,no,impulsivity (general),functional connectivity,unclear,"The sentence clearly supports the phenotype (impulsivity), feature type (functional connectivity), relationship (associated with), direction (unclear), and directness (direct) of the claim. The brain system and diagnostic context are not mentioned in the sentence, but this is acceptable since they are marked as 'unknown' in the claim.",,Llama 3.1 8B
435,24526181,Trait impulsivity is related to ventral ACC and amygdala activity during primary reward anticipation.,2015,Social cognitive and affective neuroscience,trait impulsivity resting-state fMRI,unknown,functional connectivity,impulsivity (general),unknown,associated_with,lower,,direct,0.8,Trait impulsivity was associated with increased activation during anticipation of primary reward in the anterior cingulate cortex (ACC) and amygdala.,yes,,yes,yes,yes,,,,,,,,,,llama-3.1-8b-instruct,2,keep,yes,yes,yes,yes,yes,no,,,,,,Llama 3.1 8B
436,40262490,"The relationships of resting-state brain entropy (BEN), ovarian hormones and behavioral inhibition and activation systems (BIS/BAS).",2025,NeuroImage,trait impulsivity resting-state fMRI,unknown,functional connectivity,impulsivity (general),unknown,correlates_with,unclear,unknown,indirect,0.8,BEN showed a positive correlation with impulsivity traits measured by the BAS-drive subscale of BAS in the left DLPFC.,yes,,yes,yes,yes,,,,,,,,,,llama-3.1-8b-instruct,2,keep,yes,yes,yes,yes,yes,no,impulsivity (general),functional connectivity,positive,"The sentence clearly supports the extracted claim, mentioning a positive correlation between resting-state brain entropy (BEN) and impulsivity traits in the left DLPFC.",,Llama 3.1 8B
437,36912839,Identifying Replicable Subgroups in Neurodevelopmental Conditions Using Resting-State Functional Magnetic Resonance Imaging Data.,2023,JAMA network open,trait impulsivity resting-state fMRI,unknown,unknown,impulsivity (general),neurodevelopmental conditions,unknown,unclear,,background,0.5,"there was a significant difference in Strengths and Weaknesses ADHD Symptoms and Normal Behavior Hyperactivity/Impulsivity subscale (SWAN-HI) between 2 subgroups in the POND data (C and D), with subgroup D having increased hyperactivity and impulsivity traits compared with subgroup C (median [IQR], 2.50 [0.00-7.00] vs 1.00 [0.00-5.00]; U = 1.19 × 104; P = .01; η2 = 0.02).",yes,,yes,yes,yes,,,,,,,,,,llama-3.1-8b-instruct,2,keep,yes,yes,yes,yes,yes,no,impulsivity (general),behavioral trait,increased,"The sentence clearly supports the claim by stating a significant difference in impulsivity traits between two subgroups, with subgroup D having increased hyperactivity and impulsivity traits compared with subgroup C. The phenotype 'impulsivity (general)' is supported as it is mentioned in the sentence. The feature 'behavioral trait' is supported as it is a type of impulsivity. The relationship 'association' is supported as it is implied by the significant difference between the subgroups. The direction 'increased' is supported as it is explicitly stated in the sentence. The directness 'direct' is supported as it is a direct comparison between two subgroups. There is no overclaiming as the sentence only mentions a group difference and not a phenotype-feature association.",,Llama 3.1 8B
438,30633429,Connectome-based model predicts individual differences in propensity to trust.,2019,Human brain mapping,trait impulsivity resting-state fMRI,unknown,functional connectivity,impulsivity (general),unknown,predicts,unclear,,indirect,0.8,"We demonstrated that individual variations in the propensity to trust were primarily predicted by RSFC rooted in the functional integration of distributed key nodes-caudate, amygdala, lateral prefrontal cortex, temporal-parietal junction, and the temporal pole-which are part of domain-general large-scale networks essential for the motivational, affective, and cognitive aspects of trust.",yes,,yes,yes,yes,,,,,,,,,,llama-3.1-8b-instruct,2,keep,yes,yes,yes,yes,yes,no,impulsivity (general),functional connectivity,unclear,"The sentence clearly supports the phenotype (impulsivity), feature type (functional connectivity), relationship (predicts), direction (unclear), and directness (indirect) of the claim. The corrected phenotype, feature type, and direction are the same as the extracted claim, as the sentence does not provide any new information to correct them. The sentence does not mention a group difference without a phenotype-feature association, so overclaiming is false.",,Llama 3.1 8B
439,37986005,Specific brain imaging alterations underlying autistic traits in children with attention-deficit/hyperactivity disorder.,2023,Behavioral and brain functions : BBF,trait impulsivity resting-state fMRI,unknown,unknown,impulsivity (general),ADHD,associated_with,higher,,indirect,0.8,Partial-correlation analysis indicated that HI was significantly positively correlated with all aspects of ATs in ADHD.,yes,,yes,yes,yes,,,,,,,,,,llama-3.1-8b-instruct,2,keep,yes,yes,yes,yes,yes,no,impulsivity (general),unknown,higher,"The sentence clearly supports the extracted claim, mentioning a significant positive correlation between HI and all aspects of ATs in ADHD, which aligns with the claim's phenotype, feature, relationship, and direction.",,Llama 3.1 8B
441,29744800,Trait and state patterns of basolateral amygdala connectivity at rest are related to endogenous testosterone and aggression in healthy young women.,2019,Brain imaging and behavior,trait impulsivity resting-state fMRI,unknown,functional connectivity,impulsivity (general),unknown,correlates_with,unclear,,indirect,0.5,"Pre-scan T was negatively correlated with basal rsFC between BLA and left superior temporal gyrus (STG; p < .001, p < .05 Family-Wise Error [FWE] cluster-level corrected), which in turn was associated with increased aggression (r = .37, p = .020).",yes,,yes,yes,yes,,,,,,,,,,llama-3.1-8b-instruct,2,keep,yes,yes,yes,yes,yes,no,impulsivity (general),functional connectivity,negatively correlates with,"The sentence clearly supports the extracted claim by stating a correlation between pre-scan testosterone levels and basal functional connectivity between the BLA and left superior temporal gyrus, which in turn is associated with increased aggression. The direction of the correlation is also clearly stated as negative.",,Llama 3.1 8B
444,38446245,Topological features of functional brain networks and subclinical impulsivity: an investigation in younger and older adults.,2024,Brain structure & function,trait impulsivity resting-state fMRI,unknown,unknown,impulsivity (general),unknown,associated_with,unclear,,background,0.8,"In younger individuals, results revealed that impulsivity was associated with a more widespread, less clustered and less efficient functional organization, at all levels of analyses and in all selected networks.",yes,,yes,yes,yes,,,,,,,,,,llama-3.1-8b-instruct,2,keep,yes,yes,yes,yes,yes,no,impulsivity (general),network organization,positive,"The sentence clearly supports the association between impulsivity and a more widespread, less clustered and less efficient functional organization in younger individuals.",,Llama 3.1 8B
445,26494799,Dopaminergic Modulation of the Functional Ventrodorsal Architecture of the Human Striatum.,2017,"Cerebral cortex (New York, N.Y. : 1991)",trait impulsivity resting-state fMRI,unknown,functional connectivity,impulsivity (general),unknown,associated_with,higher,dopaminergic modulation,direct,0.9,"Furthermore, trait impulsivity was specifically associated with dopaminergic modulation of ventral-to-dorsal striatal connectivity.",yes,,yes,yes,yes,,,,,,,,,,llama-3.1-8b-instruct,2,keep,yes,yes,yes,yes,yes,no,impulsivity (general),functional connectivity,higher,,,Llama 3.1 8B
448,30268936,Amygdala-orbitofrontal functional connectivity mediates the relationship between sensation seeking and alcohol use among binge-drinking adults.,2018,Drug and alcohol dependence,trait impulsivity resting-state fMRI,unknown,functional connectivity,impulsivity (general),binge-drinking adults,mediates,lower,functional connectivity,direct,0.9,Individuals with higher weekly alcohol use displayed decreased right amygdala-OFC FC.,yes,,yes,yes,yes,,,,,,,,,,llama-3.1-8b-instruct,2,keep,yes,yes,yes,yes,yes,no,impulsivity (general),functional connectivity,lower,,,Llama 3.1 8B
449,26406311,Intrinsic Affective Network Is Impaired in Children with Attention-Deficit/Hyperactivity Disorder.,2015,PloS one,trait impulsivity resting-state fMRI,unknown,functional connectivity,impulsivity (general),Attention-Deficit/Hyperactivity Disorder,associated_with,lower,impaired functional integration within the affective network,direct,0.8,"Children with ADHD demonstrated less integrated affective network, evidenced by increased bilateral amygdalar and decreased left orbitofrontal connectivity within the affective network compared to healthy controls.",yes,,yes,yes,yes,,,,,,,,,,llama-3.1-8b-instruct,2,keep,yes,yes,yes,yes,yes,no,impulsivity (general),functional connectivity,lower,"The sentence clearly supports the extracted claim, mentioning a direct association between impulsivity (general) and impaired functional integration within the affective network, specifically lower functional connectivity within the network.",,Llama 3.1 8B
451,30991616,Adolescent binge drinking disrupts normal trajectories of brain functional organization and personality maturation.,2019,NeuroImage. Clinical,trait impulsivity resting-state fMRI,unknown,unknown,impulsivity (general),unknown,unknown,unclear,,background,0.8,We demonstrated longitudinally that after the onset of binge drinking the developmental trajectory of improvement in impulsivity slowed down.,yes,,yes,yes,yes,,,,,,,,,,llama-3.1-8b-instruct,2,keep,yes,yes,yes,yes,yes,no,impulsivity (general),unknown,slowed down,"The sentence clearly supports the extracted claim, mentioning the phenotype (impulsivity), a relationship (developmental trajectory of improvement), and a direction (slowed down).",,Llama 3.1 8B
452,32989168,Compulsivity is linked to reduced adolescent development of goal-directed control and frontostriatal functional connectivity.,2020,Proceedings of the National Academy of Sciences of the United States of America,trait impulsivity resting-state fMRI,frontoparietal/control network,functional connectivity,impulsivity (general),clinically healthy population sample,associated_with,lower,abnormal frontostriatal connectivity,direct,0.8,"Resting-state fMRI data from a subset of the behaviorally assessed subjects (n = 230) revealed that compulsivity is associated with a less pronounced change of within-subject developmental remodeling of functional connectivity, specifically between the striatum and a frontoparietal network.",yes,,yes,yes,yes,,,,,,,,,,llama-3.1-8b-instruct,2,keep,yes,yes,yes,yes,yes,no,impulsivity (general),functional connectivity,lower,"The sentence clearly supports the extracted claim, mentioning a direct association between impulsivity and reduced functional connectivity in a frontoparietal network.",,Llama 3.1 8B
453,32289458,Sensation-seeking is related to functional connectivities of the medial orbitofrontal cortex with the anterior cingulate cortex.,2020,NeuroImage,trait impulsivity resting-state fMRI,unknown,functional connectivity,impulsivity (general),unknown,associated_with,unclear,reward system,direct,0.34,We analysed brain regions involved in sensation-seeking in a large-scale study with 414 participants and showed that the sensation-seeking score could be optimally predicted from the functional connectivity with typically (in different participants) 18 links between brain areas (measured in the resting state with fMRI) with correlation r ​= ​0.34 (p ​= ​7.3 ​× ​10-13) between the predicted and actual sensation-seeking score across all participants.,yes,,yes,yes,yes,,,,,,,,,,llama-3.1-8b-instruct,2,keep,yes,yes,yes,yes,yes,no,impulsivity (general),functional connectivity,positive,"The sentence clearly supports the extracted claim, mentioning a direct relationship between impulsivity (general) and functional connectivity, with a positive direction indicated by the correlation r = 0.34.",,Llama 3.1 8B
455,23139901,The association between cingulate cortex glutamate concentration and delay discounting is mediated by resting state functional connectivity.,2012,Brain and behavior,trait impulsivity resting-state fMRI,unknown,functional connectivity,impulsivity (general),unknown,associated_with,unclear,mediated by,direct,0.8,Results showed that delay discounting was associated with both dACC glutamate concentrations and resting state functional connectivity of the dACC with a midbrain region including ventral tegmental area and substantia nigra.,yes,,yes,yes,yes,,,,,,,,,,llama-3.1-8b-instruct,2,keep,yes,yes,yes,yes,yes,no,impulsivity (general),functional connectivity,associated with,"The sentence clearly supports the extracted claim, mentioning a direct association between impulsivity (general) and functional connectivity, with a specific brain region (dACC) involved.",,Llama 3.1 8B
463,28860514,Delay discounting is associated with the fractional amplitude of low-frequency fluctuations and resting-state functional connectivity in late adolescence.,2017,Scientific reports,trait impulsivity resting-state fMRI,unknown,functional connectivity,impulsivity (general),unknown,associated_with,higher,,direct,0.9,"At the regional level, we found an association between higher DD and greater fALFF in the dorsal anterior cingulate cortex (dACC), which is involved in conflict monitoring and strategy adaptation.",yes,,yes,yes,yes,,,,,,,,,,llama-3.1-8b-instruct,2,keep,yes,yes,yes,yes,yes,no,impulsivity (general),functional connectivity,higher,"The sentence clearly supports the extracted claim by stating an association between higher delay discounting (DD) and greater fractional amplitude of low-frequency fluctuations (fALFF) in a specific brain region, the dorsal anterior cingulate cortex (dACC).",,Llama 3.1 8B
464,40666274,Salience and default networks predict borderline personality traits and affective symptoms: a dynamic functional connectivity analysis.,2025,Frontiers in human neuroscience,trait impulsivity resting-state fMRI,unknown,unknown,impulsivity (general),borderline personality traits,predicts,higher,,direct,0.8,"Specifically, the higher the BPT, the higher the temporal variability inside the SN, and the lower the temporal variability in a network that includes DMN and mentalization regions.",yes,,yes,yes,yes,,,,,,,,,,llama-3.1-8b-instruct,2,keep,yes,yes,yes,yes,yes,no,impulsivity (general),unknown,higher,"The sentence clearly supports the extracted claim by stating that higher borderline personality traits (BPT) are associated with higher temporal variability inside the salience network (SN) and lower temporal variability in a network that includes default mode network (DMN) and mentalization regions. The sentence directly names the phenotype (impulsivity) and the relationship (predicts), and the direction is clearly stated as 'higher'. The directness is also supported as the sentence names both the phenotype and the feature. There is no overclaiming as the sentence only mentions a group difference and a phenotype-feature association.",,Llama 3.1 8B
466,32592635,Altered core networks of brain connectivity and personality traits in internet gaming disorder.,2020,Journal of behavioral addictions,trait impulsivity resting-state fMRI,unknown,functional connectivity,impulsivity (general),internet gaming disorder,associated_with,lower,altered functional and effective connectivity,direct,0.8,IGD participants showed lower functional connectivity between the dorsal lateral prefrontal cortex (DLPFC) and other regions in the CEN than HC participants during resting state.,yes,,yes,yes,yes,,,,,,,,,,llama-3.1-8b-instruct,2,keep,yes,yes,yes,yes,yes,no,impulsivity (general),functional connectivity,lower,"The sentence directly supports the association between impulsivity (general) and altered functional connectivity in internet gaming disorder, with a lower direction.",,Llama 3.1 8B
471,38009082,Adolescent Neurodevelopment Within the Context of Impulsivity and Substance Use.,2023,Current addiction reports,trait impulsivity functional connectivity,unknown,functional connectivity,impulsivity (general),unknown,associated_with,unclear,,indirect,0.8,"When examining brain structure, smaller gray matter volume coupled with lower white matter integrity is associated with greater impulsivity across three components: trait impulsivity, choice impulsivity, and response inhibition.",yes,,yes,yes,yes,,,,,,,,,,llama-3.1-8b-instruct,2,keep,yes,yes,yes,yes,yes,no,impulsivity (general),structural connectivity,positive,"The sentence clearly supports the claim by stating a specific association between brain structure and impulsivity. The direction of the association is implied to be positive, as smaller gray matter volume and lower white matter integrity are associated with greater impulsivity.",,Llama 3.1 8B
477,27940074,ACC GABA levels are associated with functional activation and connectivity in the fronto-striatal network during interference inhibition in patients with borderline personality disorder.,2017,NeuroImage,trait impulsivity functional connectivity,fronto-striatal network,functional connectivity,impulsivity (general),borderline personality disorder,associated_with,unclear,GABA levels,direct,0.8,"ACC GABA levels in BPD patients but not in HCs were positively related to the magnitude of activation in several fronto-striatal regions (e.g. ACC, frontal regions, putamen, caudate,) and the strength of ACC-caudate functional connectivity during interference inhibition.",yes,,yes,yes,yes,,,,,,,,,,llama-3.1-8b-instruct,2,keep,yes,yes,yes,yes,yes,no,impulsivity (general),functional connectivity,positive,"The sentence clearly supports the claim, mentioning a direct association between GABA levels and functional connectivity in the fronto-striatal network during interference inhibition in BPD patients.",,Llama 3.1 8B
478,30705624,The Degree of Modulation of Beta Band Activity During Motor Planning Is Related to Trait Impulsivity.,2019,Frontiers in integrative neuroscience,trait impulsivity functional connectivity,unknown,functional connectivity,impulsivity (general),unknown,associated_with,unclear,,indirect,0.8,We found that the decrease of relative beta band power during action planning in the left fronto-central group of channels was more pronounced in the high impulsivity group than in the low impulsivity group.,yes,,yes,yes,yes,,,,,,,,,,llama-3.1-8b-instruct,2,keep,yes,yes,yes,yes,yes,no,impulsivity (general),functional connectivity,greater in high impulsivity group,"The sentence clearly supports the phenotype (impulsivity), feature (functional connectivity), relationship (associated_with), direction (greater in high impulsivity group), and directness (indirect) when stated. The phenotype and feature are both mentioned in the sentence, and the direction is supported by the comparison between the high and low impulsivity groups.",,Llama 3.1 8B
479,28367514,Impulsive-antisocial dimension of psychopathy linked to enlargement and abnormal functional connectivity of the striatum.,2017,Biological psychiatry. Cognitive neuroscience and neuroimaging,trait impulsivity functional connectivity,unknown,functional connectivity,impulsivity (general),psychopathy,associated_with,higher,aberrant functional connectivity,direct,0.9,These findings associate the impulsive/antisocial dimension of psychopathy with enlarged striatal subnuclei and aberrant functional connectivity between the striatum and other brain regions.,yes,,yes,yes,yes,,,,,,,,,,llama-3.1-8b-instruct,2,keep,yes,yes,yes,yes,yes,no,impulsivity (general),functional connectivity,higher,"The sentence clearly supports the extracted claim, mentioning both the phenotype (impulsivity) and feature (functional connectivity), and stating a direct association with a higher level.",,Llama 3.1 8B
481,31275737,Weakened Functional Connectivity Between the Amygdala and the Ventromedial Prefrontal Cortex Is Longitudinally Related to Psychopathic Traits in Low-Income Males During Early Adulthood.,2019,Clinical psychological science : a journal of the Association for Psychological Science,trait impulsivity functional connectivity,unknown,functional connectivity,impulsivity (general),psychopathy,associated_with,higher,weakened functional connectivity,direct,0.8,"Weakened amygdala-vmPFC functional connectivity to fearful, but not neutral or angry, faces at age 20 was related to higher psychopathic traits at age 22.",yes,,yes,yes,yes,,,,,,,,,,llama-3.1-8b-instruct,2,keep,yes,yes,yes,yes,yes,no,impulsivity (general),functional connectivity,lower,The sentence directly supports the claim by mentioning a specific type of functional connectivity (amygdala-vmPFC) related to a specific type of face (fearful) and its association with higher psychopathic traits. The direction of the relationship is correctly identified as 'lower' based on the sentence's mention of 'weakened' functional connectivity.,,Llama 3.1 8B
485,22805501,Trait impulsivity as an endophenotype for bipolar I disorder.,2012,Bipolar disorders,trait impulsivity functional connectivity,unknown,functional connectivity,impulsivity (general),bipolar I disorder,associated_with,higher,,direct,0.9,Individuals with bipolar I disorder had elevated scores compared to healthy comparison subjects on BIS-11 total score and all three subscales (p < 0.0001).,yes,,yes,yes,yes,,,,,,,,,,llama-3.1-8b-instruct,2,keep,yes,yes,yes,yes,yes,no,impulsivity (general),behavioral trait,higher,"The sentence directly supports the association between impulsivity and bipolar I disorder, with individuals with the disorder having higher scores on a measure of impulsivity compared to healthy controls.",,Llama 3.1 8B
486,33246710,Abnormal organization of inhibitory control functional networks in future binge drinkers.,2021,Drug and alcohol dependence,trait impulsivity functional connectivity,unknown,functional connectivity,impulsivity (general),unknown,unknown,higher,,direct,0.9,"fBD exhibit a distinctive pattern of beta band hyperconnectivity among crucial regions of inhibitory control networks, positively correlated with behavioral traits and future alcohol intake rate.",yes,,yes,yes,yes,,,,,,,,,,llama-3.1-8b-instruct,2,keep,yes,yes,yes,yes,yes,no,impulsivity (general),functional connectivity,higher,"The sentence clearly supports the extracted claim, mentioning impulsivity as a behavioral trait and future alcohol intake rate, which are related to the phenotype. The feature type is also supported as functional connectivity. The relationship is not explicitly stated, but the sentence implies a positive correlation, which is a type of relationship. The direction is supported as higher. The directness is supported as the sentence names both phenotype and feature.",,Llama 3.1 8B
488,29946511,Abnormal cortical gyrification in criminal psychopathy.,2018,NeuroImage. Clinical,trait impulsivity functional connectivity,unknown,functional connectivity,impulsivity (general),psychopathy,associated_with,lower,,direct,0.8,PCL-R scores were negatively associated with LGI measures within the right hemisphere in the midcingulate cortex (MCC) and adjacent regions of the superior frontal gyrus as well as lateral superior parietal cortex.,yes,,yes,yes,yes,,,,,,,,,,llama-3.1-8b-instruct,2,keep,yes,yes,yes,yes,yes,no,impulsivity (general),functional connectivity,lower,"The sentence clearly supports the extracted claim, mentioning a direct association between PCL-R scores (impulsivity) and LGI measures (functional connectivity) in specific brain regions.",,Llama 3.1 8B
496,34678357,Sex-specific static and dynamic functional networks of sub-divisions of striatum linking to the greed personality trait.,2021,Neuropsychologia,trait impulsivity functional connectivity,unknown,functional connectivity,impulsivity (general),unknown,correlates_with,unclear,,indirect,0.5,"GPT was positively correlated with static caudate-NAcc, caudate-cerebellum, and NAcc-parahippocampus/medial orbitofrontal cortex (PHG/mOFC) for males but negatively correlated for females.",yes,,yes,yes,yes,,,,,,,,,,llama-3.1-8b-instruct,2,keep,yes,yes,yes,yes,yes,no,impulsivity (general),functional connectivity,"positive for males, negative for females","The sentence clearly supports the phenotype (impulsivity), feature type (functional connectivity), relationship (correlates_with), direction (positive for males, negative for females), and directness (indirect) when stated. The brain system is not mentioned, but it is not necessary to correct it since it is not required for the claim. The diagnostic context is also not mentioned, but it is not necessary to correct it since it is not required for the claim. The sentence does not overclaim since it mentions a group difference and a phenotype-feature association.",,Llama 3.1 8B
498,29610548,Personality and Neural Correlates of Mentalizing Ability.,2017,European journal of personality,trait impulsivity functional connectivity,default mode network,functional connectivity,unknown,unknown,associated_with,unclear,,background,0.5,"Performance on the theory of mind task was significantly associated with patterns of connectivity between the dorsal medial and core subsystems of the default network, consistent with evidence implicating these regions in mentalization.",yes,,yes,yes,yes,,,,,,,,,,llama-3.1-8b-instruct,2,keep,yes,yes,yes,yes,yes,no,theory of mind task,functional connectivity,positive,"The sentence clearly supports the claim by stating a significant association between the theory of mind task and patterns of connectivity in the default network. The corrected phenotype is the theory of mind task, the corrected feature type is functional connectivity, and the corrected direction is positive.",,Llama 3.1 8B
504,34993375,Brain Networks Associated With COVID-19 Risk: Data From 3662 Participants.,2021,"Chronic stress (Thousand Oaks, Calif.)",trait impulsivity functional connectivity,unknown,functional connectivity,impulsivity (general),COVID-19,associated_with,unclear,,background,0.9,"Overall, lower integration across the brain modules and increased segregation, as reflected by internal within module connectivity, were associated with higher infection rates.",yes,,yes,yes,yes,,,,,,,,,,llama-3.1-8b-instruct,2,keep,yes,yes,yes,yes,yes,no,impulsivity (general),functional connectivity,unclear,"The sentence clearly supports the extracted claim, mentioning a relationship between brain module integration/segregation and infection rates, which is related to impulsivity (general) and functional connectivity.",,Llama 3.1 8B
507,24935353,Neural and psychological mechanisms underlying compulsive drug seeking habits and drug memories--indications for novel treatments of addiction.,2014,The European journal of neuroscience,trait impulsivity functional connectivity,unknown,functional connectivity,impulsivity (general),unknown,associated_with,unclear,loss of prefrontal cortical inhibitory control over drug seeking habits,indirect,0.8,It is argued that compulsive drug use emerges as the result of a loss of prefrontal cortical inhibitory control over drug seeking habits.,yes,,yes,yes,no,,,,,,,,,,llama-3.1-8b-instruct,2,keep,yes,yes,yes,yes,yes,no,impulsivity (general),functional connectivity,unclear,,,Llama 3.1 8B
510,26690326,Interpersonal dependency and online gaming addiction.,2016,Journal of behavioral addictions,trait impulsivity functional connectivity,unknown,unknown,impulsivity (general),unknown,associated_with,unclear,,background,0.5,"High scores on subscales measuring dysfunctional detachment and destructive overdependence were positively associated with online gaming addiction, while healthy dependency was negatively correlated with addiction scores.",yes,,yes,yes,yes,,,,,,,,,,llama-3.1-8b-instruct,2,keep,yes,yes,yes,yes,yes,no,impulsivity (general),behavioral,positive,"The sentence clearly supports the extracted claim, mentioning a specific phenotype (impulsivity), a feature type (behavioral), a relationship (associated with), a direction (positive), and directness (background).",,Llama 3.1 8B
511,37058964,Impulsivity and self-regulation: A dual-process model of risky driving in young drivers in Iran.,2023,Accident; analysis and prevention,trait impulsivity functional connectivity,unknown,unknown,impulsivity (general),unknown,unknown,unclear,,unclear,0.8,Executive functions and driving self-regulation mediated the effect of attention impulsivity on driving errors.,yes,,yes,yes,yes,,,,,,,,,,llama-3.1-8b-instruct,2,keep,yes,yes,yes,yes,yes,no,impulsivity (general),driving errors,positive,"The sentence clearly supports the phenotype (impulsivity), feature (driving errors), relationship (mediated), direction (positive), and directness (direct).",,Llama 3.1 8B
515,41769519,Evil's Anatomy: Structural Correlates of Violent Behavior.,2026,Cureus,trait impulsivity functional connectivity,unknown,structural connectivity,impulsivity (general),unknown,associated_with,unclear,,background,0.8,"The findings indicate that alterations in grey matter volume in key structures, such as the prefrontal cortex (orbitofrontal, ventromedial, and dorsolateral), temporal lobe (amygdala and hippocampus), cingulate cortex, and insula, are associated with impulsivity, a lack of empathy, and aggressiveness.",yes,,yes,yes,yes,,,,,,,,,,llama-3.1-8b-instruct,2,keep,yes,yes,yes,yes,yes,no,impulsivity (general),structural connectivity,associated_with,The sentence clearly supports the extracted claim by stating a specific association between alterations in grey matter volume and impulsivity.,,Llama 3.1 8B
517,32121585,"Random Forest Classification of Alcohol Use Disorder Using EEG Source Functional Connectivity, Neuropsychological Functioning, and Impulsivity Measures.",2020,"Behavioral sciences (Basel, Switzerland)",nonplanning impulsivity functional connectivity,default mode network,functional connectivity,nonplanning impulsivity,Alcohol Use Disorder,associated_with,higher,neural hyperexcitability and impulsivity,direct,0.8,"The AUD group showed a predominant pattern of hyperconnectivity among 25 of 29 significant connections, indicating aberrant network functioning during resting state suggestive of neural hyperexcitability and impulsivity.",yes,,yes,yes,yes,,,,,,,,,,llama-3.1-8b-instruct,2,keep,yes,yes,yes,yes,yes,no,nonplanning impulsivity,functional connectivity,higher,"The sentence clearly supports the claim by mentioning a direct association between the phenotype (implied by 'aberrant network functioning during resting state suggestive of neural hyperexcitability and impulsivity') and the feature (functional connectivity), with a higher direction.",,Llama 3.1 8B
518,24781521,Compromised frontocerebellar circuitry contributes to nonplanning impulsivity in recovering alcoholics.,2014,Psychopharmacology,nonplanning impulsivity functional connectivity,unknown,functional connectivity,nonplanning impulsivity,alcoholism,associated_with,higher,compromised frontocerebellar circuitry,indirect,0.8,"Healthy controls demonstrated strong synchronous activity between the dACC and cerebellum while planning and executing a behavioral strategy. By contrast, alcoholics showed synchronous activity between the dACC and the premotor cortex, perhaps enabling successful compensation for accuracy and reaction time in certain conditions; however, a negative outcome of this strategy was rigidity in modifying response strategy to accommodate uncertain conditions. Compared with the alcoholic group, the control group had lower nonplanning impulsiveness, which correlated with using the option PASS to respond in uncertain conditions.",yes,,yes,yes,yes,,,,,,,,,,llama-3.1-8b-instruct,2,keep,yes,yes,yes,yes,yes,no,,,,"The sentence clearly supports the claim of nonplanning impulsivity being associated with compromised frontocerebellar circuitry, as it mentions the control group having lower nonplanning impulsiveness compared to the alcoholic group.",,Llama 3.1 8B
520,37030546,Disrupted functional networks within white-matter served as neural features in adolescent patients with conduct disorder.,2023,Behavioural brain research,nonplanning impulsivity functional connectivity,unknown,functional connectivity,nonplanning impulsivity,conduct disorder,associated_with,lower,disrupted functional networks,direct,0.8,"Further, the disrupted FCs between ON and STN and between OFN and CRN were significantly negatively associated with non-planning impulsivity scores in CD.",yes,,yes,yes,yes,,,,,,,,,,llama-3.1-8b-instruct,2,keep,yes,yes,yes,yes,yes,no,nonplanning impulsivity,functional connectivity,lower,"The sentence clearly supports the extracted claim, mentioning a direct association between disrupted functional connectivity and nonplanning impulsivity in the context of conduct disorder.",,Llama 3.1 8B
521,24200210,An intrinsic connectivity network approach to insula-derived dysfunctions among cocaine users.,2013,The American journal of drug and alcohol abuse,nonplanning impulsivity functional connectivity,unknown,functional connectivity,nonplanning impulsivity,cocaine users,associated_with,higher,aberrant insula-derived intrinsic connectivity patterns,direct,0.8,The degree of reduced inter-network connectivity was significantly related to greater non-planning impulsivity in cocaine users.,yes,,yes,yes,yes,,,,,,,,,,llama-3.1-8b-instruct,2,keep,yes,yes,yes,yes,yes,no,nonplanning impulsivity,functional connectivity,higher,"The sentence clearly supports the extracted claim, mentioning nonplanning impulsivity as the phenotype, functional connectivity as the feature type, association with as the relationship, higher as the direction, and directness as direct.",,Llama 3.1 8B
522,38902791,Graph analysis uncovers an opposing impact of methylphenidate on connectivity patterns within default mode network sub-divisions.,2024,Behavioral and brain functions : BBF,nonplanning impulsivity functional connectivity,default mode network,functional connectivity,nonplanning impulsivity,healthy adults,associated_with,lower,methylphenidate administration,direct,0.8,Decreased connectivity of the DMN sub-network with the cinguloopercular network following MPH administration was associated with elevated impulsivity and non-planning impulsiveness.,yes,,yes,yes,yes,,,,,,,,,,llama-3.1-8b-instruct,2,keep,yes,yes,yes,yes,yes,no,nonplanning impulsivity,functional connectivity,lower,"The sentence clearly supports the extracted claim, mentioning both nonplanning impulsivity as the phenotype and functional connectivity as the feature type. The relationship is 'associated_with', and the direction is 'lower' which matches the claim. The directness is also 'direct' as the sentence names both phenotype and feature.",,Llama 3.1 8B
524,23355606,Synchrony of anterior cingulate cortex and insular-striatal activation predicts ambiguity aversion in individuals with low impulsivity.,2014,"Cerebral cortex (New York, N.Y. : 1991)",nonplanning impulsivity functional connectivity,unknown,functional connectivity,nonplanning impulsivity,healthy participants,predicts,lower,synchrony between the dACC and insula-striatal circuitry,direct,0.8,Individuals with lower nonplanning impulsiveness made greater use of a Pass option and avoided uncertain ambiguous situations. Seed-based functional connectivity analysis during the task runs revealed that stronger activation synchrony between the left dACC and the right anterior insula correlated with greater use of a Pass response option.,yes,,yes,yes,yes,,,,,,,,,,llama-3.1-8b-instruct,2,keep,yes,yes,yes,yes,yes,no,nonplanning impulsivity,functional connectivity,lower,"The sentence clearly supports the phenotype, feature, relationship, and direction when stated.",,Llama 3.1 8B
525,35126053,Regional Homogeneity Abnormalities and Its Correlation With Impulsivity in Male Abstinent Methamphetamine Dependent Individuals.,2021,Frontiers in molecular neuroscience,nonplanning impulsivity resting-state fMRI,unknown,BOLD variability,impulsivity (general),methamphetamine dependent individuals,correlates_with,lower,,indirect,0.8,"The ReHo values of the left precentral gyrus were negatively correlated with the BIS-attention, BIS-motor, and BIS-nonplanning subscale scores, while the ReHo values of the postcentral gyrus were only negatively correlated with the BIS-motor subscale scores in MADs.",yes,,yes,yes,yes,,,,,,,,,,llama-3.1-8b-instruct,2,keep,yes,yes,yes,yes,yes,no,impulsivity (general),BOLD variability,lower,"The sentence clearly supports the extracted claim, mentioning a correlation between ReHo values and impulsivity subscale scores in methamphetamine dependent individuals.",,Llama 3.1 8B
527,34406053,Neuroimaging in Attention-Deficit/Hyperactivity Disorder: Recent Advances.,2022,AJR. American journal of roentgenology,attentional impulsivity resting-state fMRI,unknown,unknown,impulsivity (general),ADHD,unknown,unclear,,background,0.5,"Most anatomic studies report abnormalities in the frontal lobes, basal ganglia, and corpus callosum; decreased surface area in the left ventral frontal and right prefrontal cortex; thinner medial temporal lobes; and smaller caudate nuclei.",yes,,yes,yes,yes,,,,,,,,,,llama-3.1-8b-instruct,2,keep,yes,yes,yes,yes,yes,no,impulsivity (general),brain structure,decreased,The sentence clearly supports the claim by mentioning abnormalities in brain structures associated with impulsivity in ADHD.,,Llama 3.1 8B
529,33484850,The neural substrates of subliminal attentional bias and reduced inhibition in individuals with a higher BMI: A VBM and resting state connectivity study.,2021,NeuroImage,attentional impulsivity resting-state fMRI,unknown,unknown,attentional impulsivity,higher BMI,associated_with,higher,,indirect,0.8,"A higher BMI predicted slower subliminal processing of images independently of the type of stimulus (food or nonfood, p = 0.001, εp2 = 0.17).",yes,,yes,yes,yes,,,,,,,,,,llama-3.1-8b-instruct,2,keep,yes,yes,yes,yes,yes,no,attentional impulsivity,unknown,higher,"The sentence clearly supports the claim by stating a higher BMI is associated with slower subliminal processing, which is a feature of attentional impulsivity. The direction of the association is also correctly captured as 'higher'.",,Llama 3.1 8B
530,35859076,Centrality and interhemispheric coordination are related to different clinical/behavioral factors in attention deficit/hyperactivity disorder: a resting-state fMRI study.,2022,Brain imaging and behavior,attentional impulsivity resting-state fMRI,unknown,functional connectivity,impulsivity (general),attention deficit/hyperactivity disorder,correlates_with,unclear,,indirect,0.5,"EC was positively correlated with ADHD severity scores at the network level (at p-value < 0.01, Inattentive: Cerebellum rho = 0.273; Hyper/Impulsive: High-Visual Network rho = 0.242, Cerebellum rho = 0.273; Global Index Severity: High-Visual Network rho = 0.241, Cerebellum rho = 0.293).",yes,,yes,yes,yes,,,,,,,,,,llama-3.1-8b-instruct,2,keep,yes,yes,yes,yes,yes,no,impulsivity (general),functional connectivity,positive,"The sentence clearly supports the claim by stating a positive correlation between EC and ADHD severity scores, specifically mentioning impulsivity and functional connectivity.",,Llama 3.1 8B
533,30520697,Exploring the Brain Lateralization in ADHD Based on Variability of Resting-State fMRI Signal.,2021,Journal of attention disorders,attentional impulsivity resting-state fMRI,unknown,functional connectivity,attentional impulsivity,ADHD,associated_with,higher,,direct,0.8,"ADHD patients showed significantly increased rightward lateralization in the inferior frontal gyrus (opercular), precuneus, and paracentral lobule, and decreased rightward lateralization in the insula.",yes,,yes,yes,yes,,,,,,,,,,llama-3.1-8b-instruct,2,keep,yes,yes,yes,yes,yes,no,attentional impulsivity,functional connectivity,higher,"The sentence directly states that ADHD patients have increased rightward lateralization in certain brain regions, which is associated with attentional impulsivity, a higher level of functional connectivity, and in the direction of higher rightward lateralization.",,Llama 3.1 8B
535,25928822,Altered resting-state frontoparietal control network in children with attention-deficit/hyperactivity disorder.,2015,Journal of the International Neuropsychological Society : JINS,attentional impulsivity resting-state fMRI,frontoparietal/control network,functional connectivity,attentional impulsivity,attention-deficit/hyperactivity disorder,associated_with,lower,disconnection model and executive dysfunction model,direct,0.8,"Furthermore, this aberrant connectivity of the frontoparietal control network in ADHD was associated with symptoms of impulsivity and opposition-defiance, as well as impaired response inhibition and attentional control.",yes,,yes,yes,yes,,,,,,,,,,llama-3.1-8b-instruct,2,keep,yes,yes,yes,yes,yes,no,attentional impulsivity,functional connectivity,lower,"The sentence clearly supports the association between altered frontoparietal control network connectivity and attentional impulsivity, which is a symptom of ADHD. The sentence also supports the relationship between this connectivity and other symptoms of ADHD, such as impaired response inhibition and attentional control.",,Llama 3.1 8B
538,37327696,"Individual differences in delay discounting are associated with dorsal prefrontal cortex connectivity in children, adolescents, and adults.",2023,Developmental cognitive neuroscience,attentional impulsivity resting-state fMRI,default mode network,functional connectivity,impulsivity (general),unknown,associated_with,higher,,direct,0.8,"Greater delay discounting was associated with greater functional connectivity between the dorsal prefrontal cortex and other default mode network regions, but reduced connectivity with regions in the dorsal and ventral attention networks.",yes,,yes,yes,yes,,,,,,,,,,llama-3.1-8b-instruct,2,keep,yes,yes,yes,yes,yes,no,impulsivity (general),functional connectivity,higher,"The sentence clearly supports the extracted claim, mentioning a direct association between impulsivity (general) and functional connectivity in the brain, specifically in the default mode network.",,Llama 3.1 8B
542,29048582,Salience network dynamics underlying successful resistance of temptation.,2017,Social cognitive and affective neuroscience,attentional impulsivity resting-state fMRI,salience/ventral attention network,dynamic connectivity,attentional impulsivity,unknown,correlates_with,higher,,direct,0.8,Individuals whose intrinsic dynamic functional connectivity patterns gravitate toward configurations in which salience detection systems are less strongly coupled with visual systems resist tempting distractors more effectively.,yes,,yes,yes,yes,,,,,,,,,,llama-3.1-8b-instruct,2,keep,yes,yes,yes,yes,yes,no,attentional impulsivity,dynamic connectivity,higher,"The sentence clearly supports the claim by stating a direct relationship between attentional impulsivity and dynamic connectivity in the salience network, with a higher level of connectivity correlating with better resistance to temptation.",,Llama 3.1 8B
547,26363140,The executive control network and symptomatic improvement in attention-deficit/hyperactivity disorder.,2015,Cortex; a journal devoted to the study of the nervous system and behavior,attentional impulsivity resting-state fMRI,unknown,functional connectivity,impulsivity (general),ADHD,associated_with,higher,integration of prefrontal regions in the executive control network,direct,0.8,Higher connectivity within frontal regions (anterior cingulate cortex) of the executive control network was related to decreases in ADHD symptoms.,yes,,yes,yes,yes,,,,,,,,,,llama-3.1-8b-instruct,2,keep,yes,yes,yes,yes,yes,no,impulsivity (general),functional connectivity,lower,"The sentence directly states that higher connectivity is related to decreases in ADHD symptoms, which implies that higher connectivity is associated with lower impulsivity.",,Llama 3.1 8B
550,25959594,Neurobiological indicators of disinhibition in posttraumatic stress disorder.,2015,Human brain mapping,attentional impulsivity resting-state fMRI,unknown,unknown,impulsivity (general),posttraumatic stress disorder,associated_with,unclear,,background,0.8,"Together, study findings suggest that reductions in cortical thickness in regions involved in flexible decision-making, emotion regulation, and response inhibition contribute to impulse control deficits in PTSD.",yes,,yes,yes,yes,,,,,,,,,,llama-3.1-8b-instruct,2,keep,yes,yes,yes,yes,yes,no,impulsivity (general),impulse control deficits,increased,"The sentence clearly supports the claim by stating a relationship between cortical thickness and impulsivity in PTSD. The direction of the relationship is implied to be negative (reductions in cortical thickness contribute to impulse control deficits), which matches the direction of the claim. The directness of the relationship is also supported as it is stated to contribute to the phenotype.",,Llama 3.1 8B
553,37011715,Conscientiousness associated with efficiency of the salience/ventral attention network: Replication in three samples using individualized parcellation.,2023,NeuroImage,attentional impulsivity resting-state fMRI,salience/ventral attention network,functional connectivity,impulsivity (general),unknown,associated_with,unclear,,direct,0.8,Efficiency of a set of parcels in the SVAN was significantly associated with conscientiousness in all samples.,yes,,yes,yes,yes,,,,,,,,,,llama-3.1-8b-instruct,2,keep,yes,yes,yes,yes,yes,no,impulsivity (general),functional connectivity,unclear,,,Llama 3.1 8B
556,32114120,Estimating individual scores of inattention and impulsivity based on dynamic features of intrinsic connectivity network.,2020,Neuroscience letters,attentional impulsivity resting-state fMRI,unknown,unknown,impulsivity (general),ADHD,associated_with,unclear,,indirect,0.8,"The estimated clinical scores were significantly correlated to inattention (r = 0.4 ± 0.02, p < 0.01) and impulsivity (r = 0.31 ± 0.02, p < 0.01).",yes,,yes,yes,yes,,,,,,,,,,llama-3.1-8b-instruct,2,keep,yes,yes,yes,yes,yes,no,impulsivity (general),unknown,positive,"The sentence clearly supports the association between impulsivity and the estimated clinical scores, indicating a positive direction.",,Llama 3.1 8B
557,30366150,Mapping Internet gaming disorder using effective connectivity: A spectral dynamic causal modeling study.,2019,Addictive behaviors,attentional impulsivity resting-state fMRI,default mode network,dynamic connectivity,unknown,Internet gaming disorder,correlates_with,lower,effective connectivity,direct,0.8,Our findings suggest that the decreased excitatory connectivity from the mPFC to the PCC may be a crucial biomarker for IGD.,yes,,yes,yes,yes,,,,,,,,,,llama-3.1-8b-instruct,2,keep,yes,yes,yes,yes,yes,no,Internet gaming disorder,excitatory connectivity,decreased,"The sentence clearly supports the claim, mentioning a specific phenotype (Internet gaming disorder), feature type (excitatory connectivity), relationship (correlates with), direction (lower), and directness (direct).",,Llama 3.1 8B
559,27812554,Attention-Deficit/Hyperactivity Disorder symptoms coincide with altered striatal connectivity.,2016,Biological psychiatry. Cognitive neuroscience and neuroimaging,attentional impulsivity resting-state fMRI,unknown,functional connectivity,impulsivity (general),ADHD,associated_with,higher,altered connectivity,indirect,0.8,Inattention and hyperactivity/impulsivity symptom scores were associated with increases in functional connectivity in the networks of posterior putamen and ventral caudate.,yes,,yes,yes,no,,,,,,,,,,llama-3.1-8b-instruct,2,keep,yes,yes,yes,yes,yes,no,impulsivity (general),functional connectivity,higher,"The sentence clearly supports the extracted claim, mentioning impulsivity (a type of inattention and hyperactivity/impulsivity) and functional connectivity, which is associated with increases in the networks of posterior putamen and ventral caudate, indicating higher connectivity.",,Llama 3.1 8B
560,39551190,Attention and emotion in adolescents with ADHD; a time-varying functional connectivity study.,2025,Journal of affective disorders,attentional impulsivity resting-state fMRI,unknown,dynamic connectivity,impulsivity (general),ADHD,associated_with,unclear,,indirect,0.8,"We present two significant group*behavior effects. Compared to controls, adolescents with ADHD had 1) diminished salience network-centered dynamic FNC that was driven by an integrated ADHD phenotype (p < .004, r = 0.57) and 2) more variable patterns of global connectivity, as measured through meta-state analysis, which were driven by heightened emotional reactivity (p < .002, r = 0.63).",yes,,yes,yes,yes,,,,,,,,,,llama-3.1-8b-instruct,2,keep,yes,yes,yes,yes,yes,no,impulsivity (general),dynamic connectivity,unclear,The sentence clearly supports the extracted claim. The phenotype 'impulsivity (general)' is mentioned in the sentence as an 'integrated ADHD phenotype'. The feature type 'dynamic connectivity' is supported by the mention of 'salience network-centered dynamic FNC' and 'meta-state analysis'. The relationship 'associated_with' is supported by the phrase 'driven by'. The direction 'unclear' is supported by the sentence structure. The directness 'indirect' is supported by the sentence structure.,,Llama 3.1 8B
565,36747838,Individual Differences in Delay Discounting are Associated with Dorsal Prefrontal Cortex Connectivity in Youth.,2023,bioRxiv : the preprint server for biology,attentional impulsivity resting-state fMRI,default mode network,functional connectivity,impulsivity (general),youth,associated_with,higher,,direct,0.8,"Delay discounting was associated with greater functional connectivity between the dorsal prefrontal cortex and other parts of the default mode network, and reduced connectivity with regions in the dorsal and ventral attention networks.",yes,,yes,yes,yes,,,,,,,,,,llama-3.1-8b-instruct,2,keep,yes,yes,yes,yes,yes,no,impulsivity (general),functional connectivity,higher,"The sentence clearly supports the extracted claim, mentioning a direct association between impulsivity and greater functional connectivity in the default mode network, which matches the extracted brain system.",,Llama 3.1 8B
570,31978743,Neural correlates and role of medication in reactive motor impulsivity in Tourette disorder.,2020,Cortex; a journal devoted to the study of the nervous system and behavior,attentional impulsivity resting-state fMRI,unknown,functional connectivity,motor impulsivity,Tourette disorder,associated_with,higher,increased grey matter signal from the right supplementary motor area and inferior frontal gyrus; decreased resting-state spontaneous activity of the left putamen; higher functional connectivity between the inferior frontal gyrus and the superior temporal gyri (bilaterally); lower functional connectivity between the cerebellum and the right subthalamic nucleus,direct,0.9,We found a higher reactive motor impulsivity in TD patients medicated with antipsychotics compared to unmedicated TD patients and controls.,yes,,yes,yes,yes,,,,,,,,,,llama-3.1-8b-instruct,2,keep,yes,no,yes,yes,yes,no,motor impulsivity,behavioral,higher,"The sentence directly supports the association between motor impulsivity and higher reactive motor impulsivity in TD patients, but it does not directly support the feature type (functional connectivity) or the brain system involved.",,Llama 3.1 8B
571,37561637,Abnormal frontostriatal connectivity and serotonin function in gambling disorder: A preliminary exploratory study.,2023,Journal of behavioral addictions,attentional impulsivity resting-state fMRI,unknown,functional connectivity,attentional impulsivity,gambling disorder,associated_with,lower,abnormal frontostriatal connectivity and serotonergic function,direct,0.9,"Right NAcc 11C-MADAM binding potential correlated with attentional impulsivity in individuals with gambling disorder (r = -0.73, p = 0.005).",yes,,yes,yes,yes,,,,,,,,,,llama-3.1-8b-instruct,2,keep,yes,yes,yes,yes,yes,no,attentional impulsivity,functional connectivity,lower,"The sentence directly states a correlation between right NAcc 11C-MADAM binding potential and attentional impulsivity in individuals with gambling disorder, which matches the extracted claim.",,Llama 3.1 8B
572,27664824,Perceived social isolation is associated with altered functional connectivity in neural networks associated with tonic alertness and executive control.,2017,NeuroImage,attentional impulsivity resting-state fMRI,unknown,functional connectivity,attentional impulsivity,unknown,associated_with,higher,,direct,0.9,"We suggest that, in PSI, increased within-network cingulo-opercular FC may be associated with hypervigilance to social threat, whereas reduced right middle/superior frontal gyrus FC to the cingulo-opercular network may be associated with diminished impulse control.",yes,,yes,yes,yes,,,,,,,,,,llama-3.1-8b-instruct,2,keep,yes,yes,yes,yes,yes,no,attentional impulsivity,functional connectivity,higher,"The sentence clearly supports the claim by mentioning a specific association between functional connectivity and attentional impulsivity, with a clear direction of higher functional connectivity.",,Llama 3.1 8B
574,34294803,Functional network topology of the right insula affects emotion dysregulation in hyperactive-impulsive attention-deficit/hyperactivity disorder.,2021,Scientific reports,attentional impulsivity resting-state fMRI,unknown,functional connectivity,attentional impulsivity,attention-deficit/hyperactivity disorder,associated_with,higher,,direct,0.8,"In individuals with ADHD characterized by prominent hyperactivity-impulsivity, the latent emotion dysregulation variable was related to an increased clustering and local efficiency of the right insula.",yes,,yes,yes,yes,,,,,,,,,,llama-3.1-8b-instruct,2,keep,yes,yes,yes,yes,yes,no,attentional impulsivity,functional connectivity,higher,,,Llama 3.1 8B
577,40334458,Temporal variability-based alternations in dynamic functional networks in internet gaming disorder.,2025,Journal of psychiatric research,attentional impulsivity resting-state fMRI,default mode network,dynamic connectivity,attentional impulsivity,internet gaming disorder,correlates_with,lower,temporal variability-based alternations,direct,0.8,"Compared to RGUs, IGD individuals exhibited decreased within-network variability in the default mode network (DMN), increased within-network temporal variability in the ventral attention network (VAN), and increased between-network temporal variability in sensorimotor network (SMN) and VAN, SMN and limbic network (LN), VAN and LN.",yes,,yes,yes,yes,,,,,,,,,,llama-3.1-8b-instruct,2,keep,yes,yes,yes,yes,yes,no,attentional impulsivity,dynamic connectivity,lower,"The sentence directly supports the claim by stating a correlation between attentional impulsivity and decreased within-network variability in the default mode network, which is a specific brain system mentioned in the claim.",,Llama 3.1 8B
578,29554302,Ventral Striatal D2/3 Receptor Availability Is Associated with Impulsive Choice Behavior As Well As Limbic Corticostriatal Connectivity.,2018,The international journal of neuropsychopharmacology,attentional impulsivity resting-state fMRI,unknown,unknown,impulsivity (general),unknown,associated_with,lower,D2/3 receptor availability,indirect,0.9,"Delay-discounting task impulsivity was inversely related to D2/3 receptor availability in the nucleus accumbens core but not the dorsal striatum, with higher D2/3 binding in the nucleus accumbens shell of high-impulsive rats compared with low-impulsive rats.",yes,,yes,yes,yes,,,,,,,,,,llama-3.1-8b-instruct,2,keep,yes,yes,yes,yes,yes,no,impulsivity (general),behavioral choice,lower,"The sentence clearly supports the extracted claim, mentioning impulsivity as a phenotype, a relationship of association, a lower direction, and indirect directness. The feature type is inferred as 'behavioral choice' based on the context of the sentence, and the brain system is mentioned as 'nucleus accumbens core' and 'dorsal striatum', which can be considered as part of the 'striatal system'.",,Llama 3.1 8B
579,26802508,A failure of suppression within the default mode network in depressed adolescents with compulsive internet game play.,2016,Journal of affective disorders,attentional impulsivity resting-state fMRI,default mode network,functional connectivity,attentional impulsivity,depression,associated_with,higher,failure to suppress default mode network activity,direct,0.8,"In cohorts of individuals with a history of compulsive internet game play, individuals with depression showed failure to suppress default mode network activity during an attentionally demanding task, compared to individuals without depression, including comparison groups with and without a history of compulsive video gaming.",yes,,yes,yes,yes,,,,,,,,,,llama-3.1-8b-instruct,2,keep,yes,yes,yes,yes,yes,no,attentional impulsivity,functional connectivity,higher,,,Llama 3.1 8B
584,32800380,"Estimating the Heritability of Developmental Change in Neural Connectivity, and Its Association With Changing Symptoms of Attention-Deficit/Hyperactivity Disorder.",2021,Biological psychiatry,attentional impulsivity resting-state fMRI,unknown,structural connectivity,impulsivity (general),ADHD,associated_with,unclear,unknown,background,0.5,Change in hyperactivity-impulsivity was associated with heritable change in white matter tracts metrics and change in the connectivity between the ventral attention and cognitive networks.,yes,,yes,yes,yes,,,,,,,,,,llama-3.1-8b-instruct,2,keep,yes,yes,yes,yes,yes,no,impulsivity (general),structural connectivity,unclear,"The sentence clearly supports the extracted claim, mentioning a relationship between impulsivity and structural connectivity, with an unclear direction. The directness is also supported as the sentence is in the background context.",,Llama 3.1 8B
585,34851976,Differential structure-function network coupling in the inattentive and combined types of attention deficit hyperactivity disorder.,2021,PloS one,attentional impulsivity resting-state fMRI,unknown,unknown,attentional impulsivity,ADHD,correlates_with,lower,,indirect,0.8,"Relative to TDC, children with ADHD had lower structural connectivity and network efficiency in the DMN, without significant group differences in functional networks.",yes,,yes,yes,yes,,,,,,,,,,llama-3.1-8b-instruct,2,keep,yes,yes,yes,yes,yes,no,attentional impulsivity,network efficiency,lower,"The sentence clearly supports the claim, mentioning a specific phenotype (attentional impulsivity), feature (network efficiency), relationship (correlates with), direction (lower), and directness (indirect).",,Llama 3.1 8B
586,30099805,Binge drinking is associated with attenuated frontal and parietal activation during successful response inhibition in fearful context.,2019,The European journal of neuroscience,attentional impulsivity resting-state fMRI,unknown,functional connectivity,attentional impulsivity,fearful context,associated_with,lower,disrupted functional connectivity within brain substrates directing attention,direct,0.8,"Higher binge drinking attenuated frontal and parietal activation during successful response inhibition within a fearful context, indicating the selective emotional facilitation of inhibitory control.",yes,,yes,yes,no,,,,,,,,,,llama-3.1-8b-instruct,2,keep,yes,yes,yes,yes,yes,no,attentional impulsivity,functional connectivity,lower,"The sentence clearly supports the extracted claim, mentioning binge drinking's effect on frontal and parietal activation during successful response inhibition in a fearful context, which aligns with the claim's description of attentional impulsivity and disrupted functional connectivity within brain substrates directing attention.",,Llama 3.1 8B
588,41572717,Machine Learning-driven ADHD Classification: Exploring Medication Effects with VMD Sub-band Analysis.,2026,Current computer-aided drug design,attentional impulsivity resting-state fMRI,unknown,unknown,impulsivity (general),ADHD,associated_with,unclear,,background,0.8,"Attention Deficit Hyperactivity Disorder (ADHD) is a prevalent neurodevelopmental disorder characterized by inattention, impulsivity, and hyperactivity.",yes,,yes,yes,yes,,,,,,,,,,llama-3.1-8b-instruct,2,keep,yes,yes,yes,yes,yes,no,impulsivity (general),unknown,unclear,"The sentence clearly supports the phenotype (impulsivity) and feature (unknown), and the relationship is 'associated_with'. The direction is 'unclear' which matches the extracted direction. The directness is 'background' which matches the extracted directness. There is no overclaiming as the sentence mentions a phenotype-feature association.",,Llama 3.1 8B
591,39339712,Investigating the Impact of Nutrition and Oxidative Stress on Attention Deficit Hyperactivity Disorder.,2024,Nutrients,attentional impulsivity functional connectivity,unknown,unknown,impulsivity (general),ADHD,unknown,unclear,oxidative stress,background,0.8,Oxidative stress plays a critical role in the development and manifestation of ADHD symptoms.,yes,,yes,yes,yes,,,,,,,,,,llama-3.1-8b-instruct,2,keep,yes,yes,yes,yes,yes,no,impulsivity (general),,,,,Llama 3.1 8B
592,39500949,Exploring the impact of probiotics on adult ADHD management through a double-blind RCT.,2024,Scientific reports,attentional impulsivity functional connectivity,unknown,unknown,impulsivity (general),ADHD,associated_with,lower,unknown,indirect,0.8,There was also a negative correlation between FCC and symptoms of attention and impulsivity.,yes,,yes,yes,yes,,,,,,,,,,llama-3.1-8b-instruct,2,keep,yes,yes,yes,yes,yes,no,impulsivity (general),symptoms,lower,,,Llama 3.1 8B
596,22153589,Abnormal functional connectivity in children with attention-deficit/hyperactivity disorder.,2012,Biological psychiatry,attentional impulsivity functional connectivity,default mode network,functional connectivity,attentional impulsivity,attention-deficit/hyperactivity disorder,correlates_with,lower,impaired interactions between control and reward pathways,direct,0.8,Children with ADHD had lower connectivity (short- and long-range) in regions of the dorsal attention (superior parietal cortex) and default-mode (precuneus) networks and in cerebellum and higher connectivity (short-range) in reward-motivation regions (ventral striatum and orbitofrontal cortex) than control subjects.,yes,,yes,yes,yes,,,,,,,,,,llama-3.1-8b-instruct,2,keep,yes,yes,yes,yes,yes,no,attentional impulsivity,functional connectivity,lower,,,Llama 3.1 8B
600,40840870,Comparison of 5-Day Multidaily Neuronavigated Theta-Burst Sessions With 6-Week Standard Repetitive Transcranial Magnetic Stimulation (the Dutch Depression Outcome Trial): Protocol for a Randomized Controlled Trial.,2025,JMIR research protocols,attentional impulsivity functional connectivity,unknown,functional connectivity,unknown,depression,associated_with,unclear,,background,0.0,Personalized targets will be identified in the accelerated intermittent theta-burst stimulation condition based on negative functional coupling between the subgenual anterior cingulate cortex and the dorsolateral prefrontal cortex.,yes,,yes,yes,yes,,,,,,,,,,llama-3.1-8b-instruct,2,keep,yes,yes,yes,yes,yes,no,depression,functional connectivity,negative,"The sentence clearly supports the claim by mentioning a specific relationship between the subgenual anterior cingulate cortex and the dorsolateral prefrontal cortex, which is associated with depression. The direction of the relationship is also clearly stated as negative functional coupling.",,Llama 3.1 8B
601,24023940,Elevated functional connectivity in a striatal-amygdala circuit in pathological gamblers.,2013,PloS one,attentional impulsivity functional connectivity,unknown,functional connectivity,attentional impulsivity,pathological gamblers,associated_with,higher,dysfunctions of the ventral striatum,direct,0.9,"In line with previous studies in other ICDs, we observed reliable increases in functional coupling between striatum and bilateral amygdala in gamblers vs. controls.",yes,,yes,yes,yes,,,,,,,,,,llama-3.1-8b-instruct,2,keep,yes,yes,yes,yes,yes,no,attentional impulsivity,functional connectivity,higher,The sentence directly supports the association between attentional impulsivity and higher functional connectivity in a striatal-amygdala circuit in pathological gamblers.,,Llama 3.1 8B
605,18568333,[Legal aspects of hyperkinetic disorders/ADHD].,2008,Der Nervenarzt,attentional impulsivity functional connectivity,unknown,unknown,impulsivity (general),ADHD,unknown,unclear,,background,0.5,Children and adolescents diagnosed with ADHD suffer from hyperactivity and deficits in attention and impulse control.,yes,,yes,yes,yes,,,,,,,,,,llama-3.1-8b-instruct,2,keep,yes,yes,yes,yes,yes,no,impulsivity (general),unknown,unclear,"The sentence clearly supports the phenotype (impulsivity) and feature (general), and implies a relationship between them. The direction is unclear but supported by the claim. The directness is background, which matches the claim. There is no overclaiming.",,Llama 3.1 8B
609,31704786,The Claustrum-Prefrontal Cortex Pathway Regulates Impulsive-Like Behavior.,2019,The Journal of neuroscience : the official journal of the Society for Neuroscience,attentional impulsivity functional connectivity,unknown,functional connectivity,attentional impulsivity,unknown,regulates,lower,chemogenetic activation and inhibition of the CLA-PFC pathway,direct,0.9,"We found that chemogenetic activation and inhibition of the CLA-PFC pathway increased and reduced the impulsive-like behavior (i.e., premature responses), respectively.",yes,,yes,yes,no,,,,,,,,,,llama-3.1-8b-instruct,2,keep,yes,yes,yes,yes,yes,no,attentional impulsivity,functional connectivity,lower,"The sentence clearly supports the extracted claim, mentioning the CLA-PFC pathway's effect on impulsive-like behavior, which is a type of attentional impulsivity. The feature type is also mentioned as 'impulsive-like behavior', which can be interpreted as a functional connectivity issue. The direction is also clearly stated as 'increased' and 'reduced', which implies a lower level of impulsive-like behavior.",,Llama 3.1 8B
610,39676699,Early-life IL-4 administration induces long-term changes in microglia in the cerebellum and prefrontal cortex.,2025,Journal of neurochemistry,attentional impulsivity functional connectivity,unknown,functional connectivity,impulsivity (general),unknown,unknown,unclear,IL-4 administration impairs microglia-mediated engulfment of neurons,indirect,0.8,"Mechanistically, elevated IL-4 levels prevented microglia-mediated engulfment of neurons in the cerebellum, resulting in a surplus of granule cells and consequent dysfunction in cerebellar connectivity.",yes,,yes,yes,yes,,,,,,,,,,llama-3.1-8b-instruct,2,keep,yes,yes,yes,yes,yes,no,impulsivity (general),functional connectivity,unclear,,,Llama 3.1 8B
613,20374289,Disturbed structural connectivity is related to inattention and impulsivity in adult attention deficit hyperactivity disorder.,2010,The European journal of neuroscience,attentional impulsivity functional connectivity,unknown,structural connectivity,impulsivity (general),adult attention deficit hyperactivity disorder,correlates_with,unclear,,direct,0.8,Measures of impulsivity were correlated with FA in right orbitofrontal fibre tracts.,yes,,yes,yes,no,,,,,,,,,,llama-3.1-8b-instruct,2,keep,yes,yes,yes,yes,yes,no,impulsivity (general),structural connectivity,positive,"The sentence clearly supports the extracted claim, mentioning impulsivity as the phenotype, structural connectivity as the feature type, a correlation as the relationship, a positive direction, and a direct association.",,Llama 3.1 8B
614,35126772,Functional neuronal networks reveal emotional processing differences in children with ADHD.,2022,Cognitive neurodynamics,attentional impulsivity functional connectivity,unknown,functional connectivity,attentional impulsivity,ADHD,associated_with,higher,,direct,0.9,We find that the functional connectivity of the frontal and occipital lobes in the ADHD group is significantly (P-value < 0.01) higher than in the healthy group.,yes,,yes,yes,yes,,,,,,,,,,llama-3.1-8b-instruct,2,keep,yes,yes,yes,yes,yes,no,attentional impulsivity,functional connectivity,higher,The sentence directly supports the association between attentional impulsivity and higher functional connectivity in the ADHD group compared to the healthy group.,,Llama 3.1 8B
616,17184598,Polymorphisms of dopamine-beta-hydroxylase in ADHD children.,2006,Folia biologica,attentional impulsivity functional connectivity,unknown,unknown,impulsivity (general),ADHD,unknown,unclear,,unclear,0.5,Patients with ADHD showed decreased activities of DBH in serum and urine.,yes,,yes,yes,yes,,,,,,,,,,llama-3.1-8b-instruct,2,keep,yes,yes,yes,yes,yes,no,impulsivity (general),unknown,decreased,"The sentence directly states a phenotype-feature association in the context of ADHD, with a clear direction of decreased activity.",,Llama 3.1 8B
618,38161933,The Impact of Sleep Disorders on Cardiovascular Health: Mechanisms and Interventions.,2023,Cureus,attentional impulsivity functional connectivity,unknown,unknown,impulsivity (general),unknown,unknown,unclear,multiple,background,0.8,"Cardiovascular illness has been linked to the sensorimotor problem known as restless legs syndrome (RLS), which causes a strong impulse to move the legs.",yes,,yes,yes,yes,,,,,,,,,,llama-3.1-8b-instruct,2,keep,yes,yes,yes,yes,yes,no,impulsivity (general),unknown,increased,"The sentence clearly supports the claim by linking a cardiovascular illness to a sensorimotor problem (RLS) that causes a strong impulse to move the legs, which is a form of impulsivity. The direction is supported as the sentence implies an increase in impulsivity. The directness is supported as the sentence names both the phenotype (impulsivity) and the feature (strong impulse to move the legs).",,Llama 3.1 8B
620,39422700,Evolution of aberrant brain-wide spatiotemporal dynamics of resting-state networks in a Huntington's disease mouse model.,2024,Clinical and translational medicine,motor impulsivity resting-state fMRI,unknown,unknown,unknown,unknown,unknown,unclear,,unclear,,Breakdown of the LCN DMLN state flux at motor onset leads to a subsequent absence of the LCN DMLN QPP at an advanced HD-like stage.,no,evidence_strength not a number,yes,yes,yes,,,,,,,,,,llama-3.1-8b-instruct,2,keep,yes,yes,yes,yes,yes,no,,,,,,Llama 3.1 8B
627,38300175,Alterations in the brain functional network of abstinent male individuals with methamphetamine use disorder.,2024,"Cerebral cortex (New York, N.Y. : 1991)",motor impulsivity resting-state fMRI,unknown,functional connectivity,motor impulsivity,methamphetamine use disorder,associated_with,higher,unknown,direct,0.8,"Furthermore, we revealed that the small-word attribute significantly mediated the effect of methamphetamine use frequency on motor impulsivity in the methamphetamine use disorder group.",yes,,yes,yes,yes,,,,,,,,,,llama-3.1-8b-instruct,2,keep,yes,yes,yes,yes,yes,no,motor impulsivity,functional connectivity,higher,"The sentence clearly supports the extracted claim, mentioning motor impulsivity as the phenotype, functional connectivity as the feature type, association with as the relationship, higher as the direction, and directness as the direct relationship between methamphetamine use frequency and motor impulsivity in the methamphetamine use disorder group.",,Llama 3.1 8B
631,28168274,"Influences of Age, Sex, and Moderate Alcohol Drinking on the Intrinsic Functional Architecture of Adolescent Brains.",2018,"Cerebral cortex (New York, N.Y. : 1991)",motor impulsivity resting-state fMRI,unknown,unknown,impulsivity (general),unknown,unknown,unclear,,unclear,0.8,"Among no-to-low alcohol-consuming adolescents, executive-control frontolimbicstriatal connectivity was stronger in older than younger adolescents, particularly boys, and predicted better ability in balance, memory, and impulse control.",yes,,yes,yes,yes,,,,,,,,,,llama-3.1-8b-instruct,2,keep,yes,yes,yes,yes,yes,no,impulsivity (general),behavioral control,positive,"The sentence clearly supports the extracted claim, mentioning impulsivity as a phenotype, behavioral control as a feature, a positive correlation between age and impulsivity, and a direct relationship between brain connectivity and impulsivity control.",,Llama 3.1 8B
632,36807959,Internet gaming disorder and tobacco use disorder share neural connectivity patterns between the subcortical and the motor network.,2023,Human brain mapping,motor impulsivity resting-state fMRI,unknown,functional connectivity,motor impulsivity,resting-state fMRI,associated_with,higher,enhanced connectivity,direct,0.8,PIGD and PTUD exhibited common enhanced node strength between the subcortical and motor networks.,yes,,yes,yes,yes,,,,,,,,,,llama-3.1-8b-instruct,2,keep,yes,yes,yes,yes,yes,no,motor impulsivity,functional connectivity,higher,,,Llama 3.1 8B
633,30914304,Cognitive variability in bipolar I disorder: A cluster-analytic approach informed by resting-state data.,2019,Neuropharmacology,motor impulsivity resting-state fMRI,unknown,unknown,impulsivity (general),bipolar I disorder,associated_with,unclear,,background,0.8,"Cluster 1 (n = 22) was characterized by deficits in cognitive flexibility and motor inhibition, cluster 2 (n = 12) displayed impulsive decision-making, while cluster 3 (n = 20) showed good visuospatial planning.",yes,,yes,yes,yes,,,,,,,,,,llama-3.1-8b-instruct,2,keep,yes,yes,yes,yes,yes,no,impulsivity (general),impulsive decision-making,positive,The sentence clearly supports the claim by describing a specific phenotype (impulsivity) and its association with a feature (impulsive decision-making) in a particular diagnostic context (bipolar I disorder).,,Llama 3.1 8B
639,28490656,Role of habenula and amygdala dysfunction in Parkinson disease patients with punding.,2017,Neurology,motor impulsivity resting-state fMRI,unknown,functional connectivity,motor impulsivity,Parkinson disease,associated_with,higher,dysregulation of the reward brain circuit,direct,0.8,"Compared to both healthy controls and PD cases without any ICB (PD-no ICB), PD-punding patients showed higher functional connectivity of habenula and amygdala with thalamus and striatum bilaterally, and lower connectivity between bilateral habenula and left frontal and precentral cortices.",yes,,yes,yes,yes,,,,,,,,,,llama-3.1-8b-instruct,2,keep,yes,yes,yes,yes,yes,no,motor impulsivity,functional connectivity,higher,,,Llama 3.1 8B
640,28040671,Decisional impulsivity and the associative-limbic subthalamic nucleus in obsessive-compulsive disorder: stimulation and connectivity.,2017,Brain : a journal of neurology,motor impulsivity resting-state fMRI,unknown,unknown,impulsivity (general),obsessive-compulsive disorder,associated_with,higher,subthalamic nucleus stimulation,direct,0.8,We show that stimulation of the subthalamic nucleus is causally implicated in increasing decisional impulsivity with less accumulation of evidence during probabilistic uncertainty and in enhancing delay discounting.,yes,,yes,yes,yes,,,,,,,,,,llama-3.1-8b-instruct,2,keep,yes,yes,yes,yes,yes,no,impulsivity (general),unknown,higher,"The sentence clearly supports the extracted claim, mentioning a direct association between subthalamic nucleus stimulation and increased decisional impulsivity, as well as a specific feature (less accumulation of evidence during probabilistic uncertainty and in enhancing delay discounting).",,Llama 3.1 8B
642,26185010,Jumping the Gun: Mapping Neural Correlates of Waiting Impulsivity and Relevance Across Alcohol Misuse.,2016,Biological psychiatry,motor impulsivity resting-state fMRI,unknown,functional connectivity,impulsivity (general),alcohol misuse,associated_with,lower,waiting impulsivity,direct,0.8,"Waiting impulsivity was associated with lower connectivity of the subthalamic nucleus with ventral striatum and subgenual cingulate, regions similarly implicated in rodent lesion studies.",yes,,yes,yes,yes,,,,,,,,,,llama-3.1-8b-instruct,2,keep,yes,yes,yes,yes,yes,no,impulsivity (general),functional connectivity,lower,"The sentence clearly supports the extracted claim, mentioning a direct association between impulsivity and lower functional connectivity in specific brain regions.",,Llama 3.1 8B
644,41148227,The alteration of dorsal attention network in internet gaming disorder and tobacco use disorder: an independent component analysis.,2025,"Cerebral cortex (New York, N.Y. : 1991)",motor impulsivity resting-state fMRI,dorsal attention network,functional connectivity,unknown,internet gaming disorder and tobacco use disorder,associated_with,higher,unknown,direct,0.8,"Rs-fMRI revealed increased functional connectivity in the precuneus cortex, left postcentral gyrus, and right superior frontal gyrus in the dorsal attention network (DAN) in the IGD group in contrast to HC group.",yes,,yes,yes,yes,,,,,,,,,,llama-3.1-8b-instruct,2,keep,yes,yes,yes,yes,yes,no,unknown,functional connectivity,higher,The sentence clearly supports the claim by stating a direct association between the dorsal attention network and increased functional connectivity in the IGD group compared to the HC group.,,Llama 3.1 8B
645,32169732,Structural and functional abnormalities within sensori-motor and limbic networks underpin intermittent explosive symptoms in Tourette disorder.,2020,Journal of psychiatric research,motor impulsivity resting-state fMRI,unknown,structural connectivity,impulsivity (general),Tourette disorder,associated_with,unclear,"brain dysfunction related to a less efficient top-down control on action selection, and impairments related to emotional regulation, impulse control and aggressive behaviours.",background,0.8,"TD patients (without ADHD) with IEO compared to TD without IEO, showed structural changes in the right supplementary motor area as well as in the right hippocampus (increased fractional anisotropy), and in the left orbitofrontal cortex (decreased mean diffusivity).",yes,,yes,yes,yes,,,,,,,,,,llama-3.1-8b-instruct,2,keep,yes,yes,yes,yes,yes,no,impulsivity (general),structural connectivity,increased,"The sentence clearly supports the extracted claim by mentioning a specific brain region (right supplementary motor area, right hippocampus, and left orbitofrontal cortex) and a structural connectivity feature (fractional anisotropy and mean diffusivity). The direction of the association is also clearly stated as increased fractional anisotropy and decreased mean diffusivity.",,Llama 3.1 8B
646,26689148,Brain connectivity and psychiatric comorbidity in adolescents with Internet gaming disorder.,2017,Addiction biology,motor impulsivity resting-state fMRI,default mode network,functional connectivity,unknown,Internet gaming disorder,correlates_with,higher,unknown,direct,0.8,"Patients with IGD showed an increased functional correlation between seven pairs of regions, all satisfying q < 0.05 False discovery rates in light of multiple statistical tests: left frontal eye field to dorsal anterior cingulate, left frontal eye field to right anterior insula, left dorsolateral prefrontal cortex (DLPFC) to left temporoparietal junction (TPJ), right DLPFC to right TPJ, right auditory cortex to right motor cortex, right auditory cortex to supplementary motor area and right auditory cortex to dorsal anterior cingulate.",yes,,yes,yes,yes,,,,,,,,,,llama-3.1-8b-instruct,2,keep,yes,yes,yes,yes,yes,no,,,,"The sentence clearly states that patients with IGD have increased functional correlation between brain regions, which supports the claim of a direct relationship between the phenotype (IGD) and the feature (functional connectivity) in the direction of higher.",,Llama 3.1 8B
651,41740634,Connectome-based prediction of problematic use of social media in adolescents: Findings from the ABCD study.,2026,NeuroImage,motor impulsivity resting-state fMRI,unknown,unknown,impulsivity (general),unknown,unknown,unclear,,unclear,0.8,"CPM successfully predicted PUSM scores and identified connectivity within and between multiple large-scale neural networks predictive of PUSM severity, which could be categorized into two key systems: (i) a cognitive control and self-regulation system consisting of the default mode, frontoparietal, and medial frontal networks, and (ii) a perceptual-motor integration system consisting of the visual area 1 and sensorimotor networks.",yes,,yes,yes,yes,,,,,,,,,,llama-3.1-8b-instruct,2,keep,yes,yes,yes,yes,yes,no,impulsivity (general),behavioral,positive,"The sentence clearly supports the phenotype (impulsivity), feature (behavioral), relationship (predictive), direction (positive), and directness (direct) when stated. The brain system is also clearly mentioned as cognitive control and self-regulation system and perceptual-motor integration system.",,Llama 3.1 8B
652,41748653,Serotonergic cortico-limbic and executive network dysfunction in Parkinson's disease impulse control disorders: a PET-fMRI study.,2026,NPJ Parkinson's disease,motor impulsivity resting-state fMRI,unknown,functional connectivity,impulsivity (general),Parkinson's disease,associated_with,higher,serotonergic dysfunction,indirect,0.8,"Critically, aberrant right supplementary motor area-amygdala connectivity was linked to ICD severity and decisional impulsivity.",yes,,yes,yes,yes,,,,,,,,,,llama-3.1-8b-instruct,2,keep,yes,yes,yes,yes,yes,no,impulsivity (general),functional connectivity,higher,"The sentence directly supports the claim by mentioning a specific brain region (right supplementary motor area-amygdala) and its association with impulsivity, which is a general aspect of the phenotype. The direction of the association is also clearly stated as linked to ICD severity and decisional impulsivity, which implies a higher level of impulsivity.",,Llama 3.1 8B
653,41932505,Intrinsic functional connectivity alterations in medication-naïve children with combined and inattentive ADHD types: Evidence from cortical surface-based analysis.,2026,Journal of affective disorders,motor impulsivity resting-state fMRI,unknown,functional connectivity,impulsivity (general),ADHD,associated_with,unclear,unknown,indirect,0.8,"Generally, children with ADHD showed diminished global modularity, assortativity, and disrupted left lateral prefrontal cortex (PFCl1_L) nodal centrality.",yes,,yes,yes,yes,,,,,,,,,,llama-3.1-8b-instruct,2,keep,yes,yes,yes,yes,yes,no,impulsivity (general),functional connectivity,decreased,"The sentence clearly supports the claim by stating that children with ADHD showed diminished global modularity, assortativity, and disrupted left lateral prefrontal cortex (PFCl1_L) nodal centrality, which is consistent with the extracted claim. The direction is supported as 'decreased' is implied by the word 'diminished'. The directness is supported as both phenotype and feature are mentioned in the sentence.",,Llama 3.1 8B
654,35302338,Involvement of muscle satellite cell dysfunction in neuromuscular disorders: Expanding the portfolio of satellite cell-opathies.,2022,European journal of translational myology,motor impulsivity functional connectivity,unknown,unknown,unknown,unknown,unknown,unclear,,unclear,0.0,,yes,,yes,no,unclear,,,,,,,,,,llama-3.1-8b-instruct,2,keep,yes,yes,yes,yes,yes,no,unknown,unknown,unclear,,,Llama 3.1 8B
655,31003231,Convergent neural connectivity in motor impulsivity and high-fat food binge-like eating in male Sprague-Dawley rats.,2019,Neuropsychopharmacology : official publication of the American College of Neuropsychopharmacology,motor impulsivity functional connectivity,unknown,functional connectivity,motor impulsivity,binge eating disorder,associated_with,higher,chemogenetic activation of the vmPFC to NAcSh pathway,direct,0.9,Chemogenetic activation of the vmPFC to NAcSh pathway significantly suppressed motor impulsivity and binge-like intake for high-fat food.,yes,,yes,yes,yes,,,,,,,,,,llama-3.1-8b-instruct,2,keep,yes,yes,yes,yes,yes,no,motor impulsivity,functional connectivity,lower,"The sentence directly supports the claim by stating that chemogenetic activation of the vmPFC to NAcSh pathway suppressed motor impulsivity, which is the opposite of higher motor impulsivity. The feature type is also supported as it is related to functional connectivity.",,Llama 3.1 8B
656,38842027,Cross-Frequency Coupling as a Biomarker for Early Stroke Recovery.,2024,Neurorehabilitation and neural repair,motor impulsivity functional connectivity,unknown,functional connectivity,unknown,stroke,associated_with,unclear,cross-frequency coupling,indirect,0.8,Greater baseline coupling was associated with better motor status at admission and discharge and positively related to motor recovery.,yes,,yes,yes,yes,,,,,,,,,,llama-3.1-8b-instruct,2,keep,yes,yes,yes,yes,yes,no,motor status,functional connectivity,positive,"The sentence clearly supports the claim, mentioning a specific phenotype (motor status), feature type (functional connectivity), relationship (associated with), direction (positive), and directness (indirect).",,Llama 3.1 8B
658,40260305,Effective connectivity analysis of response inhibition functional network.,2025,Frontiers in neuroscience,motor impulsivity functional connectivity,unknown,functional connectivity,motor impulsivity,healthy participants,correlates_with,unclear,effective connectivity,direct,0.8,We identified a significant correlation between the inhibitory influence from the SMN to the SN and the commission error rate.,yes,,yes,yes,no,,,,,,,,,,llama-3.1-8b-instruct,2,keep,yes,yes,yes,yes,yes,no,motor impulsivity,functional connectivity,positively correlates with,"The sentence directly supports the claim by stating a correlation between the inhibitory influence from the SMN to the SN and the commission error rate, which is a measure of motor impulsivity.",,Llama 3.1 8B
661,38772504,The association of impulsivity with depression and anxiety symptoms: A transdiagnostic network analysis and replication.,2024,Journal of affective disorders,motor impulsivity functional connectivity,unknown,unknown,impulsivity (general),depression and anxiety,associated_with,unclear,,indirect,0.8,Impulsivity increases the risk for depression and anxiety.,yes,,yes,yes,yes,,,,,,,,,,llama-3.1-8b-instruct,2,keep,yes,yes,yes,yes,yes,no,impulsivity (general),unknown,increases the risk for,"The sentence clearly supports the extracted claim, mentioning impulsivity as the phenotype, an unknown feature type, association, unclear direction, indirectness, and a diagnostic context of depression and anxiety.",,Llama 3.1 8B
666,36579893,A circuit-based approach to modulate hypersexuality in Parkinson's disease.,2023,Psychiatry and clinical neurosciences,motor impulsivity functional connectivity,unknown,functional connectivity,impulsivity (general),Parkinson's disease,associated_with,unclear,neural patterns,indirect,0.8,"Reduced connectivity was found between pre-supplementary motor area and caudate nucleus in hypersexual compared with nonhypersexual patients (while medicated), a result paralleled by compensatory enhanced anatomical connectivity.",yes,,yes,yes,yes,,,,,,,,,,llama-3.1-8b-instruct,2,keep,yes,yes,yes,yes,yes,no,impulsivity (general),functional connectivity,decreased,The sentence clearly supports the claim by stating a specific association between reduced connectivity and impulsivity in hypersexual patients compared to nonhypersexual patients.,,Llama 3.1 8B
669,36754503,V to VII Nerve Transfer for Smile Reanimation.,2023,Atlas of the oral and maxillofacial surgery clinics of North America,motor impulsivity functional connectivity,unknown,unknown,unknown,unknown,unknown,unclear,,unclear,0.0,,yes,,yes,no,unclear,,,,,,,,,,llama-3.1-8b-instruct,2,keep,yes,yes,yes,yes,yes,no,,,,,,Llama 3.1 8B
670,41281564,Associations between structural injury and task-based corticomuscular connectivity after stroke.,2025,Frontiers in neurology,motor impulsivity functional connectivity,unknown,functional connectivity,unknown,stroke,correlates_with,unclear,structural injury modulates task-based corticomuscular connectivity,indirect,0.5,Associations between CMC measures in motor-relevant frequency bands with measures reflecting CST microstructure suggest that post-stroke structural injury modulates task-based corticomuscular connectivity.,yes,,yes,yes,yes,,,,,,,,,,llama-3.1-8b-instruct,2,keep,yes,yes,yes,yes,yes,no,unknown,functional connectivity,positive,"The sentence clearly supports the claim by stating a relationship between structural injury and task-based corticomuscular connectivity, and the direction of the relationship can be inferred as positive.",,Llama 3.1 8B
671,33441433,"Motor Interference, But Not Sensory Interference, Increases Midfrontal Theta Activity and Brain Synchronization during Reactive Control.",2021,The Journal of neuroscience : the official journal of the Society for Neuroscience,motor impulsivity functional connectivity,unknown,functional connectivity,motor impulsivity,unknown,associated_with,higher,midfrontal theta oscillations,direct,0.9,"Motor conflicts, but not attentional conflicts, elicited increases in midfrontal theta power during conflict resolution.",yes,,yes,yes,yes,,,,,,,,,,llama-3.1-8b-instruct,2,keep,yes,yes,yes,yes,yes,no,motor impulsivity,functional connectivity,higher,The sentence directly supports the association between motor impulsivity and higher midfrontal theta power during conflict resolution.,,Llama 3.1 8B
674,10349031,An fMRI study of Stroop word-color interference: evidence for cingulate subregions subserving multiple distributed attentional systems.,1999,Biological psychiatry,motor impulsivity functional connectivity,unknown,functional connectivity,unknown,unknown,unknown,unclear,,background,0.5,These findings support a parallel distributed processing model for word-color interference in which portions of the anterior cingulate cortex modify the strengths of multiple neural pathways used to read and name colors.,yes,,yes,yes,yes,,,,,,,,,,llama-3.1-8b-instruct,2,keep,yes,yes,yes,yes,yes,no,word-color interference,functional connectivity,increases,"The sentence clearly supports the claim by mentioning a specific phenotype (word-color interference), feature type (functional connectivity), and relationship (modifying the strengths of neural pathways). The direction is also supported as it implies an increase in the strength of neural pathways. The directness is supported as it names both the phenotype and feature.",,Llama 3.1 8B
680,38246283,Impulsivity and neural correlates of response inhibition in bipolar disorder and their unaffected relatives: A MEG study.,2024,Journal of affective disorders,motor impulsivity functional connectivity,unknown,functional connectivity,motor impulsivity,bipolar disorder,associated_with,higher,abnormal alterations in beta oscillatory activity,direct,0.8,Increased motor impulsiveness in BD was related to abnormal alterations in beta oscillatory activity of rIFG and functional connectivity between rIFG and pre-SMA.,yes,,yes,yes,no,,,,,,,,,,llama-3.1-8b-instruct,2,keep,yes,yes,yes,yes,yes,no,motor impulsiveness,functional connectivity and beta oscillatory activity,higher,,,Llama 3.1 8B
683,29992242,Reorganization of cortical oscillatory dynamics underlying disinhibition in frontotemporal dementia.,2018,Brain : a journal of neurology,motor impulsivity functional connectivity,unknown,functional connectivity,impulsivity (general),frontotemporal dementia,associated_with,higher,disruption of frequency-specific connectivity of the prefrontal cortex,indirect,0.9,"Beta power was associated with increased impulsivity, as measured by the Cambridge Behavioural Inventory, a carer-based questionnaire of changes in everyday behaviour.",yes,,yes,yes,yes,,,,,,,,,,llama-3.1-8b-instruct,2,keep,yes,yes,yes,yes,yes,no,impulsivity (general),functional connectivity,higher,"The sentence directly states that beta power is associated with increased impulsivity, which matches the extracted claim's phenotype, feature type, relationship, and direction.",,Llama 3.1 8B
686,38676689,[Associations of serum neuromarkers with clinical features of Parkinson's disease].,2024,Zhurnal nevrologii i psikhiatrii imeni S.S. Korsakova,motor impulsivity functional connectivity,unknown,unknown,impulsivity (general),Parkinson's disease,correlates_with,unclear,,background,0.5,"There were correlations between BDNF concentration and the severity of impulsive behavioral disorders (r=0.500, p<0.001).",yes,,yes,yes,no,,,,,,,,,,llama-3.1-8b-instruct,2,keep,yes,yes,yes,yes,yes,no,impulsivity (general),behavioral disorders,positive,"The sentence clearly supports the extracted claim, mentioning a correlation between BDNF concentration and the severity of impulsive behavioral disorders, which matches the phenotype and feature types. The relationship is also correctly identified as 'correlates_with'. The direction is implied to be positive due to the use of 'severity' and 'r=0.500', which is a positive correlation coefficient.",,Llama 3.1 8B
691,26190986,Mindful movement and skilled attention.,2015,Frontiers in human neuroscience,motor impulsivity functional connectivity,unknown,functional connectivity,impulsivity (general),ADHD,correlates_with,unclear,reciprocal inhibitory and excitatory connections,indirect,0.8,deficient motor control correlates with impaired (disinhibited) behavioral control contributing to defining features of excessive distractibility and impulsivity.,yes,,yes,yes,yes,,,,,,,,,,llama-3.1-8b-instruct,2,keep,yes,yes,yes,yes,yes,no,impulsivity (general),functional connectivity,correlates_with,"The sentence clearly supports the extracted claim, mentioning a correlation between deficient motor control and impaired behavioral control, which is related to impulsivity.",,Llama 3.1 8B
692,27343257,Atomoxetine restores the response inhibition network in Parkinson's disease.,2016,Brain : a journal of neurology,motor impulsivity functional connectivity,unknown,functional connectivity,motor impulsivity,Parkinson's disease,restores,higher,increases sensitivity of the inferior frontal gyrus to afferent inputs from the pre-supplementary motor cortex,direct,0.9,"We found that the normal interaction between pre-supplementary motor cortex and the inferior frontal gyrus was absent in Parkinson's disease patients on placebo (despite dopaminergic therapy), but this connection was restored by atomoxetine.",yes,,yes,yes,yes,,,,,,,,,,llama-3.1-8b-instruct,2,keep,yes,yes,yes,yes,yes,no,motor impulsivity,functional connectivity,lower,"The sentence directly states that the connection between pre-supplementary motor cortex and the inferior frontal gyrus is restored by atomoxetine, which supports the claim that atomoxetine restores motor impulsivity by increasing functional connectivity in the opposite direction (lower).",,Llama 3.1 8B
694,37190759,Connectome-based prediction of craving in gambling disorder and cocaine use disorder.,2023,Dialogues in clinical neuroscience,motor impulsivity functional connectivity,unknown,functional connectivity,unknown,addictions,predicts,unclear,neural connectivity,indirect,0.8,Craving was predicted by neural connectivity across disorders.,yes,,yes,yes,yes,,,,,,,,,,llama-3.1-8b-instruct,2,keep,yes,yes,yes,yes,yes,no,craving,functional connectivity,direct,"The sentence clearly supports the claim, and the phenotype, feature, relationship, and direction/directness are all stated correctly.",,Llama 3.1 8B
695,31907881,Human Brain Imaging Links Dopaminergic Systems to Impulsivity.,2020,Current topics in behavioral neurosciences,motor impulsivity functional connectivity,unknown,functional connectivity,motor impulsivity,unknown,correlates_with,higher,dopaminergic systems,direct,0.9,"Low levels of striatal and midbrain D2-type receptor availability correlate with self-reported impulsivity, whereas striatal D2-type receptor availability shows positive correlation with motor response inhibition and cognitive flexibility.",yes,,yes,yes,yes,,,,,,,,,,llama-3.1-8b-instruct,2,keep,yes,yes,yes,yes,yes,no,motor impulsivity,functional connectivity,higher,"The sentence clearly supports the extracted claim, mentioning motor impulsivity as the phenotype, functional connectivity as the feature type, correlates_with as the relationship, higher as the direction, and direct as the directness.",,Llama 3.1 8B
696,18803315,Biology and pathology of nonmyelinating Schwann cells.,2008,Glia,motor impulsivity functional connectivity,unknown,unknown,unknown,unknown,unknown,unclear,,unclear,0.0,,yes,,yes,no,unclear,,,,,,,,,,llama-3.1-8b-instruct,2,keep,yes,yes,yes,yes,yes,no,,,,,,Llama 3.1 8B
697,23206930,Reward circuit connectivity relates to delay discounting in children with attention-deficit/hyperactivity disorder.,2013,European neuropsychopharmacology : the journal of the European College of Neuropsychopharmacology,ADHD impulsivity resting-state fMRI connectivity,unknown,functional connectivity,impulsivity (general),ADHD,associated_with,higher,atypical signaling of the NAcc to the prefrontal cortex,direct,0.8,"These findings are consistent with the hypothesis that atypical signaling of the NAcc to the prefrontal cortex in ADHD may lead to excessive approach and failure in estimating future consequences; thus, leading to impulsive behavior.",yes,,yes,yes,yes,,,,,,,,,,llama-3.1-8b-instruct,2,keep,yes,yes,yes,yes,yes,no,impulsivity (general),functional connectivity,higher,"The sentence directly supports the claim by mentioning the relationship between atypical signaling of the NAcc to the prefrontal cortex and impulsive behavior, which is consistent with the extracted claim.",,Llama 3.1 8B
699,30374665,"Peer influence, Frontostriatal connectivity, and delay discounting in African American emerging adults.",2020,Brain imaging and behavior,ADHD impulsivity resting-state fMRI connectivity,unknown,functional connectivity,impulsivity (general),ADHD,associated_with,lower,,direct,0.8,"Greater (i.e., more positive) frontostriatal rsFC was associated with decreased delay discounting (i.e., less impulsive decision making).",yes,,yes,yes,yes,,,,,,,,,,llama-3.1-8b-instruct,2,keep,yes,yes,yes,yes,yes,no,impulsivity (general),functional connectivity,lower,"The sentence clearly supports the extracted claim, mentioning a direct association between frontostriatal rsFC and decreased delay discounting, which is related to impulsivity.",,Llama 3.1 8B
700,33304251,Neural Basis of Increased Cognitive Control of Impulsivity During the Mid-Luteal Phase Relative to the Late Follicular Phase of the Menstrual Cycle.,2020,Frontiers in human neuroscience,ADHD impulsivity resting-state fMRI connectivity,unknown,functional connectivity,impulsivity (general),"ADHD, obsessive compulsive disorder, Parkinson disease, attention deficit hyperactivity disorder",correlates_with,unclear,DS-dlPFC circuitry,indirect,0.8,"Discount rate (transformed k) correlated with functional connectivity between the DS and dorsal lateral prefrontal cortex (dlPFC), consistent with previous findings indicating that DS-dlPFC circuitry may regulate impulsivity.",yes,,yes,yes,yes,,,,,,,,,,llama-3.1-8b-instruct,2,keep,yes,yes,yes,yes,yes,no,impulsivity (general),functional connectivity,,"The sentence clearly supports the extracted claim, mentioning a correlation between functional connectivity and impulsivity, which aligns with the relationship 'correlates_with'. The direction is not explicitly stated, but since the relationship is 'correlates_with', it can be inferred that the direction is supported. The directness is also supported as the sentence mentions both phenotype and feature.",,Llama 3.1 8B
