record_id,pmid,title,year,journal,query,extracted_brain_system,extracted_feature_type,extracted_phenotype,extracted_diagnostic_context,extracted_relationship,extracted_direction,extracted_mechanism,extracted_directness,evidence_strength,supporting_sentence,schema_valid,schema_issues,citation_valid,sentence_present,sentence_anchored,semantic_support_score,phenotype_correct,feature_type_correct,relationship_correct,direction_correct,overclaiming_flag,hallucination_flag,review_decision,review_notes,verifier_model,verifier_support_score,verifier_decision,verifier_phenotype_supported,verifier_feature_supported,verifier_relationship_supported,verifier_direction_supported,verifier_directness_supported,verifier_overclaiming,verifier_corrected_phenotype,verifier_corrected_feature_type,verifier_corrected_direction,verifier_rationale,verifier_error,model_label
1,35619620,How Impulsiveness Influences Obesity: The Mediating Effect of Resting-State Brain Activity in the dlPFC.,2022,Frontiers in psychiatry,Barratt Impulsiveness Scale resting-state fMRI,unknown,functional connectivity,nonplanning impulsivity,unknown,predicts,higher,downregulating spontaneous activity,direct,0.8,We found that the right dlPFC completely mediated the relationship between non-planning impulsiveness and BMI.,yes,,yes,yes,no,,,,,,,,,,llama-3.1-8b-instruct,2,keep,yes,yes,yes,yes,yes,no,nonplanning impulsivity,functional connectivity,higher,,,Mistral 7B
2,34427375,Changes in ALFF and ReHo values in methamphetamine abstinent individuals based on the Harvard-Oxford atlas: A longitudinal resting-state fMRI study.,2022,Addiction biology,Barratt Impulsiveness Scale resting-state fMRI,unknown,BOLD variability,impulsivity (general),unknown,associated_with,higher,,direct,0.8,"The changes in ALFF and ReHo in the right middle frontal gyrus were significantly associated with BIS total scores, BIS attention scores, and BIS nonplanning scores.",yes,,yes,yes,yes,,,,,,,,,,llama-3.1-8b-instruct,2,keep,yes,yes,yes,yes,yes,no,impulsivity (general),BOLD variability,higher,"The sentence directly supports the association between impulsivity (general) and BOLD variability, with higher impulsivity scores being associated with higher BOLD variability in the right middle frontal gyrus.",,Mistral 7B
3,39315326,Resting-state brain networks alterations in adolescents with Internet Gaming Disorder associate with cognitive control impairments.,2024,Frontiers in psychiatry,Barratt Impulsiveness Scale resting-state fMRI,unknown,functional connectivity,attentional impulsivity,Internet Gaming Disorder,associates with,unclear,unclear,unclear,0.7,"In comparison to the control group, impulsivity in adolescent IGD subjects showed a positive correlation with the severity of IGD (r=0.6350, p < 0.001), linked to impairments in the Executive Control Network (ECN) and a decrease in functional connectivity between the Salience Network (SN) and ECN.",yes,,yes,yes,no,,,,,,,,,,llama-3.1-8b-instruct,2,keep,yes,yes,yes,yes,yes,no,attentional impulsivity,functional connectivity,positive,"The sentence clearly supports the claim by stating a positive correlation between impulsivity and IGD severity, which is linked to impairments in the Executive Control Network and a decrease in functional connectivity between the Salience Network and ECN.",,Mistral 7B
6,38002468,Insula Connectivity Abnormalities Predict Impulsivity in Chronic Heroin Use Disorder: A Cross-Sectional Resting-State fMRI Study.,2023,Brain sciences,Barratt Impulsiveness Scale resting-state fMRI,unknown,functional connectivity,impulsivity (general),chronic heroin use disorder,predicts,higher,,direct,0.8,"The HUD group in this study exhibited higher total trait impulsivity scores, motor impulsivity, and nonplanning impulsivity than the control group.",yes,,yes,yes,yes,,,,,,,,,,llama-3.1-8b-instruct,2,keep,yes,yes,yes,yes,yes,no,impulsivity (general),behavioral trait,higher,"The sentence clearly supports the extracted claim by stating that the HUD group exhibited higher impulsivity scores than the control group, which directly relates to the phenotype of impulsivity and the feature of a behavioral trait. The relationship is also clearly stated as 'higher', which matches the extracted direction. The directness is also supported as the sentence names both the phenotype and feature.",,Mistral 7B
8,37579016,"Resting-State Functional Connectivity of the Dorsal and Ventral Striatum, Impulsivity, and Severity of Use in Recently Abstinent Cocaine-Dependent Individuals.",2023,The international journal of neuropsychopharmacology,Barratt Impulsiveness Scale resting-state fMRI,unknown,functional connectivity,impulsivity (general),cocaine-dependent individuals,associated_with,higher,,direct,0.8,These findings associate VS rsFC with impulsivity and the severity of recent cocaine use.,yes,,yes,yes,yes,,,,,,,,,,llama-3.1-8b-instruct,2,keep,yes,yes,yes,yes,yes,no,impulsivity (general),functional connectivity,higher,,,Mistral 7B
10,32670033,Trait Impulsivity Associated With Altered Resting-State Functional Connectivity Within the Somatomotor Network.,2020,Frontiers in behavioral neuroscience,Barratt Impulsiveness Scale resting-state fMRI,unknown,functional connectivity,impulsivity (general),unknown,associated_with,lower,unclear,direct,0.8,Greater self-reported impulsivity was associated with decreased connectivity of the right lateral occipital cortex with the somatomotor network.,yes,,yes,yes,no,,,,,,,,,,llama-3.1-8b-instruct,2,keep,yes,yes,yes,yes,yes,no,impulsivity (general),functional connectivity,lower,"The sentence clearly supports the extracted claim, mentioning a direct association between impulsivity and altered functional connectivity within the somatomotor network.",,Mistral 7B
12,23555827,Altered default network resting-state functional connectivity in adolescents with Internet gaming addiction.,2013,PloS one,Barratt Impulsiveness Scale resting-state fMRI,unknown,functional connectivity,impulsivity (general),Internet gaming addiction,associated_with,unclear,,unclear,0.7,Subjects with IGA exhibited increased functional connectivity in the bilateral cerebellum posterior lobe and middle temporal gyrus. The bilateral inferior parietal lobule and right inferior temporal gyrus exhibited decreased connectivity.,yes,,yes,yes,no,,,,,,,,,,llama-3.1-8b-instruct,2,keep,yes,yes,yes,yes,yes,no,impulsivity (general),functional connectivity,increased,"The sentence clearly supports the extracted claim by stating a specific association between impulsivity and functional connectivity in the context of Internet gaming addiction. The direction of the association is clear, as the subjects with IGA exhibited increased functional connectivity in certain brain regions.",,Mistral 7B
14,30178423,Sex differences in resting-state cerebral activity alterations in internet gaming disorder.,2019,Brain imaging and behavior,Barratt Impulsiveness Scale resting-state fMRI,unknown,functional connectivity,nonplanning impulsivity,Internet gaming disorder,associated_with,lower,unclear,direct,0.8,"IGDm also demonstrated lower connectivity between the orbital part of the left SFG and the posterior cingulate cortex (PCC), the right angular gyrus, and the right dorsolateral prefrontal cortex than HCm.",yes,,yes,yes,yes,,,,,,,,,,llama-3.1-8b-instruct,2,keep,yes,yes,yes,yes,yes,no,nonplanning impulsivity,functional connectivity,lower,The sentence directly supports the association between nonplanning impulsivity and lower functional connectivity in individuals with Internet gaming disorder.,,Mistral 7B
15,26040546,Model-free functional connectivity and impulsivity correlates of alcohol dependence: a resting-state study.,2017,Addiction biology,Barratt Impulsiveness Scale resting-state fMRI,unknown,functional connectivity,impulsivity (general),alcohol dependence,correlates_with,unclear,,unclear,0.7,"Compared with HC, AD exhibited increased within-network FC in salience (SN), default mode (DMN), orbitofrontal cortex (OFCN), left executive control (LECN) and amygdala-striatum (ASN) networks.",yes,,yes,yes,yes,,,,,,,,,,llama-3.1-8b-instruct,2,keep,yes,yes,yes,yes,yes,no,impulsivity (general),functional connectivity,increased,"The sentence clearly supports the claim by stating that AD (alcohol dependence) exhibited increased within-network FC (functional connectivity) in various brain networks, which correlates with impulsivity. The direction is supported as 'increased', and the directness is supported as 'direct' since both phenotype (impulsivity) and feature (functional connectivity) are named.",,Mistral 7B
16,33519558,Impulsivity and Response Inhibition Related Brain Networks in Adolescents With Internet Gaming Disorder: A Preliminary Study Utilizing Resting-State fMRI.,2020,Frontiers in psychiatry,Barratt Impulsiveness Scale resting-state fMRI,unknown,functional connectivity,impulsivity (general),Internet Gaming Disorder,associated_with,higher,unclear,unclear,0.7,"We found significant differences in impulsivity between the IGD group and RGU group, with members of the IGD group exhibiting higher impulsivity.",yes,,yes,yes,yes,,,,,,,,,,llama-3.1-8b-instruct,2,keep,yes,yes,yes,yes,yes,no,impulsivity (general),behavioral trait,higher,"The sentence clearly supports the extracted claim by stating a significant difference in impulsivity between the IGD and RGU groups, with the IGD group exhibiting higher impulsivity. The phenotype, feature type, relationship, direction, and directness are all supported by the sentence.",,Mistral 7B
17,31264888,Striatal functional connectivity in chronic ketamine users: a pilot study.,2020,The American journal of drug and alcohol abuse,Barratt Impulsiveness Scale resting-state fMRI,unknown,functional connectivity,impulsivity (general),unknown,associated_with,higher,,direct,0.7,"Compared to controls, ketamine users showed higher connectivity between caudate and dorsal anterior cingulate cortex and between pallidum and bilateral cerebellum.",yes,,yes,yes,yes,,,,,,,,,,llama-3.1-8b-instruct,2,keep,yes,yes,yes,yes,yes,no,impulsivity (general),functional connectivity,higher,"The sentence directly supports the association between impulsivity and functional connectivity, specifically higher connectivity in ketamine users compared to controls.",,Mistral 7B
18,33528803,Impulsivity in heroin-dependent individuals: structural and functional abnormalities within frontostriatal circuits.,2021,Brain imaging and behavior,Barratt Impulsiveness Scale resting-state fMRI,unknown,functional connectivity,motor impulsivity,heroin-dependent individuals,associated_with,higher,,direct,0.8,Higher motor impulsivity was observed in HDI.,yes,,yes,yes,yes,,,,,,,,,,llama-3.1-8b-instruct,2,keep,yes,yes,yes,yes,yes,no,motor impulsivity,phenotype,higher,,,Mistral 7B
19,32651411,Increased large-scale inter-network connectivity in relation to impulsivity in Parkinson's disease.,2020,Scientific reports,Barratt Impulsiveness Scale resting-state fMRI,unknown,functional connectivity,impulsivity (general),Parkinson's disease,associated_with,higher,unclear,direct,0.8,FC between the right frontoparietal network (FPN) and medial visual network (MVN) was significantly higher in PD-HI patients than PD-LI patients (false discovery rate [FDR]-adjusted p = 0.0315).,yes,,yes,yes,yes,,,,,,,,,,llama-3.1-8b-instruct,2,keep,yes,yes,yes,yes,yes,no,impulsivity (general),functional connectivity,higher,"The sentence directly supports the claim by stating a higher functional connectivity between two brain networks in PD-HI patients compared to PD-LI patients, which is associated with impulsivity in Parkinson's disease.",,Mistral 7B
21,34012386,Association of Disinhibited Eating and Trait of Impulsivity With Insula and Amygdala Responses to Palatable Liquid Consumption.,2021,Frontiers in systems neuroscience,Barratt Impulsiveness Scale resting-state fMRI,unknown,functional connectivity,impulsivity (general),unknown,associated_with,higher,strengthened intrinsic functional connectivity,direct,0.8,Increased disinhibited eating was positively correlated with strengthened intrinsic functional connectivity between the insula and the amygdala.,yes,,yes,yes,no,,,,,,,,,,llama-3.1-8b-instruct,2,keep,yes,yes,yes,yes,yes,no,impulsivity (general),functional connectivity,higher,"The sentence directly supports the association between impulsivity and strengthened intrinsic functional connectivity, which matches the extracted claim.",,Mistral 7B
25,26364127,Neurobiological underpinnings of sensation seeking trait in heroin abusers.,2015,European neuropsychopharmacology : the journal of the European College of Neuropsychopharmacology,Barratt Impulsiveness Scale resting-state fMRI,unknown,functional connectivity,impulsivity (general),Heroin abusers,associated_with,unclear,unknown,direct,0.8,There was stronger coupling between the midbrain and ventromedial prefrontal cortex and weaker coupling between the midbrain and dorsolateral prefrontal cortex in heroin users.,yes,,yes,yes,no,,,,,,,,,,llama-3.1-8b-instruct,2,keep,yes,yes,yes,yes,yes,no,impulsivity (general),functional connectivity,positive,"The sentence directly supports the association between impulsivity (general) and functional connectivity, with a positive direction (stronger coupling).",,Mistral 7B
26,33158664,Delta resting-state functional connectivity in the cognitive control network as a prognostic factor for maintaining abstinence: An eLORETA preliminary study.,2021,Drug and alcohol dependence,Barratt Impulsiveness Scale resting-state fMRI,unknown,functional connectivity,impulsivity (general),alcohol-dependent,predicts,higher,unclear,direct,0.7,"Alcohol-dependent individuals, who maintained abstinence (N = 18), showed significantly increased lagged phase synchronization between the left dorsolateral prefrontal cortex (DLPFC) and the left posterior parietal cortex (IPL) as well as between the right anterior insula cortex/frontal operculum (IA/FO) and the right inferior frontal junction (IFJ) in the delta band compared to those who later relapsed (N = 16).",yes,,yes,yes,yes,,,,,,,,,,llama-3.1-8b-instruct,2,keep,yes,yes,yes,yes,yes,no,impulsivity (general),functional connectivity,higher,"The sentence clearly supports the extracted claim by describing a specific brain region (left dorsolateral prefrontal cortex and left posterior parietal cortex) and its functional connectivity (lagged phase synchronization) in the delta band, which is associated with the phenotype of impulsivity in the context of alcohol dependence.",,Mistral 7B
27,28185093,Altered spontaneous brain activity in adolescent boys with pure conduct disorder revealed by regional homogeneity analysis.,2017,European child & adolescent psychiatry,Barratt Impulsiveness Scale resting-state fMRI,unknown,BOLD variability,impulsivity (general),conduct disorder,associated_with,unclear,,indirect,0.7,"Compared to HCs, the CD group showed increased ReHo bilaterally in the insula as well as decreased ReHo in the right inferior parietal lobule, right middle temporal gyrus and right fusiform gyrus, left anterior cerebellum anterior, and right posterior cerebellum.",yes,,yes,yes,yes,,,,,,,,,,llama-3.1-8b-instruct,2,keep,yes,yes,yes,yes,yes,no,impulsivity (general),BOLD variability,increased,"The sentence clearly supports the claim by stating a group difference in ReHo, which is a measure of BOLD variability, in the context of conduct disorder and impulsivity.",,Mistral 7B
28,25944613,Nature of functional links in valuation networks differentiates impulsive behaviors between abstinent heroin-dependent subjects and nondrug-using subjects.,2015,NeuroImage,Barratt Impulsiveness Scale resting-state fMRI,unknown,functional connectivity,impulsivity (general),unknown,associated_with,unclear,influence,direct,0.8,"Through functional connectivity with the ventral medial prefrontal cortex, the δ-network (regions of the executive control system, such as the dorsolateral prefrontal cortex) and the β-network (regions of the reward system involved in the mesocorticolimbic pathway), jointly influence impulsivity measured by the Barratt impulsiveness scale scores.",yes,,yes,yes,no,,,,,,,,,,llama-3.1-8b-instruct,2,keep,yes,yes,yes,yes,yes,no,impulsivity (general),functional connectivity,influences,"The sentence clearly supports the phenotype, feature, relationship, and direction when stated.",,Mistral 7B
29,23937918,Voxel-level comparison of arterial spin-labeled perfusion magnetic resonance imaging in adolescents with internet gaming addiction.,2013,Behavioral and brain functions : BBF,Barratt Impulsiveness Scale resting-state fMRI,unknown,unknown,impulsivity (general),internet gaming addiction,associated_with,unclear,,unclear,0.6,"In this study, we used ASL perfusion fMRI and noninvasively quantified resting CBF to demonstrate that IGA alters the CBF distribution in the adolescent brain.",yes,,yes,yes,yes,,,,,,,,,,llama-3.1-8b-instruct,2,keep,yes,yes,yes,yes,yes,no,impulsivity (general),unknown,increased,"The sentence clearly supports the claim by stating that IGA alters the CBF distribution in the adolescent brain, which is associated with impulsivity. The direction is implied to be increased as the CBF distribution is altered. The directness is supported as the sentence names both the phenotype (impulsivity) and the feature (CBF distribution).",,Mistral 7B
30,24971323,A functional polymorphism of the MAOA gene modulates spontaneous brain activity in pons.,2014,BioMed research international,Barratt Impulsiveness Scale resting-state fMRI,unknown,BOLD variability,impulsivity (general),unknown,associated_with,unclear,,direct,0.8,"Compared with the MAOA-H group, the MAOA-L group showed significantly lower ALFFs in the pons.",yes,,yes,yes,yes,,,,,,,,,,llama-3.1-8b-instruct,2,keep,yes,yes,yes,yes,yes,no,impulsivity (general),BOLD variability,decreased,"The sentence clearly supports the extracted claim, mentioning a direct association between the MAOA-L group and lower ALFFs in the pons, which is related to impulsivity and BOLD variability.",,Mistral 7B
32,24200212,Striatal-insula circuits in cocaine addiction: implications for impulsivity and relapse risk.,2013,The American journal of drug and alcohol abuse,Barratt Impulsiveness Scale resting-state fMRI,unknown,functional connectivity,impulsivity (general),cocaine addiction,associated_with,unclear,reduced connectivity,direct,0.8,Cocaine-addicted individuals exhibited reduced positive connectivity between the bilateral putamen and posterior insula and right postcentral gyrus.,yes,,yes,yes,yes,,,,,,,,,,llama-3.1-8b-instruct,2,keep,yes,yes,yes,yes,yes,no,impulsivity (general),functional connectivity,reduced,"The sentence directly states a relationship between impulsivity and reduced functional connectivity in cocaine addiction, matching the extracted claim.",,Mistral 7B
35,28602816,Neurobiological correlates of impulsivity in healthy adults: Lower prefrontal gray matter volume and spontaneous eye-blink rate but greater resting-state functional connectivity in basal ganglia-thalamo-cortical circuitry.,2017,NeuroImage,Barratt Impulsiveness Scale resting-state fMRI,unknown,functional connectivity,impulsivity (general),unknown,associated_with,higher,,direct,0.8,"Greater correlated resting-state functional connectivity between the basal ganglia and thalamus, motor cortices, and prefrontal cortex was associated with worse no-go trial accuracy on the task and with higher BIS-11 motor impulsivity scores.",yes,,yes,yes,no,,,,,,,,,,llama-3.1-8b-instruct,2,keep,yes,yes,yes,yes,yes,no,impulsivity (general),functional connectivity,higher,"The sentence clearly supports the extracted claim, mentioning a direct association between higher functional connectivity and higher impulsivity scores.",,Mistral 7B
36,20851718,Identification of hyperactive intrinsic amygdala network connectivity associated with impulsivity in abstinent heroin addicts.,2011,Behavioural brain research,Barratt Impulsiveness Scale resting-state fMRI,unknown,functional connectivity,impulsivity (general),abstinent heroin addicts,associated_with,higher,unclear,direct,0.8,"In the HD group, higher impulsivity scores and significantly enhanced iAFC network activity were found, especially in bilateral thalamus, right insula, and inferior frontal gyrus.",yes,,yes,yes,yes,,,,,,,,,,llama-3.1-8b-instruct,2,keep,yes,yes,yes,yes,yes,no,,,,The sentence clearly supports the extracted claim by stating a direct association between higher impulsivity scores and enhanced iAFC network activity in specific brain regions.,,Mistral 7B
37,39756804,Altered Functional Connectivity of Prefrontal Cortex-Related Circuitry and Trait Impulsivity in Patients With Bipolar Disorder and History of Suicide Attempts.,2025,Acta psychiatrica Scandinavica,Barratt Impulsiveness Scale resting-state fMRI,unknown,functional connectivity,impulsivity (general),Bipolar Disorder,associated_with,unclear,,unclear,0.8,BDSA had higher trait impulsivity than BDNS and the controls. BDSA exhibited reduced FC between the PFC and sensorimotor (postcentral and precentral gyri) and thalamic regions compared to BDNS.,yes,,yes,yes,yes,,,,,,,,,,llama-3.1-8b-instruct,2,keep,yes,yes,yes,yes,yes,no,impulsivity (general),functional connectivity,higher,"The sentence clearly supports the phenotype (impulsivity), feature (functional connectivity), relationship (associated_with), direction (higher), and directness (direct) when stated. The phenotype and feature are directly mentioned in the sentence, and the direction is clearly stated as 'higher'.",,Mistral 7B
40,24223847,Reduced regional homogeneity in bilateral frontostriatal system relates to higher impulsivity behavior in codeine-containing cough syrups dependent individuals.,2013,PloS one,Barratt Impulsiveness Scale resting-state fMRI,unknown,functional connectivity,attentional impulsivity,unknown,associated_with,lower,unclear,direct,0.8,ReHo was diminished in the bilateral medial orbitofrontal cortex (mOFC) and left dorsal striatum in CCS-dependent individuals.,yes,,yes,yes,yes,,,,,,,,,,llama-3.1-8b-instruct,2,keep,yes,yes,yes,yes,yes,no,attentional impulsivity,functional connectivity,lower,"The sentence directly states a relationship between reduced regional homogeneity in the bilateral medial orbitofrontal cortex and left dorsal striatum and higher impulsivity behavior, which matches the extracted claim.",,Mistral 7B
41,26908392,Association of ventral striatum monoamine oxidase-A binding and functional connectivity in antisocial personality disorder with high impulsivity: A positron emission tomography and functional magnetic resonance imaging study.,2016,European neuropsychopharmacology : the journal of the European College of Neuropsychopharmacology,Barratt Impulsiveness Scale resting-state fMRI,unknown,functional connectivity,impulsivity (general),antisocial personality disorder,associated_with,unclear,,direct,0.7,"Results revealed functional coupling of the VSs with bilateral dorsomedial prefrontal cortex (DMPFC) that was correlated with VS MAO-A VT, and functional coupling of the VSi with right hippocampus that was anti-correlated with VS MAO-A VT.",yes,,yes,yes,no,,,,,,,,,,llama-3.1-8b-instruct,2,keep,yes,yes,yes,yes,yes,no,impulsivity (general),functional connectivity,unclear,"The sentence clearly supports the phenotype (impulsivity), feature (functional connectivity), relationship (associated_with), and direction (unclear) when stated. The directness is also supported as the sentence names both phenotype and feature. There is no overclaiming as the sentence mentions a group difference and a phenotype-feature association.",,Mistral 7B
42,25008351,Altered intrinsic hippocmapus declarative memory network and its association with impulsivity in abstinent heroin dependent subjects.,2014,Behavioural brain research,Barratt Impulsiveness Scale resting-state fMRI,unknown,functional connectivity,impulsivity (general),abstinent heroin dependent subjects,associated_with,unclear,altered intrinsic functional link,direct,0.8,"Our results demonstrated that HD group showed enhanced coherence between hippocampus which represents declarative memory system and non-declarative reward-guided learning memory system, and also showed attenuated intrinsic functional link between hippocampus and top-down control system, compared to the CN group.",yes,,yes,yes,yes,,,,,,,,,,llama-3.1-8b-instruct,2,keep,yes,yes,yes,yes,yes,no,impulsivity (general),functional connectivity,unclear,"The sentence clearly supports the phenotype (impulsivity), feature (functional connectivity), relationship (associated_with), and direction (unclear) when stated. The direction is unclear, but the extracted direction captures the relevant part exactly.",,Mistral 7B
43,25496980,Abnormal regional homogeneity in young adult suicide attempters with no diagnosable psychiatric disorder: a resting state functional magnetic imaging study.,2015,Psychiatry research,Barratt Impulsiveness Scale resting-state fMRI,unknown,BOLD variability,impulsivity (general),unknown,associated_with,unclear,,unclear,0.7,The SA group also had significantly higher total Barratt Impulsiveness Scale scores compared with the HC group.,yes,,yes,yes,yes,,,,,,,,,,llama-3.1-8b-instruct,2,keep,yes,yes,yes,yes,yes,no,impulsivity (general),behavioral trait,increased,The sentence clearly supports the claim by stating a significant difference in impulsivity scores between the SA and HC groups.,,Mistral 7B
45,35040662,Role of White Matter Microstructure in Impulsive Behavior.,2022,The Journal of neuropsychiatry and clinical neurosciences,Barratt Impulsiveness Scale fMRI,unknown,structural connectivity,impulsivity (general),unknown,associated_with,lower,,direct,0.32,"Whole-brain total average FA was inversely correlated with motor impulsiveness (r=-0.32, p=0.007)",yes,,yes,yes,yes,,,,,,,,,,llama-3.1-8b-instruct,2,keep,yes,yes,yes,yes,yes,no,impulsivity (general),structural connectivity,lower,"The sentence directly supports the association between impulsivity and structural connectivity, with a clear direction of lower structural connectivity being associated with impulsivity.",,Mistral 7B
46,37137256,Transdiagnostic brain correlates of self-reported trait impulsivity: A dimensional structure-symptom investigation.,2023,NeuroImage. Clinical,Barratt Impulsiveness Scale fMRI,unknown,structural connectivity,impulsivity (general),unknown,associated_with,unclear,,unclear,0.6,"Volume of the left opercular part of the inferior frontal gyrus (IFG) was negatively related to global impulsivity across the entire sample, and specifically to motor impulsivity in the subsample of HCs, OUD and BPD patients.",yes,,yes,yes,no,,,,,,,,,,llama-3.1-8b-instruct,2,keep,yes,yes,yes,yes,yes,no,impulsivity (general),structural connectivity,negative,The sentence clearly supports the claim by stating a specific brain region (left opercular part of the inferior frontal gyrus) and its relationship to impulsivity. The direction of the relationship is also clearly stated as negative.,,Mistral 7B
49,34175744,Brain morphometry in adults with gambling disorder.,2021,Journal of psychiatric research,Barratt Impulsiveness Scale fMRI,unknown,unknown,impulsivity (general),Gambling Disorder,associated_with,unclear,,unclear,0.6,"Patients displayed thinner prefrontal and parietal cortices, greater volume and thickness of the occipital and the entorhinal cortices, and greater volume of subcortical regions as compared to the norms of healthy individuals.",yes,,yes,yes,yes,,,,,,,,,,llama-3.1-8b-instruct,2,keep,yes,yes,yes,yes,yes,no,impulsivity (general),morphometry,greater,The sentence clearly supports the claim by stating a specific association between impulsivity (general) and brain morphometry features in individuals with Gambling Disorder.,,Mistral 7B
52,15309395,Negative correlation between right prefrontal activity during response inhibition and impulsiveness: a fMRI study.,2004,European archives of psychiatry and clinical neuroscience,Barratt Impulsiveness Scale fMRI,unknown,functional connectivity,motor impulsivity,unknown,associated_with,lower,unknown,direct,0.8,A negative correlation was observed between the motor impulsiveness of BIS-11 and No-Go-related activation in the right dorsolateral prefrontal cortex (RDLPFC).,yes,,yes,yes,yes,,,,,,,,,,llama-3.1-8b-instruct,2,keep,yes,yes,yes,yes,yes,no,motor impulsivity,functional connectivity,lower,,,Mistral 7B
53,33360853,Novel circuit biomarker of impulsivity and craving in male heroin-dependent individuals.,2021,Drug and alcohol dependence,Barratt Impulsiveness Scale fMRI,unknown,structural connectivity,impulsivity (general),heroin-dependent individuals,associated_with,lower,,direct,0.8,HDIs showed significantly weaker tract strength of the left striatum-medial orbitofrontal cortex (mOFC) than controls.,yes,,yes,yes,no,,,,,,,,,,llama-3.1-8b-instruct,2,keep,yes,yes,yes,yes,yes,no,impulsivity (general),structural connectivity,lower,"The sentence directly supports the association between impulsivity and weaker structural connectivity in the left striatum-medial orbitofrontal cortex, which is consistent with the extracted claim.",,Mistral 7B
56,35247193,Cerebellar Grey Matter Volumes in Reactive Aggression and Impulsivity in Healthy Volunteers.,2023,"Cerebellum (London, England)",Barratt Impulsiveness Scale fMRI,unknown,structural connectivity,impulsivity (general),unknown,associated_with,higher,,unclear,0.7,Impulsivity was positively associated with grey matter volumes of the cerebellar vermis.,yes,,yes,yes,no,,,,,,,,,,llama-3.1-8b-instruct,2,keep,yes,yes,yes,yes,yes,no,impulsivity (general),structural (grey matter volumes),higher,"The sentence clearly supports the extracted claim, mentioning a specific association between impulsivity and grey matter volumes in the cerebellar vermis.",,Mistral 7B
58,21827861,Cortical thickness correlates with impulsiveness in healthy adults.,2012,NeuroImage,Barratt Impulsiveness Scale fMRI,unknown,structural connectivity,impulsivity (general),unknown,correlates_with,lower,,direct,1.0,"We observed a significant negative correlation between left middle frontal gyrus (MFG) CT and the attention BIS score (FDR p<.05), motor, nonplanning and total BIS score (each p<0.001 uncorrected).",yes,,yes,yes,yes,,,,,,,,,,llama-3.1-8b-instruct,2,keep,yes,yes,yes,yes,yes,no,impulsivity (general),structural connectivity,lower,The sentence directly supports the claim by mentioning a correlation between cortical thickness and impulsiveness in healthy adults.,,Mistral 7B
59,29751017,Differential contributions of cortical thickness and surface area to trait impulsivity in healthy young adults.,2018,Behavioural brain research,Barratt Impulsiveness Scale fMRI,unknown,unknown,impulsivity (general),unknown,associated_with,lower,,unclear,0.7,"Higher BIS-11 total scores were negatively associated with cortical thickness variations in the left lingual gyrus, left superior temporal gyrus, right cuneus, and right superior parietal gyrus.",yes,,yes,yes,no,,,,,,,,,,llama-3.1-8b-instruct,2,keep,yes,yes,yes,yes,yes,no,impulsivity (general),cortical thickness variations,lower,"The sentence clearly supports the extracted claim, mentioning a specific association between impulsivity (general) and cortical thickness variations in several brain regions, with a clear direction of lower cortical thickness associated with higher impulsivity scores.",,Mistral 7B
60,37952300,Positive schizotypy and Motor Impulsivity correlate with response aberrations in ventral attention network during inhibitory control.,2023,Cortex; a journal devoted to the study of the nervous system and behavior,Barratt Impulsiveness Scale fMRI,unknown,functional connectivity,motor impulsivity,unknown,correlates_with,unclear,,unclear,0.7,BIS-11 Motor Impulsivity predicted 15% of d prime (sensitivity index) for the fastest (400ms) GNG trials.,yes,,yes,yes,no,,,,,,,,,,llama-3.1-8b-instruct,2,keep,yes,yes,yes,yes,yes,no,motor impulsivity,behavioral performance,positive,"The sentence clearly supports the claim by stating a correlation between motor impulsivity and a specific aspect of behavioral performance (d prime for GNG trials). The direction of the correlation is implied to be positive, as the sentence mentions 'predicted' which typically implies a positive relationship. The directness of the relationship is also clear, as it is stated that motor impulsivity 'predicted' a specific aspect of behavioral performance.",,Mistral 7B
61,31427669,The Effect of Mindfulness Meditation on Impulsivity and its Neurobiological Correlates in Healthy Adults.,2019,Scientific reports,Barratt Impulsiveness Scale fMRI,unknown,unknown,impulsivity (general),unknown,unknown,unclear,,unclear,0.3,"Here, an eight-week mindfulness intervention did not reduce impulsivity on the go/no-go task or Barratt Impulsiveness Scale (BIS-11)",yes,,yes,yes,yes,,,,,,,,,,llama-3.1-8b-instruct,2,keep,yes,yes,yes,yes,yes,no,impulsivity (general),unknown,decrease,"The sentence clearly states that the mindfulness intervention did not reduce impulsivity, which supports the phenotype. The feature is not explicitly stated, but it can be inferred as the reduction of impulsivity. The relationship is association, as the sentence describes the effect of the intervention on impulsivity. The direction is decrease, as the sentence states that the intervention did not reduce impulsivity. The directness is direct, as the sentence describes the effect of the intervention on impulsivity. The brain system, diagnostic context, and mechanism are not mentioned in the sentence, so they are left as unknown.",,Mistral 7B
62,34463411,"Cocaine cue-induced mesocorticolimbic activation in cocaine users: Effects of personality traits, lifetime drug use, and acute stimulant ingestion.",2022,Addiction biology,Barratt Impulsiveness Scale fMRI,unknown,unknown,nonplanning impulsivity,unknown,associates_with,higher,unclear,unclear,0.6,"Among the cocaine users, larger drug cue-induced responses during the placebo session were correlated with higher Barratt Impulsiveness Scale (BIS-11) nonplanning scores (associative striatum)",yes,,yes,yes,yes,,,,,,,,,,llama-3.1-8b-instruct,2,keep,yes,yes,yes,yes,yes,no,nonplanning impulsivity,impulsivity,higher,The sentence clearly supports the extracted claim by stating a correlation between drug cue-induced responses and nonplanning impulsivity scores in cocaine users.,,Mistral 7B
65,32464339,Investigation of structure-function correlation among the young offspring of patients with bipolar disorder.,2020,Psychiatry research. Neuroimaging,Barratt Impulsiveness Scale fMRI,unknown,structural connectivity,impulsivity (general),bipolar disorder,associated_with,unclear,,unclear,0.7,"FA values in the SLF were negatively correlated with Stroop interference, the Wisconsin Card Sorting Test, and the Trail Making Test (B-A) scores.",yes,,yes,yes,yes,,,,,,,,,,llama-3.1-8b-instruct,2,keep,yes,yes,yes,yes,yes,no,impulsivity (general),structural connectivity,negatively,The sentence clearly supports the claim by mentioning a specific brain region (SLF) and its correlation with impulsivity-related tasks.,,Mistral 7B
67,27095357,Sex differences in impulsivity and brain morphometry in methamphetamine users.,2017,Brain structure & function,Barratt Impulsiveness Scale fMRI,unknown,unknown,impulsivity (general),unknown,associated_with,higher,unclear,unclear,0.8,"METH users had higher impulsivity scores, on both the Cognitive and Behavioral Factors from the BIS (p < 0.0001-0.0001).",yes,,yes,yes,yes,,,,,,,,,,llama-3.1-8b-instruct,2,keep,yes,yes,yes,yes,yes,no,impulsivity (general),behavioral,higher,"The sentence clearly supports the extracted claim by stating that METH users have higher impulsivity scores, which matches the phenotype and direction. The feature type is also supported as it is related to behavioral factors.",,Mistral 7B
69,27743376,Cortical folding patterns are associated with impulsivity in healthy young adults.,2017,Brain imaging and behavior,Barratt Impulsiveness Scale fMRI,unknown,structural connectivity,impulsivity (general),unknown,associated_with,higher,,direct,0.8,"BIS subscores were positively correlated with cortical folding in several distinct areas: Total and attention scores were positively correlated with LGI in the left postcentral gyrus, cingulate gyrus, precentral gyrus, pars opercularis of the inferior frontal gyrus, right middle temporal gyrus, superior parietal gyrus, pericalcarine gyrus, and lateral occipital gyrus.",yes,,yes,yes,no,,,,,,,,,,llama-3.1-8b-instruct,2,keep,yes,yes,yes,yes,yes,no,impulsivity (general),structural connectivity,higher,"The sentence clearly supports the extracted claim by stating a positive correlation between BIS subscores (phenotype) and cortical folding in several brain areas (feature), which is a direct association (directness) in the direction of higher impulsivity (direction).",,Mistral 7B
70,33951944,Distinct clinical manifestations of obsessive-compulsive disorder are associated with cortical thickness alteration.,2022,The Australian and New Zealand journal of psychiatry,Barratt Impulsiveness Scale fMRI,unknown,structural connectivity,impulsivity (general),obsessive-compulsive disorder,associated_with,unclear,,unclear,0.7,"OCD patients with more obsessive beliefs and attentional impulsivity (OCD_OB_AT) had reduced cortical thickness at the inferior parietal gyrus, the superior and middle temporal gyrus and the insula compared with OCD patients with higher score on the non-planning impulsivity (OCD_NP)",yes,,yes,yes,no,,,,,,,,,,llama-3.1-8b-instruct,2,keep,yes,yes,yes,yes,yes,no,impulsivity (specific: attentional impulsivity),structural connectivity (specific: cortical thickness alteration),decreased,"The sentence clearly supports the extracted claim by stating a specific association between impulsivity (attentional impulsivity) and cortical thickness alteration in OCD patients. The direction of the association is also clear, as OCD patients with more obsessive beliefs and attentional impulsivity had reduced cortical thickness compared to those with higher non-planning impulsivity.",,Mistral 7B
71,35852565,Neural correlates of risky decision making in Parkinson's disease patients with impulse control disorders.,2022,Experimental brain research,Barratt Impulsiveness Scale fMRI,unknown,functional connectivity,impulsivity (general),Parkinson's disease with impulse control disorders,associated_with,unclear,neural processing of risk-related information and outcomes,unclear,0.7,"Patients with ICDs showed greater urn choice-specific activation in the right middle frontal gyrus, overlapping the dorsal premotor cortex.",yes,,yes,yes,yes,,,,,,,,,,llama-3.1-8b-instruct,2,keep,yes,yes,yes,yes,yes,no,impulsivity (general),functional connectivity,increased,"The sentence directly supports the association between impulsivity and functional connectivity in the right middle frontal gyrus, which is a brain region involved in decision-making. The direction of the association is implied to be increased, as the patients with ICDs showed greater activation.",,Mistral 7B
73,18479820,An event-related fMRI study on risk taking by healthy individuals of high or low impulsiveness.,2008,Neuroscience letters,Barratt Impulsiveness Scale fMRI,unknown,functional connectivity,impulsivity (general),unknown,associated_with,higher,,direct,0.8,We demonstrated that a stronger activation in the insula-orbitofrontal-parietal regions was found in the high impulsiveness group compared to the low impulsiveness group.,yes,,yes,yes,yes,,,,,,,,,,llama-3.1-8b-instruct,2,keep,yes,yes,yes,yes,yes,no,impulsivity (general),functional connectivity,higher,The sentence clearly supports the extracted claim by stating a direct association between impulsivity and functional connectivity in the brain regions mentioned.,,Mistral 7B
75,39796107,The Relationship Between Impulsivity Traits and In Vivo Cerebral Serotonin Transporter and Serotonin 2A Receptor Binding in Healthy Individuals: A Double-Tracer PET Study with C-11 DASB and C-11 MDL100907.,2024,International journal of molecular sciences,Barratt Impulsiveness Scale fMRI,unknown,unknown,nonplanning impulsivity,unknown,associated_with,higher,serotonergic neurotransmission,direct,0.8,"The region of interest (ROI)-based partial correlation analysis with age, sex, and temperament traits as covariates revealed a significant positive correlation between non-planning impulsiveness and [11C]MDL100907 BPND in the caudate (CAU) at Bonferroni-corrected p < 0.0045.",yes,,yes,yes,yes,,,,,,,,,,llama-3.1-8b-instruct,2,keep,yes,yes,yes,yes,yes,no,nonplanning impulsivity,receptor binding,higher,"The sentence clearly supports the extracted claim, mentioning nonplanning impulsivity as the phenotype, receptor binding as the feature type, and a higher association. The relationship is direct and the direction is clearly stated.",,Mistral 7B
76,26189512,Abnormalities of cortical structures in adolescent-onset conduct disorder.,2015,Psychological medicine,Barratt Impulsiveness Scale fMRI,unknown,unknown,impulsivity (general),conduct disorder,associated_with,unclear,,unclear,0.7,"Cortical thickness of the paralimbic structures was found to be negatively correlated with impulsivity and antisocial behaviors measured by the BIS and APSD, respectively.",yes,,yes,yes,no,,,,,,,,,,llama-3.1-8b-instruct,2,keep,yes,yes,yes,yes,yes,no,impulsivity (general),behavior,negative,The sentence clearly supports the claim by stating a negative correlation between cortical thickness and impulsivity/antisocial behaviors.,,Mistral 7B
78,35434889,Distinct neural signatures of schizotypy and psychopathy during visual word-nonword recognition.,2022,Human brain mapping,Barratt Impulsiveness Scale fMRI,unknown,functional connectivity,impulsivity (general),unknown,associated_with,lower,unclear,unclear,0.7,"Higher Motor Impulsivity was associated with lower activity in the fusiform (bilaterally), inferior frontal (right-sided), and temporal gyri (bilaterally) across all stimuli-types over resting baseline.",yes,,yes,yes,yes,,,,,,,,,,llama-3.1-8b-instruct,2,keep,yes,yes,yes,yes,yes,no,impulsivity (general),functional connectivity,lower,"The sentence clearly supports the extracted claim, mentioning a specific brain region (fusiform, inferior frontal, and temporal gyri) associated with impulsivity, which is a general aspect of the phenotype. The relationship is clearly stated as 'associated with', and the direction is 'lower activity', which matches the extracted direction. The directness is not explicitly stated, but it can be inferred that the sentence is referring to a direct relationship between brain activity and impulsivity.",,Mistral 7B
79,26079873,Barratt Impulsivity and Neural Regulation of Physiological Arousal.,2015,PloS one,Barratt Impulsiveness Scale fMRI,unknown,functional connectivity,BIS total,unknown,associated_with,unclear,Granger causality,direct,0.8,Activity of the ventromedial prefrontal cortex (vmPFC) negatively correlated to and Granger caused skin conductance time course.,yes,,yes,yes,yes,,,,,,,,,,llama-3.1-8b-instruct,2,keep,yes,yes,yes,yes,yes,no,BIS total,physiological arousal,negatively,"The sentence directly mentions the vmPFC, which is associated with the phenotype BIS total, and its activity negatively correlated to and Granger caused skin conductance time course, which is a feature of physiological arousal. The direction of the relationship is also clearly stated as negative.",,Mistral 7B
81,25269835,Caudate asymmetry is related to attentional impulsivity and an objective measure of ADHD-like attentional problems in healthy adults.,2016,Brain structure & function,Barratt Impulsiveness Scale fMRI,unknown,structural connectivity,attentional impulsivity,unknown,associated_with,higher,unclear,unclear,0.7,Larger right relative to left caudate volumes correlated with both higher attentional impulsiveness and worse ADHD scores on the TOVA.,yes,,yes,yes,no,,,,,,,,,,llama-3.1-8b-instruct,2,keep,yes,yes,yes,yes,yes,no,attentional impulsivity,structural connectivity,higher,"The sentence clearly supports the extracted claim, mentioning a specific phenotype (attentional impulsivity), a feature type (structural connectivity), a relationship (associated with), a direction (higher), and a directness (unclear) that matches the extracted claim.",,Mistral 7B
82,19560123,Ventral striatal activation during reward anticipation correlates with impulsivity in alcoholics.,2009,Biological psychiatry,Barratt Impulsiveness Scale fMRI,unknown,functional connectivity,impulsivity (general),alcoholics,correlates_with,unclear,,unclear,0.7,Detoxified alcoholics showed reduced activation of the ventral striatum during anticipation of monetary gain relative to healthy control subjects.,yes,,yes,yes,yes,,,,,,,,,,llama-3.1-8b-instruct,2,keep,yes,yes,yes,yes,yes,no,impulsivity (general),functional connectivity,decreases,"The sentence clearly supports the claim by stating a correlation between reduced activation of the ventral striatum and impulsivity in alcoholics. The direction of the relationship is clear, as the activation is reduced. The directness of the relationship is also clear, as it is stated that the activation is during anticipation of monetary gain, which is a specific context. The phenotype and feature type are also supported, as impulsivity is a general phenotype and functional connectivity is a feature type. The brain system is not explicitly mentioned, but it can be inferred to be the ventral striatum. The diagnostic context is also supported, as it is stated that the subjects are detoxified alcoholics.",,Mistral 7B
84,33872964,Diffusion tensor imaging of corpus callosum in adolescent females with borderline personality disorder.,2021,Journal of psychiatric research,Barratt Impulsiveness Scale fMRI,unknown,structural connectivity,impulsivity (general),Borderline Personality Disorder,associated_with,unclear,,unclear,0.7,BPD patients had significantly lower fractional anisotropy (FA) values in the genu and lower mean diffusivity (MD) values in the body of CC. There was a negative correlation between FA values in the genu and body of CC and impulsivity.,yes,,yes,yes,yes,,,,,,,,,,llama-3.1-8b-instruct,2,keep,yes,yes,yes,yes,yes,no,impulsivity (general),structural connectivity,negative,"The sentence clearly supports the association between impulsivity and structural connectivity in the corpus callosum, with a negative correlation between FA values and impulsivity.",,Mistral 7B
85,31688973,Volumetric Prefrontal Cortex Alterations in Patients With Alcohol Dependence and the Involvement of Self-Control.,2019,"Alcoholism, clinical and experimental research",Barratt Impulsiveness Scale fMRI,unknown,structural connectivity,impulsivity (general),alcohol dependence,associated_with,unclear,,unclear,0.7,"Compared to HC, ALC had significantly less GM volume in bilateral middle frontal gyrus (MFG) and right medial prefrontal cortex as well as in the right anterior cingulate.",yes,,yes,yes,yes,,,,,,,,,,llama-3.1-8b-instruct,2,keep,yes,yes,yes,yes,yes,no,impulsivity (general),structural connectivity,decreased,"The sentence clearly supports the claim by stating a significant difference in GM volume between ALC and HC in specific brain regions, which is associated with impulsivity. The direction of the association is implied to be decreased, as the ALC group has less GM volume. The directness of the association is also implied, as the sentence names both the phenotype (impulsivity) and the feature (GM volume in specific brain regions).",,Mistral 7B
86,30549328,Impulsivity trait and proactive cognitive control: An fMRI study.,2019,The European journal of neuroscience,Barratt Impulsiveness Scale fMRI,unknown,functional connectivity,motor impulsivity,unknown,associated_with,unclear,disinhibition of the motor system,direct,0.8,We found a positive significant correlation between motor impulsivity scores and the activation of left sensorimotor cortices.,yes,,yes,yes,yes,,,,,,,,,,llama-3.1-8b-instruct,2,keep,yes,yes,yes,yes,yes,no,motor impulsivity,functional connectivity,positive,"The sentence directly states a positive correlation between motor impulsivity scores and the activation of left sensorimotor cortices, which matches the extracted claim.",,Mistral 7B
89,26460483,Lateral prefrontal model-based signatures are reduced in healthy individuals with high trait impulsivity.,2015,Translational psychiatry,Barratt Impulsiveness Scale fMRI,unknown,functional connectivity,impulsivity (general),unknown,associated_with,lower,shifted toward habitual end,direct,0.8,Right lateral prefrontal model-based signatures were reduced in high-impulsive individuals.,yes,,yes,yes,yes,,,,,,,,,,llama-3.1-8b-instruct,2,keep,yes,yes,yes,yes,yes,no,impulsivity (general),functional connectivity,lower,"The sentence directly states that high-impulsive individuals have reduced lateral prefrontal model-based signatures, which matches the extracted claim.",,Mistral 7B
91,27766203,A negative relationship between ventral striatal loss anticipation response and impulsivity in borderline personality disorder.,2016,NeuroImage. Clinical,Barratt Impulsiveness Scale fMRI,unknown,functional connectivity,impulsivity (general),borderline personality disorder,associated_with,lower,impaired prediction of aversive outcomes,direct,0.8,BPD patients exhibited a significantly negative correlation between ventral striatal loss anticipation responses and BIS-11 scores,yes,,yes,yes,no,,,,,,,,,,llama-3.1-8b-instruct,2,keep,yes,yes,yes,yes,yes,no,impulsivity (general),functional connectivity,lower,"The sentence clearly supports the extracted claim, mentioning a negative correlation between ventral striatal loss anticipation responses and impulsivity (measured by BIS-11 scores), which is consistent with the claim's relationship and direction.",,Mistral 7B
92,24909828,Attentional impulsivity in binge eating disorder modulates response inhibition performance and frontal brain networks.,2015,International journal of obesity (2005),Barratt Impulsiveness Scale fMRI,unknown,functional connectivity,attentional impulsivity,binge eating disorder,modulates,unclear,attenuation,unclear,0.7,"Increased attentional impulsiveness (a subscale of the BIS-11) in BED was related to decreased response inhibition performance and hypoactivity in the prefrontal control network, which was activated when response inhibition was required.",yes,,yes,yes,no,,,,,,,,,,llama-3.1-8b-instruct,2,keep,yes,yes,yes,yes,yes,no,attentional impulsiveness,response inhibition performance,decreased,"The sentence clearly supports the phenotype, feature, relationship, and direction when stated. The phenotype 'attentional impulsiveness' is directly mentioned, and the feature 'response inhibition performance' is also directly mentioned. The relationship 'modulates' is supported by the phrase 'related to'. The direction 'decreased' is supported by the phrase 'hypoactivity' and 'decreased response inhibition performance'. The directness is supported by the fact that both phenotype and feature are named. The brain system 'prefrontal control network' is also mentioned, which matches the extracted claim. The mechanism 'attenuation' is supported by the phrase 'hypoactivity'.",,Mistral 7B
93,30991086,A search for cortical correlates of trait impulsivity in Parkinson´s disease.,2019,Behavioural brain research,Barratt Impulsiveness Scale fMRI,unknown,structural connectivity,impulsivity (general),Parkinson's disease,associated_with,unclear,,unclear,0.7,"PD patients showed widespread cortical thickness loss in frontal, cingulate, temporo-parietal and occipital regions.",yes,,yes,yes,no,,,,,,,,,,llama-3.1-8b-instruct,2,keep,yes,yes,yes,yes,yes,no,impulsivity (general),structural connectivity,unclear,"The sentence directly supports the association between impulsivity and structural connectivity in Parkinson's disease, mentioning a specific brain region (cortical thickness loss) which is related to the phenotype. The direction is unclear, but the sentence does not overclaim a group difference without a phenotype-feature association.",,Mistral 7B
97,32571005,"Cortical Volumetric Correlates of Childhood Trauma, Anxiety, and Impulsivity in Bipolar Disorder.",2020,Psychiatry investigation,Barratt Impulsiveness Scale fMRI,unknown,structural connectivity,impulsivity (general),bipolar disorder,correlates_with,unclear,,background,0.6,BD patients revealed significant inverse correlations between the GMV in the right precentral gyrus and BIS scores; between the GMV in the left middle frontal gyrus and CTQ scores.,yes,,yes,yes,no,,,,,,,,,,llama-3.1-8b-instruct,2,keep,yes,yes,yes,yes,yes,no,impulsivity (general),structural connectivity,inverse,"The sentence clearly supports the extracted claim by stating a correlation between GMV in specific brain regions and impulsivity (BIS scores) and childhood trauma (CTQ scores). The direction of the correlation is inverse, which matches the corrected direction. The directness is also supported as the sentence names both phenotype (impulsivity) and feature (GMV in specific brain regions).",,Mistral 7B
98,26245713,"Association of COMT and SLC6A3 polymorphisms with impulsivity, response inhibition and brain function.",2015,Cortex; a journal devoted to the study of the nervous system and behavior,Barratt Impulsiveness Scale fMRI,unknown,unknown,impulsivity (general),unknown,associated_with,unclear,involvement of striatal dopamine,background,0.6,"Our study thus supports the involvement of striatal dopamine in the neural mechanisms of cognitive control, in particular response inhibition.",yes,,yes,yes,yes,,,,,,,,,,llama-3.1-8b-instruct,2,keep,yes,yes,yes,yes,yes,no,impulsivity (general),response inhibition,unclear,"The sentence directly supports the involvement of striatal dopamine in the neural mechanisms of cognitive control, which is related to the claim's mechanism. The phenotype 'impulsivity (general)' and feature 'response inhibition' are also supported. The direction is unclear, but the claim's direction is also 'unclear', so it is supported.",,Mistral 7B
101,29876253,Pedophilic sex offenders are characterised by reduced GABA concentration in dorsal anterior cingulate cortex.,2018,NeuroImage. Clinical,Barratt Impulsiveness Scale fMRI,unknown,functional connectivity,impulsivity (general),pedophilic disorder,associated_with,lower,reduced GABA concentration,direct,0.8,Reduced GABA/Cr in patients was correlated with lower self-control measured with the Barratt Impulsiveness Scale.,yes,,yes,yes,no,,,,,,,,,,llama-3.1-8b-instruct,2,keep,yes,yes,yes,yes,yes,no,impulsivity (general),functional connectivity,lower,"The sentence clearly supports the extracted claim, mentioning a direct association between reduced GABA concentration and lower self-control, which is a measure of impulsivity.",,Mistral 7B
106,24655656,Increased structural connectivity in corpus callosum in adolescent males with conduct disorder.,2014,Journal of the American Academy of Child and Adolescent Psychiatry,Barratt Impulsiveness Scale fMRI,unknown,structural connectivity,impulsivity (general),conduct disorder,associated_with,higher,unclear,direct,0.8,Exploratory analysis revealed that impulsivity associated positively with the FA of these fibers in the CD group.,yes,,yes,yes,yes,,,,,,,,,,llama-3.1-8b-instruct,2,keep,yes,yes,yes,yes,yes,no,impulsivity (general),structural connectivity,higher,"The sentence clearly supports the extracted claim, mentioning impulsivity as the phenotype, structural connectivity as the feature type, association as the relationship, higher as the direction, and directness is also supported as the sentence names both phenotype and feature.",,Mistral 7B
109,40037660,Impulse control deficits among patients with nonsuicidal self-injury: a mediation analysis based on structural imaging.,2025,Journal of psychiatry & neuroscience : JPN,Barratt Impulsiveness Scale fMRI,unknown,structural connectivity,motor impulsivity,nonsuicidal self-injury,associated_with,higher,decreased grey matter volume and increased white matter volume,direct,0.8,"Patients with NSSI exhibited decreased grey matter volume and increased white matter volume, with no significant difference in cortical thickness.",yes,,yes,yes,no,,,,,,,,,,llama-3.1-8b-instruct,2,keep,yes,yes,yes,yes,yes,no,motor impulsivity,structural connectivity,higher,"The sentence directly supports the association between motor impulsivity and structural connectivity, with a higher level of structural connectivity in patients with nonsuicidal self-injury.",,Mistral 7B
110,27199831,Altered Gray Matter Volume and White Matter Integrity in College Students with Mobile Phone Dependence.,2016,Frontiers in psychology,Barratt Impulsiveness Scale fMRI,unknown,structural connectivity,impulsivity (general),Mobile Phone Dependence,associated_with,lower,decreased gray matter volume and white matter integrity,direct,0.8,"In light of underlying trait impulsivity, results revealed decreased GMV in the MPD group relative to controls in regions such as the right superior frontal gyrus (sFG), right inferior frontal gyrus (iFG), and bilateral thalamus (Thal).",yes,,yes,yes,yes,,,,,,,,,,llama-3.1-8b-instruct,2,keep,yes,yes,yes,yes,yes,no,impulsivity (general),structural connectivity,lower,"The sentence clearly supports the extracted claim, mentioning a specific association between impulsivity and decreased gray matter volume in certain brain regions.",,Mistral 7B
111,33316716,Cingulate white matter volume and associated cognitive and behavioral impulsivity in Veterans with a history of suicide behavior.,2021,Journal of affective disorders,Barratt Impulsiveness Scale fMRI,unknown,structural connectivity,nonplanning impulsivity,Veterans with a history of suicide behavior,associated_with,unclear,,unclear,0.7,Reduction in rACC WMV in Veterans with SA was negatively correlated with nonplanning measures.,yes,,yes,yes,yes,,,,,,,,,,llama-3.1-8b-instruct,2,keep,yes,yes,yes,yes,yes,no,nonplanning impulsivity,structural connectivity,negatively correlated,"The sentence clearly supports the phenotype, feature, relationship, and direction/directness when stated.",,Mistral 7B
112,26483645,"fMRI investigation of response inhibition, emotion, impulsivity, and clinical high-risk behavior in adolescents.",2015,Frontiers in systems neuroscience,Barratt Impulsiveness Scale fMRI,unknown,unknown,impulsivity (general),unknown,associated_with,unclear,,unclear,0.7,ARBS risk scores correlated highly (0.78) with impulsivity scores from the Barratt Impulsivity scale (BIS).,yes,,yes,yes,yes,,,,,,,,,,llama-3.1-8b-instruct,2,keep,yes,yes,yes,yes,yes,no,impulsivity (general),unknown,positive,"The sentence clearly supports the association between impulsivity and ARBS risk scores, indicating a positive direction. The phenotype and relationship are directly stated, and the feature type is unknown but not overclaimed.",,Mistral 7B
113,29034964,Hemispheric asymmetry of the frontolimbic cortex in young adults with borderline personality disorder.,2017,Acta psychiatrica Scandinavica,Barratt Impulsiveness Scale fMRI,unknown,structural connectivity,attentional impulsivity,borderline personality disorder,associated_with,unclear,,unclear,0.7,Patients with BPD had reduced cortical thickness in left ACC and less surface area and gray matter volume in left AI.,yes,,yes,yes,no,,,,,,,,,,llama-3.1-8b-instruct,2,keep,yes,yes,yes,yes,yes,no,attentional impulsivity,structural connectivity,decreased,"The sentence clearly supports the association between attentional impulsivity and reduced cortical thickness, surface area, and gray matter volume in the left ACC and AI, respectively. The direction of the association is implied to be decreased, as the sentence mentions 'reduced' cortical thickness and 'less' surface area and gray matter volume.",,Mistral 7B
114,18465751,A voxel-based morphometry study of frontal gray matter correlates of impulsivity.,2009,Human brain mapping,Barratt Impulsiveness Scale fMRI,unknown,structural connectivity,impulsivity (general),unknown,associated_with,lower,,direct,0.8,GM volumes of the left and right OFC were inversely correlated with the BIS total score.,yes,,yes,yes,no,,,,,,,,,,llama-3.1-8b-instruct,2,keep,yes,yes,yes,yes,yes,no,impulsivity (general),structural connectivity,lower,"The sentence directly states that GM volumes of the left and right OFC are inversely correlated with the BIS total score, which is a measure of impulsivity. This supports the claim of impulsivity being associated with lower structural connectivity in the OFC.",,Mistral 7B
116,25142098,Dopamine D(2/3) receptor availability and human cognitive impulsivity: a high-resolution positron emission tomography imaging study with [¹¹C]raclopride.,2014,Acta neuropsychiatrica,Barratt Impulsiveness Scale fMRI,unknown,functional connectivity,nonplanning impulsivity,unknown,associated_with,higher,unknown,direct,0.8,The analysis revealed that the non-planning impulsiveness subscale scores on the BIS-11 had significant positive correlations with D(2/3) receptor availability in the pre-commissural dorsal caudate.,yes,,yes,yes,no,,,,,,,,,,llama-3.1-8b-instruct,2,keep,yes,yes,yes,yes,yes,no,nonplanning impulsivity,functional connectivity,higher,"The sentence clearly supports the extracted claim by stating a direct association between nonplanning impulsivity and D(2/3) receptor availability in the pre-commissural dorsal caudate, which is a specific brain region.",,Mistral 7B
117,28695069,Morphological connectivity correlates with trait impulsivity in healthy adults.,2017,PeerJ,Barratt Impulsiveness Scale fMRI,unknown,structural connectivity,impulsivity (general),unknown,correlates_with,unclear,,unclear,0.7,The BIS total score was found to correlate with the MCs between the ACC and two other brain regions in the right hemisphere.,yes,,yes,yes,no,,,,,,,,,,llama-3.1-8b-instruct,2,keep,yes,yes,yes,yes,yes,no,impulsivity (general),structural connectivity,positive,"The sentence clearly supports the extracted claim, mentioning a correlation between impulsivity and structural connectivity in the brain.",,Mistral 7B
118,26187551,Self-reported impulsivity is negatively correlated with amygdalar volumes in cocaine dependence.,2015,Psychiatry research,Barratt Impulsiveness Scale fMRI,unknown,structural connectivity,impulsivity (general),cocaine dependence,correlates_with,unclear,,unclear,0.7,Cocaine-dependent individuals showed significant negative correlations between amygdalar volumes and scores on the BIS-11 Attentional subscale,yes,,yes,yes,yes,,,,,,,,,,llama-3.1-8b-instruct,2,keep,yes,yes,yes,yes,yes,no,impulsivity (general),structural connectivity,negatively,The sentence clearly supports the extracted claim by stating a negative correlation between amygdalar volumes and impulsivity scores in cocaine-dependent individuals.,,Mistral 7B
119,32428790,Higher impulsivity and lower grey matter volume in the bilateral prefrontal cortex in long-term abstinent individuals with severe methamphetamine use disorder.,2020,Drug and alcohol dependence,Barratt Impulsiveness Scale fMRI,unknown,structural connectivity,impulsivity (general),severe methamphetamine use disorder,associated_with,lower,unclear,direct,0.8,We observed significantly higher BIS-11 impulsivity scores and lower GMV in the bilateral superior frontal cortex of SMUD-A individuals than in those of control subjects.,yes,,yes,yes,yes,,,,,,,,,,llama-3.1-8b-instruct,2,keep,yes,yes,yes,yes,yes,no,impulsivity (general),structural connectivity,lower,The sentence directly supports the claim by stating a significant association between impulsivity and lower grey matter volume in the bilateral superior frontal cortex.,,Mistral 7B
122,40845440,"A multimethod examination of impulsivity and its association with gamma-aminobutyric acid (GABA), glutamate, and other neurometabolite levels in youth who do and do not use alcohol.",2025,Addictive behaviors,Barratt Impulsiveness Scale fMRI,unknown,unknown,impulsivity (general),unknown,associated_with,higher,,unclear,0.6,"Compared to controls, youth who use alcohol had higher impulsivity on the BIS-11 attentional, non-planning, and motor subscales.",yes,,yes,yes,yes,,,,,,,,,,llama-3.1-8b-instruct,2,keep,yes,yes,yes,yes,yes,no,impulsivity (general),behavioral performance (specific),higher,"The sentence clearly supports the extracted claim by stating a higher impulsivity in youth who use alcohol compared to controls, specifically on the BIS-11 attentional, non-planning, and motor subscales. The phenotype, feature, relationship, and direction are all clearly stated and supported by the evidence.",,Mistral 7B
123,12079725,"Frontal white matter microstructure, aggression, and impulsivity in men with schizophrenia: a preliminary study.",2002,Biological psychiatry,Barratt Impulsiveness Scale fMRI,unknown,structural connectivity,motor impulsivity,schizophrenia,associated_with,unclear,,unclear,0.7,Lower fractional anisotropy in right inferior frontal white matter was associated with higher motor impulsiveness.,yes,,yes,yes,yes,,,,,,,,,,llama-3.1-8b-instruct,2,keep,yes,yes,yes,yes,yes,no,motor impulsiveness,structural connectivity,positively associated,"The sentence clearly supports the extracted claim, mentioning a specific phenotype (motor impulsiveness), feature type (structural connectivity), and relationship (associated with). The direction is also supported as the sentence implies a positive association between lower fractional anisotropy and higher motor impulsiveness.",,Mistral 7B
124,20406530,Impulsivity and neural correlates of response inhibition in schizophrenia.,2011,Psychological medicine,Barratt Impulsiveness Scale fMRI,unknown,unknown,impulsivity (general),schizophrenia,associated_with,higher,unclear,direct,0.8,"Patients with schizophrenia were more impulsive than healthy subjects, as indicated by higher BIS-11 scores. Patients, but not healthy subjects, were found to display a positive correlation between these scores and cerebral activation associated with response inhibition.",yes,,yes,yes,yes,,,,,,,,,,llama-3.1-8b-instruct,2,keep,yes,yes,yes,yes,yes,no,impulsivity (general),response inhibition,higher,"The sentence clearly supports the extracted claim, mentioning a direct association between impulsivity and response inhibition in schizophrenia, with a higher level of impulsivity indicated by higher BIS-11 scores.",,Mistral 7B
125,21480730,Why so impulsive? White matter alterations are associated with impulsivity in chronic marijuana smokers.,2011,Experimental and clinical psychopharmacology,Barratt Impulsiveness Scale fMRI,unknown,structural connectivity,impulsivity (general),unknown,associated_with,unclear,,unclear,0.7,"MJ smokers also had significantly higher BIS total and motor subscale scores relative to NS, which were positively correlated with left frontal FA values.",yes,,yes,yes,yes,,,,,,,,,,llama-3.1-8b-instruct,2,keep,yes,yes,yes,yes,yes,no,impulsivity (general),structural connectivity,positive,The sentence clearly supports the claim by stating a positive correlation between left frontal FA values and impulsivity in MJ smokers compared to NS.,,Mistral 7B
127,25104290,Abnormal white matter integrity in chronic users of codeine-containing cough syrups: a tract-based spatial statistics study.,2015,AJNR. American journal of neuroradiology,Barratt Impulsiveness Scale fMRI,unknown,structural connectivity,impulsivity (general),unknown,associated_with,unclear,,unclear,0.7,"Chronic codeine-containing syrup users had significantly lower fractional anisotropy in the inferior fronto-occipital fasciculus of the bilateral temporo-occipital regions, right frontal region, and the right corona radiata WM than controls.",yes,,yes,yes,yes,,,,,,,,,,llama-3.1-8b-instruct,2,keep,yes,yes,yes,yes,yes,no,impulsivity (general),structural connectivity,decreased,"The sentence clearly supports the claim by stating a significant difference in fractional anisotropy, which is a measure of structural connectivity, between chronic codeine users and controls. The phenotype of impulsivity is associated with structural connectivity, and the direction of the association is supported as the codeine users had lower fractional anisotropy.",,Mistral 7B
128,22336565,Diminished frontostriatal activity during processing of monetary rewards and losses in pathological gambling.,2012,Biological psychiatry,Barratt Impulsiveness Scale fMRI,unknown,functional connectivity,impulsivity (general),pathological gambling,associated_with,lower,inverse relationship,direct,0.8,"The PG group exhibited significantly reduced activity in the ventromedial prefrontal cortex, insula, and ventral striatum during several phases, including the prospect and anticipation phases of both gains and losses.",yes,,yes,yes,no,,,,,,,,,,llama-3.1-8b-instruct,2,keep,yes,yes,yes,yes,yes,no,impulsivity (general),functional connectivity,lower,"The sentence clearly supports the claim by stating a specific brain region (ventromedial prefrontal cortex, insula, and ventral striatum) and its reduced activity in the PG group, which is associated with impulsivity (general) and functional connectivity.",,Mistral 7B
137,30504061,Relationship between quality of life in young adults and impulsivity/compulsivity✰.,2019,Psychiatry research,Barratt Impulsiveness Scale neuroimaging,unknown,unknown,impulsivity (general),"presence of impulse control disorders, mood/anxiety disorders, post-traumatic stress disorder, and substance use disorder",correlates_with,unclear,,unclear,0.8,Worse quality of life was also significantly explained by higher impulsiveness on the Barratt scale,yes,,yes,yes,yes,,,,,,,,,,llama-3.1-8b-instruct,2,keep,yes,yes,yes,yes,yes,no,impulsivity (general),unknown,positive,The sentence clearly supports the claim that impulsivity (general) correlates with a positive direction (worse quality of life is explained by higher impulsiveness).,,Mistral 7B
138,40706276,"Low-grade inflammation, cognitive dysfunction, impulsivity, and appetite hormone dysregulation in adolescents with attention deficit hyperactivity disorder.",2025,Psychiatry research,Barratt Impulsiveness Scale neuroimaging,unknown,unknown,impulsivity (general),attention deficit hyperactivity disorder,associated_with,higher,unclear,unclear,1.0,Adolescents with ADHD and low-grade inflammation had the highest self-reported overall impulsiveness (BIS total scores),yes,,yes,yes,no,,,,,,,,,,llama-3.1-8b-instruct,2,keep,yes,yes,yes,yes,yes,no,impulsivity (general),behavioral,higher,"The sentence clearly supports the extracted claim, mentioning impulsivity as a phenotype and a higher level of impulsiveness in adolescents with ADHD and low-grade inflammation.",,Mistral 7B
139,37969475,Evaluation of Optical Coherence Tomography Findings in Antisocial Personality Disorder Patients.,2023,Alpha psychiatry,Barratt Impulsiveness Scale neuroimaging,unknown,unknown,impulsivity (general),Antisocial Personality Disorder,associated_with,unclear,,background,0.8,The Barratt Impulsivity Scale-total scores of the patients were significantly higher when compared to the controls.,yes,,yes,yes,no,,,,,,,,,,llama-3.1-8b-instruct,2,keep,yes,yes,yes,yes,yes,no,impulsivity (general),behavioral,increased,"The sentence clearly supports the claim by stating a significant difference in Barratt Impulsivity Scale-total scores between patients and controls, which is a measure of impulsivity.",,Mistral 7B
140,26277035,BDNF concentration and impulsiveness level in post-traumatic stress disorder.,2015,Psychiatry research,Barratt Impulsiveness Scale neuroimaging,unknown,unknown,impulsivity (general),post-traumatic stress disorder,associated_with,higher,unclear,unclear,0.6,"The higher the BDNF levels the higher the impulsiveness score, as measured by the Barratt Impulsiveness Scale (BIS-11)",yes,,yes,yes,no,,,,,,,,,,llama-3.1-8b-instruct,2,keep,yes,yes,yes,yes,yes,no,impulsivity (general),behavioral,higher,"The sentence directly states a positive association between BDNF levels and impulsiveness scores, supporting the claim.",,Mistral 7B
142,38645237,Reward Circuit Local Field Potential Modulations Precede Risk Taking.,2024,bioRxiv : the preprint server for biology,Barratt Impulsiveness Scale neuroimaging,unknown,EEG connectivity,impulsivity (general),unknown,predicts,higher,,direct,0.8,Risky decisions were predicted by increased oscillatory power in the high-gamma frequency range during card presentation in the orbitofrontal cortex.,yes,,yes,yes,no,,,,,,,,,,llama-3.1-8b-instruct,2,keep,yes,yes,yes,yes,yes,no,impulsivity (general),EEG connectivity,higher,"The sentence directly states that risky decisions are predicted by increased oscillatory power, which is a higher level of EEG connectivity, in the orbitofrontal cortex, which is related to impulsivity.",,Mistral 7B
143,30920937,"Interpersonal Problems in Borderline Personality Disorder: Associations With Mentalizing, Emotion Regulation, and Impulsiveness.",2021,Journal of personality disorders,Barratt Impulsiveness Scale neuroimaging,unknown,unknown,attentional impulsivity,Borderline Personality Disorder,associates_with,unclear,,unclear,0.7,Attentional impulsiveness predicted interpersonal problems directly.,yes,,yes,yes,no,,,,,,,,,,llama-3.1-8b-instruct,2,keep,yes,yes,yes,yes,yes,no,attentional impulsivity,interpersonal problems,positive,"The sentence clearly supports the extracted claim, mentioning attentional impulsivity as the phenotype, interpersonal problems as the feature, an association as the relationship, a positive direction, and a direct relationship.",,Mistral 7B
144,35149322,Resting State EEG Activity Related to Impulsivity in People with Prescription Opioid Use Disorder.,2022,Psychiatry research. Neuroimaging,Barratt Impulsiveness Scale neuroimaging,unknown,EEG connectivity,impulsivity (general),prescription opioid use disorder,associated_with,higher,unclear,direct,0.8,"Patients exhibited greater scores (impaired impulse control) on BIS-11 subscales (attention, motor, self-control) and impairment of these impulsive subtypes was associated with increases in β and δ oscillations.",yes,,yes,yes,yes,,,,,,,,,,llama-3.1-8b-instruct,2,keep,yes,yes,yes,yes,yes,no,,,,,,Mistral 7B
145,27667777,Networks underlying trait impulsivity: Evidence from voxel-based lesion-symptom mapping.,2017,Human brain mapping,Barratt Impulsiveness Scale neuroimaging,unknown,unknown,impulsivity (general),unknown,associated_with,unclear,,unclear,0.8,Heightened global impulsivity was associated with damage to multiple areas in bilateral prefrontal cortex.,yes,,yes,yes,no,,,,,,,,,,llama-3.1-8b-instruct,2,keep,yes,yes,yes,yes,yes,no,impulsivity (general),unknown,increased,"The sentence clearly supports the phenotype (impulsivity), feature (unknown), relationship (associated_with), direction (increased), and directness (direct).",,Mistral 7B
146,23603064,Neural correlate of impulsivity in subjects at ultra-high risk for psychosis.,2013,Progress in neuro-psychopharmacology & biological psychiatry,Barratt Impulsiveness Scale neuroimaging,unknown,unknown,impulsivity (general),ultra-high risk for psychosis,associated_with,unclear,,unclear,0.8,"UHR subjects were more impulsive than HC subjects in terms of attention, motor, and non-planning scores.",yes,,yes,yes,no,,,,,,,,,,llama-3.1-8b-instruct,2,keep,yes,yes,yes,yes,yes,no,impulsivity (general),behavioral,increased,"The sentence clearly supports the phenotype (impulsivity), feature (behavioral, as it mentions attention, motor, and non-planning scores), relationship (associated_with), direction (increased, as UHR subjects were more impulsive), and directness (direct, as it names both phenotype and feature).",,Mistral 7B
147,33440292,Childhood Trauma increases suicidal behaviour in a treatment-resistant depression population: a FACE-DR report.,2021,Journal of psychiatric research,Barratt Impulsiveness Scale neuroimaging,unknown,unknown,impulsivity (general),Treatment-Resistant Depression,associated_with,unclear,,background,0.7,We report a strong association between suicidal behaviour and Childhood Trauma (in particular childhood physical neglect) in a TRD population.,yes,,yes,yes,no,,,,,,,,,,llama-3.1-8b-instruct,2,keep,yes,yes,yes,yes,yes,no,impulsivity (general),behaviour,increases,"The sentence clearly supports the association between impulsivity (general) and suicidal behaviour, and implies that childhood trauma increases this association.",,Mistral 7B
148,25071497,A model-based analysis of impulsivity using a slot-machine gambling paradigm.,2014,Frontiers in human neuroscience,Barratt Impulsiveness Scale neuroimaging,unknown,unknown,impulsivity (general),unknown,associated_with,unclear,impulsivity affects gambling behavior,unclear,0.8,Impulsivity plays a key role in decision-making under uncertainty. It is a significant contributor to problem and pathological gambling (PG).,yes,,yes,yes,yes,,,,,,,,,,llama-3.1-8b-instruct,2,keep,yes,yes,yes,yes,yes,no,impulsivity (general),unknown,unclear,"The sentence clearly supports the association between impulsivity and problem/pathological gambling, which is a specific type of gambling behavior. The direction of the association is unclear, but the sentence does not overclaim by mentioning a group difference without a phenotype-feature association. The directness of the association is also unclear, but the sentence names both the phenotype (impulsivity) and the feature (gambling behavior).",,Mistral 7B
149,33113453,Suicide behavior is associated with childhood emotion dysregulation but not trait impulsivity in first episode psychosis.,2020,Psychiatry research,Barratt Impulsiveness Scale neuroimaging,unknown,unknown,impulsivity (general),first episode psychosis,associated_with,unclear,,unclear,0.6,"Childhood emotion dysregulation was significantly associated with a history of SB and its severity, but not SI.",yes,,yes,yes,yes,,,,,,,,,,llama-3.1-8b-instruct,2,keep,yes,yes,yes,yes,yes,no,impulsivity (general),behavior (suicidal),positive,The sentence clearly supports the association between childhood emotion dysregulation and impulsivity (general) in the context of first episode psychosis.,,Mistral 7B
150,30071388,Sleep and circadian rhythm function and trait impulsivity: An actigraphy study.,2018,Psychiatry research,Barratt Impulsiveness Scale neuroimaging,unknown,unknown,impulsivity (general),unknown,associated_with,unclear,,unclear,0.7,"High impulsive individuals displayed phase-delayed patterns of sleep, a decreased total sleep time and sleep efficiency, and disrupted circadian function.",yes,,yes,yes,yes,,,,,,,,,,llama-3.1-8b-instruct,2,keep,yes,yes,yes,yes,yes,no,impulsivity (general),sleep patterns,positive,"The sentence clearly supports the association between impulsivity and sleep patterns, with a specific direction (phase-delayed patterns) and directness (naming both phenotype and feature).",,Mistral 7B
151,19758706,Are self-injurers impulsive?: Results from two behavioral laboratory studies.,2009,Psychiatry research,Barratt Impulsiveness Scale neuroimaging,unknown,unknown,impulsivity (general),unknown,unknown,unclear,,unclear,0.5,Self-injurers reported greater impulsiveness,yes,,yes,yes,no,,,,,,,,,,llama-3.1-8b-instruct,2,keep,yes,yes,yes,yes,yes,no,impulsivity (general),behavioral,greater,"The sentence clearly supports the extracted claim, mentioning a phenotype (impulsivity), a feature (impulsiveness), a relationship (association), a direction (greater), and a directness (direct).",,Mistral 7B
152,34274904,Dimensions of impulsivity related to psychopathic traits and homicidal behavior among incarcerated male youth offenders.,2021,Psychiatry research,Barratt Impulsiveness Scale neuroimaging,unknown,unknown,impulsivity (general),unknown,associated_with,higher,,unclear,0.8,"PCL:YV total, Factor 2, Facet 3, and Facet 4 scores were significantly positively correlated with BIS-11 total scores.",yes,,yes,yes,yes,,,,,,,,,,llama-3.1-8b-instruct,2,keep,yes,yes,yes,yes,yes,no,impulsivity (general),psychopathic traits,higher,"The sentence clearly supports the association between impulsivity and psychopathic traits, with a higher level of impulsivity related to higher levels of psychopathic traits.",,Mistral 7B
153,29649673,The relationship between impulsivity and panic disorder-agoraphobia: The role of affective temperament.,2018,Psychiatry research,Barratt Impulsiveness Scale neuroimaging,unknown,unknown,attentional impulsivity,panic disorder,associated_with,unclear,,unclear,0.6,Patients have significantly higher scores in attentional impulsiveness subscales than the healthy controls.,yes,,yes,yes,no,,,,,,,,,,llama-3.1-8b-instruct,2,keep,yes,yes,yes,yes,yes,no,attentional impulsivity,behavioral trait,increased,"The sentence clearly supports the claim by stating that patients have higher scores in attentional impulsiveness subscales than healthy controls, which implies an association between the phenotype and the feature. The direction is also supported as it indicates an increase in the phenotype. The directness is supported as it names both the phenotype and the feature.",,Mistral 7B
154,29677623,Cerebrospinal fluid FGF23 levels correlate with a measure of impulsivity.,2018,Psychiatry research,Barratt Impulsiveness Scale neuroimaging,unknown,unknown,impulsivity (general),unknown,correlates_with,unclear,,unclear,0.7,"Negative correlations were found between CSF FGF23 concentrations and BIS non-planning, BIS cognition and BIS total score (all p<0.05).",yes,,yes,yes,no,,,,,,,,,,llama-3.1-8b-instruct,2,keep,yes,yes,yes,yes,yes,no,impulsivity (general),behavioral,negative,"The sentence clearly supports the extracted claim, mentioning a correlation between CSF FGF23 concentrations and impulsivity (measured by BIS scores). The direction of the correlation is negative, and the relationship is direct.",,Mistral 7B
157,37992775,Indirect effect of impulsivity on suicide risk through self-esteem and depressive symptoms in a population with treatment-resistant depression: A FACE-DR study.,2024,Journal of affective disorders,Barratt Impulsiveness Scale neuroimaging,unknown,unknown,impulsivity (general),treatment-resistant depression,associated_with,unclear,indirect,background,0.6,Impulsivity was associated with self-esteem and depressive symptom severity.,yes,,yes,yes,no,,,,,,,,,,llama-3.1-8b-instruct,2,keep,yes,yes,yes,yes,yes,no,impulsivity (general),unknown,unclear,"The sentence clearly supports the association between impulsivity and self-esteem/depressive symptom severity, which matches the extracted claim's relationship and phenotype. The direction is unclear, but the extracted claim's direction is also unclear, so it is supported. The directness is background, which matches the extracted claim's directness. There is no overclaiming as the sentence mentions a group difference and a phenotype-feature association.",,Mistral 7B
158,39116689,Impulsivity as a predictor of clinical and psychological outcomes in a naturalistic prospective cohort of subjects at ultra-high risk (UHR) for psychosis from Tunisia.,2024,Psychiatry research,Barratt Impulsiveness Scale neuroimaging,unknown,unknown,impulsivity (general),Ultra High Risk (UHR) for psychosis,predicts,unclear,,unclear,0.7,Higher baseline BIS-11 motor impulsivity significantly predicted more severe positive psychotic symptoms at 12 months of follow-up.,yes,,yes,yes,no,,,,,,,,,,llama-3.1-8b-instruct,2,keep,yes,yes,yes,yes,yes,no,impulsivity (general),psychotic symptoms,positive,"The sentence clearly supports the extracted claim, mentioning impulsivity as a phenotype, predicting more severe psychotic symptoms as a feature, and indicating a significant prediction relationship. The direction is supported as it specifically mentions 'positive psychotic symptoms', and the directness is supported as both phenotype and feature are named.",,Mistral 7B
162,32977054,Impulsivity as a multifactorial construct and its relationship to PTSD severity and threat sensitivity.,2020,Psychiatry research,Barratt Impulsiveness Scale neuroimaging,unknown,unknown,impulsivity (general),PTSD,associated_with,higher,unclear,unclear,0.7,PTSD severity was significantly associated with greater overall impulsivity and behavioral impulsivity.,yes,,yes,yes,yes,,,,,,,,,,llama-3.1-8b-instruct,2,keep,yes,yes,yes,yes,yes,no,impulsivity (general),behavioral,higher,"The sentence clearly supports the extracted claim, mentioning both impulsivity and its association with PTSD severity, and specifying the direction as higher.",,Mistral 7B
163,23122556,Decision-making and impulsivity in eating disorder patients.,2013,Psychiatry research,Barratt Impulsiveness Scale neuroimaging,unknown,unknown,impulsivity (general),eating disorder,associated_with,unclear,,unclear,0.7,"Eating disorder patients, both the restricting and the binge/purging groups, performed poorly in the Iowa Gambling Task compared to controls, confirming a deficit in decision-making in these patients.",yes,,yes,yes,yes,,,,,,,,,,llama-3.1-8b-instruct,2,keep,yes,yes,yes,yes,yes,no,impulsivity (general),decision-making,worse,"The sentence clearly supports the association between impulsivity (general) and decision-making in eating disorder patients, with a worse direction.",,Mistral 7B
166,25819744,Distinct domains of impulsivity are impaired in juvenile myoclonic epilepsy but not in temporal lobe epilepsy.,2015,Epilepsy & behavior : E&B,Barratt Impulsiveness Scale neuroimaging,unknown,unknown,impulsivity (general),epilepsy,associated_with,higher,,unclear,1.0,"Patients with JME showed higher scores than patients with TLE and controls in all domains: motor, attentional, and lack of planning impulsivity.",yes,,yes,yes,no,,,,,,,,,,llama-3.1-8b-instruct,2,keep,yes,yes,yes,yes,yes,no,impulsivity (general),unknown,higher,"The sentence clearly supports the extracted claim, mentioning higher impulsivity scores in patients with JME compared to TLE and controls in all domains.",,Mistral 7B
167,32450451,"Problematic Internet use (PIU), personality profiles and emotion dysregulation in a cohort of young adults: trajectories from risky behaviors to addiction.",2020,Psychiatry research,Barratt Impulsiveness Scale neuroimaging,unknown,unknown,impulsivity (general),Internet Addiction Diagnostic Questionnaire,associated_with,unclear,unclear,unclear,0.5,"PIU participants were more likely to report lower TPQ scores in novelty seeking, harm avoidance and reward dependence.",yes,,yes,yes,yes,,,,,,,,,,llama-3.1-8b-instruct,2,keep,yes,yes,yes,yes,yes,no,impulsivity (general),personality trait,negative,"The sentence clearly supports the claim by stating a negative association between PIU and novelty seeking, harm avoidance, and reward dependence, which are all aspects of impulsivity and personality traits.",,Mistral 7B
173,30616125,A multi-dimensional evaluation of craving and impulsivity among people admitted for alcohol-related problems in emergency department.,2019,Psychiatry research,Barratt Impulsiveness Scale neuroimaging,unknown,unknown,impulsivity (general),alcohol-related problems,associated_with,unclear,,unclear,0.6,Craving and impulsivity are key psychological dimensions involved in the development and maintenance of severe alcohol-use disorders.,yes,,yes,yes,yes,,,,,,,,,,llama-3.1-8b-instruct,2,keep,yes,yes,yes,yes,yes,no,impulsivity (general),unknown,unclear,"The sentence clearly supports the association between impulsivity and alcohol-use disorders, which matches the extracted claim's phenotype. The feature type is unknown, but the sentence implies a general association. The direction is unclear, but the sentence does not contradict the extracted claim's direction. The directness is also unclear, but the sentence does not contradict the extracted claim's directness. There is no overclaiming as the sentence mentions a phenotype-feature association.",,Mistral 7B
174,28675825,The association between in vivo central noradrenaline transporter availability and trait impulsivity.,2017,Psychiatry research. Neuroimaging,Barratt Impulsiveness Scale neuroimaging,unknown,functional connectivity,impulsivity (general),unknown,associated_with,lower,modulating,direct,0.7,We found that distribution volume ratios (DVR) used as PET outcome measures negatively correlated with BIS-11 total scores in the orbitofrontal cortex (OFC) and in the hippocampus as well as in parts of the cerebellar cortex.,yes,,yes,yes,no,,,,,,,,,,llama-3.1-8b-instruct,2,keep,yes,yes,yes,yes,yes,no,impulsivity (general),functional connectivity,lower,,,Mistral 7B
175,24608747,Trait impulsivity is associated with the risk of falls in Parkinson's disease.,2014,PloS one,Barratt Impulsiveness Scale neuroimaging,unknown,unknown,impulsivity (general),Parkinson's disease,associated_with,higher,unclear,unclear,0.7,Total impulsivity scores were higher for recurrent fallers (59.5) compared to non-fallers (56.8; p = 0.012).,yes,,yes,yes,no,,,,,,,,,,llama-3.1-8b-instruct,2,keep,yes,yes,yes,yes,yes,no,impulsivity (general),trait,higher,"The sentence clearly supports the extracted claim, mentioning a higher impulsivity score in recurrent fallers compared to non-fallers.",,Mistral 7B
176,27371803,Risk-taking behavior and impulsivity among HCV-infected patients.,2016,Psychiatry research,Barratt Impulsiveness Scale neuroimaging,unknown,unknown,impulsivity (general),unknown,associated_with,higher,,unclear,0.8,"The viral group patients had higher impulsivity than the nonviral group in all domains: attentional impulsivity, motor impulsivity, and nonplanning.",yes,,yes,yes,yes,,,,,,,,,,llama-3.1-8b-instruct,2,keep,yes,yes,yes,yes,yes,no,,,,The sentence clearly supports the extracted claim by stating a higher impulsivity in the viral group compared to the nonviral group in all domains of impulsivity.,,Mistral 7B
178,28391138,Associations between serotonin transporter and behavioral traits and diagnoses related to anxiety.,2017,Psychiatry research,Barratt Impulsiveness Scale neuroimaging,unknown,unknown,impulsivity (general),unknown,predicts,higher,,direct,0.8,"High (but not low)-risk offspring with two risk (short, s) alleles had higher impulsivity (+13%).",yes,,yes,yes,no,,,,,,,,,,llama-3.1-8b-instruct,2,keep,yes,yes,yes,yes,yes,no,impulsivity (general),unknown,higher,"The sentence clearly supports the extracted claim, mentioning a direct relationship between the serotonin transporter and impulsivity in high-risk offspring.",,Mistral 7B
179,26648853,Impulsivity is Associated with Increased Metabolism in the Fronto-Insular Network in Parkinson's Disease.,2015,Frontiers in behavioral neuroscience,Barratt Impulsiveness Scale neuroimaging,unknown,functional connectivity,impulsivity (general),Parkinson's disease,associated_with,higher,unclear,direct,0.8,"Voxel-wise group comparison revealed higher FDG-metabolism in the orbitofrontal cortex (OFC), anterior cingulate cortex (ACC), and right insula in patients with higher impulsivity scores.",yes,,yes,yes,yes,,,,,,,,,,llama-3.1-8b-instruct,2,keep,yes,yes,yes,yes,yes,no,impulsivity (general),functional connectivity,higher,The sentence clearly supports the extracted claim by stating a direct association between impulsivity and higher metabolism in specific brain regions.,,Mistral 7B
181,23158972,Impulsivity is related to striatal dopamine transporter availability in healthy males.,2013,Psychiatry research,Barratt Impulsiveness Scale neuroimaging,unknown,functional connectivity,impulsivity (general),unknown,associated_with,higher,dopamine transporter availability,direct,0.8,Greater dopamine transporter availability was associated with higher BIS impulsivity.,yes,,yes,yes,no,,,,,,,,,,llama-3.1-8b-instruct,2,keep,yes,yes,yes,yes,yes,no,impulsivity (general),functional connectivity,higher,,,Mistral 7B
182,22749228,Behavioral and cognitive impulsivity in obsessive-compulsive disorder and eating disorders.,2012,Psychiatry research,Barratt Impulsiveness Scale neuroimaging,unknown,unknown,impulsivity (general),"obsessive-compulsive disorder, eating disorder",associated_with,unclear,,unclear,0.5,"Compared to controls, both clinical groups reported higher levels of impulsivity on the BIS-11",yes,,yes,yes,yes,,,,,,,,,,llama-3.1-8b-instruct,2,keep,yes,yes,yes,yes,yes,no,impulsivity (general),unknown,increased,"The sentence clearly states that both clinical groups reported higher levels of impulsivity compared to controls, which supports the claim of impulsivity (general) being associated with obsessive-compulsive disorder and eating disorder, with an unclear feature type and increased direction.",,Mistral 7B
183,24612970,"Anxiety, depression, impulsivity and substance misuse in violent and non-violent adolescent boys in detention in China.",2014,Psychiatry research,Barratt Impulsiveness Scale neuroimaging,unknown,unknown,impulsivity (general),unknown,associated_with,higher,,unclear,0.7,"Violent offenders had significantly higher BIS-11 total scores, and attention and nonplanning subscale scores.",yes,,yes,yes,no,,,,,,,,,,llama-3.1-8b-instruct,2,keep,yes,yes,yes,yes,yes,no,impulsivity (general),unknown,higher,"The sentence directly supports the association between impulsivity and higher BIS-11 total scores, and attention and nonplanning subscale scores.",,Mistral 7B
184,31616015,Subjective estimates of uncertainty during gambling and impulsivity after subthalamic deep brain stimulation for Parkinson's disease.,2019,Scientific reports,Barratt Impulsiveness Scale neuroimaging,unknown,unknown,impulsivity (general),Parkinson's disease,associated_with,unclear,modulation,background,0.6,"The gambling behaviour of participants (bet increases, slot machine switches and double or nothing gambles) was associated with this self-reported measure of impulsivity.",yes,,yes,yes,yes,,,,,,,,,,llama-3.1-8b-instruct,2,keep,yes,yes,yes,yes,yes,no,impulsivity (general),behaviour,associated,"The sentence clearly supports the extracted claim, mentioning a specific type of impulsivity (general) and a specific feature (behaviour). The relationship is 'associated_with', which matches the claim. The direction is 'associated', which is clear from the sentence. The directness is 'direct', as the sentence names both phenotype and feature.",,Mistral 7B
185,27449004,"The association of Internet addiction symptoms with impulsiveness, loneliness, novelty seeking and behavioral inhibition system among adults with attention-deficit/hyperactivity disorder (ADHD).",2016,Psychiatry research,Barratt Impulsiveness Scale neuroimaging,unknown,unknown,impulsivity (general),attention-deficit/hyperactivity disorder (ADHD),associated_with,unclear,,unclear,0.7,"Impulsiveness, loneliness, and behavioral inhibition system were significant predictors of Internet addition among adults with ADHD.",yes,,yes,yes,no,,,,,,,,,,llama-3.1-8b-instruct,2,keep,yes,yes,yes,yes,yes,no,impulsiveness (general),behavioral feature,positive,The sentence clearly supports the association between impulsiveness and Internet addiction among adults with ADHD.,,Mistral 7B
186,29120849,Genetic analysis of impulsive personality traits: Examination of a priori candidates and genome-wide variation.,2018,Psychiatry research,Barratt Impulsiveness Scale neuroimaging,unknown,unknown,impulsivity (general),unknown,unknown,unclear,,unclear,0.5,Impulsive personality traits are heritable risk factors and putative endophenotypes for addiction and other psychiatric disorders involving disinhibition.,yes,,yes,yes,yes,,,,,,,,,,llama-3.1-8b-instruct,2,keep,yes,yes,yes,yes,yes,no,impulsivity (general),unknown,unclear,The sentence clearly supports the phenotype (impulsivity) and relationship (heritable risk factors and putative endophenotypes) when stated. The direction (unclear) and directness (unclear) are also supported as they are stated as unclear in the extracted claim. The sentence does not overclaim as it mentions a group difference (heritable risk factors) and a phenotype-feature association (impulsivity and endophenotypes).,,Mistral 7B
187,24373553,Anhedonia in Parkinson's disease patients with and without pathological gambling: a case-control study.,2014,Psychiatry research,Barratt Impulsiveness Scale neuroimaging,unknown,unknown,impulsivity (general),Parkinson's disease,associated_with,unclear,unclear,unclear,0.7,"The PG-group, compared to the ICDs-group and PD-controls, reported a significantly higher incidence of anhedonia, higher Snaith-Hamilton Pleasure Scale (SHAPS) scores, higher levels of impulsivity traits as measured by the Barratt Impulsiveness Scale.",yes,,yes,yes,no,,,,,,,,,,llama-3.1-8b-instruct,2,keep,yes,yes,yes,yes,yes,no,impulsivity (general),trait,increased,The sentence clearly supports the claim by stating a higher incidence of anhedonia and higher levels of impulsivity traits in the PG-group compared to the ICDs-group and PD-controls.,,Mistral 7B
189,31669801,Increased neural activity in the right dorsolateral prefrontal cortex during a risky decision-making task is associated with cocaine use in methadone-maintained patients.,2019,Drug and alcohol dependence,Barratt Impulsiveness Scale neuroimaging,unknown,functional connectivity,impulsivity (general),methadone-maintained patients,associated_with,higher,,direct,0.841,MMPs who used cocaine displayed increased neural activity in the right PFC during active decision-making.,yes,,yes,yes,no,,,,,,,,,,llama-3.1-8b-instruct,2,keep,yes,yes,yes,yes,yes,no,impulsivity (general),functional connectivity,higher,The sentence directly supports the claim by stating a specific brain region (right PFC) and a clear direction (increased neural activity).,,Mistral 7B
192,12860356,"Impulsivity, gender, and response to fenfluramine challenge in borderline personality disorder.",2003,Psychiatry research,Barratt Impulsiveness Scale neuroimaging,unknown,unknown,impulsivity (general),borderline personality disorder,associated_with,unclear,inverse relationship,background,0.7,"Behavioral impulsivity in borderline personality disorder (BPD) is associated with indices of diminished central serotonergic function, independent of suicidal behavior, depression or alcohol use disorder.",yes,,yes,yes,yes,,,,,,,,,,llama-3.1-8b-instruct,2,keep,yes,yes,yes,yes,yes,no,impulsivity (general),central serotonergic function,inverse relationship,"The sentence clearly supports the extracted claim, mentioning impulsivity as the phenotype, central serotonergic function as the feature, and an inverse relationship between the two.",,Mistral 7B
193,26803778,Dysfunctional decision-making related to white matter alterations in bipolar I disorder.,2016,Journal of affective disorders,Barratt Impulsiveness Scale neuroimaging,unknown,structural connectivity,impulsivity (general),bipolar I disorder,associated_with,lower,unclear,direct,0.8,BD-I patients displayed significantly lower integrity in the right cingulum compared to HC.,yes,,yes,yes,yes,,,,,,,,,,llama-3.1-8b-instruct,2,keep,yes,yes,yes,yes,yes,no,impulsivity (general),structural connectivity,lower,The sentence directly states a relationship between a phenotype (impulsivity) and a feature (structural connectivity) in a specific direction (lower) in a particular diagnostic context (bipolar I disorder).,,Mistral 7B
194,26660886,Functional Connectivity and Quantitative EEG in Women with Alcohol Use Disorders: A Resting-State Study.,2016,Brain topography,Barratt Impulsiveness Scale neuroimaging,unknown,EEG connectivity,nonplanning impulsivity,alcohol use disorders,associated_with,unclear,,direct,0.7,We also found that impaired functional connectivity particularly in alpha band at fronto-central areas was negative correlated with non-planning dimension of impulsivity.,yes,,yes,yes,yes,,,,,,,,,,llama-3.1-8b-instruct,2,keep,yes,yes,yes,yes,yes,no,nonplanning impulsivity,EEG connectivity,negatively associated,"The sentence clearly supports the phenotype, feature, relationship, and direction when stated.",,Mistral 7B
195,40467551,Common neural patterns of substance use disorder: a seed-based resting-state functional connectivity meta-analysis.,2025,Translational psychiatry,BIS-11 fMRI impulsivity,unknown,functional connectivity,impulsivity (general),Substance use disorder,associated_with,unclear,,unclear,0.8,The total score of the BIS-11 in SUD patients was significantly negatively correlated with reduced rsFC between the striatum and MCG.,yes,,yes,yes,no,,,,,,,,,,llama-3.1-8b-instruct,2,keep,yes,yes,yes,yes,yes,no,impulsivity (general),functional connectivity,negatively,The sentence clearly supports the extracted claim by mentioning a significant negative correlation between impulsivity (general) and reduced functional connectivity between the striatum and MCG.,,Mistral 7B
196,38092841,White matter-based brain network topological properties associated with individual impulsivity.,2023,Scientific reports,BIS-11 fMRI impulsivity,unknown,structural connectivity,impulsivity (general),unknown,associated_with,unclear,,unclear,0.7,People with a steep DD (greater impatience) had decreased small-worldness and increased degree centrality in the medial superior prefrontal cortex.,yes,,yes,yes,no,,,,,,,,,,llama-3.1-8b-instruct,2,keep,yes,yes,yes,yes,yes,no,impulsivity (general),structural connectivity,decreased,"The sentence clearly supports the claim by stating a specific association between impulsivity and structural connectivity in the medial superior prefrontal cortex. The direction of the association is also clear, as people with a steep DD (greater impatience) had decreased small-worldness and increased degree centrality.",,Mistral 7B
199,40945612,Diffusion tensor imaging-based evaluation of white-matter tract alterations in schizophrenic patients with personality-related comorbidities.,2026,Behavioural brain research,BIS-11 fMRI impulsivity,unknown,structural connectivity,impulsivity (general),schizophrenia,associated_with,unclear,,unclear,0.7,"SZ patients showed significant reductions in FA and elevations in MD and RD in the right inferior fronto-occipital fasciculus, left optic radiation, and left posterior thalamic radiation, implicating both demyelination and generalized microstructural disorganization.",yes,,yes,yes,no,,,,,,,,,,llama-3.1-8b-instruct,2,keep,yes,yes,yes,yes,yes,no,impulsivity (general),structural connectivity,unclear,"The sentence clearly supports the association between impulsivity (general) and structural connectivity, as it describes significant reductions in FA and elevations in MD and RD in specific white-matter tracts. The direction of the association is unclear, but the sentence does not overclaim by mentioning a group difference without a phenotype-feature association.",,Mistral 7B
200,24885073,Trait impulsivity and impaired prefrontal impulse inhibition function in adolescents with internet gaming addiction revealed by a Go/No-Go fMRI study.,2014,Behavioral and brain functions : BBF,BIS-11 fMRI impulsivity,unknown,functional connectivity,impulsivity (general),Internet gaming addiction,associated_with,higher,impaired function,direct,0.8,The activation of the left superior medial frontal gyrus was positively associated with BIS-11 and Chen Internet Addiction Scale (CIAS) total score across IGA participants.,yes,,yes,yes,no,,,,,,,,,,llama-3.1-8b-instruct,2,keep,yes,yes,yes,yes,yes,no,impulsivity (general),functional connectivity,higher,The sentence clearly supports the extracted claim by stating a direct association between the activation of a brain region and a measure of impulsivity in individuals with internet gaming addiction.,,Mistral 7B
201,26658924,Citicoline Treatment Improves Measures of Impulsivity and Task Performance in Chronic Marijuana Smokers: A Pilot BOLD fMRI Study.,2015,International journal of neurology and neurotherapy,BIS-11 fMRI impulsivity,unknown,unknown,impulsivity (general),chronic marijuana smokers,associated_with,lower,unknown,unclear,0.7,"Following the 8 week trial, MJ smokers treated with citicoline demonstrated significantly lower levels of behavioral impulsivity.",yes,,yes,yes,no,,,,,,,,,,llama-3.1-8b-instruct,2,keep,yes,yes,yes,yes,yes,no,impulsivity (general),behavioral,lower,"The sentence clearly supports the extracted claim, mentioning a specific phenotype (impulsivity), a feature type (behavioral), a relationship (associated with), a direction (lower), and a diagnostic context (chronic marijuana smokers).",,Mistral 7B
205,23562867,Decreased caudate response to milkshake is associated with higher body mass index and greater impulsivity.,2013,Physiology & behavior,BIS-11 fMRI impulsivity,unknown,functional connectivity,impulsivity (general),unknown,associated_with,higher,promoting impulsive eating behavior,direct,0.8,"In Study 1 (n=25) we also assessed self-reported impulsivity, and in Study 2 (n=14), we identified an inverse relationship between caudate response to milkshake vs. tasteless and failure to inhibit responses on the no-go trials.",yes,,yes,yes,no,,,,,,,,,,llama-3.1-8b-instruct,2,keep,yes,yes,yes,yes,yes,no,impulsivity (general),functional connectivity,higher,"The sentence clearly supports the extracted claim, mentioning impulsivity as the phenotype, functional connectivity as the feature type, an association as the relationship, higher impulsivity as the direction, and directness as the direct relationship between caudate response and impulsivity.",,Mistral 7B
207,22885245,Decreased saliency processing as a neural measure of Barratt impulsivity in healthy adults.,2012,NeuroImage,BIS-11 fMRI impulsivity,unknown,functional connectivity,nonplanning impulsivity,unknown,associated_with,lower,neural,direct,0.8,"In simple regressions, activation of the right anterior dorsal insula and middle frontal cortex (MFC) during stop as compared to go trials negatively correlated with motor and non-planning impulsivity score.",yes,,yes,yes,yes,,,,,,,,,,llama-3.1-8b-instruct,2,keep,yes,yes,yes,yes,yes,no,nonplanning impulsivity,functional connectivity,lower,"The sentence clearly supports the extracted claim by mentioning a direct association between the activation of brain regions and non-planning impulsivity score, which is a measure of the phenotype. The feature type is also supported as it is related to functional connectivity. The direction is supported as it is mentioned that the activation negatively correlated with impulsivity score, indicating a lower level of activation. The directness is also supported as it is mentioned that the activation is compared to go trials, which is a direct measure of the feature.",,Mistral 7B
209,28828225,Quantifying absolute glutamate concentrations in nucleus accumbens of prescription opioid addicts by using 1H MRS.,2017,Brain and behavior,BIS-11 fMRI impulsivity,unknown,unknown,impulsivity (general),opioid addiction,associated_with,unclear,unknown,unclear,0.671,"The glutamate concentrations correlated positively with BIS-11 scores in prescription opioid addicts (r = .671, p = .001)",yes,,yes,yes,no,,,,,,,,,,llama-3.1-8b-instruct,2,keep,yes,yes,yes,yes,yes,no,impulsivity (general),unknown,positive,"The sentence clearly supports the association between glutamate concentrations and impulsivity in prescription opioid addicts, with a positive correlation.",,Mistral 7B
210,31599080,Prefrontal GABA and glutamate levels correlate with impulsivity and cognitive function of prescription opioid addicts: A 1 H-magnetic resonance spectroscopy study.,2020,Psychiatry and clinical neurosciences,BIS-11 fMRI impulsivity,unknown,unknown,impulsivity (general),prescription opioid addicts,correlates with,unclear,,unclear,0.7,"GABA+ levels correlated negatively with BIS-11 scores but correlated positively with MoCA scores. In contrast, glutamate levels showed a positive correlation with BIS-11 scores but no significant correlation with MoCA scores.",yes,,yes,yes,yes,,,,,,,,,,llama-3.1-8b-instruct,2,keep,yes,yes,yes,yes,yes,no,impulsivity (general),cognitive function,negative,"The sentence clearly supports the extracted claim, mentioning impulsivity (general) as the phenotype, cognitive function as the feature, and a correlation as the relationship. The direction is supported as the sentence mentions a negative correlation with impulsivity and a positive correlation with cognitive function.",,Mistral 7B
211,25456522,Obsessive-compulsivity and working memory are associated with differential prefrontal cortex and insula activation in adolescents with a recent diagnosis of an eating disorder.,2014,Psychiatry research,BIS-11 fMRI impulsivity,unknown,functional connectivity,impulsivity (general),eating disorder not otherwise specified (EDNOS),associated_with,higher,unclear,direct,0.7,EDNOS subjects had significantly higher scores on the BIS 11 scale.,yes,,yes,yes,no,,,,,,,,,,llama-3.1-8b-instruct,2,keep,yes,yes,yes,yes,yes,no,impulsivity (general),behavioral score,higher,"The sentence directly supports the claim by stating that EDNOS subjects had higher scores on the BIS 11 scale, which is a measure of impulsivity.",,Mistral 7B
215,15637640,Reduced anterior corpus callosum white matter integrity is related to increased impulsivity and reduced discriminability in cocaine-dependent subjects: diffusion tensor imaging.,2005,Neuropsychopharmacology : official publication of the American College of Neuropsychopharmacology,BIS-11 fMRI impulsivity,unknown,structural connectivity,impulsivity (general),cocaine-dependent subjects,associated_with,higher,unclear,direct,0.8,Results of the DTI showed significantly reduced FA in the genu and rostral body of the anterior corpus callosum in cocaine-dependent subjects compared to controls.,yes,,yes,yes,yes,,,,,,,,,,llama-3.1-8b-instruct,2,keep,yes,yes,yes,yes,yes,no,impulsivity (general),structural connectivity,lower,"The sentence directly supports the association between impulsivity and reduced structural connectivity in the anterior corpus callosum, which is consistent with the extracted claim.",,Mistral 7B
219,41098388,Functional connectivity in resting-state fMRI (rs-fMRI) in opioid use disorder.,2025,The European physical journal. Special topics,impulsivity resting-state fMRI functional connectivity,unknown,functional connectivity,impulsivity (general),opioid use disorder,associated_with,unclear,,unclear,0.5,Our preliminary rs-fMRI findings reveal significant disruptions in functional connectivity in individuals with opioid addiction within DMN and SN networks involved in cognitive functions such as decision-making and impulse control.,yes,,yes,yes,yes,,,,,,,,,,llama-3.1-8b-instruct,2,keep,yes,yes,yes,yes,yes,no,impulsivity (general),functional connectivity,decreased/increased,"The sentence clearly supports the phenotype (impulsivity), feature type (functional connectivity), relationship (associated with), direction (decreased/increased), and directness (direct) when stated. The brain system is not explicitly mentioned, but it is implied to be the default mode network (DMN) and salience network (SN) involved in cognitive functions such as decision-making and impulse control.",,Mistral 7B
221,31473543,Resting-state fMRI dynamic functional network connectivity and associations with psychopathy traits.,2019,NeuroImage. Clinical,impulsivity resting-state fMRI functional connectivity,unknown,dynamic connectivity,impulsivity (general),psychopathy,associated_with,unclear,,indirect,0.7,Individuals with higher Factor 2 scores (impulsive and antisocial behaviors) showed more dynamism (changes to and from different states) than those with lower scores.,yes,,yes,yes,no,,,,,,,,,,llama-3.1-8b-instruct,2,keep,yes,yes,yes,yes,yes,no,impulsivity (general),dynamic connectivity,greater,"The sentence clearly supports the phenotype (impulsivity), feature (dynamic connectivity), relationship (associated with), direction (greater), and directness (indirect) when stated.",,Mistral 7B
222,31868249,Characterizing impulsivity and resting-state functional connectivity in normal-weight binge eaters.,2020,The International journal of eating disorders,impulsivity resting-state fMRI functional connectivity,unknown,functional connectivity,impulsivity (general),unknown,associated_with,unclear,,unclear,0.7,The BE group was characterized by a higher degree of trait impulsivity.,yes,,yes,yes,yes,,,,,,,,,,llama-3.1-8b-instruct,2,keep,yes,no,no,yes,no,no,impulsivity (general),trait,,"The sentence clearly supports the phenotype, but it does not support the feature type (functional connectivity) or the relationship (associated_with).",,Mistral 7B
227,28402539,Associating resting-state connectivity with trait impulsivity.,2017,Social cognitive and affective neuroscience,impulsivity resting-state fMRI functional connectivity,unknown,functional connectivity,impulsivity (general),unknown,associates_with,unclear,,direct,0.7,"Results demonstrate a novel correlation between BAS-fun seeking and resting-state connectivity between middle OFC and putamen, implying that spontaneous synchrony between reward-processing regions may play a role in defining personality characteristics related to impulsivity.",yes,,yes,yes,yes,,,,,,,,,,llama-3.1-8b-instruct,2,keep,yes,yes,yes,yes,yes,no,impulsivity (general),functional connectivity,positive,"The sentence clearly supports the claim by stating a correlation between BAS-fun seeking and resting-state connectivity, implying a positive association between the two.",,Mistral 7B
228,37270396,Sleep mediates the effect of stressful environments on youth development of impulsivity: The moderating role of within default mode network resting-state functional connectivity.,2023,Sleep health,impulsivity resting-state fMRI functional connectivity,unknown,functional connectivity,impulsivity (general),unknown,associated_with,unclear,mediation,unclear,0.8,"Sleep problems, shorter sleep duration, and longer sleep latency significantly mediated the link between stressful environments and youth impulsivity.",yes,,yes,yes,yes,,,,,,,,,,llama-3.1-8b-instruct,2,keep,yes,yes,yes,yes,yes,no,impulsivity (general),functional connectivity,positive,"The sentence clearly supports the extracted claim, mentioning a direct association between stressful environments and impulsivity, mediated by sleep problems, shorter sleep duration, and longer sleep latency.",,Mistral 7B
231,38083173,Functional Connectivity Dynamics show Resting-State Instability and Rightward Parietal Dysfunction in ADHD.,2023,Annual International Conference of the IEEE Engineering in Medicine and Biology Society. IEEE Engineering in Medicine and Biology Society. Annual International Conference,impulsivity resting-state fMRI functional connectivity,unknown,functional connectivity,impulsivity (general),Attention Deficit/Hyperactivity Disorder (ADHD),associated_with,higher,,direct,0.8,"ADHD patients exhibited significantly higher variability in dFC than TD children in the cingulo-temporal, cingulo-parietal, fronto-temporal, and fronto-parietal networks.",yes,,yes,yes,no,,,,,,,,,,llama-3.1-8b-instruct,2,keep,yes,yes,yes,yes,yes,no,impulsivity (general),functional connectivity,higher,The sentence clearly supports the extracted claim by stating a higher variability in functional connectivity in ADHD patients compared to TD children in specific brain networks.,,Mistral 7B
234,37526227,Gender-specific resting-state rDMPFC-centric functional connectivity underpinnings of intertemporal choice.,2023,"Cerebral cortex (New York, N.Y. : 1991)",impulsivity resting-state fMRI functional connectivity,unknown,functional connectivity,impulsivity (general),unknown,correlates_with,unclear,,direct,0.8,"In women, log k was found to be positively correlated with the rsFC between rDMPFC and anterior cingulate cortex/right orbitofrontal cortex.",yes,,yes,yes,no,,,,,,,,,,llama-3.1-8b-instruct,2,keep,yes,yes,yes,yes,yes,no,impulsivity (general),functional connectivity,positive,"The sentence clearly supports the claim, mentioning a specific phenotype (impulsivity), feature type (functional connectivity), relationship (correlates_with), direction (positive), and directness (direct).",,Mistral 7B
237,31284029,Genetic contribution to the phenotypic correlation between trait impulsivity and resting-state functional connectivity of the amygdala and its subregions.,2019,NeuroImage,impulsivity resting-state fMRI functional connectivity,unknown,functional connectivity,impulsivity (general),unknown,associated_with,higher,,direct,0.8,Trait impulsivity was positively correlated with the rsFC between the left full amygdala and the right dorsolateral prefrontal cortex (DLPFC).,yes,,yes,yes,no,,,,,,,,,,llama-3.1-8b-instruct,2,keep,yes,yes,yes,yes,yes,no,impulsivity (general),functional connectivity,higher,"The sentence clearly supports the extracted claim by stating a positive correlation between impulsivity and the functional connectivity between the amygdala and the DLPFC, which matches the extracted direction of 'higher'.",,Mistral 7B
238,30391836,Reward and executive control network resting-state functional connectivity is associated with impulsivity during reward-based decision making for cocaine users.,2019,Drug and alcohol dependence,impulsivity resting-state fMRI functional connectivity,unknown,functional connectivity,impulsivity (general),cocaine users,associated_with,unclear,,unclear,0.7,Higher impulsivity on the Balloon Analogue Risk Task (BART) was associated with inverse resting-state connectivity between the left cognitive control and subgenual anterior cingulate extended reward networks for cocaine users.,yes,,yes,yes,no,,,,,,,,,,llama-3.1-8b-instruct,2,keep,yes,yes,yes,yes,yes,no,impulsivity (general),functional connectivity,inverse,"The sentence clearly supports the extracted claim by stating a specific association between impulsivity and functional connectivity in a particular brain network for cocaine users. The direction of the association is also clearly stated as inverse, which matches the extracted direction. The directness of the association is also clearly stated, naming both the phenotype (impulsivity) and the feature (functional connectivity).",,Mistral 7B
239,30683074,Hyperactivity/restlessness is associated with increased functional connectivity in adults with ADHD: a dimensional analysis of resting state fMRI.,2019,BMC psychiatry,impulsivity resting-state fMRI functional connectivity,unknown,functional connectivity,impulsivity (general),ADHD,associated_with,higher,unclear,direct,1.0,"More severe hyperactivity was associated with increased functional connectivity in the left putamen, right caudate nucleus, right central operculum and a portion of the right postcentral gyrus within the auditory/sensorimotor network.",yes,,yes,yes,yes,,,,,,,,,,llama-3.1-8b-instruct,2,keep,yes,yes,yes,yes,yes,no,hyperactivity,functional connectivity,higher,,,Mistral 7B
240,33615095,Static and dynamic aspects of cerebro-cerebellar functional connectivity are associated with self-reported measures of impulsivity: A resting-state fMRI study.,2020,"Network neuroscience (Cambridge, Mass.)",impulsivity resting-state fMRI functional connectivity,unknown,functional connectivity,impulsivity (general),unknown,associated_with,unclear,,unclear,0.7,"We observed evidence linking BIS, BAS, sensation seeking, and lack of premeditation to the total strength and temporal variability of FC within networks connecting regions of the prefrontal cortex, precuneus, posterior cingulate cortex, basal ganglia, and thalamus with the cerebellum.",yes,,yes,yes,yes,,,,,,,,,,llama-3.1-8b-instruct,2,keep,yes,yes,yes,yes,yes,no,impulsivity (general),functional connectivity,unclear,,,Mistral 7B
241,29355588,Resting-state functional connectivity of neurotransmitter producing sites in female patients with borderline personality disorder.,2018,Progress in neuro-psychopharmacology & biological psychiatry,impulsivity resting-state fMRI functional connectivity,unknown,functional connectivity,motor impulsivity,borderline personality disorder,associated_with,higher,noradrenergic dysfunction in the neural inhibitory control network,direct,0.8,BPD patients showed stronger FC from the noradrenergic locus coeruleus (LC) to the ACC. Functional connectivity between the LC and ACC was positively associated with the degree of motor impulsivity in the total group.,yes,,yes,yes,yes,,,,,,,,,,llama-3.1-8b-instruct,2,keep,yes,yes,yes,yes,yes,no,motor impulsivity,functional connectivity,higher,,,Mistral 7B
242,36799331,Alcohol-induced changes in mesostriatal resting-state functional connectivity are linked to sensation seeking in young adults.,2023,"Alcohol, clinical & experimental research",impulsivity resting-state fMRI functional connectivity,unknown,functional connectivity,unknown,unknown,associated_with,unclear,alcohol-induced,unclear,0.7,Young adults exhibiting smaller alcohol-induced decreases or increases in VTA-left caudate connectivity reported greater sensation seeking.,yes,,yes,yes,no,,,,,,,,,,llama-3.1-8b-instruct,2,keep,yes,yes,yes,yes,yes,no,unknown,functional connectivity,decreases or increases,"The sentence clearly supports the claim by stating a phenotype (unknown), feature type (functional connectivity), relationship (associated with), direction (decreases or increases), and directness (direct).",,Mistral 7B
247,40297839,"Hippocampus Functional Connectivity, Impulsivity, and Subsequent Substance Use.",2025,Journal of cellular neuroscience,impulsivity resting-state fMRI functional connectivity,unknown,functional connectivity,impulsivity (general),unknown,associated_with,unclear,,unclear,0.7,"Baseline brain-wide rsFC of the hippocampus mediates the relationship between impulsivity and subsequent substance use, specifically tobacco and marijuana use, in adolescents.",yes,,yes,yes,no,,,,,,,,,,llama-3.1-8b-instruct,2,keep,yes,yes,yes,yes,yes,no,impulsivity (general),functional connectivity,direct,"The sentence clearly supports the extracted claim, mentioning a specific relationship between impulsivity and functional connectivity of the hippocampus, which is associated with subsequent substance use.",,Mistral 7B
249,29723554,Decreased resting-state BOLD regional homogeneity and the intrinsic functional connectivity within dorsal striatum is associated with greater impulsivity in food-related decision-making and BMI change at 6-month follow up.,2018,Appetite,impulsivity resting-state fMRI functional connectivity,unknown,functional connectivity,impulsivity (general),unknown,associated_with,lower,unclear,direct,0.8,"Greater impulsivity in food-related decision-making was inversely correlated with spontaneous regional homogeneity in the dorsal striatum (dorsal caudate), as well as the resting-state functional connectivity (rs-FC) between the dorsal caudate seed and the rostral putamen.",yes,,yes,yes,no,,,,,,,,,,llama-3.1-8b-instruct,2,keep,yes,yes,yes,yes,yes,no,impulsivity (general),functional connectivity,lower,"The sentence clearly supports the extracted claim, mentioning a direct association between impulsivity and functional connectivity in the dorsal striatum.",,Mistral 7B
250,33625381,Differences in resting-state functional connectivity according to the level of impulsiveness in patients with internet gaming disorder.,2021,Journal of behavioral addictions,impulsivity resting-state fMRI functional connectivity,unknown,functional connectivity,impulsivity (general),Internet gaming disorder,associated_with,unclear,unclear,unclear,0.7,"Connectivity of the vmPFC with the left temporo-parietal junction (TPJ) and NAcc-left insula connectivity were significantly decreased in the patients with high impulsivity, compared with the patients with low impulsivity and healthy controls.",yes,,yes,yes,yes,,,,,,,,,,llama-3.1-8b-instruct,2,keep,yes,yes,yes,yes,yes,no,impulsivity (general),functional connectivity,decreased,The sentence clearly supports the claim by stating a specific association between impulsivity and functional connectivity in a particular brain region.,,Mistral 7B
251,35193713,Enhanced resting-state EEG source functional connectivity within the default mode and reward-salience networks in internet gaming disorder.,2022,Psychological medicine,impulsivity resting-state fMRI functional connectivity,unknown,EEG connectivity,impulsivity (general),internet gaming disorder,associated_with,higher,unclear,direct,0.8,"Patients with IGD showed increased theta, alpha, and beta connectivity within the DMN between the orbitofrontal cortex and parietal regions compared with HCs.",yes,,yes,yes,yes,,,,,,,,,,llama-3.1-8b-instruct,2,keep,yes,yes,yes,yes,yes,no,impulsivity (general),EEG connectivity,higher,"The sentence clearly supports the extracted claim, mentioning a specific brain region (orbitofrontal cortex and parietal regions) and a direct association between the phenotype and feature.",,Mistral 7B
253,31611841,Altered Resting-State Functional Connectivity in Wernicke's Encephalopathy With Vestibular Impairment.,2019,Frontiers in neurology,impulsivity resting-state fMRI functional connectivity,unknown,functional connectivity,unknown,Wernicke's Encephalopathy,associated_with,unclear,,background,0.5,"Functional connections at the predefined seed regions, including the insular cortex and parietal operculum, were attenuated in the WE group compared to healthy controls.",yes,,yes,yes,yes,,,,,,,,,,llama-3.1-8b-instruct,2,keep,yes,yes,yes,yes,yes,no,Wernicke's Encephalopathy,functional connectivity,decreased,"The sentence clearly supports the claim by stating a specific phenotype (Wernicke's Encephalopathy), a feature type (functional connectivity), a relationship (associated with), a direction (decreased), and directness (foreground).",,Mistral 7B
254,25899520,Altered resting-state functional connectivity of the insula in young adults with Internet gaming disorder.,2016,Addiction biology,impulsivity resting-state fMRI functional connectivity,unknown,functional connectivity,impulsivity (general),Internet gaming disorder,associated_with,higher,unclear,direct,0.8,"In comparison with HCs, IGD subjects (IGDs) exhibited enhanced rsFC between the anterior insula and a network of regions including anterior cingulate cortex (ACC), putamen, angular gyrus, and precuneous.",yes,,yes,yes,no,,,,,,,,,,llama-3.1-8b-instruct,2,keep,yes,yes,yes,yes,yes,no,impulsivity (general),functional connectivity,higher,The sentence clearly supports the extracted claim by stating a direct association between impulsivity (general) and enhanced functional connectivity in IGD subjects compared to HCs.,,Mistral 7B
257,38521138,Large-scale network abnormality in behavioral addiction.,2024,Journal of affective disorders,impulsivity resting-state fMRI functional connectivity,unknown,functional connectivity,impulsivity (general),unknown,associated_with,unclear,,unclear,0.8,individuals with BAs exhibit hypo-connectivity within the fronto-parietal network (FN) and hypo- and hyper-connectivity within the ventral attention network (VAN),yes,,yes,yes,no,,,,,,,,,,llama-3.1-8b-instruct,2,keep,yes,yes,yes,yes,yes,no,impulsivity (general),functional connectivity,decreased/increased,"The sentence clearly supports the claim by mentioning a specific brain network abnormality in individuals with behavioral addiction, which is associated with impulsivity. The direction of the abnormality is also clear, as it mentions hypo- and hyper-connectivity.",,Mistral 7B
258,34728230,Resting-state functional connectivity within orbitofrontal cortex and inferior frontal gyrus modulates the relationship between reflection level and risk-taking behavior in internet gaming disorder.,2022,Brain research bulletin,impulsivity resting-state fMRI functional connectivity,unknown,functional connectivity,impulsivity (general),internet gaming disorder,modulates,unclear,unknown,direct,0.8,"The mediation analyses revealed that, among IGD participants, the rsFC between OFC and IFG fully mediated the relationship between reflection level and risk-taking behavior.",yes,,yes,yes,no,,,,,,,,,,llama-3.1-8b-instruct,2,keep,yes,yes,yes,yes,yes,no,impulsivity (general),functional connectivity,positive,"The sentence clearly supports the extracted claim, mentioning a direct relationship between reflection level and risk-taking behavior, mediated by the functional connectivity between OFC and IFG, which is related to impulsivity in the context of internet gaming disorder.",,Mistral 7B
259,41257054,Ventral Attention Network Resting State Functional Connectivity: Psychosocial Correlates among US Adolescents.,2025,Journal of biomedical and life sciences,impulsivity resting-state fMRI functional connectivity,unknown,functional connectivity,impulsivity (general),unknown,correlates_with,unclear,,unclear,0.6,Greater VAN connectivity was negatively associated with impulsive reward-driven trait (drive).,yes,,yes,yes,no,,,,,,,,,,llama-3.1-8b-instruct,2,keep,yes,yes,yes,yes,yes,no,impulsivity (general),functional connectivity,negatively associated,"The sentence clearly supports the extracted claim, mentioning impulsivity as the phenotype, functional connectivity as the feature type, and a correlation as the relationship. The direction is also supported as 'negatively associated'.",,Mistral 7B
260,36963562,Youth Screen Media Activity Patterns and Associations With Behavioral Developmental Measures and Resting-state Brain Functional Connectivity.,2023,Journal of the American Academy of Child and Adolescent Psychiatry,impulsivity resting-state fMRI functional connectivity,unknown,functional connectivity,impulsivity (general),unknown,associated_with,higher,,unclear,0.8,"Compared with the lower-frequency SMA pattern group, the video-centric higher-frequency SMA pattern group showed higher impulsivity.",yes,,yes,yes,no,,,,,,,,,,llama-3.1-8b-instruct,2,keep,yes,yes,yes,yes,yes,no,impulsivity (general),functional connectivity,higher,"The sentence clearly supports the extracted claim, mentioning a specific phenotype (impulsivity), feature type (functional connectivity), relationship (associated with), direction (higher), and directness (unclear).",,Mistral 7B
261,24818075,Altered resting-state functional connectivity in patients with chronic bilateral vestibular failure.,2014,NeuroImage. Clinical,impulsivity resting-state fMRI functional connectivity,unknown,functional connectivity,unknown,chronic bilateral vestibular failure,associated_with,unclear,unknown,indirect,0.6,BVF patients showed lower bilateral connectivity in the posterior insula and parietal operculum but higher connectivity in the posterior cerebellum compared to controls.,yes,,yes,yes,yes,,,,,,,,,,llama-3.1-8b-instruct,2,keep,yes,yes,yes,yes,yes,no,,,,,,Mistral 7B
265,26311395,Abnormal prefrontal cortex resting state functional connectivity and severity of internet gaming disorder.,2016,Brain imaging and behavior,impulsivity resting-state fMRI functional connectivity,unknown,functional connectivity,impulsivity (general),Internet Gaming Disorder,associated_with,lower,decreased functional connectivity,direct,0.8,"IGD subjects showed decreased functional connectivity between several cortical regions and our seeds, including the insula, and temporal and occipital cortices.",yes,,yes,yes,yes,,,,,,,,,,llama-3.1-8b-instruct,2,keep,yes,yes,yes,yes,yes,no,impulsivity (general),functional connectivity,lower,"The sentence directly states that IGD subjects showed decreased functional connectivity, which matches the extracted claim's relationship, direction, and feature type.",,Mistral 7B
267,34272398,Abnormal interhemispheric resting state functional connectivity in Parkinson's disease patients with impulse control disorders.,2021,NPJ Parkinson's disease,impulsivity resting-state fMRI functional connectivity,unknown,functional connectivity,impulsivity (general),Parkinson's disease,associated_with,lower,reduced VMHC values,direct,0.8,PD-ICD group demonstrated reduced VMHC values in middle frontal gyrus (MFG).,yes,,yes,yes,yes,,,,,,,,,,llama-3.1-8b-instruct,2,keep,yes,yes,yes,yes,yes,no,impulsivity (general),functional connectivity,lower,,,Mistral 7B
268,35091540,Brain network dysfunctions in addiction: a meta-analysis of resting-state functional connectivity.,2022,Translational psychiatry,impulsivity resting-state fMRI functional connectivity,unknown,functional connectivity,unknown,substance use disorder (SUD) and behavioral addictions (BA),associated_with,higher,unclear,direct,0.8,"Data from fifty-two studies showed that SUD was associated with putamen, caudate and middle frontal gyrus hyperconnectivity relative to healthy controls.",yes,,yes,yes,yes,,,,,,,,,,llama-3.1-8b-instruct,2,keep,yes,yes,yes,yes,yes,no,substance use disorder (SUD),functional connectivity,higher,"The sentence clearly supports the claim by stating a specific phenotype (SUD), feature type (functional connectivity), relationship (associated with), direction (higher), and directness (direct).",,Mistral 7B
273,21406160,Aberrant connectivity of resting-state networks in borderline personality disorder.,2011,Journal of psychiatry & neuroscience : JPN,impulsivity resting-state fMRI functional connectivity,unknown,functional connectivity,impulsivity (general),borderline personality disorder,associated_with,unclear,,direct,0.8,"There were 17 women with BPD and 17 female healthy controls enrolled in this study. Within a network comprising cortical midline regions ('default mode network'), patients with BPD showed an increase in functional connectivity in the left frontopolar cortex (FPC) and the left insula, whereas decreased connectivity was found in the left cuneus.",yes,,yes,yes,no,,,,,,,,,,llama-3.1-8b-instruct,2,keep,yes,yes,yes,yes,yes,no,impulsivity (general),functional connectivity,increased,"The sentence clearly supports the claim by stating a direct association between impulsivity (general) and functional connectivity in the brain, specifically increased connectivity in the left frontopolar cortex and the left insula, and decreased connectivity in the left cuneus.",,Mistral 7B
274,39446154,Functional connectivity density of brain in children with primary nocturnal enuresis: results from a resting-state fMRI study.,2025,European child & adolescent psychiatry,impulsivity resting-state fMRI functional connectivity,unknown,functional connectivity,impulsivity (general),primary nocturnal enuresis,associated_with,unclear,,unclear,0.7,Decreased gFCD and lFCD were found in the left temporal lobe and the right posterior cerebellum in the children with PNE compared with the HC. The FCD values in these regions were negatively correlated with the scores of hyperactivity/impulsivity in the children with PNE.,yes,,yes,yes,yes,,,,,,,,,,llama-3.1-8b-instruct,2,keep,yes,yes,yes,yes,yes,no,impulsivity (general),functional connectivity,negatively correlated,The sentence clearly supports the extracted claim by mentioning a specific brain region (left temporal lobe and the right posterior cerebellum) and a relationship between functional connectivity and impulsivity in children with primary nocturnal enuresis.,,Mistral 7B
280,26769234,"Frontostriatal circuits, resting state functional connectivity and cognitive control in internet gaming disorder.",2017,Addiction biology,impulsivity resting-state fMRI functional connectivity,unknown,functional connectivity,unknown,internet gaming disorder,associated_with,unclear,,unclear,0.7,"In IGD subjects, we demonstrated an increased volume of right caudate and nucleus accumbens (NAc) as well as reduced RSFC strength of dorsal prefrontal cortex (DLPFC)-caudate and orbitofrontal cortex (OFC)-NAc.",yes,,yes,yes,yes,,,,,,,,,,llama-3.1-8b-instruct,2,keep,yes,yes,yes,yes,yes,no,increased volume of right caudate and nucleus accumbens,structural volume,increased,The sentence clearly supports the claim by stating a specific phenotype (increased volume of right caudate and nucleus accumbens) and its association with a feature (reduced RSFC strength) in a diagnostic context (internet gaming disorder).,,Mistral 7B
287,25727574,Abnormal gray matter volume and resting-state functional connectivity in former heroin-dependent individuals abstinent for multiple years.,2016,Addiction biology,impulsivity resting-state fMRI functional connectivity,unknown,functional connectivity,impulsivity (general),unknown,associated_with,unclear,,indirect,0.7,The altered functional connectivity was correlated with self-reported impulsivity scores in the FHD subjects.,yes,,yes,yes,no,,,,,,,,,,llama-3.1-8b-instruct,2,keep,yes,yes,yes,yes,yes,no,impulsivity (general),functional connectivity,positive,"The sentence clearly supports the extracted claim, mentioning a specific phenotype (impulsivity), feature type (functional connectivity), and relationship (associated with). The direction is implied to be positive as the sentence mentions 'correlated with', which typically implies a positive relationship. The directness is also supported as the sentence names both phenotype and feature.",,Mistral 7B
289,23968837,Resting-state striato-frontal functional connectivity is sensitive to DAT1 genotype and predicts executive function.,2015,"Cerebral cortex (New York, N.Y. : 1991)",impulsivity resting-state fMRI functional connectivity,unknown,functional connectivity,impulsivity (general),unknown,predicts,unclear,,direct,0.8,"We found that stronger DC-seeded connectivity predicted superior N-back working memory performance, while stronger ventral striatum-seeded connectivity predicted reduced impulsivity in everyday life.",yes,,yes,yes,no,,,,,,,,,,llama-3.1-8b-instruct,2,keep,yes,yes,yes,yes,yes,no,impulsivity (general),functional connectivity,positive,"The sentence clearly supports the phenotype (impulsivity), feature (functional connectivity), relationship (predicts), direction (positive), and directness (direct) when stated.",,Mistral 7B
292,40230597,"Resting-State Sensory-Motor Connectivity between Hand and Mouth as a Neural Marker of Socioeconomic Disadvantage, Psychosocial Stress, Cognitive Difficulties, Impulsivity, Depression, and Substance Use in Children.",2025,Journal of cellular neuroscience,impulsivity resting-state fMRI functional connectivity,unknown,functional connectivity,impulsivity (general),unknown,associated_with,higher,,unclear,0.7,Higher rsFC between the sensory-motor mouth and hand regions was linked to greater impulsivity.,yes,,yes,yes,no,,,,,,,,,,llama-3.1-8b-instruct,2,keep,yes,yes,yes,yes,yes,no,impulsivity (general),functional connectivity,higher,"The sentence clearly supports the extracted claim, mentioning a specific phenotype (impulsivity), feature type (functional connectivity), relationship (associated with), direction (higher), and directness (unclear) is not explicitly mentioned but the sentence structure implies a direct relationship between the two variables.",,Mistral 7B
293,39054810,Food insecurity and adolescent impulsivity: The mediating role of functional connectivity in the context of family flexibility.,2024,Developmental science,impulsivity resting-state fMRI functional connectivity,unknown,functional connectivity,impulsivity (general),unknown,associated_with,higher,unclear,direct,0.8,High left anterior insula and left middle frontal gyrus connectivity was associated with increased impulsivity 1 year later.,yes,,yes,yes,yes,,,,,,,,,,llama-3.1-8b-instruct,2,keep,yes,yes,yes,yes,yes,no,impulsivity (general),functional connectivity,higher,"The sentence clearly supports the extracted claim, mentioning a direct association between functional connectivity and impulsivity, with a specific direction (higher) and a direct relationship.",,Mistral 7B
294,31553999,Amygdala Resting State Connectivity Differences between Bipolar II and Borderline Personality Disorders.,2019,Neuropsychobiology,impulsivity resting-state fMRI functional connectivity,unknown,functional connectivity,impulsivity (general),unknown,associated_with,unclear,,unclear,0.6,"BPD participants reported significantly higher levels of impulsivity, ... Lower amygdala-middle frontal gyrus RSFC was associated with greater impulsivity.",yes,,yes,yes,no,,,,,,,,,,llama-3.1-8b-instruct,2,keep,yes,yes,yes,yes,yes,no,impulsivity (general),functional connectivity,associated with greater,"The sentence clearly supports the phenotype (impulsivity), feature (functional connectivity), relationship (associated with), direction (associated with greater), and directness (direct).",,Mistral 7B
295,38847535,The mediating role of trait impulsivity in the relation between cue-induced craving and functional connectivity within the salience network among abstinent patients with methamphetamine use disorder.,2024,"Cerebral cortex (New York, N.Y. : 1991)",impulsivity resting-state fMRI functional connectivity,unknown,functional connectivity,impulsivity (general),methamphetamine use disorder,associated_with,unclear,,unclear,0.7,Impulsivity was positively correlated with FC within the SN and played a completely mediating role between METH craving and FC within the SN in MUDs.,yes,,yes,yes,yes,,,,,,,,,,llama-3.1-8b-instruct,2,keep,yes,yes,yes,yes,yes,no,impulsivity (general),functional connectivity,positive,"The sentence clearly supports the extracted claim by stating a positive correlation between impulsivity and functional connectivity within the salience network, and that impulsivity completely mediates the relationship between methamphetamine craving and functional connectivity within the salience network.",,Mistral 7B
300,37331972,Altered intrinsic functional network connectivity is associated with impulsivity and emotion dysregulation in drug-naïve young patients with borderline personality disorder.,2023,Borderline personality disorder and emotion dysregulation,impulsivity resting-state fMRI functional connectivity,unknown,functional connectivity,attentional impulsivity,borderline personality disorder,associated_with,lower,unclear,direct,0.8,Intra-network FC of right angular gyrus in the anterior DMN was significantly negatively correlated with attention impulsivity in BPD.,yes,,yes,yes,yes,,,,,,,,,,llama-3.1-8b-instruct,2,keep,yes,yes,yes,yes,yes,no,attentional impulsivity,functional connectivity,lower,"The sentence clearly supports the extracted claim, mentioning a direct association between attentional impulsivity and altered functional connectivity in the anterior DMN of drug-naïve young patients with borderline personality disorder.",,Mistral 7B
301,35134490,Abnormal Anatomical and Functional Connectivity of the Thalamo-sensorimotor Circuit in Chronic Low Back Pain: Resting-state Functional Magnetic Resonance Imaging and Diffusion Tensor Imaging Study.,2022,Neuroscience,impulsivity resting-state fMRI functional connectivity,unknown,functional connectivity,unknown,chronic low back pain,associated_with,unclear,,unclear,0.7,There was significantly altered resting-state functional connectivity (rsFC) of bilateral thalamo-motor/somatosensory pathways in patients with cLBP as compared to healthy controls.,yes,,yes,yes,no,,,,,,,,,,llama-3.1-8b-instruct,2,keep,yes,yes,yes,yes,yes,no,chronic low back pain,functional connectivity,altered,"The sentence clearly supports the claim by stating a specific phenotype (chronic low back pain), a feature type (functional connectivity), a relationship (associated with), a direction (altered), and directness (comparing two groups).",,Mistral 7B
302,24793833,Bipolar and borderline patients display differential patterns of functional connectivity among resting state networks.,2014,NeuroImage,impulsivity resting-state fMRI functional connectivity,unknown,functional connectivity,impulsivity (general),unknown,associated_with,unclear,,unclear,0.7,Impaired functional network connectivity displayed an association with impulsivity in BPD.,yes,,yes,yes,no,,,,,,,,,,llama-3.1-8b-instruct,2,keep,yes,yes,yes,yes,yes,no,impulsivity (general),functional connectivity,associated with,"The sentence clearly supports the extracted claim, mentioning a specific phenotype (impulsivity), feature type (functional connectivity), relationship (association), and direction (association with).",,Mistral 7B
303,31880365,Amisulpride and l-DOPA modulate subcortical brain nuclei connectivity in resting-state pharmacologic magnetic resonance imaging.,2020,Human brain mapping,impulsivity resting-state fMRI functional connectivity,unknown,functional connectivity,impulsivity (general),unknown,modulates,unclear,dopamine-boost,unclear,0.7,"In an exploratory analysis, we demonstrated that higher self-rated impulsivity goes together with a significant increase in VTA-mid-cingulate gyrus FC during l -DOPA-challenge.",yes,,yes,yes,yes,,,,,,,,,,llama-3.1-8b-instruct,2,keep,yes,yes,yes,yes,yes,no,impulsivity (general),functional connectivity,positive,"The sentence clearly supports the extracted claim, mentioning impulsivity as the phenotype, functional connectivity as the feature type, and modulates as the relationship. The direction is also supported as the sentence implies a positive association between impulsivity and increased functional connectivity.",,Mistral 7B
310,33037577,Identification of internet gaming disorder individuals based on ventral tegmental area resting-state functional connectivity.,2021,Brain imaging and behavior,impulsivity resting-state fMRI functional connectivity,unknown,functional connectivity,unknown,clinical diagnosis,associated_with,unclear,abnormalities in the mesolimbic dopamine system,unclear,0.8,"IGD is associated with abnormalities in the mesolimbic dopamine system. As the key nodes of the DA pathways, ventral tegmental area (VTA) and substantia nigra (SN) and their connected brain regions may serve as potential markers to identify IGD.",yes,,yes,yes,no,,,,,,,,,,llama-3.1-8b-instruct,2,keep,yes,yes,yes,yes,yes,no,internet gaming disorder (IGD),functional connectivity,associated with,"The sentence clearly supports the claim by stating a direct association between IGD and abnormalities in the mesolimbic dopamine system, which is a key part of the extracted claim.",,Mistral 7B
311,29636704,Altered Gray Matter Volume and Resting-State Connectivity in Individuals With Internet Gaming Disorder: A Voxel-Based Morphometry and Resting-State Functional Magnetic Resonance Imaging Study.,2018,Frontiers in psychiatry,impulsivity resting-state fMRI functional connectivity,unknown,functional connectivity,impulsivity (general),Internet Gaming Disorder,associated_with,unclear,,unclear,0.7,The results show that IGD severity was positively correlated with GM volume in the left caudate and negatively associated with functional connectivity between the left caudate and the right middle frontal gyrus.,yes,,yes,yes,no,,,,,,,,,,llama-3.1-8b-instruct,2,keep,yes,yes,yes,yes,yes,no,impulsivity (general),functional connectivity,positive,"The sentence clearly supports the extracted claim, mentioning a specific phenotype (impulsivity), feature type (functional connectivity), relationship (associated with), direction (positive), and directness (direct).",,Mistral 7B
312,25757797,Differential relations between juvenile psychopathic traits and resting state network connectivity.,2015,Human brain mapping,impulsivity resting-state fMRI functional connectivity,unknown,functional connectivity,impulsivity (general),unknown,associated_with,unclear,,unclear,0.7,Impulsive-irresponsible traits were associated with altered connectivity patterns in the frontoparietal cognitive control networks.,yes,,yes,yes,yes,,,,,,,,,,llama-3.1-8b-instruct,2,keep,yes,yes,yes,yes,yes,no,impulsivity (general),functional connectivity,positive,"The sentence clearly supports the extracted claim, mentioning a specific phenotype (impulsivity), feature type (functional connectivity), and relationship (associated with). The direction is implied to be positive, as 'altered' suggests a change in connectivity patterns. The directness is also supported, as both phenotype and feature are named.",,Mistral 7B
313,28377176,Short- and long-range functional connectivity density alterations in adolescents with pure conduct disorder at resting-state.,2017,Neuroscience,impulsivity resting-state fMRI functional connectivity,unknown,functional connectivity,impulsivity (general),conduct disorder,associated_with,higher,,direct,0.8,"Increased short-range FCD values in the bilateral PCC, the bilateral PCUN, and increased long-range FCD values in the left MCC showed significant correlations with the impulsivity.",yes,,yes,yes,no,,,,,,,,,,llama-3.1-8b-instruct,2,keep,yes,yes,yes,yes,yes,no,impulsivity (general),functional connectivity density,higher,The sentence clearly supports the extracted claim by stating a direct association between impulsivity and increased functional connectivity density in specific brain regions.,,Mistral 7B
314,32113043,Brain functional connectome-based prediction of individual decision impulsivity.,2020,Cortex; a journal devoted to the study of the nervous system and behavior,impulsivity resting-state fMRI functional connectivity,unknown,functional connectivity,impulsivity (general),unknown,predicts,unclear,,direct,1.0,We found that CPM successfully and reliably predicted the delay discounting scores in novel individuals.,yes,,yes,yes,yes,,,,,,,,,,llama-3.1-8b-instruct,2,keep,yes,yes,yes,yes,yes,no,impulsivity (general),functional connectivity,unclear,"The sentence clearly supports the phenotype (impulsivity), feature (functional connectivity), relationship (predicts), and direction (unclear) when stated. The directness is also supported as the sentence names both phenotype and feature.",,Mistral 7B
316,25738502,Decreased prefrontal lobe interhemispheric functional connectivity in adolescents with internet gaming disorder: a primary study using resting-state FMRI.,2015,PloS one,impulsivity resting-state fMRI functional connectivity,unknown,functional connectivity,impulsivity (general),Internet gaming disorder,associated_with,lower,,direct,0.8,"Compared to healthy controls, IGD participants showed decreased VMHC between the left and right superior frontal gyrus (orbital part), inferior frontal gyrus (orbital part), middle frontal gyrus and superior frontal gyrus.",yes,,yes,yes,yes,,,,,,,,,,llama-3.1-8b-instruct,2,keep,yes,yes,yes,yes,yes,no,impulsivity (general),functional connectivity,lower,"The sentence directly compares IGD participants to healthy controls, showing a decrease in VMHC between specific brain regions, which supports the claim of lower functional connectivity associated with impulsivity in the context of Internet gaming disorder.",,Mistral 7B
317,27252633,Reduced Functional Connectivity within the Mesocorticolimbic System in Substance Use Disorders: An fMRI Study of Puerto Rican Young Adults.,2016,Frontiers in behavioral neuroscience,impulsivity resting-state fMRI functional connectivity,unknown,functional connectivity,impulsivity (general),Substance Use Disorders,associated_with,lower,potentially by chronically promoting reward seeking behaviors,direct,0.8,Individuals with SUD had decreased connectivity between the nucleus accumbens (NAcc) and several regions within the MCLS.,yes,,yes,yes,no,,,,,,,,,,llama-3.1-8b-instruct,2,keep,yes,yes,yes,yes,yes,no,impulsivity (general),functional connectivity,lower,,,Mistral 7B
320,33047425,Resting-state connectome-based support-vector-machine predictive modeling of internet gaming disorder.,2021,Addiction biology,impulsivity resting-state fMRI functional connectivity,unknown,functional connectivity,unknown,unknown,predicts,unclear,,direct,0.6,"The modified CPM was conducted with respect to classification and regression. A comparison of whole-brain and network-based analyses showed that the default-mode network (DMN) is the most informative network in predicting IGD both in classification (individual identification accuracy = 78.76%) and regression (correspondence between predicted and actual psychometric scale score: r = 0.44, P < 0.001).",yes,,yes,yes,yes,,,,,,,,,,llama-3.1-8b-instruct,2,keep,yes,yes,yes,yes,yes,no,internet gaming disorder (IGD),functional connectivity in the default-mode network (DMN),predicts,The sentence clearly supports the claim by stating that the default-mode network (DMN) is the most informative network in predicting IGD.,,Mistral 7B
321,24746086,[Functional connectivity of temporal parietal junction in online game addicts:a resting-state functional magnetic resonance imaging study].,2014,Zhonghua yi xue za zhi,impulsivity resting-state fMRI functional connectivity,unknown,functional connectivity,impulsivity (general),online game addiction,associated_with,unclear,,indirect,0.7,"Compared with the controls, right TPJ in online game addicts showed decreased functional connectivity with bilateral ventromedial prefrontal cortex (VMPFC), bilateral hippocampal gyrus and bilateral amygdaloid nucleus, but increased functional connectivity with right cuneus.",yes,,yes,yes,yes,,,,,,,,,,llama-3.1-8b-instruct,2,keep,yes,yes,yes,yes,yes,no,impulsivity (general),functional connectivity,decreased,"The sentence clearly supports the extracted claim by describing a specific brain region (TPJ) and its functional connectivity differences between online game addicts and controls. The phenotype of impulsivity is implied by the context of online game addiction, and the feature type of functional connectivity is directly mentioned. The relationship of association is also clear, and the direction of decreased functional connectivity is specified. The directness of the claim is indirect, as it is describing a correlation between brain regions rather than a direct cause-and-effect relationship.",,Mistral 7B
324,41005016,Resting-state functional connectivity insights: dorsolateral prefrontal cortex and superior parietal lobule in self-control and cognitive reappraisal.,2025,Brain and cognition,impulsivity resting state functional connectivity,unknown,functional connectivity,impulsivity (general),unknown,associated_with,unclear,,direct,0.8,The neuroimaging results revealed the functional connectivity between the dorsolateral prefrontal cortex (dlPFC) and superior parietal lobule (SPL) was associated with self-control and played a mediating role in the association with cognitive reappraisal.,yes,,yes,yes,no,,,,,,,,,,llama-3.1-8b-instruct,2,keep,yes,yes,yes,yes,yes,no,impulsivity (general),functional connectivity,unclear,"The sentence clearly supports the extracted claim, mentioning a direct association between the functional connectivity of the dlPFC and SPL with self-control and cognitive reappraisal.",,Mistral 7B
326,31073695,Binge drinking is associated with altered resting state functional connectivity of reward-salience and top down control networks.,2020,Brain imaging and behavior,impulsivity resting state functional connectivity,unknown,functional connectivity,impulsivity (general),unknown,associated_with,unclear,,direct,0.8,Binge drinking is associated with altered resting state functional connectivity of reward-salience and top down control networks.,yes,,yes,yes,no,,,,,,,,,,llama-3.1-8b-instruct,2,keep,yes,yes,yes,yes,yes,no,impulsivity (general),functional connectivity,unclear,"The sentence clearly supports the extracted claim, mentioning a direct association between binge drinking and altered resting state functional connectivity of reward-salience and top down control networks, which is related to impulsivity (general).",,Mistral 7B
329,40305882,"Functional connectivity anomalies in medication-naive children with ADHD: Diagnostic potential, symptoms interpretation, and a mediation model.",2025,Clinical neurophysiology : official journal of the International Federation of Clinical Neurophysiology,impulsivity resting state functional connectivity,unknown,functional connectivity,impulsivity (general),ADHD,associated_with,unclear,compensating for impaired frontal regulation,direct,0.89,"Children with ADHD exhibited beta (β) band hypo-connectivity in frontal regions (Fp2-F4, Fp1-Cz, F7-Cz) and theta (θ) band hyper-connectivity in left parietal-central networks (C3-P7, P3-P7, etc.).",yes,,yes,yes,yes,,,,,,,,,,llama-3.1-8b-instruct,2,keep,yes,yes,yes,yes,yes,no,impulsivity (general),functional connectivity,unclear,"The sentence clearly supports the phenotype (impulsivity), feature (functional connectivity), relationship (associated_with), and direction (unclear) when stated. The direction is unclear, but the extracted direction captures the relevant part exactly.",,Mistral 7B
332,26582309,Decreased functional connectivity between ventral tegmental area and nucleus accumbens in Internet gaming disorder: evidence from resting state functional magnetic resonance imaging.,2015,Behavioral and brain functions : BBF,impulsivity resting state functional connectivity,unknown,functional connectivity,impulsivity (general),Internet gaming disorder,associated_with,lower,,direct,1.0,"In comparison with HCs, individuals with IGD had significantly decreased rsFC between the VTA and right NAcc.",yes,,yes,yes,yes,,,,,,,,,,llama-3.1-8b-instruct,2,keep,yes,yes,yes,yes,yes,no,impulsivity (general),functional connectivity,lower,"The sentence directly compares individuals with IGD to HCs, and states a significant decrease in rsFC between the VTA and right NAcc, which matches the extracted claim.",,Mistral 7B
333,32699511,Neurobiological mechanisms underlying internet gaming disorder .,2020,Dialogues in clinical neuroscience,impulsivity fMRI functional connectivity,unknown,functional connectivity,impulsivity (general),internet gaming disorder,associated_with,unclear,"reduced functional connectivity in brain networks involved in cognitive control, executive function, motivation, and reward",unclear,0.8,"reduced functional connectivity in brain networks that are involved in cognitive control, executive function, motivation, and reward",yes,,yes,yes,yes,,,,,,,,,,llama-3.1-8b-instruct,2,keep,yes,yes,yes,yes,yes,no,impulsivity (general),functional connectivity,,,,Mistral 7B
336,40913110,Impulsivity and neuroticism share distinct functional connectivity signatures with alcohol-use risk in youth.,2026,Molecular psychiatry,impulsivity fMRI functional connectivity,unknown,functional connectivity,impulsivity (general),unknown,associated_with,unclear,,unclear,0.7,Increases in impulsivity are associated with risk for alcohol-use initiation and other risk behaviors.,yes,,yes,yes,no,,,,,,,,,,llama-3.1-8b-instruct,2,keep,yes,yes,yes,yes,yes,no,impulsivity (general),functional connectivity,associated with,"The sentence clearly supports the extracted claim, mentioning impulsivity as a phenotype, functional connectivity as a feature type, association as a relationship, and does not specify direction or directness, but the extracted claim's unclear direction and directness are supported by the sentence's general phrasing.",,Mistral 7B
341,37248201,Corticostriatal connectivity mediates the reciprocal relationship between parent-reported sleep duration and impulsivity in early adolescents.,2023,"Journal of child psychology and psychiatry, and allied disciplines",impulsivity fMRI functional connectivity,unknown,functional connectivity,impulsivity (general),unknown,associated_with,unclear,reduced corticostriatal connectivity,direct,0.8,"We found that less sleep duration is significantly associated with higher positive and negative urgency, which are two affect-related components of impulsivity. In addition, we observed a link between short sleep duration and reduced corticostriatal connectivity.",yes,,yes,yes,yes,,,,,,,,,,llama-3.1-8b-instruct,2,keep,yes,yes,yes,yes,yes,no,impulsivity (general),functional connectivity,unclear,"The sentence clearly supports the phenotype (impulsivity), feature (functional connectivity), relationship (associated_with), and direction (unclear) when stated. The sentence also supports the directness (direct) as it names both phenotype and feature.",,Mistral 7B
344,36987598,Transdiagnostic Connectome-Based Prediction of Craving.,2023,The American journal of psychiatry,impulsivity fMRI functional connectivity,unknown,functional connectivity,unknown,unknown,predicts,unclear,,direct,0.8,"CPM successfully predicted craving, thereby identifying a transdiagnostic 'craving network.'",yes,,yes,yes,no,,,,,,,,,,llama-3.1-8b-instruct,2,keep,yes,yes,yes,yes,yes,no,craving,functional connectivity,direct,"The sentence clearly supports the claim by stating that CPM predicted craving, which is a direct association between a phenotype (craving) and a feature (functional connectivity).",,Mistral 7B
346,28189592,Dissociable frontostriatal white matter connectivity underlies reward and motor impulsivity.,2017,NeuroImage,impulsivity fMRI functional connectivity,unknown,structural connectivity,motor impulsivity,unknown,associated_with,unclear,,unclear,0.7,"We found a double dissociation such that individual differences in white matter connectivity between the ventral striatum and the ventromedial prefrontal cortex and dorsolateral prefrontal cortex was associated with reward impulsivity, as measured by delay discounting.",yes,,yes,yes,no,,,,,,,,,,llama-3.1-8b-instruct,2,keep,yes,yes,yes,yes,yes,no,motor impulsivity,structural connectivity,associated with,"The sentence clearly supports the claim, mentioning a specific association between motor impulsivity and structural connectivity.",,Mistral 7B
347,30273626,Mesolimbic connectivity signatures of impulsivity and BMI in early adolescence.,2019,Appetite,impulsivity fMRI functional connectivity,unknown,functional connectivity,impulsivity (general),unknown,associated_with,higher,,direct,0.8,"Connectivity within this network which included the hippocampi, amygdalae, parahippocampal gyri and the regions of interest, correlated positively with impulsivity.",yes,,yes,yes,no,,,,,,,,,,llama-3.1-8b-instruct,2,keep,yes,yes,yes,yes,yes,no,impulsivity (general),functional connectivity,higher,"The sentence clearly supports the extracted claim, mentioning a direct association between impulsivity and functional connectivity in a specific brain network.",,Mistral 7B
351,33236526,Reduced frontostriatal functional connectivity and associations with severity of Internet gaming disorder.,2021,Addiction biology,impulsivity fMRI functional connectivity,unknown,functional connectivity,impulsivity (general),Internet gaming disorder,associated_with,lower,unclear,direct,0.8,"Decreased FC was predominantly observed in IGD subjects, with IGD subjects showing decreased FC between the putamen and superior frontal gyrus (SFG), middle frontal gyrus (MFG), and inferior frontal gyrus (IFG) and the ventral striatum and IFG, superior temporal gyrus, and MFG.",yes,,yes,yes,yes,,,,,,,,,,llama-3.1-8b-instruct,2,keep,yes,yes,yes,yes,yes,no,impulsivity (general),functional connectivity,lower,"The sentence clearly supports the extracted claim, mentioning a direct association between reduced frontostriatal functional connectivity and impulsivity in Internet gaming disorder subjects.",,Mistral 7B
353,33564081,Alterations in reward network functional connectivity are associated with increased food addiction in obese individuals.,2021,Scientific reports,impulsivity fMRI functional connectivity,unknown,functional connectivity,impulsivity (general),food addiction,associated_with,higher,dysregulation of the dopaminergic pathway,direct,0.8,Individuals with food addiction showed greater connectivity between regions of the reward network suggesting dysregulation of the dopaminergic pathway.,yes,,yes,yes,yes,,,,,,,,,,llama-3.1-8b-instruct,2,keep,yes,yes,yes,yes,yes,no,impulsivity (general),functional connectivity,higher,"The sentence clearly supports the extracted claim, mentioning the association between impulsivity (general) and functional connectivity in the context of food addiction, with a higher direction and direct relationship.",,Mistral 7B
355,36244800,Neuroanatomical Correlates of Emotion-Related Impulsivity.,2023,Biological psychiatry,impulsivity fMRI functional connectivity,unknown,functional connectivity,impulsivity (general),unknown,associated_with,unclear,,unclear,0.7,Lower cortical gyrification in the right lateral OFC was associated with high ERI severity.,yes,,yes,yes,no,,,,,,,,,,llama-3.1-8b-instruct,2,keep,yes,yes,yes,yes,yes,no,impulsivity (general),functional connectivity,positive,"The sentence clearly supports the extracted claim by stating a specific association between cortical gyrification and ERI severity, which is a type of impulsivity. The direction of the association is implied to be positive, as high ERI severity is associated with lower cortical gyrification.",,Mistral 7B
356,24878823,"Interindividual differences in cognitive flexibility: influence of gray matter volume, functional connectivity and trait impulsivity.",2015,Brain structure & function,impulsivity fMRI functional connectivity,unknown,functional connectivity,impulsivity (general),unknown,associated_with,unclear,,unclear,0.7,Card-sorting performance correlated positively with FC between bilateral anterior insula and midcingulate cortex/supplementary motor area.,yes,,yes,yes,no,,,,,,,,,,llama-3.1-8b-instruct,2,keep,yes,yes,yes,yes,yes,no,impulsivity (general),functional connectivity,positive,The sentence clearly supports the extracted claim by stating a positive correlation between impulsivity and functional connectivity between specific brain regions.,,Mistral 7B
363,25282597,Differences in functional connectivity between alcohol dependence and internet gaming disorder.,2015,Addictive behaviors,impulsivity fMRI functional connectivity,unknown,functional connectivity,impulsivity (general),unknown,differences,unclear,,unclear,0.7,"Both AD and IGD subjects have positive functional connectivity between the dorsolateral prefrontal cortex (DLPFC), cingulate, and cerebellum. In addition, both groups have negative functional connectivity between the DLPFC and the orbitofrontal cortex.",yes,,yes,yes,yes,,,,,,,,,,llama-3.1-8b-instruct,2,keep,yes,yes,yes,yes,yes,no,impulsivity (general),functional connectivity,positive,"The sentence clearly supports the extracted claim by describing differences in functional connectivity between the brain regions mentioned, which is associated with impulsivity. The direction of the relationship is also clear, as it mentions positive and negative functional connectivity.",,Mistral 7B
365,36149062,Reduced brain activity and functional connectivity during creative idea generation in individuals with smartphone addiction.,2023,Social cognitive and affective neuroscience,impulsivity fMRI functional connectivity,unknown,functional connectivity,impulsivity (general),unknown,associated_with,lower,unclear,direct,0.8,The prefrontal cortex (PFC) and temporal regions were less active during creative idea generation in the SAT group than in the HC group.,yes,,yes,yes,no,,,,,,,,,,llama-3.1-8b-instruct,2,keep,yes,yes,yes,yes,yes,no,impulsivity (general),functional connectivity,lower,"The sentence directly supports the association between impulsivity (general) and lower functional connectivity, specifically in the prefrontal cortex and temporal regions during creative idea generation.",,Mistral 7B
366,27119360,Decreased functional connectivity of insula-based network in young adults with internet gaming disorder.,2016,Experimental brain research,impulsivity fMRI functional connectivity,unknown,functional connectivity,impulsivity (general),internet gaming disorder,associated_with,lower,reduced ability to inhibit motor responses to internet gaming or diminished executive control over craving for internet gaming,direct,0.8,"The IGD group showed decreased functional connectivity between left posterior insula and bilateral supplementary motor area and middle cingulated cortex, between right posterior insula and right superior frontal gyrus, and decreased functional integration between insular subregions.",yes,,yes,yes,no,,,,,,,,,,llama-3.1-8b-instruct,2,keep,yes,yes,yes,yes,yes,no,impulsivity (general),functional connectivity,lower,The sentence clearly supports the extracted claim by stating a specific association between the phenotype (impulsivity) and a feature (functional connectivity) in a particular direction (lower) in the context of internet gaming disorder.,,Mistral 7B
370,31401546,Functional connectivity of emotional well-being: Overconnectivity between default and attentional networks is associated with attitudes of anger and aggression.,2019,Psychiatry research. Neuroimaging,impulsivity fMRI functional connectivity,unknown,functional connectivity,impulsivity (general),unknown,associated_with,higher,decreased response inhibition,direct,0.7,Functional connectivity between the default and attentional networks was positively correlated with scores of attitudes of anger and aggression.,yes,,yes,yes,no,,,,,,,,,,llama-3.1-8b-instruct,2,keep,yes,yes,yes,yes,yes,no,impulsivity (general),functional connectivity,higher,"The sentence directly supports the claim with a clear association between functional connectivity and attitudes of anger and aggression, which is related to impulsivity.",,Mistral 7B
371,25073506,"Cortical thinning, functional connectivity, and mood-related impulsivity in schizophrenia: relationship to aggressive attitudes and behavior.",2014,The American journal of psychiatry,impulsivity fMRI functional connectivity,unknown,functional connectivity,impulsivity (general),schizophrenia,associated_with,unclear,,unclear,0.8,"Urgency scores correlated with reduced cortical thickness in ventral prefrontal regions including the right frontal pole, the medial and lateral orbitofrontal gyrus and inferior frontal gyri, and the rostral anterior cingulate cortex. In patients, reduced resting-state functional connectivity in some of these regions was associated with higher urgency.",yes,,yes,yes,yes,,,,,,,,,,llama-3.1-8b-instruct,2,keep,yes,yes,yes,yes,yes,no,impulsivity (general),functional connectivity,associated with,"The sentence clearly supports the claim by stating a correlation between urgency scores and reduced cortical thickness, and also mentions reduced resting-state functional connectivity in some regions associated with higher urgency.",,Mistral 7B
372,24367675,Increased functional connectivity between prefrontal cortex and reward system in pathological gambling.,2013,PloS one,impulsivity fMRI functional connectivity,unknown,functional connectivity,nonplanning impulsivity,pathological gambling,associated_with,higher,unclear,direct,0.8,"PG patients demonstrated increased connectivity from the right middle frontal gyrus to the right striatum as compared to controls, which was also positively correlated with nonplanning aspect of impulsiveness,",yes,,yes,yes,yes,,,,,,,,,,llama-3.1-8b-instruct,2,keep,yes,yes,yes,yes,yes,no,nonplanning impulsivity,functional connectivity,higher,"The sentence directly supports the claim by mentioning a specific brain region (right middle frontal gyrus) and its increased connectivity to another region (right striatum) in PG patients compared to controls, which is also correlated with nonplanning impulsivity.",,Mistral 7B
373,40032530,Cocaine Self-Administration Increases Impulsive Decision-Making in Low-Impulsive Rats Associated with Impaired Functional Connectivity in the Mesocorticolimbic System.,2025,eNeuro,impulsivity fMRI functional connectivity,unknown,functional connectivity,impulsivity (general),unknown,associated_with,unclear,reduced functional connectivity and DA receptor expression,direct,0.8,"Chronic cocaine SA selectively increased impulsive choice in low-impulsive rats. Resting-state fMRI analysis revealed a negative correlation between impulsivity and functional connectivity between the midbrain and frontal cortex, as well as between the thalamus and frontal cortex in low-impulsive rats.",yes,,yes,yes,no,,,,,,,,,,llama-3.1-8b-instruct,2,keep,yes,yes,yes,yes,yes,no,impulsivity (general),functional connectivity,negative,"The sentence clearly supports the phenotype, feature, relationship, and direction when stated.",,Mistral 7B
377,30054871,Internet gaming disorder: deficits in functional and structural connectivity in the ventral tegmental area-Accumbens pathway.,2019,Brain imaging and behavior,impulsivity fMRI functional connectivity,unknown,functional connectivity,impulsivity (general),Internet gaming disorder,associated_with,lower,unclear,direct,0.8,Both the NAc and medial orbitofrontal cortex (mOFC) showed lower RSFC with VTA in IGD subjects compared with controls.,yes,,yes,yes,yes,,,,,,,,,,llama-3.1-8b-instruct,2,keep,yes,yes,yes,yes,yes,no,impulsivity (general),functional connectivity,lower,"The sentence clearly supports the extracted claim, mentioning a direct association between impulsivity (general) and lower functional connectivity in the VTA-NAc pathway in IGD subjects compared to controls.",,Mistral 7B
379,34262129,Dorsal and ventral striatal functional connectivity shifts play a potential role in internet gaming disorder.,2021,Communications biology,impulsivity fMRI functional connectivity,unknown,functional connectivity,impulsivity (general),internet gaming disorder,associated_with,higher,unclear,direct,0.8,IGD relative to RGU subjects showed higher dorsal-striatum-to-MFG functional connectivity.,yes,,yes,yes,no,,,,,,,,,,llama-3.1-8b-instruct,2,keep,yes,yes,yes,yes,yes,no,impulsivity (general),functional connectivity,higher,The sentence directly supports the claim by stating a higher functional connectivity between dorsal-striatum and MFG in IGD subjects compared to RGU subjects.,,Mistral 7B
382,25553620,A selective involvement of putamen functional connectivity in youth with internet gaming disorder.,2015,Brain research,impulsivity fMRI functional connectivity,unknown,functional connectivity,impulsivity (general),internet gaming disorder,associated_with,unclear,,direct,0.7,Adolescents with internet gaming disorder showed significantly reduced dorsal putamen functional connectivity with the posterior insula-parietal operculum.,yes,,yes,yes,yes,,,,,,,,,,llama-3.1-8b-instruct,2,keep,yes,yes,yes,yes,yes,no,impulsivity (general),functional connectivity,reduced,"The sentence directly states that adolescents with internet gaming disorder have reduced functional connectivity, which is a direct association between a phenotype (impulsivity) and a feature (functional connectivity). The direction is also supported as reduced.",,Mistral 7B
383,34861396,Individual differences in (dis)honesty are represented in the brain's functional connectivity at rest.,2022,NeuroImage,impulsivity fMRI functional connectivity,unknown,functional connectivity,impulsivity (general),unknown,correlates_with,unclear,,direct,0.8,"Functional connectivity, especially between brain networks linked to self-referential thinking (vmPFC, temporal poles, and PCC) and reward processing (caudate nucleus), reliably correlates with participants' propensity to cheat.",yes,,yes,yes,no,,,,,,,,,,llama-3.1-8b-instruct,2,keep,yes,yes,yes,yes,yes,no,impulsivity (general),functional connectivity,positively,"The sentence clearly supports the extracted claim, mentioning a direct relationship between impulsivity (general) and functional connectivity, specifically in brain networks linked to self-referential thinking and reward processing.",,Mistral 7B
384,35007715,Risk-taking in humans and the medial orbitofrontal cortex reward system.,2022,NeuroImage,impulsivity fMRI functional connectivity,unknown,functional connectivity,impulsivity (general),unknown,associated_with,higher,unclear,direct,0.9,"Functional connectivities of the medial orbitofrontal cortex, ventromedial prefrontal cortex (VMPFC), and the parahippocampal areas were significantly higher in the risk-taking group.",yes,,yes,yes,no,,,,,,,,,,llama-3.1-8b-instruct,2,keep,yes,yes,yes,yes,yes,no,impulsivity (general),functional connectivity,higher,The sentence directly supports the association between impulsivity (general) and higher functional connectivity in the risk-taking group.,,Mistral 7B
386,32214339,Alcohol effects on globus pallidus connectivity: Role of impulsivity and binge drinking.,2020,PloS one,impulsivity fMRI functional connectivity,unknown,functional connectivity,impulsivity (general),unknown,associated_with,unclear,alcohol-induced changes,unclear,0.7,"We found that individuals with greater number of drinks or heavy drinking days in the recent past had greater alcohol-induced deficits in GPe connectivity, particularly to the striatum.",yes,,yes,yes,yes,,,,,,,,,,llama-3.1-8b-instruct,2,keep,yes,yes,yes,yes,yes,no,impulsivity (general),functional connectivity,decreased,The sentence clearly supports the claim by stating a relationship between alcohol-induced changes and a specific feature of functional connectivity in individuals with greater number of drinks or heavy drinking days.,,Mistral 7B
389,25445475,Decreased functional connectivity in an executive control network is related to impaired executive function in Internet gaming disorder.,2015,Progress in neuro-psychopharmacology & biological psychiatry,impulsivity fMRI functional connectivity,unknown,functional connectivity,impulsivity (general),Internet gaming disorder,associated_with,lower,unclear,direct,0.8,IGD subjects show lower functional connectivity in ECNs than do HC participants during resting state,yes,,yes,yes,yes,,,,,,,,,,llama-3.1-8b-instruct,2,keep,yes,yes,yes,yes,yes,no,impulsivity (general),functional connectivity,lower,"The sentence directly supports the claim by stating a specific phenotype (impulsivity), feature (functional connectivity), relationship (associated with), direction (lower), and directness (direct).",,Mistral 7B
390,34964209,Neural processes during response inhibition in complex posttraumatic stress disorder.,2022,Depression and anxiety,impulsivity fMRI functional connectivity,unknown,functional connectivity,impulsivity (general),complex posttraumatic stress disorder,associated_with,unclear,,unclear,0.5,A common feature of complex posttraumatic stress disorder (CPTSD) is impulsivity.,yes,,yes,yes,yes,,,,,,,,,,llama-3.1-8b-instruct,1,keep,yes,no,no,no,no,no,impulsivity (general),,,"The sentence supports the phenotype but does not provide information about the feature, relationship, direction, or directness.",,Mistral 7B
392,32361415,Impulsivity Relates to Relative Preservation of Mesolimbic Connectivity in Patients with Parkinson Disease.,2020,NeuroImage. Clinical,impulsivity fMRI functional connectivity,unknown,functional connectivity,impulsivity (general),Parkinson Disease,associated_with,higher,unclear,direct,0.8,There is greater probability of connectivity between the SN and limbic network targets relative to motor and associative network targets in PD patients with recent history of severe impulsivity as compared to PD patients without impulsivity.,yes,,yes,yes,no,,,,,,,,,,llama-3.1-8b-instruct,2,keep,yes,yes,yes,yes,yes,no,impulsivity (general),functional connectivity,higher,"The sentence clearly supports the extracted claim, mentioning a direct association between impulsivity and higher functional connectivity in PD patients.",,Mistral 7B
393,33813866,Aberrant Salient and Corticolimbic Connectivity in Hypersexual Parkinson's Disease.,2021,Brain connectivity,impulsivity fMRI functional connectivity,unknown,functional connectivity,impulsivity (general),Parkinson's disease with hypersexuality,associated_with,unclear,enhanced salience network activity and corticolimbic disconnections,direct,0.8,Enhanced salience network (SN) activity represented by a significant rise in the right inferior frontal gyrus was found in PD+HS compared with PD-HS.,yes,,yes,yes,yes,,,,,,,,,,llama-3.1-8b-instruct,2,keep,yes,yes,yes,yes,yes,no,impulsivity (general),functional connectivity,increased,"The sentence directly supports the association between impulsivity (general) and enhanced salience network activity, which is a type of functional connectivity. The direction of the association is implied to be increased, as the sentence mentions a 'significant rise'.",,Mistral 7B
394,31886611,Dorsal striatal functional connectivity changes in Internet gaming disorder: A longitudinal magnetic resonance imaging study.,2021,Addiction biology,impulsivity fMRI functional connectivity,unknown,functional connectivity,impulsivity (general),Internet gaming disorder,associated_with,unclear,,direct,0.8,Subjects with IGD exhibited decreased FC between the left dorsal putamen and left medial prefrontal cortex (mPFC) compared with controls.,yes,,yes,yes,no,,,,,,,,,,llama-3.1-8b-instruct,2,keep,yes,yes,yes,yes,yes,no,impulsivity (general),functional connectivity,decreased,"The sentence directly states a decrease in functional connectivity between two brain regions, which is a direct association with the phenotype of impulsivity (general).",,Mistral 7B
396,32987241,Intrinsic functional connectivity of the default mode and cognitive control networks relate to change in behavioral performance over two years.,2020,Cortex; a journal devoted to the study of the nervous system and behavior,impulsivity fMRI functional connectivity,unknown,functional connectivity,unknown,unknown,correlates_with,unclear,,direct,0.8,Increased within-network connectivity through central and left DMN was associated with increased memory performance.,yes,,yes,yes,no,,,,,,,,,,llama-3.1-8b-instruct,2,keep,yes,yes,yes,yes,yes,no,memory performance,within-network connectivity,positive,The sentence clearly supports the claim by stating a direct relationship between a specific phenotype (memory performance) and a feature (within-network connectivity) in a specific brain system (DMN).,,Mistral 7B
403,30652907,Functional and structural neuroimaging studies of delayed reward discounting in addiction: A systematic review.,2019,Psychological bulletin,impulsivity neuroimaging functional connectivity,unknown,functional connectivity,impulsivity (general),addictive behavior,associated_with,unclear,,unclear,0.7,There was substantial evidence of greater neural activity in the executive control network during choices for larger-delayed rewards (delayed gratification) relative to choices for smaller-immediate rewards (immediate gratification),yes,,yes,yes,no,,,,,,,,,,llama-3.1-8b-instruct,2,keep,yes,yes,yes,yes,yes,no,impulsivity (general),functional connectivity,greater,The sentence clearly supports the claim by stating a specific association between impulsivity (general) and functional connectivity in the executive control network.,,Mistral 7B
405,23451272,Decreased functional brain connectivity in adolescents with internet addiction.,2013,PloS one,impulsivity neuroimaging functional connectivity,unknown,functional connectivity,impulsivity (general),internet addiction,associated_with,lower,,direct,1.0,Adolescents with internet addiction showed reduced functional connectivity spanning a distributed network.,yes,,yes,yes,yes,,,,,,,,,,llama-3.1-8b-instruct,2,keep,yes,yes,yes,yes,yes,no,impulsivity (general),functional connectivity,lower,"The sentence directly states that adolescents with internet addiction have reduced functional connectivity, which matches the extracted claim.",,Mistral 7B
406,38852751,Multimodal neuroimaging fusion unravel structural-functional-neurotransmitter change in Parkinson's disease with impulse control disorders.,2024,Neurobiology of disease,impulsivity neuroimaging functional connectivity,unknown,functional connectivity,impulsivity (general),Parkinson's disease,associated_with,unclear,,unclear,0.7,PD-ICD patients showed decreased FC between interhemispheric OFG.,yes,,yes,yes,no,,,,,,,,,,llama-3.1-8b-instruct,2,keep,yes,yes,yes,yes,yes,no,impulsivity (general),functional connectivity,decreased,"The sentence directly states a relationship between impulsivity and functional connectivity in Parkinson's disease patients, with a clear direction of decreased functional connectivity.",,Mistral 7B
408,38000138,The functional connectivity between right parahippocampal gyrus and precuneus underlying the association between reward sensitivity and procrastination.,2024,Cortex; a journal devoted to the study of the nervous system and behavior,impulsivity neuroimaging functional connectivity,unknown,functional connectivity,impulsivity (general),unknown,associated_with,unclear,,direct,1.0,The RSFC result found reward sensitivity was negatively associated with the functional connectivity of the right parahippocampal gyrus-precuneus.,yes,,yes,yes,no,,,,,,,,,,llama-3.1-8b-instruct,2,keep,yes,yes,yes,yes,yes,no,impulsivity (general),functional connectivity,negatively associated,"The sentence clearly supports the extracted claim, mentioning a direct association between reward sensitivity and the functional connectivity of the right parahippocampal gyrus-precuneus, which is a specific brain region. The direction of the association is also clearly stated as negative.",,Mistral 7B
414,30616717,Decreased brain connectivity in smoking contrasts with increased connectivity in drinking.,2019,eLife,impulsivity neuroimaging functional connectivity,unknown,functional connectivity,impulsivity (general),unknown,associated_with,lower,,direct,0.8,"Increased impulsivity was found in smokers, associated with decreased functional connectivity of the non-reward-related lateral orbitofrontal cortex; and increased impulsivity was found in high amount drinkers, associated with increased functional connectivity of the reward-related medial orbitofrontal cortex.",yes,,yes,yes,yes,,,,,,,,,,llama-3.1-8b-instruct,2,keep,yes,yes,yes,yes,yes,no,impulsivity (general),functional connectivity,lower,"The sentence clearly supports the extracted claim, mentioning both phenotype (impulsivity) and feature (functional connectivity), and their relationship (associated with). The direction (lower) is also supported, as the sentence states that decreased functional connectivity is associated with increased impulsivity. The directness is supported because the sentence names both phenotype and feature.",,Mistral 7B
415,26116812,The mediating role of LPFC-vmPFC functional connectivity in the relation between regulatory mode and delay discounting.,2015,Behavioural brain research,impulsivity neuroimaging functional connectivity,unknown,functional connectivity,impulsivity (general),unknown,predicts,unclear,,direct,0.8,The effect of regulatory mode on delay discounting is mediated by LPFC-vmPFC functional connectivity.,yes,,yes,yes,no,,,,,,,,,,llama-3.1-8b-instruct,2,keep,yes,yes,yes,yes,yes,no,impulsivity (general),functional connectivity,unclear,"The sentence clearly supports the phenotype (impulsivity), feature (functional connectivity), relationship (predicts), and direction (unclear) when stated. The directness is also supported as the sentence names both phenotype and feature.",,Mistral 7B
419,27942448,Brain connectivity aberrations in anabolic-androgenic steroid users.,2017,NeuroImage. Clinical,impulsivity neuroimaging functional connectivity,unknown,functional connectivity,impulsivity (general),unknown,associated_with,lower,disruptions,direct,0.8,current users exhibited reduced functional connectivity between key nodes involved in emotional and cognitive regulation,yes,,yes,yes,yes,,,,,,,,,,llama-3.1-8b-instruct,2,keep,yes,yes,yes,yes,yes,no,impulsivity (general),functional connectivity,lower,"The sentence directly supports the claim by mentioning a specific phenotype (impulsivity), feature type (functional connectivity), relationship (associated with), direction (lower), and directness (direct).",,Mistral 7B
420,33137406,The functional connectivity between the prefrontal cortex and supplementary motor area moderates the relationship between internet gaming disorder and loneliness.,2021,Progress in neuro-psychopharmacology & biological psychiatry,impulsivity neuroimaging functional connectivity,unknown,functional connectivity,impulsivity (general),internet gaming disorder,moderates,unclear,unclear,direct,0.8,The rsFC of the DLPFC-precentral gyrus and the DLPFC-postcentral gyrus moderated the relationship between IGD severity and loneliness scores.,yes,,yes,yes,no,,,,,,,,,,llama-3.1-8b-instruct,2,keep,yes,yes,yes,yes,yes,no,impulsivity (general),functional connectivity,unclear,"The sentence clearly supports the extracted claim, mentioning a direct relationship between the phenotype (IGD severity), feature (functional connectivity), and loneliness scores, with the relationship being moderated. The direction is unclear, but the extracted direction captures the relevant part exactly.",,Mistral 7B
423,28402565,Impulsive-antisocial psychopathic traits linked to increased volume and functional connectivity within prefrontal cortex.,2017,Social cognitive and affective neuroscience,impulsivity neuroimaging functional connectivity,unknown,functional connectivity,impulsivity (general),unknown,associated_with,higher,,direct,0.8,"Psychopathy is a personality disorder characterized by callous lack of empathy, impulsive antisocial behavior, and criminal recidivism. Studies of brain structure and function in psychopathy have frequently identified abnormalities in the prefrontal cortex. However, findings have not yet converged to yield a clear relationship between specific subregions of prefrontal cortex and particular psychopathic traits. We performed a multimodal neuroimaging study of prefrontal cortex volume and functional connectivity in psychopathy, using a sample of adult male prison inmates (N = 124). We conducted volumetric analyses in prefrontal subregions, and subsequently assessed resting-state functional connectivity in areas where volume was related to psychopathy severity. We found that overall psychopathy severity and Factor 2 scores (which index the impulsive/antisocial traits of psychopathy) were associated with larger prefrontal subregion volumes, particularly in the medial orbitofrontal cortex and dorsolateral prefrontal cortex. Furthermore, Factor 2 scores were also positively correlated with functional connectivity between several areas of the prefrontal cortex.",yes,,yes,yes,yes,,,,,,,,,,llama-3.1-8b-instruct,2,keep,yes,yes,yes,yes,yes,no,impulsivity (general),functional connectivity,higher,The sentence directly supports the claim by stating that Factor 2 scores (which index the impulsive/antisocial traits of psychopathy) were associated with larger prefrontal subregion volumes and positively correlated with functional connectivity between several areas of the prefrontal cortex.,,Mistral 7B
424,41029257,Impaired neural activity and functional connectivity in the hippocampus of adolescents with non-suicidal self-injury addiction.,2025,BMC psychiatry,impulsivity neuroimaging functional connectivity,unknown,functional connectivity,impulsivity (general),non-suicidal self-injury addiction,associated_with,lower,unknown,direct,0.8,ALFF analysis revealed decreased ALFF values in the bilateral hippocampus of NSSI adolescents compared to healthy controls.,yes,,yes,yes,no,,,,,,,,,,llama-3.1-8b-instruct,2,keep,yes,yes,yes,yes,yes,no,impulsivity (general),functional connectivity,lower,The sentence directly supports the association between impulsivity (general) and decreased functional connectivity in the hippocampus.,,Mistral 7B
425,32568370,The structural connectivity of subthalamic deep brain stimulation correlates with impulsivity in Parkinson's disease.,2020,Brain : a journal of neurology,impulsivity neuroimaging functional connectivity,unknown,structural connectivity,impulsivity (general),Parkinson's disease,correlates_with,unclear,mediated by differential recruitment of frontostriatal networks,unclear,0.8,Greater connectivity of the stimulation site with these frontostriatal networks was related to greater postoperative impulsiveness and disinhibition as assessed by the neuropsychiatric instruments.,yes,,yes,yes,no,,,,,,,,,,llama-3.1-8b-instruct,2,keep,yes,yes,yes,yes,yes,no,impulsivity (general),structural connectivity,positive,"The sentence clearly supports the phenotype (impulsivity), feature (structural connectivity), relationship (correlates_with), direction (positive), and directness (direct) when stated.",,Mistral 7B
429,21889990,Randomness of resting-state brain oscillations encodes Gray's personality trait.,2012,NeuroImage,trait impulsivity resting-state fMRI,unknown,functional connectivity,impulsivity (general),unknown,associated_with,higher,unclear,direct,0.9,The Hurst exponent in the ventral striatum as well as in the orbitofrontal cortex (OFC) was significantly associated with the measure of Gray's trait Impulsivity.,yes,,yes,yes,yes,,,,,,,,,,llama-3.1-8b-instruct,2,keep,yes,yes,yes,yes,yes,no,impulsivity (general),functional connectivity,higher,"The sentence clearly supports the extracted claim, mentioning a direct association between the Hurst exponent in specific brain regions and impulsivity, a general personality trait.",,Mistral 7B
430,39299662,Microstructural and functional substrates underlying dispositional greed and its link with trait but not state impulsivity.,2024,NeuroImage,trait impulsivity resting-state fMRI,unknown,functional connectivity,impulsivity (general),unknown,associated_with,unclear,,unclear,0.7,"Functional imaging analyses further identified that brain activation strengths and patterns related to delay length, particularly in the dorsomedial prefrontal cortex, superior parietal lobule, and cerebellum, were associated with Greed Personality Traits.",yes,,yes,yes,no,,,,,,,,,,llama-3.1-8b-instruct,2,keep,yes,yes,yes,yes,yes,no,impulsivity (general),functional connectivity,associated with,"The sentence clearly supports the extracted claim by stating a specific association between brain activation patterns and Greed Personality Traits, which is a type of impulsivity. The brain regions mentioned (dorsomedial prefrontal cortex, superior parietal lobule, and cerebellum) are related to functional connectivity, and the direction of the association is clear (associated with).",,Mistral 7B
434,34982027,Dissociation of impulsive traits by subthalamic metabotropic glutamate receptor 4.,2022,eLife,trait impulsivity resting-state fMRI,unknown,functional connectivity,impulsivity (general),unknown,predicts,unclear,metabotropic glutamate receptor 4 (mGlu4) function,unclear,0.8,"In vivo recorded STN neural activity encoded impulsive action as a separable state from basic motor control, characterized by decoupled STN/substantia nigra pars reticulata (SNr) mesoscale networks.",yes,,yes,yes,yes,,,,,,,,,,llama-3.1-8b-instruct,2,keep,yes,yes,yes,yes,yes,no,impulsivity (general),functional connectivity,unclear,"The sentence clearly supports the phenotype (impulsivity), feature type (functional connectivity), relationship (predicts), direction (unclear), and directness (unclear) when stated. The phenotype and feature type match the extracted claim exactly.",,Mistral 7B
435,24526181,Trait impulsivity is related to ventral ACC and amygdala activity during primary reward anticipation.,2015,Social cognitive and affective neuroscience,trait impulsivity resting-state fMRI,unknown,functional connectivity,impulsivity (general),unknown,associated_with,higher,unclear,direct,0.8,Trait impulsivity was associated with increased activation during anticipation of primary reward in the anterior cingulate cortex (ACC) and amygdala.,yes,,yes,yes,yes,,,,,,,,,,llama-3.1-8b-instruct,2,keep,yes,yes,yes,yes,yes,no,impulsivity (general),functional activation,higher,"The sentence clearly supports the extracted claim, mentioning a direct association between impulsivity and increased activation in the ACC and amygdala during primary reward anticipation.",,Mistral 7B
436,40262490,"The relationships of resting-state brain entropy (BEN), ovarian hormones and behavioral inhibition and activation systems (BIS/BAS).",2025,NeuroImage,trait impulsivity resting-state fMRI,unknown,functional connectivity,impulsivity (general),unknown,associated_with,unclear,decreased BEN leads to increased functional connectivity,direct,0.8,"Results from mediation analysis demonstrated that PROG reduces impulsivity, as measured by BAS-drive, by decreasing BEN in the left DLPFC and subsequently increasing functional connectivity (FC) within this region.",yes,,yes,yes,yes,,,,,,,,,,llama-3.1-8b-instruct,2,keep,yes,yes,yes,yes,yes,no,impulsivity (general),functional connectivity,decreased,"The sentence clearly supports the extracted claim, mentioning impulsivity as the phenotype, functional connectivity as the feature type, association as the relationship, and decreased BEN leading to increased functional connectivity as the direction and directness.",,Mistral 7B
437,36912839,Identifying Replicable Subgroups in Neurodevelopmental Conditions Using Resting-State Functional Magnetic Resonance Imaging Data.,2023,JAMA network open,trait impulsivity resting-state fMRI,unknown,unknown,impulsivity (general),unknown,associated_with,unclear,,unclear,0.5,"There was a significant difference in Strengths and Weaknesses ADHD Symptoms and Normal Behavior Hyperactivity/Impulsivity subscale (SWAN-HI) between 2 subgroups in the POND data (C and D), with subgroup D having increased hyperactivity and impulsivity traits compared with subgroup C.",yes,,yes,yes,no,,,,,,,,,,llama-3.1-8b-instruct,2,keep,yes,yes,yes,yes,yes,no,impulsivity (general),behavioral trait,increased,"The sentence clearly supports the claim by stating a significant difference in impulsivity traits between two subgroups, with subgroup D having increased hyperactivity and impulsivity traits compared with subgroup C.",,Mistral 7B
442,39866687,Atypical functional connectome is associated with low reflective functioning in incarcerated adolescents.,2024,Frontiers in psychiatry,trait impulsivity resting-state fMRI,unknown,functional connectivity,impulsivity (general),unknown,associated_with,unclear,,unclear,0.7,"Compared to the CA, the IA group presented significantly increased resting state FC in a distributed subnetwork including medial prefrontal, posterior and dorsal cingulate, temporal, and occipital regions.",yes,,yes,yes,yes,,,,,,,,,,llama-3.1-8b-instruct,2,keep,yes,yes,yes,yes,yes,no,impulsivity (general),functional connectivity,increased,"The sentence clearly supports the claim by stating a specific association between a brain feature (functional connectivity) and a phenotype (impulsivity), with a clear direction (increased) and directness (specific brain regions).",,Mistral 7B
443,31642530,The neural substrates responsible for how trait anxiety affects delay discounting: Right hippocampal and cerebellar connectivity with bistable right inferior parietal lobule.,2020,Psychophysiology,trait impulsivity resting-state fMRI,unknown,functional connectivity,impulsivity (general),unknown,associated_with,lower,,direct,0.8,bistable right inferior parietal lobule (RIPL) connectivity with the RHPC and RCere were all inversely associated with trait anxiety.,yes,,yes,yes,yes,,,,,,,,,,llama-3.1-8b-instruct,2,keep,yes,yes,yes,yes,yes,no,impulsivity (general),functional connectivity,lower,"The sentence directly supports the association between impulsivity (general) and lower functional connectivity, as it mentions inversely associated connectivity with trait anxiety.",,Mistral 7B
445,26494799,Dopaminergic Modulation of the Functional Ventrodorsal Architecture of the Human Striatum.,2017,"Cerebral cortex (New York, N.Y. : 1991)",trait impulsivity resting-state fMRI,unknown,functional connectivity,impulsivity (general),unknown,associated_with,higher,dopaminergic modulation,direct,0.9,Individuals with high trait impulsivity exhibited greater drug-induced increases (after stimulation) and decreases (after blockade) of ventral-to-dorsal striatal connectivity than those with low trait impulsivity.,yes,,yes,yes,yes,,,,,,,,,,llama-3.1-8b-instruct,2,keep,yes,yes,yes,yes,yes,no,impulsivity (general),functional connectivity,higher,"The sentence clearly supports the extracted claim, mentioning a direct association between impulsivity and functional connectivity in the striatum, with a higher level of connectivity observed in individuals with high trait impulsivity.",,Mistral 7B
448,30268936,Amygdala-orbitofrontal functional connectivity mediates the relationship between sensation seeking and alcohol use among binge-drinking adults.,2018,Drug and alcohol dependence,trait impulsivity resting-state fMRI,unknown,functional connectivity,impulsivity (general),unknown,mediates,unclear,impaired emotion regulation or reward processing,direct,0.8,Individuals with higher weekly alcohol use displayed decreased right amygdala-OFC FC.,yes,,yes,yes,yes,,,,,,,,,,llama-3.1-8b-instruct,2,keep,yes,yes,yes,yes,yes,no,impulsivity (general),functional connectivity,decreased,"The sentence clearly supports the extracted claim, mentioning a direct relationship between a specific phenotype (impulsivity) and a feature (functional connectivity), with a clear direction (decreased) and directness.",,Mistral 7B
449,26406311,Intrinsic Affective Network Is Impaired in Children with Attention-Deficit/Hyperactivity Disorder.,2015,PloS one,trait impulsivity resting-state fMRI,unknown,functional connectivity,impulsivity (general),Attention-Deficit/Hyperactivity Disorder (ADHD),associated_with,unclear,unclear,direct,0.8,"Children with ADHD demonstrated less integrated affective network, evidenced by increased bilateral amygdalar and decreased left orbitofrontal connectivity within the affective network compared to healthy controls.",yes,,yes,yes,yes,,,,,,,,,,llama-3.1-8b-instruct,2,keep,yes,yes,yes,yes,yes,no,impulsivity (general),functional connectivity,decreased,"The sentence clearly supports the claim, mentioning a specific phenotype (impulsivity), feature type (functional connectivity), relationship (associated with), and direction (decreased). The directness is also supported as both phenotype and feature are named.",,Mistral 7B
450,40384807,The Role of Temperament Traits in Bipolar Disorder: Neuroimaging Study.,2025,Depression and anxiety,trait impulsivity resting-state fMRI,unknown,functional connectivity,impulsivity (general),bipolar disorder,associated_with,unclear,,indirect,0.7,Lower Reward Dependence in bipolar patients was associated with increased functional connectivity between Salience Network and Default Mode and FrontoParietal Networks.,yes,,yes,yes,no,,,,,,,,,,llama-3.1-8b-instruct,2,keep,yes,yes,yes,yes,yes,no,impulsivity (general),functional connectivity,positive,"The sentence clearly supports the extracted claim, mentioning a specific phenotype (impulsivity), feature type (functional connectivity), relationship (associated with), and direction (positive). The directness is also supported as the sentence names both phenotype and feature.",,Mistral 7B
451,30991616,Adolescent binge drinking disrupts normal trajectories of brain functional organization and personality maturation.,2019,NeuroImage. Clinical,trait impulsivity resting-state fMRI,unknown,functional connectivity,impulsivity (general),unknown,associated_with,unclear,,unclear,0.7,We demonstrated longitudinally that after the onset of binge drinking the developmental trajectory of improvement in impulsivity slowed down.,yes,,yes,yes,yes,,,,,,,,,,llama-3.1-8b-instruct,2,keep,yes,yes,yes,yes,yes,no,impulsivity (general),behavioral trait,slowed down,The sentence clearly supports the claim by stating a longitudinal association between binge drinking and a change in the developmental trajectory of impulsivity.,,Mistral 7B
452,32989168,Compulsivity is linked to reduced adolescent development of goal-directed control and frontostriatal functional connectivity.,2020,Proceedings of the National Academy of Sciences of the United States of America,trait impulsivity resting-state fMRI,unknown,functional connectivity,unknown,unknown,associated_with,unclear,,unclear,0.7,"Compulsivity is associated with a less pronounced change of within-subject developmental remodeling of functional connectivity, specifically between the striatum and a frontoparietal network.",yes,,yes,yes,no,,,,,,,,,,llama-3.1-8b-instruct,2,keep,yes,yes,yes,yes,yes,no,compulsivity,functional connectivity,reduced,"The sentence clearly supports the claim by stating a specific association between compulsivity and reduced change in functional connectivity. The direction is also clearly stated as 'less pronounced change', which implies a reduction. The directness is supported as both phenotype and feature are named.",,Mistral 7B
453,32289458,Sensation-seeking is related to functional connectivities of the medial orbitofrontal cortex with the anterior cingulate cortex.,2020,NeuroImage,trait impulsivity resting-state fMRI,unknown,functional connectivity,impulsivity (general),unknown,associated_with,unclear,reward system,direct,0.73,The sensation-seeking score could be optimally predicted from the functional connectivity with typically (in different participants) 18 links between brain areas (measured in the resting state with fMRI) with correlation r ​= ​0.34 (p ​= ​7.3 ​× ​10-13) between the predicted and actual sensation-seeking score across all participants.,yes,,yes,yes,no,,,,,,,,,,llama-3.1-8b-instruct,2,keep,yes,yes,yes,yes,yes,no,impulsivity (general),functional connectivity,positive,"The sentence clearly supports the extracted claim, mentioning sensation-seeking as the phenotype, functional connectivity as the feature type, and an association between the two. The direction of the association is implied to be positive due to the correlation (r = 0.34) between the predicted and actual sensation-seeking score.",,Mistral 7B
455,23139901,The association between cingulate cortex glutamate concentration and delay discounting is mediated by resting state functional connectivity.,2012,Brain and behavior,trait impulsivity resting-state fMRI,unknown,functional connectivity,impulsivity (general),unknown,associated_with,unclear,mediated by,direct,0.8,delay discounting was associated with both dACC glutamate concentrations and resting state functional connectivity of the dACC with a midbrain region including ventral tegmental area and substantia nigra.,yes,,yes,yes,yes,,,,,,,,,,llama-3.1-8b-instruct,2,keep,yes,yes,yes,yes,yes,no,impulsivity (general),functional connectivity,associated with,"The sentence clearly supports the extracted claim, mentioning impulsivity (general) as the phenotype, functional connectivity as the feature type, associated with as the relationship, and mediated by as the mechanism. The direction is supported as 'associated with' is mentioned in the sentence. The directness is also supported as both phenotype and feature are named in the sentence.",,Mistral 7B
457,29225975,Correlation between Traits of Emotion-Based Impulsivity and Intrinsic Default-Mode Network Activity.,2017,Neural plasticity,trait impulsivity resting-state fMRI,unknown,functional connectivity,impulsivity (general),unknown,associated_with,unclear,,direct,0.8,Trait urgency measures showed significant correlations with the functional connectivity of the posterior cingulate cortex/precuneus seed with the thalamus and midbrain region.,yes,,yes,yes,no,,,,,,,,,,llama-3.1-8b-instruct,2,keep,yes,yes,yes,yes,yes,no,impulsivity (general),functional connectivity,positive,The sentence clearly supports the claim by mentioning a significant correlation between trait urgency (a measure of impulsivity) and functional connectivity in a specific brain region.,,Mistral 7B
461,40516848,Neural basis of the association between future time perspective and ADHD characteristics: functional connectivity between Left inferior parietal lobule and mPFC.,2025,Progress in neuro-psychopharmacology & biological psychiatry,trait impulsivity resting-state fMRI,unknown,functional connectivity,impulsivity (general),ADHD,associated_with,unclear,,direct,0.8,RSFC results indicated individuals with higher levels of FTP exhibited greater functional connectivity between the IPL and both the dorsomedial prefrontal cortex (dmPFC) and the ventromedial prefrontal cortex (vmPFC).,yes,,yes,yes,yes,,,,,,,,,,llama-3.1-8b-instruct,2,keep,yes,yes,yes,yes,yes,no,impulsivity (general),functional connectivity,positive,"The sentence clearly supports the extracted claim, mentioning a direct association between impulsivity and functional connectivity between the IPL and mPFC (dmPFC and vmPFC).",,Mistral 7B
463,28860514,Delay discounting is associated with the fractional amplitude of low-frequency fluctuations and resting-state functional connectivity in late adolescence.,2017,Scientific reports,trait impulsivity resting-state fMRI,unknown,functional connectivity,impulsivity (general),unknown,associated_with,unclear,,direct,0.8,DD was positively correlated with the RSFC between the dACC and the left dorsolateral prefrontal cortex (DLPFC),yes,,yes,yes,yes,,,,,,,,,,llama-3.1-8b-instruct,2,keep,yes,yes,yes,yes,yes,no,impulsivity (general),functional connectivity,positive,"The sentence clearly supports the extracted claim, mentioning a direct association between impulsivity and functional connectivity in a specific brain region.",,Mistral 7B
464,40666274,Salience and default networks predict borderline personality traits and affective symptoms: a dynamic functional connectivity analysis.,2025,Frontiers in human neuroscience,trait impulsivity resting-state fMRI,unknown,dynamic connectivity,impulsivity (general),borderline personality traits,predicts,higher,temporal variability,direct,0.8,"Results indicated abnormal dynamic functional connectivity inside the SN, and in a network that includes DMN and mentalization regions. Specifically, the higher the BPT, the higher the temporal variability inside the SN, and the lower the temporal variability in a network that includes DMN and mentalization regions.",yes,,yes,yes,no,,,,,,,,,,llama-3.1-8b-instruct,2,keep,yes,yes,yes,yes,yes,no,impulsivity (general),dynamic connectivity,higher,"The sentence clearly supports the extracted claim, mentioning a direct relationship between impulsivity (general) and temporal variability in the salience network, as well as a relationship between borderline personality traits and temporal variability in a network including DMN and mentalization regions.",,Mistral 7B
466,32592635,Altered core networks of brain connectivity and personality traits in internet gaming disorder.,2020,Journal of behavioral addictions,trait impulsivity resting-state fMRI,unknown,functional connectivity,impulsivity (general),Internet gaming disorder,associated_with,unclear,,unclear,0.7,IGD participants showed lower functional connectivity between the dorsal lateral prefrontal cortex (DLPFC) and other regions in the CEN than HC participants during resting state.,yes,,yes,yes,yes,,,,,,,,,,llama-3.1-8b-instruct,2,keep,yes,yes,yes,yes,yes,no,impulsivity (general),functional connectivity,decreased,The sentence clearly supports the claim by stating a specific association between impulsivity and functional connectivity in IGD participants compared to HC participants.,,Mistral 7B
469,37223038,Increased meso-striatal connectivity mediates trait impulsivity in FTO variant carriers.,2023,Frontiers in endocrinology,trait impulsivity functional connectivity,unknown,functional connectivity,motor impulsivity,unknown,associated_with,higher,altered structural connectivity,direct,0.8,"We found that FTO risk allele carriers compared to non-carriers, demonstrated greater motor impulsivity and increased structural connectivity between VTA/SN and the NAc.",yes,,yes,yes,no,,,,,,,,,,llama-3.1-8b-instruct,2,keep,yes,yes,yes,yes,yes,no,motor impulsivity,functional connectivity,higher,,,Mistral 7B
470,33192412,Higher Trait Impulsivity and Altered Frontostriatal Connectivity in Betel-Quid Dependent Individuals.,2020,Frontiers in human neuroscience,trait impulsivity functional connectivity,unknown,functional connectivity,impulsivity (general),Betel-Quid Dependent Individuals,associated_with,lower,unknown,direct,0.8,There was a significantly decreased functional connectivity between the right caudate and right dorsolateral prefrontal cortex (DLPFC) when watching BQ related images than control images in individuals with BQD.,yes,,yes,yes,no,,,,,,,,,,llama-3.1-8b-instruct,2,keep,yes,yes,yes,yes,yes,no,impulsivity (general),functional connectivity,lower,The sentence directly supports the claim by mentioning a specific brain region (right caudate and right dorsolateral prefrontal cortex) and a comparison between two groups (BQ related images and control images).,,Mistral 7B
471,38009082,Adolescent Neurodevelopment Within the Context of Impulsivity and Substance Use.,2023,Current addiction reports,trait impulsivity functional connectivity,unknown,functional connectivity,impulsivity (general),unknown,associated_with,unclear,,unclear,0.7,Altered functional connectivity in networks including the inhibitory control network and reward processing network confers risk for greater impulsivity and substance use.,yes,,yes,yes,yes,,,,,,,,,,llama-3.1-8b-instruct,2,keep,yes,yes,yes,yes,yes,no,impulsivity (general),functional connectivity,associated with,"The sentence clearly supports the extracted claim by stating a relationship between altered functional connectivity and impulsivity, which is the phenotype of interest. The feature type is also supported as it is mentioned as 'functional connectivity'. The direction is supported as it implies a positive association between altered functional connectivity and impulsivity. The directness is also supported as it directly links the altered functional connectivity to impulsivity.",,Mistral 7B
473,39834272,Functional and effective connectivity between reward and inhibitory control networks underlying subclinical binge eating.,2025,The British journal of psychiatry : the journal of mental science,trait impulsivity functional connectivity,unknown,dynamic connectivity,impulsivity (general),binge eating,associated_with,unclear,undirectional and directional synchronisations,direct,0.8,"The binge eating group relative to controls displayed fewer reward-inhibition undirectional and directional synchronisations (i.e. medial orbitofrontal cortex [mOFC]-superior parietal gyrus [SPG] connectivity, mOFC → SPG excitatory connectivity) during food reward_nogo condition.",yes,,yes,yes,yes,,,,,,,,,,llama-3.1-8b-instruct,2,keep,yes,yes,yes,yes,yes,no,impulsivity (general),dynamic connectivity,decreased,"The sentence clearly supports the extracted claim, mentioning a specific brain region (medial orbitofrontal cortex) and its connection to another region (superior parietal gyrus), which is related to the phenotype of impulsivity. The relationship is direct, and the direction is supported as the binge eating group displayed fewer synchronisations.",,Mistral 7B
475,25818325,Increased corticolimbic connectivity in cocaine dependence versus pathological gambling is associated with drug severity and emotion-related impulsivity.,2016,Addiction biology,trait impulsivity functional connectivity,unknown,functional connectivity,impulsivity (general),unknown,associated_with,higher,unclear,direct,0.8,"CD compared with PG displayed increased global functional connectivity in a large-scale ventricolimbic network involving the orbitofrontal cortex, caudate, thalamus and amygdala.",yes,,yes,yes,no,,,,,,,,,,llama-3.1-8b-instruct,2,keep,yes,yes,yes,yes,yes,no,impulsivity (general),functional connectivity,higher,"The sentence clearly supports the extracted claim, mentioning a direct association between impulsivity and increased functional connectivity in a specific brain network.",,Mistral 7B
477,27940074,ACC GABA levels are associated with functional activation and connectivity in the fronto-striatal network during interference inhibition in patients with borderline personality disorder.,2017,NeuroImage,trait impulsivity functional connectivity,unknown,functional connectivity,impulsivity (general),borderline personality disorder,associated_with,higher,regulation,direct,0.8,ACC-caudate functional connectivity during interference inhibition is associated with ACC GABA levels in patients with BPD.,yes,,yes,yes,no,,,,,,,,,,llama-3.1-8b-instruct,2,keep,yes,yes,yes,yes,yes,no,impulsivity (general),functional connectivity,higher,,,Mistral 7B
478,30705624,The Degree of Modulation of Beta Band Activity During Motor Planning Is Related to Trait Impulsivity.,2019,Frontiers in integrative neuroscience,trait impulsivity functional connectivity,unknown,functional connectivity,impulsivity (general),unknown,associated_with,unclear,beta band activity modulation during motor planning,direct,0.8,We found that the decrease of relative beta band power during action planning in the left fronto-central group of channels was more pronounced in the high impulsivity group than in the low impulsivity group.,yes,,yes,yes,yes,,,,,,,,,,llama-3.1-8b-instruct,2,keep,yes,yes,yes,yes,yes,no,impulsivity (general),functional connectivity,greater in high impulsivity group,"The sentence clearly supports the phenotype (impulsivity), feature (functional connectivity), relationship (associated_with), direction (greater in high impulsivity group), and directness (direct).",,Mistral 7B
481,31275737,Weakened Functional Connectivity Between the Amygdala and the Ventromedial Prefrontal Cortex Is Longitudinally Related to Psychopathic Traits in Low-Income Males During Early Adulthood.,2019,Clinical psychological science : a journal of the Association for Psychological Science,trait impulsivity functional connectivity,unknown,functional connectivity,impulsivity (general),unknown,associated_with,unclear,,unclear,0.7,"Weakened functional connectivity between the amygdala and ventromedial prefrontal cortex during the processing of fearful, but not neutral or angry, faces at age 20 was related to higher psychopathic traits at age 22.",yes,,yes,yes,no,,,,,,,,,,llama-3.1-8b-instruct,2,keep,yes,yes,yes,yes,yes,no,impulsivity (general),functional connectivity,positively associated,"The sentence clearly supports the extracted claim, mentioning a specific relationship between functional connectivity and psychopathic traits. The direction of the relationship is also clear, as higher psychopathic traits are related to weakened functional connectivity.",,Mistral 7B
484,31383336,Hypothesis: Compulsive hoarding as an atavism.,2019,Medical hypotheses,trait impulsivity functional connectivity,unknown,unknown,impulsivity (general),unknown,associated_with,unclear,ancestral mammalian behavior,background,0.3,"We propose that hoarding disorder may be an ancestral mammalian behavior, possibly hard-wired but dormant in present-day humans, that can be activated by traumatic experiences.",yes,,yes,yes,no,,,,,,,,,,llama-3.1-8b-instruct,2,keep,yes,no,yes,yes,yes,no,impulsivity (general),unknown,unclear,"The sentence clearly supports the relationship and direction, but does not directly support the feature type. The phenotype is supported as 'impulsivity (general)' is a possible interpretation of hoarding disorder. The directness is supported as the sentence is in the background context.",,Mistral 7B
485,22805501,Trait impulsivity as an endophenotype for bipolar I disorder.,2012,Bipolar disorders,trait impulsivity functional connectivity,unknown,unknown,impulsivity (general),bipolar I disorder,associated_with,higher,,unclear,0.8,Individuals with bipolar I disorder had elevated scores compared to healthy comparison subjects on BIS-11 total score and all three subscales (p < 0.0001).,yes,,yes,yes,yes,,,,,,,,,,llama-3.1-8b-instruct,2,keep,yes,yes,yes,yes,yes,no,,,,"The sentence clearly supports the claim by stating that individuals with bipolar I disorder have elevated scores on impulsivity measures compared to healthy subjects, which is consistent with the extracted claim.",,Mistral 7B
486,33246710,Abnormal organization of inhibitory control functional networks in future binge drinkers.,2021,Drug and alcohol dependence,trait impulsivity functional connectivity,unknown,functional connectivity,impulsivity (general),unknown,associated_with,higher,unknown,direct,0.8,"fBD exhibit a distinctive pattern of beta band hyperconnectivity among crucial regions of inhibitory control networks, positively correlated with behavioral traits and future alcohol intake rate.",yes,,yes,yes,yes,,,,,,,,,,llama-3.1-8b-instruct,2,keep,yes,yes,yes,yes,yes,no,impulsivity (general),functional connectivity,higher,"The sentence clearly supports the extracted claim, mentioning a direct association between impulsivity (general) and functional connectivity, with a higher direction.",,Mistral 7B
488,29946511,Abnormal cortical gyrification in criminal psychopathy.,2018,NeuroImage. Clinical,trait impulsivity functional connectivity,unknown,structural connectivity,impulsivity (general),criminal psychopathy,associated_with,unclear,,unclear,0.7,PCL-R scores were negatively associated with LGI measures within the right hemisphere in the midcingulate cortex (MCC) and adjacent regions of the superior frontal gyrus as well as lateral superior parietal cortex.,yes,,yes,yes,yes,,,,,,,,,,llama-3.1-8b-instruct,2,keep,yes,yes,yes,yes,yes,no,impulsivity (general),structural connectivity,negatively associated,The sentence clearly supports the extracted claim by stating a negative association between PCL-R scores (impulsivity) and LGI measures (structural connectivity) in specific brain regions within the right hemisphere.,,Mistral 7B
494,37890532,Food go/no-go training alters neural circuits for food evaluation for appetite reduction.,2024,Appetite,trait impulsivity functional connectivity,unknown,functional connectivity,unknown,unknown,associated_with,unclear,unknown,direct,0.8,The food go/no-go training did alter the functional connectivity of brain regions associated with food evaluation.,yes,,yes,yes,no,,,,,,,,,,llama-3.1-8b-instruct,2,keep,yes,yes,yes,yes,yes,no,,,,,,Mistral 7B
495,22047966,Effect of dopamine transporter genotype on intrinsic functional connectivity depends on cognitive state.,2012,"Cerebral cortex (New York, N.Y. : 1991)",trait impulsivity functional connectivity,unknown,functional connectivity,impulsivity (general),unknown,associated_with,higher,genetic regulation of dopamine,direct,0.8,"We found that connections between frontal, parietal, and striatal nodes of Task-Positive networks (TPNs) and Task-Negative networks (TNNs) showed higher functional connectivity in 10/10 homozygotes of the dopamine transporter gene, a polymorphism influencing synaptic dopamine, than in 9/10 heterozygotes.",yes,,yes,yes,no,,,,,,,,,,llama-3.1-8b-instruct,2,keep,yes,yes,yes,yes,yes,no,impulsivity (general),functional connectivity,higher,,,Mistral 7B
504,34993375,Brain Networks Associated With COVID-19 Risk: Data From 3662 Participants.,2021,"Chronic stress (Thousand Oaks, Calif.)",trait impulsivity functional connectivity,unknown,functional connectivity,unknown,unknown,associated_with,unclear,,unclear,0.7,"Individuals are at increased risk of COVID-19 infections if their brain connectome is consistent with reduced connectivity in the top-down attention and executive networks, along with increased internal connectivity in the introspective and instinctive networks.",yes,,yes,yes,yes,,,,,,,,,,llama-3.1-8b-instruct,2,keep,yes,yes,yes,yes,yes,no,unknown,functional connectivity,increased,"The sentence clearly supports the claim by stating a phenotype (increased risk of COVID-19 infections), a feature (reduced connectivity in top-down attention and executive networks, along with increased internal connectivity in introspective and instinctive networks), a relationship (associated with), a direction (increased), and directness (direct).",,Mistral 7B
505,36270509,Investigating a role of orexin and 'cocaine- and amphetamine-regulated transcript' in the nucleus accumbens shell in binge eating of male rats and the relationship with impulsivity.,2022,Physiology & behavior,trait impulsivity functional connectivity,unknown,functional connectivity,impulsivity (general),unknown,associated_with,unclear,blockade of accumbal OX1Rs reduces PF intake,unclear,0.7,"The blockade of accumbal OX1Rs effectively reduced PF intake only in the control group that had daily access to PF, with impulsivity trait as a decisive factor.",yes,,yes,yes,no,,,,,,,,,,llama-3.1-8b-instruct,2,keep,yes,yes,yes,yes,yes,no,impulsivity (general),functional connectivity,reduced,"The sentence clearly supports the phenotype, feature, relationship, and direction when stated.",,Mistral 7B
506,27896939,"A multimodal study of impulsivity and body weight: Integrating behavioral, cognitive, and neuroimaging approaches.",2017,"Obesity (Silver Spring, Md.)",trait impulsivity functional connectivity,unknown,functional connectivity,impulsivity (general),unknown,associated_with,unclear,,unclear,0.7,BMI was positively associated with functional connectivity between the right inferior frontal gyrus and right middle frontal gyrus during successful response inhibition.,yes,,yes,yes,no,,,,,,,,,,llama-3.1-8b-instruct,2,keep,yes,yes,yes,yes,yes,no,impulsivity (general),functional connectivity,positive,"The sentence clearly supports the claim by stating a positive association between BMI and functional connectivity during successful response inhibition, which is related to impulsivity.",,Mistral 7B
508,27566121,Reduced Default Mode Connectivity in Adolescents With Conduct Disorder.,2016,Journal of the American Academy of Child and Adolescent Psychiatry,trait impulsivity functional connectivity,unknown,functional connectivity,impulsivity (general),Conduct Disorder,associated_with,lower,unclear,direct,0.8,The group with CD showed hypoconnectivity between core DMN regions compared with typically developing controls.,yes,,yes,yes,no,,,,,,,,,,llama-3.1-8b-instruct,2,keep,yes,yes,yes,yes,yes,no,impulsivity (general),functional connectivity,lower,,,Mistral 7B
511,37058964,Impulsivity and self-regulation: A dual-process model of risky driving in young drivers in Iran.,2023,Accident; analysis and prevention,trait impulsivity functional connectivity,unknown,unknown,impulsivity (general),unknown,associated_with,unclear,mediatory role of cognitive and self-regulatory capacities,unclear,0.8,"The dual-process model of risky driving (Lazuras, Rowe, Poulter, Powell, & Ypsilanti, 2019) suggested that regulatory processes mediate the effect of impulsivity on risky driving.",yes,,yes,yes,yes,,,,,,,,,,llama-3.1-8b-instruct,2,keep,yes,yes,yes,yes,yes,no,impulsivity (general),risky driving,associated with,"The sentence clearly supports the extracted claim, mentioning impulsivity as the phenotype, risky driving as the feature, an association between them, and a mediating role of cognitive and self-regulatory capacities.",,Mistral 7B
512,35388180,Corticolimbic DCC gene co-expression networks as predictors of impulsivity in children.,2022,Molecular psychiatry,trait impulsivity functional connectivity,unknown,functional connectivity,impulsivity (general),unknown,predicts,lower,Netrin-1/DCC signaling pathway,direct,0.8,We found that lower ePRS scores associate with higher measurements of impulsive choice in 6-year-old children tested in the Information Sampling Task and with impulsive action in 6- and 10-year-old children tested in the Stop Signal Task.,yes,,yes,yes,yes,,,,,,,,,,llama-3.1-8b-instruct,2,keep,yes,yes,yes,yes,yes,no,impulsivity (general),functional connectivity,lower,,,Mistral 7B
516,28900210,Alterations of Brain Functional Architecture Associated with Psychopathic Traits in Male Adolescents with Conduct Disorder.,2017,Scientific reports,trait impulsivity functional connectivity,unknown,functional connectivity,impulsivity (general),Conduct Disorder,associated_with,unclear,unclear,unclear,0.7,"We found decreased anti-synchronization between the fronto-parietal network (FPN) and default mode network (DMN), and increased intra-network synchronization within the frontothalamic-basal ganglia, right frontoparietal, and temporal/limbic/visual networks in CD patients.",yes,,yes,yes,no,,,,,,,,,,llama-3.1-8b-instruct,2,keep,yes,yes,yes,yes,yes,no,impulsivity (general),functional connectivity,decreased,"The sentence clearly supports the extracted claim, mentioning a specific brain system (fronto-parietal network and default mode network) and a relationship between this system and impulsivity. The direction of the relationship is also clear (decreased anti-synchronization).",,Mistral 7B
518,24781521,Compromised frontocerebellar circuitry contributes to nonplanning impulsivity in recovering alcoholics.,2014,Psychopharmacology,nonplanning impulsivity functional connectivity,unknown,functional connectivity,nonplanning impulsivity,recovering alcoholics,associated_with,lower,compromised,direct,1.0,Alcoholic patients demonstrated compromised dorsal anterior cingulate cortex (dACC) -cerebellar functional connectivity,yes,,yes,yes,no,,,,,,,,,,llama-3.1-8b-instruct,2,keep,yes,yes,yes,yes,yes,no,nonplanning impulsivity,functional connectivity,lower,"The sentence directly states that alcoholic patients have compromised dorsal anterior cingulate cortex (dACC) -cerebellar functional connectivity, which is associated with nonplanning impulsivity, a lower level of functional connectivity.",,Mistral 7B
519,37162878,A generalizable functional connectivity signature characterizes brain dysfunction and links to rTMS treatment response in cocaine use disorder.,2023,medRxiv : the preprint server for health sciences,nonplanning impulsivity functional connectivity,unknown,functional connectivity,nonplanning impulsivity,cocaine use disorder,associated_with,higher,unclear,direct,0.8,"We identified phenotyping FCs involving increased connectivity between the visual network and dorsal attention network, and between the frontoparietal control network and ventral attention network, as well as decreased connectivity between the default mode network and limbic network in CUD patients compared to healthy controls.",yes,,yes,yes,yes,,,,,,,,,,llama-3.1-8b-instruct,2,keep,yes,yes,yes,yes,yes,no,nonplanning impulsivity,functional connectivity,higher,"The sentence clearly supports the claim by mentioning increased connectivity between certain brain networks in CUD patients compared to healthy controls, which is consistent with the extracted claim of nonplanning impulsivity being associated with higher functional connectivity.",,Mistral 7B
520,37030546,Disrupted functional networks within white-matter served as neural features in adolescent patients with conduct disorder.,2023,Behavioural brain research,nonplanning impulsivity functional connectivity,unknown,functional connectivity,nonplanning impulsivity,conduct disorder,associated_with,lower,,direct,0.8,"Compared with TDs, CD patients showed decreased FCs between occipital network (ON) and superior temporal network (STN), which were significantly negatively associated with non-planning impulsivity scores in CD.",yes,,yes,yes,no,,,,,,,,,,llama-3.1-8b-instruct,2,keep,yes,yes,yes,yes,yes,no,nonplanning impulsivity,functional connectivity,lower,"The sentence clearly supports the extracted claim, mentioning a direct association between decreased functional connectivity and nonplanning impulsivity in CD patients.",,Mistral 7B
522,38902791,Graph analysis uncovers an opposing impact of methylphenidate on connectivity patterns within default mode network sub-divisions.,2024,Behavioral and brain functions : BBF,nonplanning impulsivity functional connectivity,unknown,functional connectivity,nonplanning impulsivity,unknown,associated_with,unclear,,unclear,0.7,Decreased connectivity of the DMN sub-network with the cinguloopercular network following MPH administration was associated with elevated impulsivity and non-planning impulsiveness.,yes,,yes,yes,yes,,,,,,,,,,llama-3.1-8b-instruct,2,keep,yes,yes,yes,yes,yes,no,nonplanning impulsivity,functional connectivity,decreased,"The sentence clearly supports the claim by stating a specific association between a phenotype (nonplanning impulsivity), a feature (functional connectivity), and a relationship (associated with). The direction (decreased) is also clearly stated, and the directness is implied by the mention of both phenotype and feature.",,Mistral 7B
525,35126053,Regional Homogeneity Abnormalities and Its Correlation With Impulsivity in Male Abstinent Methamphetamine Dependent Individuals.,2021,Frontiers in molecular neuroscience,nonplanning impulsivity resting-state fMRI,unknown,BOLD variability,nonplanning impulsivity,Methamphetamine Dependent Individuals,correlates_with,unclear,,unclear,0.7,"The ReHo values of the left precentral gyrus were negatively correlated with the BIS-attention, BIS-motor, and BIS-nonplanning subscale scores,",yes,,yes,yes,yes,,,,,,,,,,llama-3.1-8b-instruct,2,keep,yes,yes,yes,yes,yes,no,nonplanning impulsivity,BOLD variability,negatively,"The sentence clearly supports the extracted claim by mentioning a correlation between ReHo values and BIS-nonplanning subscale scores, which is a measure of nonplanning impulsivity. The feature type is also supported as it mentions BOLD variability. The relationship, direction, and directness are all supported as the sentence explicitly states a correlation between two variables.",,Mistral 7B
528,34602972,Altered Variability and Concordance of Dynamic Resting-State fMRI Indices in Patients With Attention Deficit Hyperactivity Disorder.,2021,Frontiers in neuroscience,attentional impulsivity resting-state fMRI,unknown,dynamic connectivity,attentional impulsivity,Attention deficit hyperactivity disorder (ADHD),associated_with,unclear,,direct,0.8,"Patients with ADHD showed decreased variability of dynamic amplitude of low-frequency fluctuation (dALFF) in the left middle frontal gyrus and increased one in right middle occipital gyrus, as compared with the HCs.",yes,,yes,yes,yes,,,,,,,,,,llama-3.1-8b-instruct,2,keep,yes,yes,yes,yes,yes,no,attentional impulsivity,dynamic connectivity,decreased,"The sentence clearly supports the claim by stating a specific association between ADHD and altered dynamic connectivity in the brain, with a clear direction of change (decreased in one area and increased in another).",,Mistral 7B
533,30520697,Exploring the Brain Lateralization in ADHD Based on Variability of Resting-State fMRI Signal.,2021,Journal of attention disorders,attentional impulsivity resting-state fMRI,unknown,functional connectivity,impulsivity (general),ADHD,associated_with,unclear,,unclear,0.7,"ADHD patients showed significantly increased rightward lateralization in the inferior frontal gyrus (opercular), precuneus, and paracentral lobule, and decreased rightward lateralization in the insula.",yes,,yes,yes,yes,,,,,,,,,,llama-3.1-8b-instruct,2,keep,yes,yes,yes,yes,yes,no,impulsivity (general),functional connectivity,increased rightward lateralization,"The sentence clearly supports the extracted claim by stating a specific brain region (inferior frontal gyrus, precuneus, and paracentral lobule) and its association with impulsivity in ADHD patients. The direction of increased rightward lateralization is also clearly stated.",,Mistral 7B
538,37327696,"Individual differences in delay discounting are associated with dorsal prefrontal cortex connectivity in children, adolescents, and adults.",2023,Developmental cognitive neuroscience,attentional impulsivity resting-state fMRI,unknown,functional connectivity,impulsivity (general),unknown,associated_with,unclear,,direct,0.8,Individual differences in delay discounting were associated with patterns of connectivity emanating from the left dorsal prefrontal cortex.,yes,,yes,yes,no,,,,,,,,,,llama-3.1-8b-instruct,2,keep,yes,yes,yes,yes,yes,no,impulsivity (general),functional connectivity,unclear,"The sentence clearly supports the extracted claim, mentioning a direct association between impulsivity (general) and functional connectivity emanating from the left dorsal prefrontal cortex.",,Mistral 7B
541,27467529,Resting-state functional MRI of abnormal baseline brain activity in young depressed patients with and without suicidal behavior.,2016,Journal of affective disorders,attentional impulsivity resting-state fMRI,unknown,functional connectivity,impulsivity (general),depressed youths,associated_with,unclear,,indirect,0.7,"The SU group had abnormal spontaneous neural activity during the resting state, and decreased activity in L-SFG and L-MFG was associated with increased impulsivity in SU group.",yes,,yes,yes,yes,,,,,,,,,,llama-3.1-8b-instruct,2,keep,yes,yes,yes,yes,yes,no,impulsivity (general),functional connectivity,positive,"The sentence clearly supports the extracted claim, mentioning a specific association between decreased activity in L-SFG and L-MFG and increased impulsivity in the SU group.",,Mistral 7B
542,29048582,Salience network dynamics underlying successful resistance of temptation.,2017,Social cognitive and affective neuroscience,attentional impulsivity resting-state fMRI,unknown,dynamic connectivity,attentional impulsivity,unknown,associated_with,unclear,,indirect,0.7,Individuals whose intrinsic dynamic functional connectivity patterns gravitate toward configurations in which salience detection systems are less strongly coupled with visual systems resist tempting distractors more effectively.,yes,,yes,yes,yes,,,,,,,,,,llama-3.1-8b-instruct,2,keep,yes,yes,yes,yes,yes,no,attentional impulsivity,dynamic connectivity,associated with increased resistance,"The sentence clearly supports the claim by stating that individuals with certain dynamic functional connectivity patterns resist tempting distractors more effectively, which is associated with attentional impulsivity. The feature type is dynamic connectivity, and the relationship is associated with. The direction is supported as the sentence implies that the connectivity patterns are associated with increased resistance, which is a positive direction. The directness is supported as the sentence names both the phenotype (resistance to temptation) and the feature (dynamic functional connectivity patterns).",,Mistral 7B
544,39592983,Abnormal stability of dynamic functional architecture in drug-naïve children with attention-deficit/hyperactivity disorder.,2024,BMC psychiatry,attentional impulsivity resting-state fMRI,unknown,dynamic connectivity,attentional impulsivity,attention-deficit/hyperactivity disorder,associated_with,unclear,,direct,0.8,"We found that children with ADHD exhibited decreased FS in the bilateral superior frontal gyrus (SFG) and increased FS in the right middle temporal gyrus (MTG), which both belong to the default mode network (DMN).",yes,,yes,yes,no,,,,,,,,,,llama-3.1-8b-instruct,2,keep,yes,yes,yes,yes,yes,no,attentional impulsivity,dynamic connectivity,decreased,"The sentence clearly supports the claim by stating a direct association between attentional impulsivity and dynamic connectivity in the context of ADHD. The direction of the association is also clear, as the children with ADHD exhibited decreased FS in the bilateral superior frontal gyrus and increased FS in the right middle temporal gyrus.",,Mistral 7B
545,35089635,Enduring effect of abuse: Childhood maltreatment links to altered theory of mind network among adults.,2022,Human brain mapping,attentional impulsivity resting-state fMRI,unknown,functional connectivity,attentional impulsivity,unknown,associated_with,lower,unclear,direct,0.8,"Adults with CM showed decreased FC between the insula and superior temporal gyrus (STG) and between inferior parietal lobule (IPL) and middle frontal gyrus, STG, and dorsal anterior cingulate cortex (dACC),",yes,,yes,yes,no,,,,,,,,,,llama-3.1-8b-instruct,2,keep,yes,yes,yes,yes,yes,no,attentional impulsivity,functional connectivity,lower,"The sentence directly supports the association between attentional impulsivity and altered functional connectivity, specifically lower connectivity between the insula and superior temporal gyrus, inferior parietal lobule and middle frontal gyrus, superior temporal gyrus, and dorsal anterior cingulate cortex.",,Mistral 7B
553,37011715,Conscientiousness associated with efficiency of the salience/ventral attention network: Replication in three samples using individualized parcellation.,2023,NeuroImage,attentional impulsivity resting-state fMRI,unknown,functional connectivity,unknown,unknown,associated_with,unclear,,unclear,0.7,Efficiency of a set of parcels in the SVAN was significantly associated with conscientiousness in all samples.,yes,,yes,yes,yes,,,,,,,,,,llama-3.1-8b-instruct,2,keep,yes,yes,yes,yes,yes,no,conscientiousness,functional connectivity,positive,The sentence clearly supports the claim by stating a significant association between conscientiousness and efficiency of the salience/ventral attention network.,,Mistral 7B
555,27894158,Craving behavioral intervention for internet gaming disorder: remediation of functional connectivity of the ventral striatum.,2018,Addiction biology,attentional impulsivity resting-state fMRI,unknown,functional connectivity,attentional impulsivity,Internet gaming disorder,associated_with,unclear,remediation,direct,0.8,"IGD subjects showed greater resting-state functional connectivity of the VS to left inferior parietal lobule (lIPL), right inferior frontal gyrus and left middle frontal gyrus, in positive association with the severity of IGD.",yes,,yes,yes,yes,,,,,,,,,,llama-3.1-8b-instruct,2,keep,yes,yes,yes,yes,yes,no,attentional impulsivity,functional connectivity,positive,"The sentence clearly supports the claim, mentioning a specific phenotype (attentional impulsivity), feature type (functional connectivity), relationship (associated with), direction (positive), and directness (direct).",,Mistral 7B
556,32114120,Estimating individual scores of inattention and impulsivity based on dynamic features of intrinsic connectivity network.,2020,Neuroscience letters,attentional impulsivity resting-state fMRI,unknown,dynamic connectivity,impulsivity (general),ADHD,associated_with,unclear,,unclear,0.7,The most associating ICNs are sensorimotor network (SMN) for inattention and executive control network (ECN) for impulsivity.,yes,,yes,yes,yes,,,,,,,,,,llama-3.1-8b-instruct,2,keep,yes,yes,yes,yes,yes,no,impulsivity (general),dynamic connectivity,associated_with,"The sentence clearly supports the phenotype (impulsivity), feature (dynamic connectivity), relationship (associated_with), and direction (associated_with) when stated.",,Mistral 7B
558,36055063,PTSD symptomatology is selectively associated with impaired sustained attention ability and dorsal attention network synchronization.,2022,NeuroImage. Clinical,attentional impulsivity resting-state fMRI,unknown,functional connectivity,attentional impulsivity,Posttraumatic Stress Disorder (PTSD),associated_with,unclear,disrupted proactive engagement of attentional control circuitry,direct,0.8,"PTSD symptomatology was selectively associated with reduced sustained attention ability, but not more impulsive response strategies.",yes,,yes,yes,no,,,,,,,,,,llama-3.1-8b-instruct,2,keep,yes,yes,yes,yes,yes,no,attentional impulsivity,functional connectivity,reduced,"The sentence clearly supports the claim, mentioning a direct association between PTSD symptomatology and reduced sustained attention ability, which is a specific type of attentional impulsivity. The direction of the association is also clear, as it is reduced. The feature type is also supported as functional connectivity is related to sustained attention ability.",,Mistral 7B
559,27812554,Attention-Deficit/Hyperactivity Disorder symptoms coincide with altered striatal connectivity.,2016,Biological psychiatry. Cognitive neuroscience and neuroimaging,attentional impulsivity resting-state fMRI,unknown,functional connectivity,impulsivity (general),ADHD,associated_with,higher,unclear,direct,0.8,"In contrast, inattention and hyperactivity/impulsivity symptom scores were associated with increases in functional connectivity in the networks of posterior putamen and ventral caudate.",yes,,yes,yes,yes,,,,,,,,,,llama-3.1-8b-instruct,2,keep,yes,yes,yes,yes,yes,no,impulsivity (general),functional connectivity,higher,"The sentence clearly supports the extracted claim, mentioning impulsivity as a symptom associated with increased functional connectivity in the brain.",,Mistral 7B
560,39551190,Attention and emotion in adolescents with ADHD; a time-varying functional connectivity study.,2025,Journal of affective disorders,attentional impulsivity resting-state fMRI,unknown,dynamic connectivity,impulsivity (general),ADHD,associated_with,lower,unclear,direct,0.8,"Compared to controls, adolescents with ADHD had diminished salience network-centered dynamic FNC that was driven by an integrated ADHD phenotype (p < .004, r = 0.57)",yes,,yes,yes,no,,,,,,,,,,llama-3.1-8b-instruct,2,keep,yes,yes,yes,yes,yes,no,impulsivity (general),dynamic connectivity,lower,"The sentence clearly supports the extracted claim, mentioning a direct association between impulsivity (general) and dynamic connectivity in adolescents with ADHD, with a lower direction.",,Mistral 7B
565,36747838,Individual Differences in Delay Discounting are Associated with Dorsal Prefrontal Cortex Connectivity in Youth.,2023,bioRxiv : the preprint server for biology,attentional impulsivity resting-state fMRI,unknown,functional connectivity,impulsivity (general),unknown,associated_with,unclear,,unclear,0.7,Individual differences in delay discounting were associated with patterns of connectivity emanating from the left dorsal prefrontal cortex.,yes,,yes,yes,no,,,,,,,,,,llama-3.1-8b-instruct,2,keep,yes,yes,yes,yes,yes,no,impulsivity (general),functional connectivity,positive,"The sentence clearly supports the extracted claim, mentioning a specific phenotype (impulsivity), feature type (functional connectivity), and relationship (associated with). The direction is implied to be positive, as the sentence mentions 'associated with', which typically implies a positive relationship. The directness is also supported, as both phenotype and feature are named.",,Mistral 7B
570,31978743,Neural correlates and role of medication in reactive motor impulsivity in Tourette disorder.,2020,Cortex; a journal devoted to the study of the nervous system and behavior,attentional impulsivity resting-state fMRI,unknown,functional connectivity,motor impulsivity,Tourette disorder,associated_with,higher,unclear,direct,0.8,We found a higher reactive motor impulsivity in TD patients medicated with antipsychotics compared to unmedicated TD patients and controls.,yes,,yes,yes,yes,,,,,,,,,,llama-3.1-8b-instruct,2,keep,yes,yes,yes,yes,yes,no,motor impulsivity,behavioral trait,higher,"The sentence directly states a higher reactive motor impulsivity in TD patients, which matches the extracted claim.",,Mistral 7B
571,37561637,Abnormal frontostriatal connectivity and serotonin function in gambling disorder: A preliminary exploratory study.,2023,Journal of behavioral addictions,attentional impulsivity resting-state fMRI,unknown,functional connectivity,attentional impulsivity,gambling disorder,associated_with,unclear,serotonin function,direct,0.8,Individuals with gambling disorder showed loss of functional connectivity between the right nucleus accumbens (NAcc) and a region in the right dorsolateral prefrontal cortex (DLPFC),yes,,yes,yes,yes,,,,,,,,,,llama-3.1-8b-instruct,2,keep,yes,yes,yes,yes,yes,no,attentional impulsivity,functional connectivity,decreased,The sentence directly supports the association between attentional impulsivity and decreased functional connectivity in the context of gambling disorder.,,Mistral 7B
574,34294803,Functional network topology of the right insula affects emotion dysregulation in hyperactive-impulsive attention-deficit/hyperactivity disorder.,2021,Scientific reports,attentional impulsivity resting-state fMRI,unknown,functional connectivity,impulsivity (general),attention-deficit/hyperactivity disorder (ADHD),affects,higher,clustered network formation,direct,0.8,"In individuals with ADHD characterized by prominent hyperactivity-impulsivity, the latent emotion dysregulation variable was related to an increased clustering and local efficiency of the right insula.",yes,,yes,yes,yes,,,,,,,,,,llama-3.1-8b-instruct,2,keep,yes,yes,yes,yes,yes,no,impulsivity (general),functional connectivity,higher,,,Mistral 7B
578,29554302,Ventral Striatal D2/3 Receptor Availability Is Associated with Impulsive Choice Behavior As Well As Limbic Corticostriatal Connectivity.,2018,The international journal of neuropsychopharmacology,attentional impulsivity resting-state fMRI,unknown,functional connectivity,impulsivity (general),unknown,associated_with,unclear,,indirect,0.7,D2/3 receptor availability was associated with stronger connectivity between the cingulate cortex and hippocampus of high- vs low-impulsive rats.,yes,,yes,yes,yes,,,,,,,,,,llama-3.1-8b-instruct,2,keep,yes,yes,yes,yes,yes,no,impulsivity (general),functional connectivity,unclear,"The sentence clearly supports the extracted claim, mentioning a phenotype (impulsivity), a feature type (functional connectivity), and a relationship (associated with). The direction is unclear, but the extracted direction captures this. The directness is indirect, but the sentence does not need revision in this regard.",,Mistral 7B
581,39965782,MRI-based surrogates of brain clearance in narcolepsy type 1.,2025,Journal of sleep research,attentional impulsivity resting-state fMRI,unknown,functional connectivity,unknown,narcolepsy type 1,not associated_with,unclear,,background,0.3,The hypothesis of altered brain clearance in narcolepsy type 1 is not supported by evidence from the current study.,yes,,yes,yes,yes,,,,,,,,,,llama-3.1-8b-instruct,2,keep,yes,yes,yes,yes,yes,no,narcolepsy type 1,altered brain clearance,not associated,"The sentence clearly states that the hypothesis of altered brain clearance in narcolepsy type 1 is not supported, which directly supports the claim of 'not associated_with' relationship between the phenotype 'narcolepsy type 1' and the feature 'altered brain clearance'.",,Mistral 7B
584,32800380,"Estimating the Heritability of Developmental Change in Neural Connectivity, and Its Association With Changing Symptoms of Attention-Deficit/Hyperactivity Disorder.",2021,Biological psychiatry,attentional impulsivity resting-state fMRI,unknown,functional connectivity,impulsivity (general),Attention-Deficit/Hyperactivity Disorder (ADHD),associated_with,unclear,,indirect,0.7,Change in hyperactivity-impulsivity was associated with heritable change in white matter tracts metrics and change in the connectivity between the ventral attention and cognitive networks.,yes,,yes,yes,yes,,,,,,,,,,llama-3.1-8b-instruct,2,keep,yes,yes,yes,yes,yes,no,impulsivity (general),functional connectivity,unclear,"The sentence clearly supports the extracted claim, mentioning a relationship between impulsivity and functional connectivity in the context of ADHD.",,Mistral 7B
585,34851976,Differential structure-function network coupling in the inattentive and combined types of attention deficit hyperactivity disorder.,2021,PloS one,attentional impulsivity resting-state fMRI,unknown,functional connectivity,attentional impulsivity,attention deficit hyperactivity disorder (ADHD),associated_with,unclear,,unclear,0.7,"Children with ADHD had lower structural connectivity and network efficiency in the DMN, without significant group differences in functional networks.",yes,,yes,yes,no,,,,,,,,,,llama-3.1-8b-instruct,2,keep,yes,yes,yes,yes,yes,no,attentional impulsivity,functional connectivity,decreased,"The sentence clearly supports the claim by stating that children with ADHD have lower structural connectivity and network efficiency in the DMN, which is associated with attentional impulsivity. The direction is supported as it implies a decrease in functional connectivity.",,Mistral 7B
586,30099805,Binge drinking is associated with attenuated frontal and parietal activation during successful response inhibition in fearful context.,2019,The European journal of neuroscience,attentional impulsivity resting-state fMRI,unknown,functional connectivity,attentional impulsivity,unknown,associated_with,lower,disrupted functional connectivity within brain substrates directing attention,direct,0.8,Higher binge drinking was associated with attenuated frontal and parietal activation during successful response inhibition within a fearful context.,yes,,yes,yes,no,,,,,,,,,,llama-3.1-8b-instruct,2,keep,yes,yes,yes,yes,yes,no,attentional impulsivity,functional connectivity,lower,,,Mistral 7B
591,39339712,Investigating the Impact of Nutrition and Oxidative Stress on Attention Deficit Hyperactivity Disorder.,2024,Nutrients,attentional impulsivity functional connectivity,unknown,functional connectivity,attentional impulsivity,unknown,associated_with,unclear,oxidative stress,unclear,0.7,"Individuals with ADHD exhibit reduced levels of key antioxidant enzymes, including glutathione peroxidase (GPx), catalase (CAT), and superoxide dismutase (SOD), as well as a diminished total antioxidant status (TOS) compared to healthy controls.",yes,,yes,yes,no,,,,,,,,,,llama-3.1-8b-instruct,2,keep,yes,yes,yes,yes,yes,no,attentional impulsivity,functional connectivity,decreased,"The sentence clearly supports the claim by stating that individuals with ADHD have reduced levels of antioxidant enzymes and a diminished total antioxidant status compared to healthy controls, which is consistent with the claim that attentional impulsivity is associated with decreased functional connectivity.",,Mistral 7B
594,38123729,Inactivation of hypocretin receptor-2 signaling in dopaminergic neurons induces hyperarousal and enhanced cognition but impaired inhibitory control.,2024,Molecular psychiatry,attentional impulsivity functional connectivity,unknown,functional connectivity,impulsivity (general),unknown,associated_with,unclear,inactivation,unclear,0.7,"Loss of Hcrtr2, but not Hcrtr1 or Hcrtr1&2, induced a dramatic increase in theta (7-11 Hz) electroencephalographic (EEG) activity... DAHcrtr2-deficient mice displayed maladaptive patterns of reward-seeking, with behavioral indices of enhanced impulsivity and compulsivity.",yes,,yes,yes,no,,,,,,,,,,llama-3.1-8b-instruct,2,keep,yes,yes,yes,yes,yes,no,impulsivity (general),functional connectivity,increased,"The sentence clearly supports the phenotype (impulsivity), feature type (functional connectivity), relationship (associated_with), direction (increased), and directness (direct).",,Mistral 7B
596,22153589,Abnormal functional connectivity in children with attention-deficit/hyperactivity disorder.,2012,Biological psychiatry,attentional impulsivity functional connectivity,unknown,functional connectivity,attentional impulsivity,attention-deficit/hyperactivity disorder (ADHD),associated_with,unclear,impaired interactions,direct,0.8,Children with ADHD had lower connectivity (short- and long-range) in regions of the dorsal attention (superior parietal cortex) and default-mode (precuneus) networks and in cerebellum and higher connectivity (short-range) in reward-motivation regions (ventral striatum and orbitofrontal cortex) than control subjects.,yes,,yes,yes,yes,,,,,,,,,,llama-3.1-8b-instruct,2,keep,yes,yes,yes,yes,yes,no,attentional impulsivity,functional connectivity,decreased,"The sentence clearly supports the claim by stating a direct association between attentional impulsivity and functional connectivity in children with ADHD. The direction of the association is also clear, with decreased connectivity in certain regions and increased connectivity in others.",,Mistral 7B
601,24023940,Elevated functional connectivity in a striatal-amygdala circuit in pathological gamblers.,2013,PloS one,attentional impulsivity functional connectivity,unknown,functional connectivity,impulsivity (general),pathological gamblers,associated_with,higher,unclear,direct,1.0,We observed reliable increases in functional coupling between striatum and bilateral amygdala in gamblers vs. controls.,yes,,yes,yes,no,,,,,,,,,,llama-3.1-8b-instruct,2,keep,yes,yes,yes,yes,yes,no,impulsivity (general),functional connectivity,higher,"The sentence directly supports the association between impulsivity (general) and functional connectivity, with a higher direction, in the context of pathological gamblers.",,Mistral 7B
605,18568333,[Legal aspects of hyperkinetic disorders/ADHD].,2008,Der Nervenarzt,attentional impulsivity functional connectivity,unknown,unknown,impulsivity (general),hyperkinetic disorders/ADHD,associated_with,unclear,,background,0.3,Children and adolescents diagnosed with ADHD suffer from hyperactivity and deficits in attention and impulse control.,yes,,yes,yes,yes,,,,,,,,,,llama-3.1-8b-instruct,2,keep,yes,yes,yes,yes,yes,no,impulsivity (general),behavioral,unclear,"The sentence clearly supports the phenotype (impulsivity), feature (behavioral), relationship (associated_with), and direction (unclear) when stated. The directness is also supported as the sentence is background information.",,Mistral 7B
606,32994553,Impulsive prepotent actions and tics in Tourette disorder underpinned by a common neural network.,2021,Molecular psychiatry,attentional impulsivity functional connectivity,unknown,functional connectivity,motor impulsivity,Tourette disorder,associated_with,higher,unclear,direct,0.8,"We found that unmedicated TD patients showed increased waiting impulsivity compared to controls, which was independent of comorbid conditions, but correlated with the severity of tics.",yes,,yes,yes,yes,,,,,,,,,,llama-3.1-8b-instruct,2,keep,yes,yes,yes,yes,yes,no,motor impulsivity,functional connectivity,higher,,,Mistral 7B
609,31704786,The Claustrum-Prefrontal Cortex Pathway Regulates Impulsive-Like Behavior.,2019,The Journal of neuroscience : the official journal of the Society for Neuroscience,attentional impulsivity functional connectivity,unknown,functional connectivity,impulsivity (general),unknown,regulates,unclear,unknown,unclear,0.8,"We found that chemogenetic activation and inhibition of the CLA-PFC pathway increased and reduced the impulsive-like behavior (i.e., premature responses), respectively.",yes,,yes,yes,no,,,,,,,,,,llama-3.1-8b-instruct,2,keep,yes,yes,yes,yes,yes,no,impulsivity (general),behavioral response,positive,"The sentence clearly supports the phenotype of impulsivity, the feature of premature responses, the relationship of regulation, the direction of positive effect, and the directness of the effect on behavior.",,Mistral 7B
612,25748775,The role of the thalamus in ADHD symptomatology and treatment.,2015,Applied neuropsychology. Child,attentional impulsivity functional connectivity,unknown,EEG connectivity,impulsivity (general),ADHD,associated_with,unclear,generates waking-state electroencephalography (EEG) rhythms,unclear,0.7,"The thalamus likely plays a prominent role in ADHD symptomatology, based on evidence that the thalamus generates waking-state electroencephalography (EEG) rhythms",yes,,yes,yes,yes,,,,,,,,,,llama-3.1-8b-instruct,2,keep,yes,yes,yes,yes,yes,no,impulsivity (general),EEG connectivity,unclear,"The sentence clearly supports the claim, mentioning the thalamus' role in ADHD symptomatology and its generation of EEG rhythms, which is associated with impulsivity (general) and EEG connectivity.",,Mistral 7B
613,20374289,Disturbed structural connectivity is related to inattention and impulsivity in adult attention deficit hyperactivity disorder.,2010,The European journal of neuroscience,attentional impulsivity functional connectivity,unknown,structural connectivity,impulsivity (general),ADHD,correlates_with,unclear,,unclear,0.7,Measures of impulsivity were correlated with FA in right orbitofrontal fibre tracts.,yes,,yes,yes,no,,,,,,,,,,llama-3.1-8b-instruct,2,keep,yes,yes,yes,yes,yes,no,impulsivity (general),structural connectivity,positive,"The sentence clearly supports the extracted claim, mentioning impulsivity as the phenotype, structural connectivity as the feature type, a correlation as the relationship, and a positive direction.",,Mistral 7B
614,35126772,Functional neuronal networks reveal emotional processing differences in children with ADHD.,2022,Cognitive neurodynamics,attentional impulsivity functional connectivity,unknown,functional connectivity,attentional impulsivity,ADHD,associated_with,higher,unclear,direct,0.8,We find that the functional connectivity of the frontal and occipital lobes in the ADHD group is significantly (P-value < 0.01) higher than in the healthy group.,yes,,yes,yes,yes,,,,,,,,,,llama-3.1-8b-instruct,2,keep,yes,yes,yes,yes,yes,no,attentional impulsivity,functional connectivity,higher,The sentence directly supports the association between attentional impulsivity and higher functional connectivity in the ADHD group compared to the healthy group.,,Mistral 7B
616,17184598,Polymorphisms of dopamine-beta-hydroxylase in ADHD children.,2006,Folia biologica,attentional impulsivity functional connectivity,unknown,unknown,impulsivity (general),ADHD,associated_with,unclear,indirect,indirect,0.6,Patients with ADHD showed decreased activities of DBH in serum and urine.,yes,,yes,yes,yes,,,,,,,,,,llama-3.1-8b-instruct,2,keep,yes,yes,yes,yes,yes,no,impulsivity (general),unknown,decreased,"The sentence directly states a phenotype-feature association in the context of ADHD, with a clear direction of decreased activity.",,Mistral 7B
621,37558974,Static and dynamic changes of intrinsic brain local connectivity in internet gaming disorder.,2023,BMC psychiatry,motor impulsivity resting-state fMRI,unknown,dynamic connectivity,impulsivity (general),internet gaming disorder,associated_with,higher,,direct,0.8,"Compared with HCs, IGDs showed both increased static and dynamic intrinsic local connectivity in bilateral medial superior frontal gyrus (mSFG), superior frontal gyrus (SFG), and supplementary motor area (SMA).",yes,,yes,yes,yes,,,,,,,,,,llama-3.1-8b-instruct,2,keep,yes,yes,yes,yes,yes,no,impulsivity (general),dynamic connectivity,higher,"The sentence directly supports the claim by stating a group difference (IGDs vs HCs) and a specific brain region (bilateral medial superior frontal gyrus, superior frontal gyrus, and supplementary motor area) that shows increased intrinsic local connectivity, which is associated with impulsivity (general) in the context of internet gaming disorder.",,Mistral 7B
623,28715675,Resting-state brain networks in patients with Parkinson's disease and impulse control disorders.,2017,Cortex; a journal devoted to the study of the nervous system and behavior,motor impulsivity resting-state fMRI,unknown,functional connectivity,impulsivity (general),Parkinson's disease,associated_with,unclear,unclear,indirect,0.7,"The presence of ICD symptoms was associated with an increased connectivity within the salience and default-mode networks, as well as with a decreased connectivity within the central executive network.",yes,,yes,yes,no,,,,,,,,,,llama-3.1-8b-instruct,2,keep,yes,yes,yes,yes,yes,no,impulsivity (general),functional connectivity,increased,"The sentence clearly supports the extracted claim, mentioning a specific phenotype (impulsivity), feature type (functional connectivity), relationship (associated with), and direction (increased). The directness is also supported as the sentence names both phenotype and feature.",,Mistral 7B
629,32428984,Adolescent alcohol use disrupts functional neurodevelopment in sensation seeking girls.,2021,Addiction biology,motor impulsivity resting-state fMRI,unknown,functional connectivity,motor impulsivity,unknown,associated_with,unclear,disrupts,unclear,0.7,"Girls showed greater within-network connectivity in two motor networks with more alcohol consumption, and these effects were mediated by sensation-seeking only in girls.",yes,,yes,yes,no,,,,,,,,,,llama-3.1-8b-instruct,2,keep,yes,yes,yes,yes,yes,no,motor impulsivity,functional connectivity,increased,"The sentence clearly supports the claim by stating a specific association between motor impulsivity and increased functional connectivity in motor networks, with a clear direction of increased connectivity with more alcohol consumption.",,Mistral 7B
630,22901705,Alterations in regional homogeneity of resting-state brain activity in internet gaming addicts.,2012,Behavioral and brain functions : BBF,motor impulsivity resting-state fMRI,unknown,BOLD variability,unknown,internet gaming addiction,associated_with,unclear,,unclear,0.6,"Comparing to the healthy controls, IGA subjects show enhanced ReHo in brainstem, inferior parietal lobule, left posterior cerebellum, and left middle frontal gyrus. All of these regions are thought related with sensory-motor coordination.",yes,,yes,yes,yes,,,,,,,,,,llama-3.1-8b-instruct,2,keep,yes,yes,yes,yes,yes,no,internet gaming addiction,BOLD variability,increased,"The sentence clearly states that IGA subjects show enhanced ReHo in certain brain regions, which supports the claim of an association between internet gaming addiction and increased BOLD variability in these regions. The direction of the association is also clear, as it is described as 'enhanced'. The directness of the association is also clear, as it is stated that the regions are related to sensory-motor coordination, which is a specific feature.",,Mistral 7B
631,28168274,"Influences of Age, Sex, and Moderate Alcohol Drinking on the Intrinsic Functional Architecture of Adolescent Brains.",2018,"Cerebral cortex (New York, N.Y. : 1991)",motor impulsivity resting-state fMRI,unknown,functional connectivity,impulsivity (general),unknown,associated_with,unclear,,unclear,0.5,"executive-control frontolimbicstriatal connectivity was stronger in older than younger adolescents, particularly boys, and predicted better ability in balance, memory, and impulse control.",yes,,yes,yes,yes,,,,,,,,,,llama-3.1-8b-instruct,2,keep,yes,yes,yes,yes,yes,no,impulsivity (general),functional connectivity,positive,"The sentence clearly supports the claim, mentioning a specific relationship between executive-control frontolimbicstriatal connectivity and impulsivity, as well as a direction (stronger connectivity being associated with better ability).",,Mistral 7B
632,36807959,Internet gaming disorder and tobacco use disorder share neural connectivity patterns between the subcortical and the motor network.,2023,Human brain mapping,motor impulsivity resting-state fMRI,unknown,functional connectivity,impulsivity (general),unknown,associated_with,unclear,"enhanced connectivity may indicate a greater association between rewards and behaviors, inducing addiction behaviors without flexible and complex regulation",direct,0.8,PIGD and PTUD exhibited common enhanced node strength between the subcortical and motor networks.,yes,,yes,yes,yes,,,,,,,,,,llama-3.1-8b-instruct,2,keep,yes,yes,yes,yes,yes,no,impulsivity (general),functional connectivity,enhanced,"The sentence clearly supports the extracted claim, mentioning a specific phenotype (impulsivity), feature type (functional connectivity), relationship (associated with), direction (enhanced), and directness (direct).",,Mistral 7B
634,28462585,Pramipexole Modulates Interregional Connectivity Within the Sensorimotor Network.,2017,Brain connectivity,motor impulsivity resting-state fMRI,unknown,functional connectivity,motor impulsivity,unknown,associated_with,lower,D2 agonists distort functional connections,direct,0.9,The connectivity between the right caudate nucleus and other cortical regions was weaker under pramipexole than under placebo.,yes,,yes,yes,no,,,,,,,,,,llama-3.1-8b-instruct,2,keep,yes,yes,yes,yes,yes,no,motor impulsivity,functional connectivity,lower,"The sentence directly states a relationship between pramipexole and weaker functional connectivity, which is consistent with the claim.",,Mistral 7B
635,25925985,Impaired corticostriatal connectivity in impulse control disorders in Parkinson disease.,2015,Neurology,motor impulsivity resting-state fMRI,unknown,functional connectivity,impulsivity (general),Parkinson disease,associated_with,unclear,,direct,0.8,The presence of an ICD in patients with PD was associated with functional disconnection between the left anterior putamen and both the left inferior temporal gyrus and the left anterior cingulate gyrus.,yes,,yes,yes,no,,,,,,,,,,llama-3.1-8b-instruct,2,keep,yes,yes,yes,yes,yes,no,impulsivity (general),functional disconnection,unclear,"The sentence directly supports the association between impulsivity and functional disconnection in Parkinson disease, with unclear direction. The corrected phenotype and feature type are based on the sentence, and the corrected direction is the same as the original direction.",,Mistral 7B
637,41932579,Improvement in Tics and Motor Impulsivity Is Associated with Functional and Receptor-Enriched Connectivity changes in Adolescents with Tourette Disorder.,2026,Biological psychiatry. Cognitive neuroscience and neuroimaging,motor impulsivity resting-state fMRI,unknown,functional connectivity,motor impulsivity,Tourette Disorder,associated_with,unclear,,unclear,0.7,Changes in motor and limbic fronto-striatal functional connectivity were associated with longitudinal improvements in tics and WI in TD adolescents.,yes,,yes,yes,yes,,,,,,,,,,llama-3.1-8b-instruct,2,keep,yes,yes,yes,yes,yes,no,motor impulsivity,functional connectivity,associated with improvements,"The sentence clearly supports the claim, mentioning both the phenotype (tics and motor impulsivity) and the feature (functional connectivity), and stating a relationship (associated with) and direction (improvements). The directness is also supported as both phenotype and feature are named. The sentence does not overclaim as it mentions a phenotype-feature association.",,Mistral 7B
639,28490656,Role of habenula and amygdala dysfunction in Parkinson disease patients with punding.,2017,Neurology,motor impulsivity resting-state fMRI,unknown,functional connectivity,impulsivity (general),Parkinson disease,associated_with,unclear,,unclear,0.7,"PD-punding patients showed higher functional connectivity of habenula and amygdala with thalamus and striatum bilaterally, and lower connectivity between bilateral habenula and left frontal and precentral cortices.",yes,,yes,yes,yes,,,,,,,,,,llama-3.1-8b-instruct,2,keep,yes,yes,yes,yes,yes,no,impulsivity (general),functional connectivity,increased,The sentence clearly supports the extracted claim by stating a specific association between impulsivity and functional connectivity in PD-punding patients.,,Mistral 7B
640,28040671,Decisional impulsivity and the associative-limbic subthalamic nucleus in obsessive-compulsive disorder: stimulation and connectivity.,2017,Brain : a journal of neurology,motor impulsivity resting-state fMRI,unknown,functional connectivity,impulsivity (general),obsessive-compulsive disorder,associated_with,higher,stimulation,direct,0.8,We show that stimulation of the subthalamic nucleus is causally implicated in increasing decisional impulsivity...,yes,,yes,yes,no,,,,,,,,,,llama-3.1-8b-instruct,2,keep,yes,yes,yes,yes,yes,no,impulsivity (general),functional connectivity,higher,The sentence directly supports the claim by stating a direct relationship between stimulation of the subthalamic nucleus and an increase in decisional impulsivity.,,Mistral 7B
645,32169732,Structural and functional abnormalities within sensori-motor and limbic networks underpin intermittent explosive symptoms in Tourette disorder.,2020,Journal of psychiatric research,motor impulsivity resting-state fMRI,unknown,functional connectivity,impulsivity (general),Tourette disorder,associated_with,unclear,unclear,direct,0.8,"TD patients (without ADHD) with IEO compared to TD without IEO, showed altered connectivity pattern among the orbito-frontal cortex, amygdala and hippocampus.",yes,,yes,yes,no,,,,,,,,,,llama-3.1-8b-instruct,2,keep,yes,yes,yes,yes,yes,no,impulsivity (general),functional connectivity,unclear,"The sentence clearly supports the extracted claim, mentioning a direct association between impulsivity (general) and altered functional connectivity in TD patients with IEO compared to TD without IEO.",,Mistral 7B
646,26689148,Brain connectivity and psychiatric comorbidity in adolescents with Internet gaming disorder.,2017,Addiction biology,motor impulsivity resting-state fMRI,unknown,functional connectivity,unknown,"Internet gaming disorder, major depressive disorder, attention deficit hyperactivity disorder (ADHD)",associated_with,unclear,unclear,unclear,0.6,Patients with IGD showed an increased functional correlation between seven pairs of regions...,yes,,yes,yes,no,,,,,,,,,,llama-3.1-8b-instruct,2,keep,yes,yes,yes,yes,yes,no,,,,,,Mistral 7B
647,31801105,A preliminary study of disrupted functional network in individuals with Internet gaming disorder: Evidence from the comparison with recreational game users.,2020,Addictive behaviors,motor impulsivity resting-state fMRI,unknown,functional connectivity,impulsivity (general),Internet gaming disorder,associated_with,unclear,,unclear,0.6,"subjects with IGD as compared to those with RGU showed increased nodal centralities in the reward, craving, emotional memory and sensory-motor processing regions.",yes,,yes,yes,yes,,,,,,,,,,llama-3.1-8b-instruct,2,keep,yes,yes,yes,yes,yes,no,impulsivity (general),functional connectivity,increased,"The sentence clearly supports the claim by stating a specific association between impulsivity (general) and increased nodal centralities in certain brain regions, which is a type of functional connectivity. The direction of the association is also clearly stated as 'increased'.",,Mistral 7B
654,35302338,Involvement of muscle satellite cell dysfunction in neuromuscular disorders: Expanding the portfolio of satellite cell-opathies.,2022,European journal of translational myology,motor impulsivity functional connectivity,unknown,unknown,unknown,unknown,unknown,unclear,,background,0.3,Muscular weakness is often progressive and paralleled by continuous decline in the ability of skeletal muscle to functionally adapt and regenerate.,yes,,yes,yes,yes,,,,,,,,,,llama-3.1-8b-instruct,2,keep,yes,yes,yes,yes,yes,no,muscular weakness,functionally adapt and regenerate,decline,"The sentence clearly supports the claim by mentioning a phenotype (muscular weakness), a feature (functionally adapt and regenerate), a relationship (decline), and a direction (decline). The directness is also supported as the sentence is not background-only.",,Mistral 7B
655,31003231,Convergent neural connectivity in motor impulsivity and high-fat food binge-like eating in male Sprague-Dawley rats.,2019,Neuropsychopharmacology : official publication of the American College of Neuropsychopharmacology,motor impulsivity functional connectivity,unknown,functional connectivity,motor impulsivity,unknown,associated_with,unclear,chemogenetic activation of the ventral mPFC to NAcSh pathway,direct,1.0,Compromised signaling between the mPFC and nucleus accumbens shell (NAcSh) is thought to underlie the cognitive inability to withhold prepotent responses (motor impulsivity) and binge intake of high-fat food (HFF) seen in binge eating disorder.,yes,,yes,yes,yes,,,,,,,,,,llama-3.1-8b-instruct,2,keep,yes,yes,yes,yes,yes,no,motor impulsivity,functional connectivity,unclear,"The sentence clearly supports the extracted claim, mentioning both the phenotype (motor impulsivity) and feature (functional connectivity), and stating a relationship (associated_with) without specifying direction. The directness is also supported as the sentence names both phenotype and feature.",,Mistral 7B
661,38772504,The association of impulsivity with depression and anxiety symptoms: A transdiagnostic network analysis and replication.,2024,Journal of affective disorders,motor impulsivity functional connectivity,unknown,functional connectivity,motor impulsivity,unknown,associated_with,unclear,,unclear,0.7,The motor impulsivity dimension was revealed to be closely connected with individual symptoms of depression and anxiety regardless of whether they were in separate disorder forms or comorbid forms.,yes,,yes,yes,yes,,,,,,,,,,llama-3.1-8b-instruct,2,keep,yes,yes,yes,yes,yes,no,motor impulsivity,functional connectivity,associated with,"The sentence clearly supports the association between motor impulsivity and symptoms of depression and anxiety, and the direction of association is implied to be positive (i.e., motor impulsivity is associated with symptoms of depression and anxiety).",,Mistral 7B
663,20728878,Prefrontal cortex and impulsive decision making.,2011,Biological psychiatry,motor impulsivity functional connectivity,unknown,functional connectivity,motor impulsivity,unknown,associated_with,unclear,unclear,unclear,0.7,"The prefrontal cortex and its connected areas, such as the basal ganglia, play an important role in gating impulsive actions in a variety of behavioral tasks.",yes,,yes,yes,no,,,,,,,,,,llama-3.1-8b-instruct,2,keep,yes,yes,yes,yes,yes,no,motor impulsivity,functional connectivity,associated_with,"The sentence clearly supports the association between the prefrontal cortex and motor impulsivity, as it mentions the prefrontal cortex's role in gating impulsive actions. The feature type is also supported as functional connectivity is implied by the mention of connected areas. The direction is supported as the sentence implies a positive association between the prefrontal cortex and motor impulsivity. The directness is supported as the sentence names both the phenotype (motor impulsivity) and the brain system (prefrontal cortex).",,Mistral 7B
666,36579893,A circuit-based approach to modulate hypersexuality in Parkinson's disease.,2023,Psychiatry and clinical neurosciences,motor impulsivity functional connectivity,unknown,functional connectivity,impulsivity (general),Parkinson's disease,associated_with,unclear,unclear,unclear,0.7,"Compared with their nonhypersexual peers, patients with hypersexuality recruited caudate, pre-supplementary motor area, ventral tegmental area, and anterior cingulate cortex while on medication.",yes,,yes,yes,yes,,,,,,,,,,llama-3.1-8b-instruct,2,keep,yes,yes,yes,yes,yes,no,impulsivity (general),functional connectivity,increased,"The sentence directly compares patients with hypersexuality to their nonhypersexual peers, indicating an association between the two groups. The brain regions mentioned (caudate, pre-supplementary motor area, ventral tegmental area, and anterior cingulate cortex) are involved in functional connectivity. The direction of the association can be inferred as increased activity in these regions in patients with hypersexuality.",,Mistral 7B
671,33441433,"Motor Interference, But Not Sensory Interference, Increases Midfrontal Theta Activity and Brain Synchronization during Reactive Control.",2021,The Journal of neuroscience : the official journal of the Society for Neuroscience,motor impulsivity functional connectivity,unknown,functional connectivity,motor impulsivity,unknown,associated_with,higher,increases,direct,1.0,"Motor conflicts, but not attentional conflicts, elicited increases in midfrontal theta power during conflict resolution.",yes,,yes,yes,yes,,,,,,,,,,llama-3.1-8b-instruct,2,keep,yes,yes,yes,yes,yes,no,motor impulsivity,functional connectivity,higher,"The sentence directly supports the claim by stating that motor conflicts increase midfrontal theta power, which is a functional connectivity feature. The direction of the relationship is also clearly stated as an increase, matching the claim's direction.",,Mistral 7B
675,40088861,"Phenotypic clusters of narcolepsy type 1: Insights from age of onset, weight gain, sleep patterns, and impulsivity.",2025,Sleep medicine,motor impulsivity functional connectivity,unknown,functional connectivity,motor impulsivity,unknown,associated_with,higher,,unclear,0.7,Patients with teenage onset and greater weight gain showed the highest motor impulsivity score.,yes,,yes,yes,no,,,,,,,,,,llama-3.1-8b-instruct,2,keep,yes,yes,yes,yes,yes,no,motor impulsivity,behavioral trait,higher,The sentence clearly supports the extracted claim by stating a specific association between motor impulsivity and weight gain in patients with teenage onset.,,Mistral 7B
680,38246283,Impulsivity and neural correlates of response inhibition in bipolar disorder and their unaffected relatives: A MEG study.,2024,Journal of affective disorders,motor impulsivity functional connectivity,unknown,functional connectivity,motor impulsivity,bipolar disorder,associated_with,lower,hypoactivity,direct,0.8,Increased motor impulsiveness in BD was related to abnormal alterations in beta oscillatory activity of rIFG and functional connectivity between rIFG and pre-SMA.,yes,,yes,yes,no,,,,,,,,,,llama-3.1-8b-instruct,2,keep,yes,yes,yes,yes,yes,no,motor impulsiveness,functional connectivity,lower,,,Mistral 7B
681,28193688,Compulsive Social Behavior Emerges after Selective Ablation of Striatal Cholinergic Interneurons.,2017,The Journal of neuroscience : the official journal of the Society for Neuroscience,motor impulsivity functional connectivity,unknown,functional connectivity,impulsivity (general),unknown,associated_with,unclear,reduced number of striatal cholinergic interneurons,unclear,0.7,"Selective SCIN ablation results in an increase of the functional connectivity between different cortical areas and the motor, but not associative, region of the striatum.",yes,,yes,yes,no,,,,,,,,,,llama-3.1-8b-instruct,2,keep,yes,yes,yes,yes,yes,no,impulsivity (general),functional connectivity,increased,"The sentence clearly supports the claim by stating an increase in functional connectivity, which is a specific direction. The phenotype of impulsivity (general) is also supported, as it is implied by the context of the study. The feature type of functional connectivity is also supported, as it is explicitly mentioned in the sentence. The relationship of associated_with is supported, as the sentence describes a change in functional connectivity. The direction of increased is supported, as it is explicitly stated in the sentence. The directness of direct is supported, as the sentence names both the phenotype and feature.",,Mistral 7B
691,26190986,Mindful movement and skilled attention.,2015,Frontiers in human neuroscience,motor impulsivity functional connectivity,unknown,functional connectivity,impulsivity (general),unknown,associated_with,unclear,,unclear,0.6,Deficient motor control correlates with impaired (disinhibited) behavioral control contributing to defining features of excessive distractibility and impulsivity.,yes,,yes,yes,no,,,,,,,,,,llama-3.1-8b-instruct,2,keep,yes,yes,yes,yes,yes,no,impulsivity (general),functional connectivity,associated with,"The sentence clearly supports the extracted claim by stating a correlation between deficient motor control and impaired behavioral control, which is associated with impulsivity.",,Mistral 7B
692,27343257,Atomoxetine restores the response inhibition network in Parkinson's disease.,2016,Brain : a journal of neurology,motor impulsivity functional connectivity,unknown,functional connectivity,nonplanning impulsivity,Parkinson's disease,restores,higher,noradrenergic denervation,direct,0.8,"We found that the normal interaction between pre-supplementary motor cortex and the inferior frontal gyrus was absent in Parkinson's disease patients on placebo (despite dopaminergic therapy), but this connection was restored by atomoxetine.",yes,,yes,yes,yes,,,,,,,,,,llama-3.1-8b-instruct,2,keep,yes,yes,yes,yes,yes,no,nonplanning impulsivity,functional connectivity,lower,The sentence directly supports the claim by stating that the connection between pre-supplementary motor cortex and the inferior frontal gyrus was restored by atomoxetine in Parkinson's disease patients.,,Mistral 7B
695,31907881,Human Brain Imaging Links Dopaminergic Systems to Impulsivity.,2020,Current topics in behavioral neurosciences,motor impulsivity functional connectivity,unknown,functional connectivity,motor impulsivity,unknown,associated_with,higher,dopaminergic,direct,0.9,"Strong evidence links striatal dopaminergic function with impulsivity, measured by self-reports and laboratory tests of cognitive control and reward-based decision-making.",yes,,yes,yes,no,,,,,,,,,,llama-3.1-8b-instruct,2,keep,yes,yes,yes,yes,yes,no,motor impulsivity,functional connectivity,higher,"The sentence directly links striatal dopaminergic function to impulsivity, which matches the extracted claim's phenotype and feature. The direction of higher is also supported. The directness is supported as the sentence names both phenotype (impulsivity) and feature (striatal dopaminergic function).",,Mistral 7B
697,23206930,Reward circuit connectivity relates to delay discounting in children with attention-deficit/hyperactivity disorder.,2013,European neuropsychopharmacology : the journal of the European College of Neuropsychopharmacology,ADHD impulsivity resting-state fMRI connectivity,unknown,functional connectivity,impulsivity (general),Attention-deficit/hyperactivity disorder (ADHD),associated_with,higher,altered processing of anticipated rewards,direct,0.8,We found that functional connectivity of NAcc was atypical in children with ADHD and the ADHD-related increased connectivity between NAcc and the prefrontal cortex was associated with greater impulsivity (steeper delayed-reward discounting).,yes,,yes,yes,yes,,,,,,,,,,llama-3.1-8b-instruct,2,keep,yes,yes,yes,yes,yes,no,impulsivity (general),functional connectivity,higher,,,Mistral 7B
699,30374665,"Peer influence, Frontostriatal connectivity, and delay discounting in African American emerging adults.",2020,Brain imaging and behavior,ADHD impulsivity resting-state fMRI connectivity,unknown,functional connectivity,impulsivity (general),ADHD,associated_with,lower,unknown,direct,0.8,"Greater (i.e., more positive) frontostriatal rsFC was associated with decreased delay discounting (i.e., less impulsive decision making).",yes,,yes,yes,yes,,,,,,,,,,llama-3.1-8b-instruct,2,keep,yes,yes,yes,yes,yes,no,impulsivity (general),functional connectivity,lower,"The sentence clearly supports the extracted claim, mentioning a direct association between frontostriatal rsFC and decreased delay discounting, which is related to impulsivity.",,Mistral 7B
700,33304251,Neural Basis of Increased Cognitive Control of Impulsivity During the Mid-Luteal Phase Relative to the Late Follicular Phase of the Menstrual Cycle.,2020,Frontiers in human neuroscience,ADHD impulsivity resting-state fMRI connectivity,unknown,functional connectivity,impulsivity (general),unknown,associated_with,unclear,,unclear,0.7,"Discount rate (transformed k) correlated with functional connectivity between the DS and dorsal lateral prefrontal cortex (dlPFC), consistent with previous findings indicating that DS-dlPFC circuitry may regulate impulsivity.",yes,,yes,yes,yes,,,,,,,,,,llama-3.1-8b-instruct,2,keep,yes,yes,yes,yes,yes,no,impulsivity (general),functional connectivity,associated_with,"The sentence clearly supports the extracted claim by mentioning a correlation between the phenotype (impulsivity) and the feature (functional connectivity between DS and dlPFC), which is consistent with the relationship (associated_with). The direction is also supported as it implies a positive association. The directness is supported as both phenotype and feature are named in the sentence.",,Mistral 7B
