record_id,pmid,title,year,journal,query,extracted_brain_system,extracted_feature_type,extracted_phenotype,extracted_diagnostic_context,extracted_relationship,extracted_direction,extracted_mechanism,extracted_directness,evidence_strength,supporting_sentence,schema_valid,schema_issues,citation_valid,sentence_present,sentence_anchored,semantic_support_score,phenotype_correct,feature_type_correct,relationship_correct,direction_correct,overclaiming_flag,hallucination_flag,review_decision,review_notes,verifier_model,verifier_support_score,verifier_decision,verifier_phenotype_supported,verifier_feature_supported,verifier_relationship_supported,verifier_direction_supported,verifier_directness_supported,verifier_overclaiming,verifier_corrected_phenotype,verifier_corrected_feature_type,verifier_corrected_direction,verifier_rationale,verifier_error,verifier_raw_response
1,27942448,Brain connectivity aberrations in anabolic-androgenic steroid users.,2017,NeuroImage. Clinical,impulsivity neuroimaging functional connectivity,unknown,functional connectivity,impulsivity (general),unknown,associated_with,lower,disruptions,direct,0.8,current users exhibited reduced functional connectivity between key nodes involved in emotional and cognitive regulation,yes,,yes,yes,yes,,,,,,,,,,mistral-7b-instruct-v0.3,2,keep,unclear,unclear,unclear,unclear,unclear,unclear,impulsivity (general),,,"The sentence mentions 'impulsivity (general)' as the phenotype and 'functional connectivity' as the feature type, and it states that there is an association between the phenotype and the feature type. The sentence does not specify the direction of the association, but since the claim states 'lower', it is assumed that the sentence supports this direction as well.",," {""support_score"": 2, ""decision"": ""keep"", ""phenotype_supported"": null, ""feature_supported"": ""functional connectivity"", ""relationship_supported"": ""associated_with"", ""direction_supported"": null, ""directness_supported"": ""direct"", ""overclaiming"": null, ""corrected_phenotype"": ""impulsivity (general)"", ""corrected_feature_type"": null, ""corrected_direction"": null, ""rationale"": ""The sentence mentions 'impulsivity (general)' as the phenotype and 'functional connectivity' as the feature type, and it states that there is an association between the phenotype and the feature type. The sentence does not specify the direction of the association, but since the claim states 'lower', it is assumed that the sentence supports this direction as well.""}"
2,35040662,Role of White Matter Microstructure in Impulsive Behavior.,2022,The Journal of neuropsychiatry and clinical neurosciences,Barratt Impulsiveness Scale fMRI,unknown,structural connectivity,impulsivity (general),unknown,associated_with,lower,unclear,direct,0.32,"Whole-brain total average FA was inversely correlated with motor impulsiveness (r=-0.32, p=0.007)",yes,,yes,yes,yes,,,,,,,,,,mistral-7b-instruct-v0.3,2,keep,unclear,unclear,unclear,unclear,unclear,unclear,,,,"The sentence directly states that lower whole-brain total average FA is inversely correlated with motor impulsiveness, which supports the claim of an association between impulsivity (general) and structural connectivity (FA). The direction is also supported as the correlation is inverse, meaning lower FA is associated with higher impulsiveness.",," {""support_score"": 2, ""decision"": ""keep"", ""phenotype_supported"": ""impulsivity (general)"", ""feature_supported"": ""structural connectivity (FA - fractional anisotropy)"", ""relationship_supported"": ""associated_with"", ""direction_supported"": ""lower"", ""directness_supported"": ""direct"", ""overclaiming"": null, ""corrected_phenotype"": null, ""corrected_feature_type"": null, ""corrected_direction"": null, ""rationale"": ""The sentence directly states that lower whole-brain total average FA is inversely correlated with motor impulsiveness, which supports the claim of an association between impulsivity (general) and structural connectivity (FA). The direction is also supported as the correlation is inverse, meaning lower FA is associated with higher impulsiveness.""}"
3,22749228,Behavioral and cognitive impulsivity in obsessive-compulsive disorder and eating disorders.,2012,Psychiatry research,Barratt Impulsiveness Scale neuroimaging,unknown,unknown,impulsivity (general),"obsessive-compulsive disorder, eating disorder",associated_with,unclear,,unclear,0.5,"Compared to controls, both clinical groups reported higher levels of impulsivity on the BIS-11",yes,,yes,yes,yes,,,,,,,,,,mistral-7b-instruct-v0.3,2,keep,unclear,unclear,unclear,unclear,unclear,unclear,,,,"The sentence compares two clinical groups (obsessive-compulsive disorder and eating disorder) to controls in terms of impulsivity levels, which supports the claim that impulsivity is associated with these disorders.",," {""support_score"": 2, ""decision"": ""keep"", ""phenotype_supported"": ""general impulsivity"", ""feature_supported"": null, ""relationship_supported"": ""associated_with"", ""direction_supported"": null, ""directness_supported"": null, ""overclaiming"": null, ""corrected_phenotype"": null, ""corrected_feature_type"": null, ""corrected_direction"": null, ""rationale"": ""The sentence compares two clinical groups (obsessive-compulsive disorder and eating disorder) to controls in terms of impulsivity levels, which supports the claim that impulsivity is associated with these disorders.""}"
4,26745144,Head Motion and Inattention/Hyperactivity Share Common Genetic Influences: Implications for fMRI Studies of ADHD.,2016,PloS one,trait impulsivity resting-state fMRI,unknown,unknown,impulsivity (general),ADHD,associated_with,unclear,genetic,background,0.7,"Head motion is a well known confound in analyses of functional MRI data. Neuroimaging researchers therefore typically treat HM as a nuisance covariate in their analyses. Even so, it is possible that HM shares a common genetic influence with the trait of interest.",yes,,yes,yes,no,,,,,,,,,,mistral-7b-instruct-v0.3,0,revise,unclear,unclear,unclear,unclear,unclear,unclear,"impulsivity (general, possibly ADHD-related)",head motion,,"The sentence discusses head motion as a confound in functional MRI data, which could be related to impulsivity, but it does not explicitly state a direct association with the general impulsivity phenotype. The sentence also does not specify whether the association is genetic, as claimed.",," {""support_score"": null, ""decision"": ""revise"", ""phenotype_supported"": null, ""feature_supported"": null, ""relationship_supported"": null, ""direction_supported"": null, ""directness_supported"": null, ""overclaiming"": null, ""corrected_phenotype"": ""impulsivity (general, possibly ADHD-related)"", ""corrected_feature_type"": ""head motion"", ""rationale"": ""The sentence discusses head motion as a confound in functional MRI data, which could be related to impulsivity, but it does not explicitly state a direct association with the general impulsivity phenotype. The sentence also does not specify whether the association is genetic, as claimed.""}"
5,32464339,Investigation of structure-function correlation among the young offspring of patients with bipolar disorder.,2020,Psychiatry research. Neuroimaging,Barratt Impulsiveness Scale fMRI,unknown,structural connectivity,impulsivity (general),bipolar disorder,associated_with,unclear,,unclear,0.7,"FA values in the SLF were negatively correlated with Stroop interference, the Wisconsin Card Sorting Test, and the Trail Making Test (B-A) scores. MD values in the cingulum were inversely correlated with the Child and Youth Resilience Measure and positively correlated with higher scores on the Barratt Impulsiveness Scale-Attentional.",yes,,yes,yes,yes,,,,,,,,,,mistral-7b-instruct-v0.3,1,revise,unclear,unclear,unclear,unclear,unclear,unclear,impulsivity (specific: attentional impulsiveness),structural connectivity (specific: fractional anisotropy and mean diffusivity),,"The evidence sentence mentions correlations between structural connectivity measures (fractional anisotropy and mean diffusivity) and various tests that assess impulsivity, resilience, and cognitive function. However, the claim is too general and the evidence sentence does not explicitly state the association with bipolar disorder. To revise the claim, it would be more specific to mention the 'attentional impulsiveness' aspect of impulsivity, and specify the structural connectivity measures (fractional anisotropy and mean diffusivity) in the SLF and cingulum.",," {""support_score"": 1, ""decision"": ""revise"", ""phenotype_supported"": ""partially"", ""feature_supported"": ""partially"", ""relationship_supported"": ""partially"", ""direction_supported"": null, ""directness_supported"": null, ""overclaiming"": null, ""corrected_phenotype"": ""impulsivity (specific: attentional impulsiveness)"", ""corrected_feature_type"": ""structural connectivity (specific: fractional anisotropy and mean diffusivity)"", ""rationale"": ""The evidence sentence mentions correlations between structural connectivity measures (fractional anisotropy and mean diffusivity) and various tests that assess impulsivity, resilience, and cognitive function. However, the claim is too general and the evidence sentence does not explicitly state the association with bipolar disorder. To revise the claim, it would be more specific to mention the 'attentional impulsiveness' aspect of impulsivity, and specify the structural connectivity measures (fractional anisotropy and mean diffusivity) in the SLF and cingulum.""}"
6,38002468,Insula Connectivity Abnormalities Predict Impulsivity in Chronic Heroin Use Disorder: A Cross-Sectional Resting-State fMRI Study.,2023,Brain sciences,Barratt Impulsiveness Scale resting-state fMRI,unknown,functional connectivity,impulsivity (general),chronic heroin use disorder,predicts,higher,,direct,0.8,"The HUD group in this study exhibited higher total trait impulsivity scores, motor impulsivity, and nonplanning impulsivity than the control group.",yes,,yes,yes,yes,,,,,,,,,,mistral-7b-instruct-v0.3,2,keep,yes,yes,yes,yes,yes,unclear,,,,"The sentence directly states that the HUD group (phenotype: impulsivity) has higher total trait impulsivity scores, motor impulsivity, and nonplanning impulsivity (feature: impulsivity scores) than the control group, which supports the claim that impulsivity predicts higher functional connectivity in chronic heroin use disorder.",," {""support_score"": 2, ""decision"": ""keep"", ""phenotype_supported"": true, ""feature_supported"": true, ""relationship_supported"": true, ""direction_supported"": true, ""directness_supported"": true, ""overclaiming"": null, ""corrected_phenotype"": null, ""corrected_feature_type"": null, ""corrected_direction"": null, ""rationale"": ""The sentence directly states that the HUD group (phenotype: impulsivity) has higher total trait impulsivity scores, motor impulsivity, and nonplanning impulsivity (feature: impulsivity scores) than the control group, which supports the claim that impulsivity predicts higher functional connectivity in chronic heroin use disorder.""}"
7,31401546,Functional connectivity of emotional well-being: Overconnectivity between default and attentional networks is associated with attitudes of anger and aggression.,2019,Psychiatry research. Neuroimaging,impulsivity fMRI functional connectivity,unknown,functional connectivity,impulsivity (general),unknown,associated_with,higher,decreased response inhibition,direct,0.8,Functional connectivity between the default and attentional networks was positively correlated with scores of attitudes of anger and aggression.,yes,,yes,yes,no,,,,,,,,,,mistral-7b-instruct-v0.3,2,keep,unclear,unclear,unclear,yes,yes,unclear,,,,"The sentence directly states that functional connectivity between the default and attentional networks is associated with attitudes of anger and aggression, which aligns with the claim's relationship and direction.",," {""support_score"": 2, ""decision"": ""keep"", ""phenotype_supported"": null, ""feature_supported"": ""functional connectivity"", ""relationship_supported"": ""associated_with"", ""direction_supported"": true, ""directness_supported"": true, ""overclaiming"": null, ""corrected_phenotype"": null, ""corrected_feature_type"": null, ""corrected_direction"": null, ""rationale"": ""The sentence directly states that functional connectivity between the default and attentional networks is associated with attitudes of anger and aggression, which aligns with the claim's relationship and direction.""}"
8,33304251,Neural Basis of Increased Cognitive Control of Impulsivity During the Mid-Luteal Phase Relative to the Late Follicular Phase of the Menstrual Cycle.,2020,Frontiers in human neuroscience,ADHD impulsivity resting-state fMRI connectivity,unknown,functional connectivity,impulsivity (general),unknown,associated_with,unclear,regulation,unclear,0.7,"Discount rate (transformed k) correlated with functional connectivity between the DS and dorsal lateral prefrontal cortex (dlPFC), consistent with previous findings indicating that DS-dlPFC circuitry may regulate impulsivity.",yes,,yes,yes,yes,,,,,,,,,,mistral-7b-instruct-v0.3,2,keep,unclear,unclear,unclear,yes,yes,unclear,,,,"The sentence directly states that discount rate (a measure of impulsivity) correlates with functional connectivity between the DS and dorsal lateral prefrontal cortex (dlPFC), which is a brain region known to be involved in impulse control. The sentence also implies a regulatory relationship between the DS-dlPFC circuitry and impulsivity, as it refers to previous findings indicating this relationship.",," {""support_score"": 2, ""decision"": ""keep"", ""phenotype_supported"": ""impulsivity (general)"", ""feature_supported"": ""functional connectivity"", ""relationship_supported"": ""associated_with"", ""direction_supported"": true, ""directness_supported"": true, ""overclaiming"": null, ""corrected_phenotype"": null, ""corrected_feature_type"": null, ""corrected_direction"": null, ""rationale"": ""The sentence directly states that discount rate (a measure of impulsivity) correlates with functional connectivity between the DS and dorsal lateral prefrontal cortex (dlPFC), which is a brain region known to be involved in impulse control. The sentence also implies a regulatory relationship between the DS-dlPFC circuitry and impulsivity, as it refers to previous findings indicating this relationship.""}"
9,31907881,Human Brain Imaging Links Dopaminergic Systems to Impulsivity.,2020,Current topics in behavioral neurosciences,motor impulsivity functional connectivity,unknown,functional connectivity,motor impulsivity,unknown,associated_with,higher,dopaminergic,direct,0.9,"Strong evidence links striatal dopaminergic function with impulsivity, measured by self-reports and laboratory tests of cognitive control and reward-based decision-making.",yes,,yes,yes,no,,,,,,,,,,mistral-7b-instruct-v0.3,2,keep,yes,yes,yes,yes,yes,unclear,motor impulsivity,functional connectivity,higher,"The sentence directly states that there is a link between striatal dopaminergic function and impulsivity, and it mentions functional connectivity as the feature type.",," {""support_score"": 2, ""decision"": ""keep"", ""phenotype_supported"": true, ""feature_supported"": true, ""relationship_supported"": true, ""direction_supported"": true, ""directness_supported"": true, ""overclaiming"": null, ""corrected_phenotype"": ""motor impulsivity"", ""corrected_feature_type"": ""functional connectivity"", ""corrected_direction"": ""higher"", ""rationale"": ""The sentence directly states that there is a link between striatal dopaminergic function and impulsivity, and it mentions functional connectivity as the feature type.""}"
10,31886611,Dorsal striatal functional connectivity changes in Internet gaming disorder: A longitudinal magnetic resonance imaging study.,2021,Addiction biology,impulsivity fMRI functional connectivity,unknown,functional connectivity,impulsivity (general),Internet gaming disorder,associated_with,unclear,,direct,0.8,Subjects with IGD exhibited decreased FC between the left dorsal putamen and left medial prefrontal cortex (mPFC) compared with controls.,yes,,yes,yes,no,,,,,,,,,,mistral-7b-instruct-v0.3,2,keep,unclear,unclear,unclear,unclear,unclear,unclear,,,,"The sentence directly states that subjects with Internet Gaming Disorder exhibit decreased functional connectivity between the left dorsal putamen and left medial prefrontal cortex compared with controls, which is associated with the general phenotype of impulsivity as these brain regions are involved in impulse control.",," {""support_score"": 2, ""decision"": ""keep"", ""phenotype_supported"": null, ""feature_supported"": ""functional connectivity between the left dorsal putamen and left medial prefrontal cortex (mPFC)"", ""relationship_supported"": ""associated_with"", ""direction_supported"": null, ""directness_supported"": null, ""overclaiming"": null, ""corrected_phenotype"": null, ""corrected_feature_type"": null, ""corrected_direction"": null, ""rationale"": ""The sentence directly states that subjects with Internet Gaming Disorder exhibit decreased functional connectivity between the left dorsal putamen and left medial prefrontal cortex compared with controls, which is associated with the general phenotype of impulsivity as these brain regions are involved in impulse control.""}"
11,39218589,[A review of functional electrical stimulation based on brain-computer interface].,2024,Sheng wu yi xue gong cheng xue za zhi = Journal of biomedical engineering = Shengwu yixue gongchengxue zazhi,motor impulsivity functional connectivity,unknown,unknown,unknown,unknown,associated_with,unclear,Functional electrical stimulation (FES) helps promote the reconstruction of nerve function by recognizing nerve signals and stimulating the moving muscle group with electrical impulses,background,0.5,Functional electrical stimulation (FES) based on brain-computer interface (BCI) connects the patient's intentions with muscle contraction,yes,,yes,yes,yes,,,,,,,,,,mistral-7b-instruct-v0.3,0,revise,unclear,unclear,unclear,unclear,unclear,unclear,Muscle contraction,Physiological response,,"The sentence describes a connection between FES and muscle contraction, but it does not explicitly state that FES helps promote the reconstruction of nerve function or associates with a specific brain system. The claim also mentions electrical impulses, which is not directly mentioned in the sentence.",," {""support_score"": null, ""decision"": ""revise"", ""phenotype_supported"": null, ""feature_supported"": null, ""relationship_supported"": null, ""direction_supported"": null, ""directness_supported"": null, ""overclaiming"": null, ""corrected_phenotype"": ""Muscle contraction"", ""corrected_feature_type"": ""Physiological response"", ""corrected_direction"": null, ""rationale"": ""The sentence describes a connection between FES and muscle contraction, but it does not explicitly state that FES helps promote the reconstruction of nerve function or associates with a specific brain system. The claim also mentions electrical impulses, which is not directly mentioned in the sentence.""}"
12,37086305,"Emotion dysregulation, impulsivity and anger rumination in borderline personality disorder: the role of amygdala and insula.",2024,European archives of psychiatry and clinical neuroscience,Barratt Impulsiveness Scale resting-state fMRI,unknown,functional connectivity,impulsivity (general),Borderline Personality Disorder,associated_with,unclear,,indirect,0.7,"Reduced functional connectivity was found in BPD between amygdala and frontal pole, precuneus and temporal pole.",yes,,yes,yes,yes,,,,,,,,,,mistral-7b-instruct-v0.3,1,revise,unclear,unclear,unclear,unclear,unclear,unclear,impulsivity (specific to Borderline Personality Disorder),,reduced,The sentence mentions a group difference (BPD) but not a specific phenotype-feature association for impulsivity. The direction is also unclear as it does not specify whether the reduced functional connectivity is directly related to impulsivity.,," {""support_score"": 1, ""decision"": ""revise"", ""phenotype_supported"": null, ""feature_supported"": ""functional connectivity"", ""relationship_supported"": ""associated_with"", ""direction_supported"": null, ""directness_supported"": null, ""overclaiming"": null, ""corrected_phenotype"": ""impulsivity (specific to Borderline Personality Disorder)"", ""corrected_direction"": ""reduced"", ""rationale"": ""The sentence mentions a group difference (BPD) but not a specific phenotype-feature association for impulsivity. The direction is also unclear as it does not specify whether the reduced functional connectivity is directly related to impulsivity.""}"
13,37992501,Testing the triple network model of psychopathology in a transdiagnostic neurodevelopmental cohort.,2023,NeuroImage. Clinical,impulsivity neuroimaging functional connectivity,unknown,functional connectivity,impulsivity (general),unknown,associated_with,higher,,direct,0.8,"Hyperactivity/impulsivity was associated with increased functional connectivity between the Salience (SN), Central Executive (CEN), and Default Mode Networks (DMN) in at-risk children, whereas it was associated with decreased functional connectivity between the CEN and DMN in comparison children.",yes,,yes,yes,no,,,,,,,,,,mistral-7b-instruct-v0.3,2,keep,unclear,unclear,unclear,yes,yes,unclear,,,,"The sentence directly states that impulsivity (general) is associated with increased and decreased functional connectivity, which supports the claim.",," {""support_score"": 2, ""decision"": ""keep"", ""phenotype_supported"": ""general impulsivity"", ""feature_supported"": ""functional connectivity"", ""relationship_supported"": ""associated_with"", ""direction_supported"": true, ""directness_supported"": true, ""overclaiming"": null, ""corrected_phenotype"": null, ""corrected_feature_type"": null, ""corrected_direction"": null, ""rationale"": ""The sentence directly states that impulsivity (general) is associated with increased and decreased functional connectivity, which supports the claim.""}"
14,40297839,"Hippocampus Functional Connectivity, Impulsivity, and Subsequent Substance Use.",2025,Journal of cellular neuroscience,impulsivity resting-state fMRI functional connectivity,unknown,functional connectivity,impulsivity (general),unknown,associated_with,unclear,,indirect,0.7,Hippocampal functional connectivity with brain networks may influence the pathway from impulsivity to future substance use in adolescence.,yes,,yes,yes,yes,,,,,,,,,,mistral-7b-instruct-v0.3,2,keep,unclear,unclear,unclear,unclear,unclear,unclear,impulsivity (general),Hippocampal functional connectivity,,"The sentence clearly supports the association of impulsivity with the feature of Hippocampal functional connectivity, but does not specify the direction of the relationship.",," {""support_score"": 2, ""decision"": ""keep"", ""phenotype_supported"": null, ""feature_supported"": ""Hippocampal functional connectivity"", ""relationship_supported"": ""associated_with"", ""direction_supported"": null, ""directness_supported"": null, ""overclaiming"": null, ""corrected_phenotype"": ""impulsivity (general)"", ""corrected_feature_type"": ""Hippocampal functional connectivity"", ""corrected_direction"": null, ""rationale"": ""The sentence clearly supports the association of impulsivity with the feature of Hippocampal functional connectivity, but does not specify the direction of the relationship.""}"
15,24834038,Brain functional connectivity changes in children that differ in impulsivity temperamental trait.,2014,Frontiers in behavioral neuroscience,impulsivity resting-state fMRI functional connectivity,unknown,functional connectivity,impulsivity (general),unknown,associated_with,unclear,,direct,0.8,"We related brain functional connectivity of typically developing children, measured with magnetic resonance imaging at rest, with their impulsivity scores obtained from a questionnaire completed by their parents.",yes,,yes,yes,yes,,,,,,,,,,mistral-7b-instruct-v0.3,2,keep,yes,yes,yes,unclear,yes,unclear,,,,The sentence directly states the association between impulsivity (general) and brain functional connectivity in children.,," {""support_score"": 2, ""decision"": ""keep"", ""phenotype_supported"": true, ""feature_supported"": true, ""relationship_supported"": true, ""direction_supported"": null, ""directness_supported"": true, ""overclaiming"": null, ""corrected_phenotype"": null, ""corrected_feature_type"": null, ""corrected_direction"": null, ""rationale"": ""The sentence directly states the association between impulsivity (general) and brain functional connectivity in children.""}"
16,34993375,Brain Networks Associated With COVID-19 Risk: Data From 3662 Participants.,2021,"Chronic stress (Thousand Oaks, Calif.)",trait impulsivity functional connectivity,unknown,functional connectivity,unknown,unknown,associated_with,unclear,,unclear,0.7,"Individuals are at increased risk of COVID-19 infections if their brain connectome is consistent with reduced connectivity in the top-down attention and executive networks, along with increased internal connectivity in the introspective and instinctive networks.",yes,,yes,yes,yes,,,,,,,,,,mistral-7b-instruct-v0.3,2,keep,unclear,unclear,unclear,unclear,unclear,unclear,COVID-19 infections,,increased risk,,," {""support_score"": 2, ""decision"": ""keep"", ""phenotype_supported"": null, ""feature_supported"": ""functional connectivity"", ""relationship_supported"": ""associated_with"", ""direction_supported"": null, ""directness_supported"": null, ""overclaiming"": null, ""corrected_phenotype"": ""COVID-19 infections"", ""corrected_direction"": ""increased risk""}

Rationale: The sentence clearly states that individuals with a specific pattern of functional connectivity (reduced top-down attention and executive networks, increased introspective and instinctive networks) are at an increased risk of COVID-19 infections, which aligns with the extracted claim's relationship and direction. However, the phenotype in the claim is ""unknown"", and the sentence provides the specific phenotype of ""COVID-19 infections"". Therefore, the corrected_phenotype is set to ""COVID-19 infections"". The direction is also clarified as ""increased risk"" based on the sentence."
17,28783574,Go/No-Go task performance predicts differences in compulsivity but not in impulsivity personality traits.,2017,Psychiatry research,Barratt Impulsiveness Scale neuroimaging,unknown,unknown,unknown,unknown,predicts,unclear,,unclear,0.7,"Participants with high false alarms (H-FA) displayed a high-risk strategy of responding, and higher scores in the MOCI Total and MOCI Checking subscale compared to participants with low false alarms (L-FA).",yes,,yes,yes,no,,,,,,,,,,mistral-7b-instruct-v0.3,2,keep,unclear,unclear,unclear,unclear,unclear,unclear,,,,"The sentence clearly indicates a relationship between the phenotype (participants with high false alarms and participants with low false alarms) and the feature (MOCI Total and MOCI Checking subscale), with the former displaying a higher score in the latter.",," {""support_score"": 2, ""decision"": ""keep"", ""phenotype_supported"": null, ""feature_supported"": ""MOCI Total and MOCI Checking subscale"", ""relationship_supported"": ""displays a higher score"", ""direction_supported"": null, ""directness_supported"": null, ""overclaiming"": null, ""corrected_phenotype"": null, ""corrected_feature_type"": null, ""corrected_direction"": null, ""rationale"": ""The sentence clearly indicates a relationship between the phenotype (participants with high false alarms and participants with low false alarms) and the feature (MOCI Total and MOCI Checking subscale), with the former displaying a higher score in the latter.""}"
18,29442271,Exploring variability in basal ganglia connectivity with functional MRI in healthy aging.,2018,Brain imaging and behavior,impulsivity fMRI functional connectivity,unknown,functional connectivity,impulsivity (general),unknown,associated_with,unclear,,unclear,0.5,Changes in functional connectivity measured using resting state fMRI within the basal ganglia network (BGN) have been observed in pathologies with altered neurotransmitter systems and conditions involving motor control and dopaminergic processes.,yes,,yes,yes,no,,,,,,,,,,mistral-7b-instruct-v0.3,0,revise,unclear,unclear,unclear,unclear,unclear,unclear,"impulsivity (general, possibly related to dopaminergic processes)",,,"The sentence mentions a connection between functional connectivity and conditions involving motor control and dopaminergic processes, which could be related to impulsivity. However, the sentence does not directly state an association between impulsivity and functional connectivity in the basal ganglia network.",," {""support_score"": null, ""decision"": ""revise"", ""phenotype_supported"": null, ""feature_supported"": ""functional connectivity"", ""relationship_supported"": null, ""direction_supported"": null, ""directness_supported"": null, ""overclaiming"": null, ""corrected_phenotype"": ""impulsivity (general, possibly related to dopaminergic processes)"", ""corrected_feature_type"": null, ""rationale"": ""The sentence mentions a connection between functional connectivity and conditions involving motor control and dopaminergic processes, which could be related to impulsivity. However, the sentence does not directly state an association between impulsivity and functional connectivity in the basal ganglia network.""}"
19,12860356,"Impulsivity, gender, and response to fenfluramine challenge in borderline personality disorder.",2003,Psychiatry research,Barratt Impulsiveness Scale neuroimaging,unknown,unknown,impulsivity (general),borderline personality disorder,associated_with,unclear,inverse relationship,background,0.7,"Behavioral impulsivity in borderline personality disorder (BPD) is associated with indices of diminished central serotonergic function, independent of suicidal behavior, depression or alcohol use disorder.",yes,,yes,yes,yes,,,,,,,,,,mistral-7b-instruct-v0.3,2,keep,unclear,unclear,unclear,no,no,unclear,,,,"The sentence mentions 'Behavioral impulsivity' and 'central serotonergic function', which are associated according to the text. However, the direction of the relationship is not explicitly stated in the sentence.",," {""support_score"": 2, ""decision"": ""keep"", ""phenotype_supported"": ""general impulsivity"", ""feature_supported"": ""central serotonergic function"", ""relationship_supported"": ""associated_with"", ""direction_supported"": false, ""directness_supported"": false, ""overclaiming"": null, ""corrected_phenotype"": null, ""corrected_feature_type"": null, ""corrected_direction"": null, ""rationale"": ""The sentence mentions 'Behavioral impulsivity' and 'central serotonergic function', which are associated according to the text. However, the direction of the relationship is not explicitly stated in the sentence.""}"
20,41098388,Functional connectivity in resting-state fMRI (rs-fMRI) in opioid use disorder.,2025,The European physical journal. Special topics,impulsivity resting-state fMRI functional connectivity,unknown,functional connectivity,impulsivity (general),opioid use disorder,associated_with,unclear,,unclear,0.5,Our preliminary rs-fMRI findings reveal significant disruptions in functional connectivity in individuals with opioid addiction within DMN and SN networks involved in cognitive functions such as decision-making and impulse control.,yes,,yes,yes,yes,,,,,,,,,,mistral-7b-instruct-v0.3,2,keep,yes,yes,yes,yes,yes,unclear,impulsivity (general),functional connectivity,,"The sentence directly mentions 'impulse control' as a cognitive function affected by the disruptions in functional connectivity in individuals with opioid addiction, which aligns with the general impulsivity phenotype. The functional connectivity is also clearly stated as being disrupted in the DMN and SN networks.",," {""support_score"": 2, ""decision"": ""keep"", ""phenotype_supported"": true, ""feature_supported"": true, ""relationship_supported"": true, ""direction_supported"": true, ""directness_supported"": true, ""overclaiming"": null, ""corrected_phenotype"": ""impulsivity (general)"", ""corrected_feature_type"": ""functional connectivity"", ""rationale"": ""The sentence directly mentions 'impulse control' as a cognitive function affected by the disruptions in functional connectivity in individuals with opioid addiction, which aligns with the general impulsivity phenotype. The functional connectivity is also clearly stated as being disrupted in the DMN and SN networks.""}"
21,34964209,Neural processes during response inhibition in complex posttraumatic stress disorder.,2022,Depression and anxiety,impulsivity fMRI functional connectivity,unknown,functional connectivity,impulsivity (general),complex posttraumatic stress disorder,associated_with,unclear,,unclear,0.5,A common feature of complex posttraumatic stress disorder (CPTSD) is impulsivity.,yes,,yes,yes,yes,,,,,,,,,,mistral-7b-instruct-v0.3,0,revise,yes,unclear,unclear,unclear,unclear,unclear,impulsivity (general),,,"The sentence mentions impulsivity, which is the phenotype in the claim, but it does not provide any information about the feature type, relationship, direction, or directness.",," {""support_score"": null, ""decision"": ""revise"", ""phenotype_supported"": true, ""feature_supported"": null, ""relationship_supported"": null, ""direction_supported"": null, ""directness_supported"": null, ""overclaiming"": null, ""corrected_phenotype"": ""impulsivity (general)"", ""corrected_feature_type"": null, ""corrected_direction"": null, ""rationale"": ""The sentence mentions impulsivity, which is the phenotype in the claim, but it does not provide any information about the feature type, relationship, direction, or directness.""}"
22,32699511,Neurobiological mechanisms underlying internet gaming disorder .,2020,Dialogues in clinical neuroscience,impulsivity fMRI functional connectivity,unknown,functional connectivity,impulsivity (general),internet gaming disorder,associated_with,unclear,"reduced functional connectivity in brain networks involved in cognitive control, executive function, motivation, and reward",direct,0.8,"reduced functional connectivity in brain networks that are involved in cognitive control, executive function, motivation, and reward",yes,,yes,yes,yes,,,,,,,,,,mistral-7b-instruct-v0.3,2,keep,unclear,unclear,unclear,unclear,unclear,unclear,,,,"The sentence directly mentions the reduced functional connectivity in brain networks that are involved in cognitive control, executive function, motivation, and reward, which aligns with the extracted claim's feature type and relationship.",," {""support_score"": 2, ""decision"": ""keep"", ""phenotype_supported"": null, ""feature_supported"": null, ""relationship_supported"": null, ""direction_supported"": null, ""directness_supported"": null, ""overclaiming"": null, ""corrected_phenotype"": null, ""corrected_feature_type"": null, ""corrected_direction"": null, ""rationale"": ""The sentence directly mentions the reduced functional connectivity in brain networks that are involved in cognitive control, executive function, motivation, and reward, which aligns with the extracted claim's feature type and relationship.""}"
23,14572528,Response inhibition and impulsivity: an fMRI study.,2003,Neuropsychologia,Barratt Impulsiveness Scale fMRI,unknown,functional connectivity,impulsivity (general),unknown,associated_with,unclear,,unclear,0.7,"Aggressive, suicidal and violent behaviour have been associated with impulsive personality and difficulty in inhibiting responses.",yes,,yes,yes,yes,,,,,,,,,,mistral-7b-instruct-v0.3,1,revise,unclear,unclear,unclear,unclear,unclear,unclear,impulsivity (specific behavior),behavior,,"The sentence associates impulsivity with specific behaviors (aggressive, suicidal, and violent), but it does not directly support the general impulsivity claim. To revise, the phenotype could be made more specific.",," {""support_score"": 1, ""decision"": ""revise"", ""phenotype_supported"": ""partially"", ""feature_supported"": null, ""relationship_supported"": ""partially"", ""direction_supported"": null, ""directness_supported"": null, ""overclaiming"": null, ""corrected_phenotype"": ""impulsivity (specific behavior)"", ""corrected_feature_type"": ""behavior"", ""rationale"": ""The sentence associates impulsivity with specific behaviors (aggressive, suicidal, and violent), but it does not directly support the general impulsivity claim. To revise, the phenotype could be made more specific.""}"
24,10570690,What is attention-deficit/hyperactivity disorder?,1999,Pediatric clinics of North America,attentional impulsivity functional connectivity,unknown,functional connectivity,attentional impulsivity,unknown,associated_with,unclear,,unclear,0.5,"Neurobiologic studies suggest that the circuitry involving frontal cortical-basal ganglia connections may be structurally or functionally different in individuals with ADHD, although the specificity of these findings has not been researched thoroughly.",yes,,yes,yes,yes,,,,,,,,,,mistral-7b-instruct-v0.3,1,revise,unclear,unclear,unclear,unclear,unclear,unclear,attentional impulsivity,,,"The sentence suggests an association between ADHD and functional connectivity in the frontal cortical-basal ganglia connections, but it does not explicitly mention attentional impulsivity. Therefore, the claim needs to be revised to be more specific.",," {""support_score"": 1, ""decision"": ""revise"", ""phenotype_supported"": null, ""feature_supported"": ""functional"", ""relationship_supported"": ""associated_with"", ""direction_supported"": null, ""directness_supported"": null, ""overclaiming"": null, ""corrected_phenotype"": ""attentional impulsivity"", ""corrected_feature_type"": null, ""corrected_direction"": null, ""rationale"": ""The sentence suggests an association between ADHD and functional connectivity in the frontal cortical-basal ganglia connections, but it does not explicitly mention attentional impulsivity. Therefore, the claim needs to be revised to be more specific.""}"
25,39424632,Enhanced ADHD classification through deep learning and dynamic resting state fMRI analysis.,2024,Scientific reports,impulsivity resting-state fMRI functional connectivity,unknown,dynamic connectivity,impulsivity (general),Attention Deficit Hyperactivity Disorder (ADHD),associated_with,unclear,,unclear,0.8,Resting-state functional connectivity analysis has emerged as a promising approach for ADHD classification using resting-state functional magnetic resonance imaging (rs-fMRI),yes,,yes,yes,yes,,,,,,,,,,mistral-7b-instruct-v0.3,0,revise,unclear,unclear,unclear,unclear,unclear,unclear,impulsivity (general) in the context of Attention Deficit Hyperactivity Disorder (ADHD),,,"The sentence mentions dynamic connectivity, which aligns with the feature_type, but it does not explicitly state that this connectivity is associated with impulsivity. The sentence only suggests that dynamic connectivity analysis can be used for ADHD classification, not necessarily with impulsivity.",," {""support_score"": null, ""decision"": ""revise"", ""phenotype_supported"": null, ""feature_supported"": ""dynamic connectivity"", ""relationship_supported"": null, ""direction_supported"": null, ""directness_supported"": null, ""overclaiming"": null, ""corrected_phenotype"": ""impulsivity (general) in the context of Attention Deficit Hyperactivity Disorder (ADHD)"", ""corrected_feature_type"": null, ""rationale"": ""The sentence mentions dynamic connectivity, which aligns with the feature_type, but it does not explicitly state that this connectivity is associated with impulsivity. The sentence only suggests that dynamic connectivity analysis can be used for ADHD classification, not necessarily with impulsivity.""}"
26,31073695,Binge drinking is associated with altered resting state functional connectivity of reward-salience and top down control networks.,2020,Brain imaging and behavior,impulsivity resting state functional connectivity,unknown,functional connectivity,impulsivity (general),unknown,associated_with,unclear,,direct,0.8,Binge drinking is associated with altered resting state functional connectivity of reward-salience and top down control networks.,yes,,yes,yes,no,,,,,,,,,,mistral-7b-instruct-v0.3,2,keep,unclear,unclear,unclear,unclear,unclear,unclear,,,,"The sentence directly states that binge drinking is associated with altered functional connectivity, which supports the claim of an association between impulsivity (general) and functional connectivity.",," {""support_score"": 2, ""decision"": ""keep"", ""phenotype_supported"": null, ""feature_supported"": ""functional connectivity"", ""relationship_supported"": ""associated_with"", ""direction_supported"": null, ""directness_supported"": ""direct"", ""overclaiming"": null, ""corrected_phenotype"": null, ""corrected_feature_type"": null, ""corrected_direction"": null, ""rationale"": ""The sentence directly states that binge drinking is associated with altered functional connectivity, which supports the claim of an association between impulsivity (general) and functional connectivity.""}"
27,27743376,Cortical folding patterns are associated with impulsivity in healthy young adults.,2017,Brain imaging and behavior,Barratt Impulsiveness Scale fMRI,unknown,functional connectivity,impulsivity (general),unknown,associated_with,higher,,direct,0.8,"BIS subscores were positively correlated with cortical folding in several distinct areas: Total and attention scores were positively correlated with LGI in the left postcentral gyrus, cingulate gyrus, precentral gyrus, pars opercularis of the inferior frontal gyrus, right middle temporal gyrus, superior parietal gyrus, pericalcarine gyrus, and lateral occipital gyrus.",yes,,yes,yes,no,,,,,,,,,,mistral-7b-instruct-v0.3,2,keep,yes,yes,yes,yes,yes,unclear,,,,"The sentence directly states that BIS subscores (a measure of impulsivity) are positively correlated with cortical folding in several distinct areas. The areas mentioned are associated with functional connectivity (cortical folding), and the correlation is in the direction of higher BIS scores being associated with higher cortical folding.",," {""support_score"": 2, ""decision"": ""keep"", ""phenotype_supported"": ""yes"", ""feature_supported"": ""yes"", ""relationship_supported"": ""yes"", ""direction_supported"": ""yes"", ""directness_supported"": ""yes"", ""overclaiming"": null, ""corrected_phenotype"": null, ""corrected_feature_type"": null, ""corrected_direction"": null, ""rationale"": ""The sentence directly states that BIS subscores (a measure of impulsivity) are positively correlated with cortical folding in several distinct areas. The areas mentioned are associated with functional connectivity (cortical folding), and the correlation is in the direction of higher BIS scores being associated with higher cortical folding.""}"
28,35277392,Prefrontal Cortical Connectivity Mediates Locus Coeruleus Noradrenergic Regulation of Inhibitory Control in Older Adults.,2022,The Journal of neuroscience : the official journal of the Society for Neuroscience,motor impulsivity functional connectivity,unknown,functional connectivity,impulsivity (general),unknown,associated_with,unclear,modulates,unclear,0.7,Noradrenergic psychopharmacological studies indicate noradrenergic modulation of prefrontal and frontostriatal stopping-circuits in association with behavioral change.,yes,,yes,yes,yes,,,,,,,,,,mistral-7b-instruct-v0.3,0,revise,unclear,unclear,unclear,unclear,unclear,unclear,inhibitory control,,,"The sentence mentions 'behavioral change', but the extracted claim is 'impulsivity (general)', which is a broader term. The sentence seems to be more specifically about 'inhibitory control'.",," {""support_score"": null, ""decision"": ""revise"", ""phenotype_supported"": null, ""feature_supported"": ""functional connectivity"", ""relationship_supported"": ""associated_with"", ""direction_supported"": null, ""directness_supported"": null, ""overclaiming"": null, ""corrected_phenotype"": ""inhibitory control"", ""corrected_feature_type"": null, ""corrected_direction"": null, ""rationale"": ""The sentence mentions 'behavioral change', but the extracted claim is 'impulsivity (general)', which is a broader term. The sentence seems to be more specifically about 'inhibitory control'.""}"
29,39315326,Resting-state brain networks alterations in adolescents with Internet Gaming Disorder associate with cognitive control impairments.,2024,Frontiers in psychiatry,Barratt Impulsiveness Scale resting-state fMRI,unknown,functional connectivity,attentional impulsivity,Internet Gaming Disorder,associates with,unclear,unclear,unclear,0.7,"In comparison to the control group, impulsivity in adolescent IGD subjects showed a positive correlation with the severity of IGD (r=0.6350, p < 0.001), linked to impairments in the Executive Control Network (ECN) and a decrease in functional connectivity between the Salience Network (SN) and ECN.",yes,,yes,yes,no,,,,,,,,,,mistral-7b-instruct-v0.3,2,keep,unclear,unclear,unclear,unclear,unclear,unclear,attentional impulsivity,,,"The sentence directly states a correlation between impulsivity (a form of attentional impulsivity, as per the claim) and the severity of Internet Gaming Disorder, and further mentions a decrease in functional connectivity between the Salience Network and Executive Control Network, which is a feature-type association.",," {""support_score"": 2, ""decision"": ""keep"", ""phenotype_supported"": null, ""feature_supported"": ""functional connectivity"", ""relationship_supported"": ""associates with"", ""direction_supported"": null, ""directness_supported"": null, ""overclaiming"": null, ""corrected_phenotype"": ""attentional impulsivity"", ""corrected_feature_type"": null, ""corrected_direction"": null, ""rationale"": ""The sentence directly states a correlation between impulsivity (a form of attentional impulsivity, as per the claim) and the severity of Internet Gaming Disorder, and further mentions a decrease in functional connectivity between the Salience Network and Executive Control Network, which is a feature-type association.""}"
30,39339712,Investigating the Impact of Nutrition and Oxidative Stress on Attention Deficit Hyperactivity Disorder.,2024,Nutrients,attentional impulsivity functional connectivity,unknown,functional connectivity,attentional impulsivity,unknown,associated_with,unclear,oxidative stress,unclear,0.7,"Individuals with ADHD exhibit reduced levels of key antioxidant enzymes, including glutathione peroxidase (GPx), catalase (CAT), and superoxide dismutase (SOD), as well as a diminished total antioxidant status (TOS) compared to healthy controls.",yes,,yes,yes,no,,,,,,,,,,mistral-7b-instruct-v0.3,0,drop,unclear,unclear,unclear,unclear,unclear,unclear,,,,"The sentence does not provide evidence for the specific phenotype 'attentional impulsivity' or the feature 'functional connectivity'. It only mentions reduced levels of antioxidant enzymes and total antioxidant status in individuals with ADHD compared to healthy controls, which does not directly support the claim about the association between attentional impulsivity and functional connectivity.",," {""support_score"": 0, ""decision"": ""drop"", ""phenotype_supported"": null, ""feature_supported"": null, ""relationship_supported"": null, ""direction_supported"": null, ""directness_supported"": null, ""overclaiming"": null, ""corrected_phenotype"": null, ""corrected_feature_type"": null, ""corrected_direction"": null, ""rationale"": ""The sentence does not provide evidence for the specific phenotype 'attentional impulsivity' or the feature 'functional connectivity'. It only mentions reduced levels of antioxidant enzymes and total antioxidant status in individuals with ADHD compared to healthy controls, which does not directly support the claim about the association between attentional impulsivity and functional connectivity.""}"
31,27896939,"A multimodal study of impulsivity and body weight: Integrating behavioral, cognitive, and neuroimaging approaches.",2017,"Obesity (Silver Spring, Md.)",trait impulsivity functional connectivity,unknown,functional connectivity,impulsivity (general),unknown,associated_with,unclear,,direct,0.8,BMI was positively associated with functional connectivity between the right inferior frontal gyrus and right middle frontal gyrus during successful response inhibition.,yes,,yes,yes,no,,,,,,,,,,mistral-7b-instruct-v0.3,1,revise,unclear,unclear,unclear,unclear,unclear,unclear,impulsivity (response inhibition),functional connectivity,,"The sentence mentions a specific type of impulsivity (response inhibition) and a specific functional connectivity, but it does not directly state that the connectivity is associated with general impulsivity. However, it can be inferred that there might be an association between general impulsivity and the specific functional connectivity mentioned in the sentence.",," {""support_score"": 1, ""decision"": ""revise"", ""phenotype_supported"": ""partially"", ""feature_supported"": ""partially"", ""relationship_supported"": ""partially"", ""direction_supported"": null, ""directness_supported"": null, ""overclaiming"": null, ""corrected_phenotype"": ""impulsivity (response inhibition)"", ""corrected_feature_type"": ""functional connectivity"", ""corrected_direction"": null, ""rationale"": ""The sentence mentions a specific type of impulsivity (response inhibition) and a specific functional connectivity, but it does not directly state that the connectivity is associated with general impulsivity. However, it can be inferred that there might be an association between general impulsivity and the specific functional connectivity mentioned in the sentence.""}"
32,39592983,Abnormal stability of dynamic functional architecture in drug-naïve children with attention-deficit/hyperactivity disorder.,2024,BMC psychiatry,attentional impulsivity resting-state fMRI,unknown,dynamic connectivity,attentional impulsivity,attention-deficit/hyperactivity disorder,associated_with,unclear,,direct,0.8,"We found that children with ADHD exhibited decreased FS in the bilateral superior frontal gyrus (SFG) and increased FS in the right middle temporal gyrus (MTG), which both belong to the default mode network (DMN).",yes,,yes,yes,no,,,,,,,,,,mistral-7b-instruct-v0.3,1,revise,unclear,unclear,unclear,unclear,unclear,unclear,attentional impulsivity (potentially associated with),,,"The sentence does not explicitly state that the decreased and increased functional stability (FS) in the SFG and MTG are associated with attentional impulsivity. However, it is reasonable to infer that these changes in dynamic connectivity might be related to the phenotype of attentional impulsivity in children with ADHD.",," {""support_score"": 1, ""decision"": ""revise"", ""phenotype_supported"": null, ""feature_supported"": ""dynamic connectivity"", ""relationship_supported"": ""associated_with"", ""direction_supported"": null, ""directness_supported"": null, ""overclaiming"": null, ""corrected_phenotype"": ""attentional impulsivity (potentially associated with)"", ""corrected_feature_type"": null, ""corrected_direction"": null, ""rationale"": ""The sentence does not explicitly state that the decreased and increased functional stability (FS) in the SFG and MTG are associated with attentional impulsivity. However, it is reasonable to infer that these changes in dynamic connectivity might be related to the phenotype of attentional impulsivity in children with ADHD.""}"
33,25944613,Nature of functional links in valuation networks differentiates impulsive behaviors between abstinent heroin-dependent subjects and nondrug-using subjects.,2015,NeuroImage,Barratt Impulsiveness Scale resting-state fMRI,unknown,functional connectivity,impulsivity (general),unknown,associated_with,unclear,influence,direct,0.8,"Through functional connectivity with the ventral medial prefrontal cortex, the δ-network (regions of the executive control system, such as the dorsolateral prefrontal cortex) and the β-network (regions of the reward system involved in the mesocorticolimbic pathway), jointly influence impulsivity measured by the Barratt impulsiveness scale scores.",yes,,yes,yes,no,,,,,,,,,,mistral-7b-instruct-v0.3,2,keep,yes,yes,yes,yes,yes,unclear,,,,"The sentence directly states that the δ-network and β-network, through their functional connectivity with the ventral medial prefrontal cortex, influence impulsivity.",," {""support_score"": 2, ""decision"": ""keep"", ""phenotype_supported"": true, ""feature_supported"": true, ""relationship_supported"": true, ""direction_supported"": true, ""directness_supported"": true, ""overclaiming"": null, ""corrected_phenotype"": null, ""corrected_feature_type"": null, ""corrected_direction"": null, ""rationale"": ""The sentence directly states that the δ-network and β-network, through their functional connectivity with the ventral medial prefrontal cortex, influence impulsivity.""}"
34,38468374,Functional connectivity alterations in individuals with gaming disorder assessed by functional magnetic resonance imaging: a systematic review.,2025,Journal of addictive diseases,impulsivity fMRI functional connectivity,unknown,functional connectivity,unknown,Internet Gaming Disorder,associated_with,unclear,,unclear,0.7,The main findings reveal changes such as significant increases or decreases in functional connectivity in certain regions of the brain.,yes,,yes,yes,yes,,,,,,,,,,mistral-7b-instruct-v0.3,0,revise,unclear,unclear,unclear,unclear,unclear,unclear,Internet Gaming Disorder,functional connectivity,,"The sentence mentions changes in functional connectivity in certain regions of the brain, which partially supports the claim of an association between the phenotype (Internet Gaming Disorder) and the feature type (functional connectivity). However, the sentence does not specify the direction of the association, so the direction and directness fields remain unsupported.",," {""support_score"": null, ""decision"": ""revise"", ""phenotype_supported"": null, ""feature_supported"": ""partially"", ""relationship_supported"": ""partially"", ""direction_supported"": null, ""directness_supported"": null, ""overclaiming"": null, ""corrected_phenotype"": ""Internet Gaming Disorder"", ""corrected_feature_type"": ""functional connectivity"", ""corrected_direction"": null, ""rationale"": ""The sentence mentions changes in functional connectivity in certain regions of the brain, which partially supports the claim of an association between the phenotype (Internet Gaming Disorder) and the feature type (functional connectivity). However, the sentence does not specify the direction of the association, so the direction and directness fields remain unsupported.""}"
35,28423021,Trait impulsivity components correlate differently with proactive and reactive control.,2017,PloS one,Barratt Impulsiveness Scale fMRI,unknown,functional connectivity,impulsivity (general),unknown,correlates_with,unclear,,direct,0.8,Brain activity was associated with impulsivity scores.,yes,,yes,yes,no,,,,,,,,,,mistral-7b-instruct-v0.3,0,revise,yes,unclear,yes,unclear,unclear,unclear,impulsivity (general),brain activity,,"The sentence mentions 'impulsivity scores' and 'brain activity', which partially supports the claim. However, the sentence does not specify the type of brain activity (functional connectivity) or the direction of the correlation.",," {""support_score"": null, ""decision"": ""revise"", ""phenotype_supported"": ""yes"", ""feature_supported"": ""partially"", ""relationship_supported"": ""yes"", ""direction_supported"": null, ""directness_supported"": null, ""overclaiming"": null, ""corrected_phenotype"": ""impulsivity (general)"", ""corrected_feature_type"": ""brain activity"", ""corrected_direction"": null, ""rationale"": ""The sentence mentions 'impulsivity scores' and 'brain activity', which partially supports the claim. However, the sentence does not specify the type of brain activity (functional connectivity) or the direction of the correlation.""}"
36,36963562,Youth Screen Media Activity Patterns and Associations With Behavioral Developmental Measures and Resting-state Brain Functional Connectivity.,2023,Journal of the American Academy of Child and Adolescent Psychiatry,impulsivity resting-state fMRI functional connectivity,unknown,functional connectivity,impulsivity (general),unknown,associated_with,higher,,unclear,0.7,"Compared with the lower-frequency SMA pattern group, the video-centric higher-frequency SMA pattern group showed higher impulsivity.",yes,,yes,yes,no,,,,,,,,,,mistral-7b-instruct-v0.3,2,keep,yes,yes,yes,yes,yes,unclear,,,,"The sentence directly states that the higher-frequency SMA pattern group shows higher impulsivity compared to the lower-frequency group, supporting the claim of an association between the general impulsivity phenotype and functional connectivity feature.",," {""support_score"": 2, ""decision"": ""keep"", ""phenotype_supported"": true, ""feature_supported"": true, ""relationship_supported"": true, ""direction_supported"": true, ""directness_supported"": true, ""overclaiming"": null, ""corrected_phenotype"": null, ""corrected_feature_type"": null, ""corrected_direction"": null, ""rationale"": ""The sentence directly states that the higher-frequency SMA pattern group shows higher impulsivity compared to the lower-frequency group, supporting the claim of an association between the general impulsivity phenotype and functional connectivity feature.""}"
37,36747838,Individual Differences in Delay Discounting are Associated with Dorsal Prefrontal Cortex Connectivity in Youth.,2023,bioRxiv : the preprint server for biology,attentional impulsivity resting-state fMRI,unknown,functional connectivity,impulsivity (general),unknown,associated_with,unclear,,unclear,0.7,Delay discounting was associated with patterns of connectivity emanating from the left dorsal prefrontal cortex.,yes,,yes,yes,no,,,,,,,,,,mistral-7b-instruct-v0.3,2,keep,unclear,unclear,unclear,unclear,unclear,unclear,,,,"The sentence directly mentions a relationship between delay discounting (a measure of impulsivity) and functional connectivity, and specifies that this relationship is associated with patterns emanating from the left dorsal prefrontal cortex.",," {""support_score"": 2, ""decision"": ""keep"", ""phenotype_supported"": ""impulsivity (general)"", ""feature_supported"": ""functional connectivity"", ""relationship_supported"": ""associated_with"", ""direction_supported"": null, ""directness_supported"": null, ""overclaiming"": null, ""corrected_phenotype"": null, ""corrected_feature_type"": null, ""corrected_direction"": null, ""rationale"": ""The sentence directly mentions a relationship between delay discounting (a measure of impulsivity) and functional connectivity, and specifies that this relationship is associated with patterns emanating from the left dorsal prefrontal cortex.""}"
38,37884552,Neural correlates of aggression in personality disorders from the perspective of DSM-5 maladaptive traits: a systematic review.,2023,Translational psychiatry,trait impulsivity functional connectivity,unknown,functional connectivity,impulsivity (general),DSM-5 maladaptive traits,associated_with,unclear,"altered interplay between prefrontal and subcortical regions, alterations of fronto-temporal-limbic regions and serotonergic and endocannabinoid signaling systems",unclear,0.7,alterations of fronto-temporal-limbic regions and serotonergic and endocannabinoid signaling systems may link impulsivity to aggression in BPD and ASPD,yes,,yes,yes,yes,,,,,,,,,,mistral-7b-instruct-v0.3,1,revise,unclear,unclear,unclear,unclear,unclear,unclear,impulsivity (specifically in BPD and ASPD),"functional connectivity (specifically in fronto-temporal-limbic regions, serotonergic, and endocannabinoid signaling systems)",,"The sentence does not explicitly state the association between the general impulsivity phenotype and the specified feature type, but it does suggest a link between the mentioned features and impulsivity in BPD and ASPD.",," {""support_score"": 1, ""decision"": ""revise"", ""phenotype_supported"": null, ""feature_supported"": ""partially"", ""relationship_supported"": ""partially"", ""direction_supported"": null, ""directness_supported"": null, ""overclaiming"": null, ""corrected_phenotype"": ""impulsivity (specifically in BPD and ASPD)"", ""corrected_feature_type"": ""functional connectivity (specifically in fronto-temporal-limbic regions, serotonergic, and endocannabinoid signaling systems)"", ""rationale"": ""The sentence does not explicitly state the association between the general impulsivity phenotype and the specified feature type, but it does suggest a link between the mentioned features and impulsivity in BPD and ASPD.""}"
39,28040671,Decisional impulsivity and the associative-limbic subthalamic nucleus in obsessive-compulsive disorder: stimulation and connectivity.,2017,Brain : a journal of neurology,motor impulsivity resting-state fMRI,unknown,functional connectivity,impulsivity (general),obsessive-compulsive disorder,associated_with,higher,stimulation,direct,0.8,We show that stimulation of the subthalamic nucleus is causally implicated in increasing decisional impulsivity with less accumulation of evidence during probabilistic uncertainty.,yes,,yes,yes,no,,,,,,,,,,mistral-7b-instruct-v0.3,1,revise,unclear,unclear,unclear,unclear,unclear,unclear,decisional impulsivity,functional connectivity with the subthalamic nucleus,,"The sentence suggests a causal relationship between stimulation of the subthalamic nucleus and increased decisional impulsivity, but it does not explicitly state that this is associated with functional connectivity. Additionally, the sentence does not provide information about the direction or directness of the association.",," {""support_score"": 1, ""decision"": ""revise"", ""phenotype_supported"": null, ""feature_supported"": null, ""relationship_supported"": null, ""direction_supported"": null, ""directness_supported"": null, ""overclaiming"": null, ""corrected_phenotype"": ""decisional impulsivity"", ""corrected_feature_type"": ""functional connectivity with the subthalamic nucleus"", ""rationale"": ""The sentence suggests a causal relationship between stimulation of the subthalamic nucleus and increased decisional impulsivity, but it does not explicitly state that this is associated with functional connectivity. Additionally, the sentence does not provide information about the direction or directness of the association.""}"
40,39284401,"Transcranial Magnetic Stimulation-Induced Plasticity Improving Cognitive Control in Obsessive-Compulsive Disorder, Part II: Task-Based Neural Predictors of Treatment Response.",2025,Biological psychiatry,attentional impulsivity functional connectivity,unknown,functional connectivity,impulsivity (general),obsessive-compulsive disorder,associated_with,unclear,unknown,indirect,0.7,Higher activation in several task-relevant regions during planning and response inhibition and lower error-related activation corresponded with better short-term clinical improvement.,yes,,yes,yes,no,,,,,,,,,,mistral-7b-instruct-v0.3,1,revise,unclear,unclear,unclear,unclear,unclear,unclear,response inhibition (specific),,,"The sentence mentions 'planning' and 'response inhibition', but the claim is for 'impulsivity (general)', which is a broader concept. To align with the evidence, the phenotype should be more specific, such as 'response inhibition'.",," {""support_score"": 1, ""decision"": ""revise"", ""phenotype_supported"": null, ""feature_supported"": ""functional connectivity"", ""relationship_supported"": ""associated_with"", ""direction_supported"": null, ""directness_supported"": null, ""overclaiming"": null, ""corrected_phenotype"": ""response inhibition (specific)"", ""corrected_feature_type"": null, ""rationale"": ""The sentence mentions 'planning' and 'response inhibition', but the claim is for 'impulsivity (general)', which is a broader concept. To align with the evidence, the phenotype should be more specific, such as 'response inhibition'.""}"
41,39756804,Altered Functional Connectivity of Prefrontal Cortex-Related Circuitry and Trait Impulsivity in Patients With Bipolar Disorder and History of Suicide Attempts.,2025,Acta psychiatrica Scandinavica,Barratt Impulsiveness Scale resting-state fMRI,unknown,functional connectivity,impulsivity (general),Bipolar Disorder,associated_with,unclear,,unclear,0.8,BDSA had higher trait impulsivity than BDNS and the controls. BDSA exhibited reduced FC between the PFC and sensorimotor (postcentral and precentral gyri) and thalamic regions compared to BDNS.,yes,,yes,yes,yes,,,,,,,,,,mistral-7b-instruct-v0.3,2,keep,unclear,unclear,unclear,yes,yes,unclear,,,,"The sentence clearly states that BDSA, a group of patients with Bipolar Disorder and a history of suicide attempts, had higher trait impulsivity than BDNS and the controls. It also mentions reduced functional connectivity between the PFC and sensorimotor (postcentral and precentral gyri) and thalamic regions in BDSA compared to BDNS, which is associated with the impulsivity phenotype.",," {""support_score"": 2, ""decision"": ""keep"", ""phenotype_supported"": ""general impulsivity"", ""feature_supported"": ""functional connectivity"", ""relationship_supported"": ""associated_with"", ""direction_supported"": true, ""directness_supported"": true, ""overclaiming"": null, ""corrected_phenotype"": null, ""corrected_feature_type"": null, ""corrected_direction"": null, ""rationale"": ""The sentence clearly states that BDSA, a group of patients with Bipolar Disorder and a history of suicide attempts, had higher trait impulsivity than BDNS and the controls. It also mentions reduced functional connectivity between the PFC and sensorimotor (postcentral and precentral gyri) and thalamic regions in BDSA compared to BDNS, which is associated with the impulsivity phenotype.""}"
42,37058964,Impulsivity and self-regulation: A dual-process model of risky driving in young drivers in Iran.,2023,Accident; analysis and prevention,trait impulsivity functional connectivity,unknown,unknown,impulsivity (general),unknown,associated_with,unclear,mediatory role of cognitive and self-regulatory capacities,unclear,0.8,"The dual-process model of risky driving (Lazuras, Rowe, Poulter, Powell, & Ypsilanti, 2019) suggested that regulatory processes mediate the effect of impulsivity on risky driving.",yes,,yes,yes,yes,,,,,,,,,,mistral-7b-instruct-v0.3,1,revise,unclear,unclear,unclear,unclear,unclear,unclear,impulsivity (specific to risky driving),cognitive and self-regulatory capacities,,"The sentence suggests an association between impulsivity and risky driving, but it does not specify that the impulsivity is general. Also, it mentions cognitive and self-regulatory capacities as the mediators, but the claim does not specify the feature type.",," {""support_score"": 1, ""decision"": ""revise"", ""phenotype_supported"": ""partially"", ""feature_supported"": null, ""relationship_supported"": ""partially"", ""direction_supported"": null, ""directness_supported"": null, ""overclaiming"": null, ""corrected_phenotype"": ""impulsivity (specific to risky driving)"", ""corrected_feature_type"": ""cognitive and self-regulatory capacities"", ""corrected_direction"": null, ""rationale"": ""The sentence suggests an association between impulsivity and risky driving, but it does not specify that the impulsivity is general. Also, it mentions cognitive and self-regulatory capacities as the mediators, but the claim does not specify the feature type.""}"
43,19758706,Are self-injurers impulsive?: Results from two behavioral laboratory studies.,2009,Psychiatry research,Barratt Impulsiveness Scale neuroimaging,unknown,unknown,impulsivity (general),unknown,unknown,unclear,,unclear,0.3,Common clinical wisdom suggests that people who engage in self-injury are impulsive.,yes,,yes,yes,yes,,,,,,,,,,mistral-7b-instruct-v0.3,0,revise,unclear,unclear,unclear,unclear,unclear,unclear,impulsivity (self-injury),behavioral,,"The sentence suggests a relationship between self-injury and impulsivity, but it does not specify the type of impulsivity or the feature being measured. To support the extracted claim, the evidence should provide details about the specific impulsivity phenotype and feature being studied.",," {""support_score"": null, ""decision"": ""revise"", ""phenotype_supported"": null, ""feature_supported"": null, ""relationship_supported"": null, ""direction_supported"": null, ""directness_supported"": null, ""overclaiming"": null, ""corrected_phenotype"": ""impulsivity (self-injury)"", ""corrected_feature_type"": ""behavioral"", ""corrected_direction"": null, ""rationale"": ""The sentence suggests a relationship between self-injury and impulsivity, but it does not specify the type of impulsivity or the feature being measured. To support the extracted claim, the evidence should provide details about the specific impulsivity phenotype and feature being studied.""}"
44,29277650,"Macroscale variation in resting-state neuronal activity and connectivity assessed by simultaneous calcium imaging, hemodynamic imaging and electrophysiology.",2018,NeuroImage,impulsivity resting-state fMRI functional connectivity,unknown,functional connectivity,unknown,unknown,associated_with,unclear,,background,0.5,"We found that this relationship varied across brain regions in a way that is consistent across animals, with delays increasing by600 ms towards posterior cortical regions.",yes,,yes,yes,yes,,,,,,,,,,mistral-7b-instruct-v0.3,0,revise,unclear,unclear,unclear,unclear,unclear,unclear,Resting-state neuronal activity,,,"The sentence mentions a relationship between functional connectivity (delay) and brain regions, which is consistent across animals. However, it does not specify the exact phenotype (resting-state neuronal activity) and the direction of the relationship is unclear.",," {""support_score"": null, ""decision"": ""revise"", ""phenotype_supported"": null, ""feature_supported"": ""functional connectivity (delay)"", ""relationship_supported"": ""associated_with"", ""direction_supported"": null, ""directness_supported"": null, ""overclaiming"": null, ""corrected_phenotype"": ""Resting-state neuronal activity"", ""corrected_feature_type"": null, ""corrected_direction"": null, ""rationale"": ""The sentence mentions a relationship between functional connectivity (delay) and brain regions, which is consistent across animals. However, it does not specify the exact phenotype (resting-state neuronal activity) and the direction of the relationship is unclear.""}"
45,26908392,Association of ventral striatum monoamine oxidase-A binding and functional connectivity in antisocial personality disorder with high impulsivity: A positron emission tomography and functional magnetic resonance imaging study.,2016,European neuropsychopharmacology : the journal of the European College of Neuropsychopharmacology,Barratt Impulsiveness Scale resting-state fMRI,unknown,functional connectivity,impulsivity (general),antisocial personality disorder,associated_with,unclear,,direct,0.8,Results revealed functional coupling of the VSs with bilateral dorsomedial prefrontal cortex (DMPFC) that was correlated with VS MAO-A VT,yes,,yes,yes,yes,,,,,,,,,,mistral-7b-instruct-v0.3,1,revise,unclear,unclear,unclear,unclear,unclear,unclear,impulsivity (specific to antisocial personality disorder),,,"The sentence does not specify the impulsivity is specific to antisocial personality disorder, and the direction of the association is unclear.",," {""support_score"": 1, ""decision"": ""revise"", ""phenotype_supported"": null, ""feature_supported"": ""functional connectivity"", ""relationship_supported"": ""associated_with"", ""direction_supported"": null, ""directness_supported"": null, ""overclaiming"": null, ""corrected_phenotype"": ""impulsivity (specific to antisocial personality disorder)"", ""corrected_feature_type"": null, ""corrected_direction"": null, ""rationale"": ""The sentence does not specify the impulsivity is specific to antisocial personality disorder, and the direction of the association is unclear.""}"
46,36912839,Identifying Replicable Subgroups in Neurodevelopmental Conditions Using Resting-State Functional Magnetic Resonance Imaging Data.,2023,JAMA network open,trait impulsivity resting-state fMRI,unknown,unknown,impulsivity (general),unknown,associated_with,unclear,,unclear,0.5,"There was a significant difference in Strengths and Weaknesses ADHD Symptoms and Normal Behavior Hyperactivity/Impulsivity subscale (SWAN-HI) between 2 subgroups in the POND data (C and D), with subgroup D having increased hyperactivity and impulsivity traits compared with subgroup C.",yes,,yes,yes,no,,,,,,,,,,mistral-7b-instruct-v0.3,2,keep,unclear,unclear,unclear,yes,yes,unclear,,,,"The sentence directly states an association between the phenotype 'impulsivity (general)' and the feature 'Strengths and Weaknesses ADHD Symptoms and Normal Behavior Hyperactivity/Impulsivity subscale (SWAN-HI)', and also mentions a difference in this feature between two subgroups, with one subgroup having increased impulsivity traits. The direction is supported as the subgroup with increased impulsivity traits is compared to another subgroup, and the directness is supported as both the phenotype and feature are named.",," {""support_score"": 2, ""decision"": ""keep"", ""phenotype_supported"": ""impulsivity (general)"", ""feature_supported"": ""Strengths and Weaknesses ADHD Symptoms and Normal Behavior Hyperactivity/Impulsivity subscale (SWAN-HI)"", ""relationship_supported"": ""associated_with"", ""direction_supported"": true, ""directness_supported"": true, ""overclaiming"": null, ""corrected_phenotype"": null, ""corrected_feature_type"": null, ""corrected_direction"": null, ""rationale"": ""The sentence directly states an association between the phenotype 'impulsivity (general)' and the feature 'Strengths and Weaknesses ADHD Symptoms and Normal Behavior Hyperactivity/Impulsivity subscale (SWAN-HI)', and also mentions a difference in this feature between two subgroups, with one subgroup having increased impulsivity traits. The direction is supported as the subgroup with increased impulsivity traits is compared to another subgroup, and the directness is supported as both the phenotype and feature are named.""}"
47,24373553,Anhedonia in Parkinson's disease patients with and without pathological gambling: a case-control study.,2014,Psychiatry research,Barratt Impulsiveness Scale neuroimaging,unknown,unknown,impulsivity (general),Parkinson's disease,associated_with,unclear,unclear,unclear,0.7,"The PG-group, compared to the ICDs-group and PD-controls, reported a significantly higher incidence of anhedonia, higher Snaith-Hamilton Pleasure Scale (SHAPS) scores, higher levels of impulsivity traits as measured by the Barratt Impulsiveness Scale.",yes,,yes,yes,no,,,,,,,,,,mistral-7b-instruct-v0.3,2,keep,unclear,unclear,unclear,yes,yes,unclear,,,,"The sentence directly states that the PG-group (pathological gamblers) have higher levels of impulsivity traits, which supports the claim of an association between impulsivity and Parkinson's disease. The impulsivity traits are measured by the Barratt Impulsiveness Scale, which serves as the feature.",," {""support_score"": 2, ""decision"": ""keep"", ""phenotype_supported"": ""impulsivity (general)"", ""feature_supported"": ""impulsivity traits (as measured by the Barratt Impulsiveness Scale)"", ""relationship_supported"": ""associated_with"", ""direction_supported"": true, ""directness_supported"": true, ""overclaiming"": null, ""corrected_phenotype"": null, ""corrected_feature_type"": null, ""rationale"": ""The sentence directly states that the PG-group (pathological gamblers) have higher levels of impulsivity traits, which supports the claim of an association between impulsivity and Parkinson's disease. The impulsivity traits are measured by the Barratt Impulsiveness Scale, which serves as the feature.""}"
48,33426970,Add-on repetitive transcranial magnetic stimulation in patients with opioid use disorder undergoing methadone maintenance therapy.,2021,The American journal of drug and alcohol abuse,Barratt Impulsiveness Scale neuroimaging,unknown,unknown,impulsivity (general),opioid use disorder,associated_with,unclear,,unclear,0.5,"BIS-11 attentional subscales and CPTs commission T-scores (C-TS) were significantly lower in the active rTMS group (P = .003, 0.02, respectively) than in the sham group.",yes,,yes,yes,no,,,,,,,,,,mistral-7b-instruct-v0.3,1,revise,unclear,unclear,unclear,unclear,unclear,unclear,"impulsivity (specifically, attentional impulsivity)",,,"The sentence mentions a change in attentional subscales and CPTs commission T-scores, which are measures related to attention and impulse control. However, the claim is about general impulsivity, so the revised phenotype is more specific to the evidence.",," {""support_score"": 1, ""decision"": ""revise"", ""phenotype_supported"": null, ""feature_supported"": ""attentional subscales and CPTs commission"", ""relationship_supported"": ""associated_with"", ""direction_supported"": null, ""directness_supported"": null, ""overclaiming"": null, ""corrected_phenotype"": ""impulsivity (specifically, attentional impulsivity)"", ""corrected_feature_type"": null, ""rationale"": ""The sentence mentions a change in attentional subscales and CPTs commission T-scores, which are measures related to attention and impulse control. However, the claim is about general impulsivity, so the revised phenotype is more specific to the evidence.""}"
49,31383336,Hypothesis: Compulsive hoarding as an atavism.,2019,Medical hypotheses,trait impulsivity functional connectivity,unknown,unknown,impulsivity (general),unknown,associated_with,unclear,,background,0.3,"We propose that hoarding disorder may be an ancestral mammalian behavior, possibly hard-wired but dormant in present-day humans, that can be activated by traumatic experiences.",yes,,yes,yes,no,,,,,,,,,,mistral-7b-instruct-v0.3,0,revise,unclear,unclear,unclear,unclear,unclear,unclear,hoarding disorder,unknown,,"The sentence suggests an association between hoarding disorder and impulsivity, but it does not provide specific evidence for the general impulsivity claim. The sentence also does not provide information about the feature or direction of the relationship.",," {""support_score"": null, ""decision"": ""revise"", ""phenotype_supported"": null, ""feature_supported"": null, ""relationship_supported"": null, ""direction_supported"": null, ""directness_supported"": null, ""overclaiming"": null, ""corrected_phenotype"": ""hoarding disorder"", ""corrected_feature_type"": ""unknown"", ""corrected_direction"": null, ""rationale"": ""The sentence suggests an association between hoarding disorder and impulsivity, but it does not provide specific evidence for the general impulsivity claim. The sentence also does not provide information about the feature or direction of the relationship.""}"
50,25928822,Altered resting-state frontoparietal control network in children with attention-deficit/hyperactivity disorder.,2015,Journal of the International Neuropsychological Society : JINS,attentional impulsivity resting-state fMRI,unknown,functional connectivity,attentional impulsivity,attention-deficit/hyperactivity disorder (ADHD),associated_with,unclear,unclear,direct,0.8,"Individuals with ADHD commonly exhibit deficits in executive functions, which are mainly mediated by the frontoparietal control network.",yes,,yes,yes,no,,,,,,,,,,mistral-7b-instruct-v0.3,1,revise,unclear,unclear,unclear,unclear,unclear,unclear,executive functions,,associated_with_impaired,"The sentence mentions a group difference (ADHD individuals) and a feature (functional connectivity of the frontoparietal control network), but it does not explicitly state that this feature is associated with the phenotype of attentional impulsivity. However, it is reasonable to infer that impairments in executive functions, which are mainly mediated by the frontoparietal control network, could be related to attentional impulsivity, a common symptom in ADHD.",," {""support_score"": 1, ""decision"": ""revise"", ""phenotype_supported"": null, ""feature_supported"": ""functional connectivity"", ""relationship_supported"": ""associated_with"", ""direction_supported"": null, ""directness_supported"": null, ""overclaiming"": null, ""corrected_phenotype"": ""executive functions"", ""corrected_direction"": ""associated_with_impaired"", ""rationale"": ""The sentence mentions a group difference (ADHD individuals) and a feature (functional connectivity of the frontoparietal control network), but it does not explicitly state that this feature is associated with the phenotype of attentional impulsivity. However, it is reasonable to infer that impairments in executive functions, which are mainly mediated by the frontoparietal control network, could be related to attentional impulsivity, a common symptom in ADHD.""}"
51,9571295,Frontal lobe functions and dysfunctions.,1998,Clinical EEG (electroencephalography),attentional impulsivity functional connectivity,unknown,EEG connectivity,impulsivity (general),unknown,associated_with,unclear,unknown,background,0.3,"The prefrontal cortex is also involved in motor action: in its initiation, planning, designing and sequencing rather than its mere execution.",yes,,yes,yes,yes,,,,,,,,,,mistral-7b-instruct-v0.3,0,drop,unclear,unclear,unclear,unclear,unclear,yes,,,,"The sentence does not provide evidence for the association between impulsivity (general) and EEG connectivity. It discusses the role of the prefrontal cortex in motor action, which is not directly related to the extracted claim.",," {""support_score"": null, ""decision"": ""drop"", ""phenotype_supported"": null, ""feature_supported"": null, ""relationship_supported"": null, ""direction_supported"": null, ""directness_supported"": null, ""overclaiming"": true, ""corrected_phenotype"": null, ""corrected_feature_type"": null, ""corrected_direction"": null, ""rationale"": ""The sentence does not provide evidence for the association between impulsivity (general) and EEG connectivity. It discusses the role of the prefrontal cortex in motor action, which is not directly related to the extracted claim.""}"
52,22901705,Alterations in regional homogeneity of resting-state brain activity in internet gaming addicts.,2012,Behavioral and brain functions : BBF,motor impulsivity resting-state fMRI,unknown,BOLD variability,unknown,internet gaming addiction,associated_with,unclear,,unclear,0.6,"Comparing to the healthy controls, IGA subjects show enhanced ReHo in brainstem, inferior parietal lobule, left posterior cerebellum, and left middle frontal gyrus. All of these regions are thought related with sensory-motor coordination.",yes,,yes,yes,yes,,,,,,,,,,mistral-7b-instruct-v0.3,2,keep,unclear,unclear,unclear,unclear,unclear,unclear,Internet Gaming Addicts,ReHo (Regional Homogeneity),,"The sentence clearly indicates an association between the phenotype (Internet Gaming Addicts) and the feature (ReHo in specific brain regions), which is the BOLD variability in this case.",," {""support_score"": 2, ""decision"": ""keep"", ""phenotype_supported"": null, ""feature_supported"": ""BOLD variability"", ""relationship_supported"": ""associated_with"", ""direction_supported"": null, ""directness_supported"": null, ""overclaiming"": null, ""corrected_phenotype"": ""Internet Gaming Addicts"", ""corrected_feature_type"": ""ReHo (Regional Homogeneity)"", ""rationale"": ""The sentence clearly indicates an association between the phenotype (Internet Gaming Addicts) and the feature (ReHo in specific brain regions), which is the BOLD variability in this case.""}"
53,34851976,Differential structure-function network coupling in the inattentive and combined types of attention deficit hyperactivity disorder.,2021,PloS one,attentional impulsivity resting-state fMRI,unknown,functional connectivity,attentional impulsivity,attention deficit hyperactivity disorder (ADHD),associated_with,unclear,,unclear,0.7,"children with ADHD had lower structural connectivity and network efficiency in the DMN, without significant group differences in functional networks.",yes,,yes,yes,yes,,,,,,,,,,mistral-7b-instruct-v0.3,0,drop,unclear,unclear,unclear,unclear,unclear,unclear,,,,"The sentence does not provide evidence for the association between attentional impulsivity and functional connectivity in the context of ADHD. It only mentions structural connectivity and network efficiency in the DMN, without any reference to functional networks or impulsivity.",," {""support_score"": 0, ""decision"": ""drop"", ""phenotype_supported"": null, ""feature_supported"": null, ""relationship_supported"": null, ""direction_supported"": null, ""directness_supported"": null, ""overclaiming"": null, ""corrected_phenotype"": null, ""corrected_feature_type"": null, ""corrected_direction"": null, ""rationale"": ""The sentence does not provide evidence for the association between attentional impulsivity and functional connectivity in the context of ADHD. It only mentions structural connectivity and network efficiency in the DMN, without any reference to functional networks or impulsivity.""}"
54,28174127,Altered functional connectivity in default mode network in Internet gaming disorder: Influence of childhood ADHD.,2017,Progress in neuro-psychopharmacology & biological psychiatry,attentional impulsivity resting-state fMRI,unknown,functional connectivity,impulsivity (general),"Internet gaming disorder, Attention deficit and hyperactivity disorder (ADHD)",associated_with,unclear,unclear,unclear,0.7,"Individuals with IGD showed altered PCC-based FC, the characteristics of which might be dependent upon history of childhood ADHD.",yes,,yes,yes,yes,,,,,,,,,,mistral-7b-instruct-v0.3,1,revise,unclear,unclear,unclear,unclear,unclear,unclear,impulsivity (specifically related to Internet Gaming Disorder),,,"The sentence mentions a group difference (Individuals with IGD) and an associated feature (altered functional connectivity), but it does not explicitly state the phenotype (impulsivity) or provide information about the direction of the association. However, the context suggests that the altered functional connectivity might be related to the phenotype of impulsivity, specifically in the context of Internet Gaming Disorder.",," {""support_score"": 1, ""decision"": ""revise"", ""phenotype_supported"": null, ""feature_supported"": ""functional connectivity"", ""relationship_supported"": ""associated_with"", ""direction_supported"": null, ""directness_supported"": null, ""overclaiming"": null, ""corrected_phenotype"": ""impulsivity (specifically related to Internet Gaming Disorder)"", ""corrected_feature_type"": null, ""corrected_direction"": null, ""rationale"": ""The sentence mentions a group difference (Individuals with IGD) and an associated feature (altered functional connectivity), but it does not explicitly state the phenotype (impulsivity) or provide information about the direction of the association. However, the context suggests that the altered functional connectivity might be related to the phenotype of impulsivity, specifically in the context of Internet Gaming Disorder.""}"
55,28860514,Delay discounting is associated with the fractional amplitude of low-frequency fluctuations and resting-state functional connectivity in late adolescence.,2017,Scientific reports,trait impulsivity resting-state fMRI,unknown,functional connectivity,impulsivity (general),unknown,associated_with,unclear,,direct,0.8,DD was positively correlated with the RSFC between the dACC and the left dorsolateral prefrontal cortex (DLPFC),yes,,yes,yes,yes,,,,,,,,,,mistral-7b-instruct-v0.3,1,revise,unclear,unclear,unclear,unclear,unclear,unclear,impulsivity (specific to delay discounting),,,"The sentence does not explicitly state that the impulsivity (general) is associated with the specified functional connectivity. However, it can be inferred that delay discounting, a measure of impulsivity, is associated with the functional connectivity between dACC and left DLPFC.",," {""support_score"": 1, ""decision"": ""revise"", ""phenotype_supported"": null, ""feature_supported"": ""functional connectivity between dACC and left DLPFC"", ""relationship_supported"": ""associated_with"", ""direction_supported"": null, ""directness_supported"": null, ""overclaiming"": null, ""corrected_phenotype"": ""impulsivity (specific to delay discounting)"", ""corrected_feature_type"": null, ""corrected_direction"": null, ""rationale"": ""The sentence does not explicitly state that the impulsivity (general) is associated with the specified functional connectivity. However, it can be inferred that delay discounting, a measure of impulsivity, is associated with the functional connectivity between dACC and left DLPFC.""}"
56,37673288,Resting-state functional magnetic resonance imaging alterations in borderline personality disorder: A systematic review.,2023,Journal of affective disorders,impulsivity resting-state fMRI functional connectivity,unknown,functional connectivity,impulsivity (general),borderline personality disorder,associated_with,unclear,,unclear,0.7,"In particular, resting-state functional magnetic resonance imaging (rs-fMRI) studies have recently suggested various connectivity alterations within and between large-scale brain networks in BPD.",yes,,yes,yes,yes,,,,,,,,,,mistral-7b-instruct-v0.3,0,revise,unclear,unclear,unclear,unclear,unclear,unclear,impulsivity (general),,,"The sentence mentions 'connectivity alterations' which can be associated with 'impulsivity (general)', but it does not specify the exact feature or direction of the association. Therefore, the claim needs revision.",," {""support_score"": null, ""decision"": ""revise"", ""phenotype_supported"": null, ""feature_supported"": ""functional connectivity"", ""relationship_supported"": ""associated_with"", ""direction_supported"": null, ""directness_supported"": null, ""overclaiming"": null, ""corrected_phenotype"": ""impulsivity (general)"", ""corrected_feature_type"": null, ""corrected_direction"": null, ""rationale"": ""The sentence mentions 'connectivity alterations' which can be associated with 'impulsivity (general)', but it does not specify the exact feature or direction of the association. Therefore, the claim needs revision.""}"
57,28777996,Neural connectivity moderates the association between sleep and impulsivity in adolescents.,2017,Developmental cognitive neuroscience,impulsivity fMRI functional connectivity,unknown,functional connectivity,impulsivity (general),unknown,associated_with,unclear,,unclear,0.7,"Poor sleep quality was related to greater affect-related impulsivity among adolescents with low, but not high, connectivity.",yes,,yes,yes,no,,,,,,,,,,mistral-7b-instruct-v0.3,1,revise,unclear,unclear,unclear,unclear,unclear,unclear,impulsivity (affect-related),functional connectivity,,"The sentence partially supports the claim by associating impulsivity (affect-related) with functional connectivity, but it does not specify the direction or directness of the association, and it only mentions a group difference (low vs high connectivity) without directly stating a phenotype-feature association.",," {""support_score"": 1, ""decision"": ""revise"", ""phenotype_supported"": ""partially"", ""feature_supported"": ""partially"", ""relationship_supported"": ""partially"", ""direction_supported"": null, ""directness_supported"": null, ""overclaiming"": null, ""corrected_phenotype"": ""impulsivity (affect-related)"", ""corrected_feature_type"": ""functional connectivity"", ""rationale"": ""The sentence partially supports the claim by associating impulsivity (affect-related) with functional connectivity, but it does not specify the direction or directness of the association, and it only mentions a group difference (low vs high connectivity) without directly stating a phenotype-feature association.""}"
58,37209127,Reduced loss aversion in value-based decision-making and edge-centric functional connectivity in patients with internet gaming disorder.,2023,Journal of behavioral addictions,impulsivity neuroimaging functional connectivity,unknown,functional connectivity,impulsivity (general),internet gaming disorder,associated_with,unclear,,unclear,0.7,PIGD performed worse with lower average net score in IGT.,yes,,yes,yes,yes,,,,,,,,,,mistral-7b-instruct-v0.3,0,drop,unclear,unclear,unclear,unclear,unclear,unclear,,,,The sentence does not provide evidence for the association between impulsivity (general) and functional connectivity in the context of internet gaming disorder.,," {""support_score"": 0, ""decision"": ""drop"", ""phenotype_supported"": null, ""feature_supported"": null, ""relationship_supported"": null, ""direction_supported"": null, ""directness_supported"": null, ""overclaiming"": null, ""corrected_phenotype"": null, ""corrected_feature_type"": null, ""corrected_direction"": null, ""rationale"": ""The sentence does not provide evidence for the association between impulsivity (general) and functional connectivity in the context of internet gaming disorder.""}"
59,26648853,Impulsivity is Associated with Increased Metabolism in the Fronto-Insular Network in Parkinson's Disease.,2015,Frontiers in behavioral neuroscience,Barratt Impulsiveness Scale neuroimaging,unknown,functional connectivity,impulsivity (general),Parkinson's disease,associated_with,higher,unclear,direct,0.8,"Voxel-wise group comparison revealed higher FDG-metabolism in the orbitofrontal cortex (OFC), anterior cingulate cortex (ACC), and right insula in patients with higher impulsivity scores.",yes,,yes,yes,yes,,,,,,,,,,mistral-7b-instruct-v0.3,2,keep,unclear,unclear,unclear,unclear,unclear,unclear,,,,"The sentence directly states that higher impulsivity scores are associated with increased metabolism in specific brain regions, which aligns with the extracted claim.",," {""support_score"": 2, ""decision"": ""keep"", ""phenotype_supported"": ""impulsivity (general)"", ""feature_supported"": ""FDG-metabolism"", ""relationship_supported"": ""associated_with"", ""direction_supported"": ""higher"", ""directness_supported"": ""direct"", ""overclaiming"": null, ""corrected_phenotype"": null, ""corrected_feature_type"": null, ""corrected_direction"": null, ""rationale"": ""The sentence directly states that higher impulsivity scores are associated with increased metabolism in specific brain regions, which aligns with the extracted claim.""}"
60,26460483,Lateral prefrontal model-based signatures are reduced in healthy individuals with high trait impulsivity.,2015,Translational psychiatry,Barratt Impulsiveness Scale fMRI,unknown,functional connectivity,impulsivity (general),unknown,associated_with,lower,behavioral and neural signatures,direct,0.7,Right lateral prefrontal model-based signatures were reduced in high-impulsive individuals.,yes,,yes,yes,yes,,,,,,,,,,mistral-7b-instruct-v0.3,2,keep,unclear,unclear,unclear,yes,yes,unclear,,,,The sentence directly states that reduced functional connectivity is associated with general impulsivity in the lateral prefrontal region.,," {""support_score"": 2, ""decision"": ""keep"", ""phenotype_supported"": ""general_impulsivity"", ""feature_supported"": ""functional connectivity"", ""relationship_supported"": ""associated_with"", ""direction_supported"": true, ""directness_supported"": true, ""overclaiming"": null, ""corrected_phenotype"": null, ""corrected_feature_type"": null, ""corrected_direction"": null, ""rationale"": ""The sentence directly states that reduced functional connectivity is associated with general impulsivity in the lateral prefrontal region.""}"
61,25738502,Decreased prefrontal lobe interhemispheric functional connectivity in adolescents with internet gaming disorder: a primary study using resting-state FMRI.,2015,PloS one,impulsivity resting-state fMRI functional connectivity,unknown,functional connectivity,impulsivity (general),Internet gaming disorder,associated_with,lower,unclear,direct,0.7,"Compared to healthy controls, IGD participants showed decreased VMHC between the left and right superior frontal gyrus (orbital part), inferior frontal gyrus (orbital part), middle frontal gyrus and superior frontal gyrus.",yes,,yes,yes,yes,,,,,,,,,,mistral-7b-instruct-v0.3,2,keep,unclear,unclear,unclear,unclear,unclear,unclear,,,,"The sentence directly states a lower functional connectivity between specific brain regions in individuals with Internet Gaming Disorder compared to healthy controls, which aligns with the extracted claim's association of impulsivity (general) with a lower functional connectivity.",," {""support_score"": 2, ""decision"": ""keep"", ""phenotype_supported"": null, ""feature_supported"": ""functional connectivity between the left and right superior frontal gyrus (orbital part), inferior frontal gyrus (orbital part), middle frontal gyrus and superior frontal gyrus"", ""relationship_supported"": ""associated_with"", ""direction_supported"": ""lower"", ""directness_supported"": ""direct"", ""overclaiming"": null, ""corrected_phenotype"": null, ""corrected_feature_type"": null, ""corrected_direction"": null, ""rationale"": ""The sentence directly states a lower functional connectivity between specific brain regions in individuals with Internet Gaming Disorder compared to healthy controls, which aligns with the extracted claim's association of impulsivity (general) with a lower functional connectivity.""}"
62,29034964,Hemispheric asymmetry of the frontolimbic cortex in young adults with borderline personality disorder.,2017,Acta psychiatrica Scandinavica,Barratt Impulsiveness Scale fMRI,unknown,structural connectivity,impulsivity (general),borderline personality disorder,associated_with,unclear,,unclear,0.7,Patients with BPD had reduced cortical thickness in left ACC and less surface area and gray matter volume in left AI.,yes,,yes,yes,no,,,,,,,,,,mistral-7b-instruct-v0.3,1,revise,unclear,unclear,unclear,unclear,unclear,unclear,"impulsivity (potentially, as BPD is associated with impulsivity but not explicitly mentioned in the sentence)",,,"The sentence mentions structural changes in the brain regions, but it does not explicitly associate these changes with impulsivity. However, given that impulsivity is a symptom of BPD, it is plausible that these structural changes could be related to impulsivity.",," {""support_score"": 1, ""decision"": ""revise"", ""phenotype_supported"": null, ""feature_supported"": [""structural""], ""relationship_supported"": null, ""direction_supported"": null, ""directness_supported"": null, ""overclaiming"": null, ""corrected_phenotype"": ""impulsivity (potentially, as BPD is associated with impulsivity but not explicitly mentioned in the sentence)"", ""corrected_feature_type"": null, ""corrected_direction"": null, ""rationale"": ""The sentence mentions structural changes in the brain regions, but it does not explicitly associate these changes with impulsivity. However, given that impulsivity is a symptom of BPD, it is plausible that these structural changes could be related to impulsivity.""}"
63,39796107,The Relationship Between Impulsivity Traits and In Vivo Cerebral Serotonin Transporter and Serotonin 2A Receptor Binding in Healthy Individuals: A Double-Tracer PET Study with C-11 DASB and C-11 MDL100907.,2024,International journal of molecular sciences,Barratt Impulsiveness Scale fMRI,unknown,unknown,nonplanning impulsivity,unknown,associated_with,higher,serotonergic neurotransmission,direct,0.8,"The region of interest (ROI)-based partial correlation analysis with age, sex, and temperament traits as covariates revealed a significant positive correlation between non-planning impulsiveness and [11C]MDL100907 BPND in the caudate (CAU) at Bonferroni-corrected p < 0.0045.",yes,,yes,yes,yes,,,,,,,,,,mistral-7b-instruct-v0.3,2,keep,unclear,unclear,unclear,unclear,unclear,unclear,,,,"The sentence directly states a positive correlation between non-planning impulsiveness and the BPND of [11C]MDL100907 in the caudate, which supports the claim of association between nonplanning impulsivity and a feature (BPND of [11C]MDL100907) and the direction of higher values.",," {""support_score"": 2, ""decision"": ""keep"", ""phenotype_supported"": ""nonplanning impulsivity"", ""feature_supported"": ""BPND (binding potential) of [11C]MDL100907"", ""relationship_supported"": ""associated_with"", ""direction_supported"": ""higher"", ""directness_supported"": ""direct"", ""overclaiming"": null, ""corrected_phenotype"": null, ""corrected_feature_type"": null, ""corrected_direction"": null, ""rationale"": ""The sentence directly states a positive correlation between non-planning impulsiveness and the BPND of [11C]MDL100907 in the caudate, which supports the claim of association between nonplanning impulsivity and a feature (BPND of [11C]MDL100907) and the direction of higher values.""}"
64,32121585,"Random Forest Classification of Alcohol Use Disorder Using EEG Source Functional Connectivity, Neuropsychological Functioning, and Impulsivity Measures.",2020,"Behavioral sciences (Basel, Switzerland)",nonplanning impulsivity functional connectivity,unknown,EEG connectivity,nonplanning impulsivity,alcohol use disorder,associated_with,higher,hyperconnectivity,direct,1.0,"The AUD group showed a predominant pattern of hyperconnectivity among 29 significant connections, indicating aberrant network functioning during resting state suggestive of neural hyperexcitability and impulsivity.",yes,,yes,yes,no,,,,,,,,,,mistral-7b-instruct-v0.3,2,keep,unclear,unclear,unclear,unclear,unclear,unclear,,,,"The sentence directly states that hyperconnectivity is associated with impulsivity, and the context of the paper is alcohol use disorder, which aligns with the extracted claim's diagnostic context. The hyperconnectivity is among EEG connections, which matches the feature type.",," {""support_score"": 2, ""decision"": ""keep"", ""phenotype_supported"": null, ""feature_supported"": ""EEG connectivity"", ""relationship_supported"": ""associated_with"", ""direction_supported"": ""higher"", ""directness_supported"": ""direct"", ""overclaiming"": null, ""corrected_phenotype"": null, ""corrected_feature_type"": null, ""corrected_direction"": null, ""rationale"": ""The sentence directly states that hyperconnectivity is associated with impulsivity, and the context of the paper is alcohol use disorder, which aligns with the extracted claim's diagnostic context. The hyperconnectivity is among EEG connections, which matches the feature type.""}"
65,31284029,Genetic contribution to the phenotypic correlation between trait impulsivity and resting-state functional connectivity of the amygdala and its subregions.,2019,NeuroImage,impulsivity resting-state fMRI functional connectivity,unknown,functional connectivity,impulsivity (general),unknown,associated_with,higher,,direct,0.8,Trait impulsivity was positively correlated with the rsFC between the left full amygdala and the right dorsolateral prefrontal cortex (DLPFC).,yes,,yes,yes,no,,,,,,,,,,mistral-7b-instruct-v0.3,2,keep,unclear,unclear,unclear,yes,yes,unclear,,,,"The sentence directly states that trait impulsivity is positively correlated with the functional connectivity between the left full amygdala and the right dorsolateral prefrontal cortex, which aligns with the extracted claim's phenotype, feature, relationship, and direction.",," {""support_score"": 2, ""decision"": ""keep"", ""phenotype_supported"": ""impulsivity (general)"", ""feature_supported"": ""functional connectivity"", ""relationship_supported"": ""associated_with"", ""direction_supported"": true, ""directness_supported"": true, ""overclaiming"": null, ""corrected_phenotype"": null, ""corrected_feature_type"": null, ""corrected_direction"": null, ""rationale"": ""The sentence directly states that trait impulsivity is positively correlated with the functional connectivity between the left full amygdala and the right dorsolateral prefrontal cortex, which aligns with the extracted claim's phenotype, feature, relationship, and direction.""}"
66,41932505,Intrinsic functional connectivity alterations in medication-naïve children with combined and inattentive ADHD types: Evidence from cortical surface-based analysis.,2026,Journal of affective disorders,motor impulsivity resting-state fMRI,unknown,functional connectivity,impulsivity (general),ADHD,associated_with,unclear,,unclear,0.7,"Significant intra- and inter-network FC disruptions emerged in children with ADHD, particularly in default mode (DMN), ventral attentional (VAN), and somatosensory-motor (SMN) networks.",yes,,yes,yes,yes,,,,,,,,,,mistral-7b-instruct-v0.3,1,revise,unclear,unclear,unclear,unclear,unclear,unclear,impulsivity (general) or ADHD,,,"The sentence does not explicitly mention impulsivity, but it does support the association of functional connectivity with ADHD. To make the claim more specific, the phenotype should be revised to include ADHD or the claim should be revised to focus on the networks affected in ADHD.",," {""support_score"": 1, ""decision"": ""revise"", ""phenotype_supported"": null, ""feature_supported"": ""functional connectivity"", ""relationship_supported"": ""associated_with"", ""direction_supported"": null, ""directness_supported"": null, ""overclaiming"": null, ""corrected_phenotype"": ""impulsivity (general) or ADHD"", ""corrected_feature_type"": null, ""corrected_direction"": null, ""rationale"": ""The sentence does not explicitly mention impulsivity, but it does support the association of functional connectivity with ADHD. To make the claim more specific, the phenotype should be revised to include ADHD or the claim should be revised to focus on the networks affected in ADHD.""}"
67,35007715,Risk-taking in humans and the medial orbitofrontal cortex reward system.,2022,NeuroImage,impulsivity fMRI functional connectivity,unknown,functional connectivity,impulsivity (general),unknown,associated_with,higher,unclear,direct,0.9,"Functional connectivities of the medial orbitofrontal cortex, ventromedial prefrontal cortex (VMPFC), and the parahippocampal areas were significantly higher in the risk-taking group.",yes,,yes,yes,no,,,,,,,,,,mistral-7b-instruct-v0.3,2,keep,unclear,unclear,unclear,unclear,unclear,unclear,,,,"The sentence directly states that functional connectivities of specific brain areas are higher in the risk-taking group, which aligns with the claim of a general impulsivity phenotype being associated with higher functional connectivity.",," {""support_score"": 2, ""decision"": ""keep"", ""phenotype_supported"": ""impulsivity (general)"", ""feature_supported"": ""functional connectivity"", ""relationship_supported"": ""associated_with"", ""direction_supported"": ""higher"", ""directness_supported"": ""direct"", ""overclaiming"": null, ""corrected_phenotype"": null, ""corrected_feature_type"": null, ""corrected_direction"": null, ""rationale"": ""The sentence directly states that functional connectivities of specific brain areas are higher in the risk-taking group, which aligns with the claim of a general impulsivity phenotype being associated with higher functional connectivity.""}"
68,40630648,Identifying a Biological Signature of Trauma-Related Neurodegeneration Following Repeated Traumatic Brain Injuries Compared with Healthy Controls.,2025,Neurotrauma reports,Barratt Impulsiveness Scale fMRI,unknown,unknown,impulsivity (general),unknown,associated_with,unclear,,unclear,0.5,The TBI group had higher BIS scores compared with the controls.,yes,,yes,yes,no,,,,,,,,,,mistral-7b-instruct-v0.3,2,keep,unclear,unclear,unclear,yes,yes,unclear,,,,"The sentence directly states that the TBI group had higher BIS scores compared with the controls, which is a measure of impulsivity. Therefore, the sentence supports the claim that impulsivity is associated with the TBI group.",," {""support_score"": 2, ""decision"": ""keep"", ""phenotype_supported"": ""general_impulsivity"", ""feature_supported"": ""BIS_scores"", ""relationship_supported"": ""associated_with"", ""direction_supported"": true, ""directness_supported"": true, ""overclaiming"": null, ""corrected_phenotype"": null, ""corrected_feature_type"": null, ""corrected_direction"": null, ""rationale"": ""The sentence directly states that the TBI group had higher BIS scores compared with the controls, which is a measure of impulsivity. Therefore, the sentence supports the claim that impulsivity is associated with the TBI group.""}"
69,40193128,Subthalamic Deep Brain Stimulation: Mapping Non-Motor Outcomes to Structural Connections.,2025,Human brain mapping,impulsivity neuroimaging functional connectivity,unknown,structural connectivity,impulsivity (general),unknown,associated_with,unclear,,unclear,0.7,"The study aimed at providing a proof of concept for this approach by mapping changes along extensive score batteries to a few anatomical fiber bundles and, in turn, estimating changes in individual scores based on stimulation of these tracts. Each component was associated with the stimulation of spatially segregated fiber bundles connecting regions of the frontal cortex with the subthalamic nucleus.",yes,,yes,yes,no,,,,,,,,,,mistral-7b-instruct-v0.3,0,revise,unclear,unclear,unclear,unclear,unclear,unclear,"impulsivity (specific subtype, e.g., motor impulsivity)",,,"The sentence mentions the association of components with stimulation of fiber bundles connecting regions of the frontal cortex with the subthalamic nucleus, which can be interpreted as a structural connectivity feature. However, the phenotype 'impulsivity (general)' needs to be more specific to align with the study's focus on non-motor outcomes.",," {""support_score"": null, ""decision"": ""revise"", ""phenotype_supported"": null, ""feature_supported"": ""structural connectivity"", ""relationship_supported"": ""associated_with"", ""direction_supported"": null, ""directness_supported"": null, ""overclaiming"": null, ""corrected_phenotype"": ""impulsivity (specific subtype, e.g., motor impulsivity)"", ""corrected_feature_type"": null, ""rationale"": ""The sentence mentions the association of components with stimulation of fiber bundles connecting regions of the frontal cortex with the subthalamic nucleus, which can be interpreted as a structural connectivity feature. However, the phenotype 'impulsivity (general)' needs to be more specific to align with the study's focus on non-motor outcomes.""}"
70,32987241,Intrinsic functional connectivity of the default mode and cognitive control networks relate to change in behavioral performance over two years.,2020,Cortex; a journal devoted to the study of the nervous system and behavior,impulsivity fMRI functional connectivity,unknown,functional connectivity,unknown,unknown,correlates_with,unclear,,direct,0.8,Increased within-network connectivity through central and left DMN was associated with increased memory performance.,yes,,yes,yes,no,,,,,,,,,,mistral-7b-instruct-v0.3,2,keep,unclear,unclear,unclear,unclear,unclear,unclear,,,,"The sentence directly states that increased functional connectivity through central and left DMN is associated with increased memory performance, which supports the claim that functional connectivity correlates with a phenotype (memory performance), but the specific phenotype is not named in the claim.",," {""support_score"": 2, ""decision"": ""keep"", ""phenotype_supported"": null, ""feature_supported"": ""functional connectivity"", ""relationship_supported"": ""correlates_with"", ""direction_supported"": null, ""directness_supported"": ""direct"", ""overclaiming"": null, ""corrected_phenotype"": null, ""corrected_feature_type"": null, ""corrected_direction"": null, ""rationale"": ""The sentence directly states that increased functional connectivity through central and left DMN is associated with increased memory performance, which supports the claim that functional connectivity correlates with a phenotype (memory performance), but the specific phenotype is not named in the claim.""}"
71,26830141,Midbrain functional connectivity and ventral striatal dopamine D2-type receptors: link to impulsivity in methamphetamine users.,2016,Molecular psychiatry,Barratt Impulsiveness Scale resting-state fMRI,unknown,functional connectivity,impulsivity (general),methamphetamine-dependent,associated_with,unclear,unknown,unclear,0.8,"Impulsivity is correlated negatively with striatal D2-type receptor availability, and mesocorticolimbic RSFC is stronger than that in controls.",yes,,yes,yes,no,,,,,,,,,,mistral-7b-instruct-v0.3,2,keep,unclear,unclear,unclear,yes,yes,unclear,,,,"The sentence directly states that impulsivity is correlated negatively with striatal D2-type receptor availability, which is a feature of the brain system. Additionally, it mentions that mesocorticolimbic RSFC (functional connectivity) is stronger than that in controls, which supports the association between impulsivity and functional connectivity.",," {""support_score"": 2, ""decision"": ""keep"", ""phenotype_supported"": ""impulsivity (general)"", ""feature_supported"": ""functional connectivity"", ""relationship_supported"": ""associated_with"", ""direction_supported"": true, ""directness_supported"": true, ""overclaiming"": null, ""corrected_phenotype"": null, ""corrected_feature_type"": null, ""corrected_direction"": null, ""rationale"": ""The sentence directly states that impulsivity is correlated negatively with striatal D2-type receptor availability, which is a feature of the brain system. Additionally, it mentions that mesocorticolimbic RSFC (functional connectivity) is stronger than that in controls, which supports the association between impulsivity and functional connectivity.""}"
72,41281564,Associations between structural injury and task-based corticomuscular connectivity after stroke.,2025,Frontiers in neurology,motor impulsivity functional connectivity,unknown,EEG connectivity,unknown,unknown,associates_with,unclear,unclear,background,0.6,"In this study, we examined relationships between structural injury and integrity measures with task-based functional connectivity between electrodes overlying sensorimotor cortical regions and affected upper-extremity musculature (referred to as corticomuscular coherence; CMC).",yes,,yes,yes,no,,,,,,,,,,mistral-7b-instruct-v0.3,2,keep,unclear,unclear,unclear,unclear,unclear,unclear,upper-extremity motor function,,,"The sentence directly mentions the association between structural injury and task-based functional connectivity, which is the EEG connectivity in this case. The study focuses on upper-extremity motor function, which is a phenotype associated with the EEG connectivity.",," {""support_score"": 2, ""decision"": ""keep"", ""phenotype_supported"": null, ""feature_supported"": ""EEG connectivity"", ""relationship_supported"": ""associates_with"", ""direction_supported"": null, ""directness_supported"": null, ""overclaiming"": null, ""corrected_phenotype"": ""upper-extremity motor function"", ""corrected_feature_type"": null, ""corrected_direction"": null, ""rationale"": ""The sentence directly mentions the association between structural injury and task-based functional connectivity, which is the EEG connectivity in this case. The study focuses on upper-extremity motor function, which is a phenotype associated with the EEG connectivity.""}"
73,38018143,Converging Evidence for Frontopolar Cortex as a Target for Neuromodulation in Addiction Treatment.,2024,The American journal of psychiatry,trait impulsivity functional connectivity,unknown,functional connectivity,impulsivity (general),substance use disorders,associated_with,unclear,neuromodulation,direct,0.8,"This approach is supported by converging multimodal evidence, including functional MRI-based maps.",yes,,yes,yes,no,,,,,,,,,,mistral-7b-instruct-v0.3,0,revise,unclear,unclear,unclear,unclear,unclear,unclear,"impulsivity (general, related to substance use disorders)","functional connectivity (specifically, functional MRI-based)",,"The sentence mentions 'functional MRI-based maps', which can be interpreted as evidence of functional connectivity. However, it does not explicitly state the phenotype (impulsivity) or the relationship (associated with) in a clear and direct manner. The claim also mentions 'impulsivity (general)', but the paper does not provide evidence for impulsivity in a general sense, only in the context of substance use disorders.",," {""support_score"": null, ""decision"": ""revise"", ""phenotype_supported"": null, ""feature_supported"": ""partial"", ""relationship_supported"": ""partial"", ""direction_supported"": null, ""directness_supported"": null, ""overclaiming"": null, ""corrected_phenotype"": ""impulsivity (general, related to substance use disorders)"", ""corrected_feature_type"": ""functional connectivity (specifically, functional MRI-based)"", ""rationale"": ""The sentence mentions 'functional MRI-based maps', which can be interpreted as evidence of functional connectivity. However, it does not explicitly state the phenotype (impulsivity) or the relationship (associated with) in a clear and direct manner. The claim also mentions 'impulsivity (general)', but the paper does not provide evidence for impulsivity in a general sense, only in the context of substance use disorders.""}"
74,25925985,Impaired corticostriatal connectivity in impulse control disorders in Parkinson disease.,2015,Neurology,motor impulsivity resting-state fMRI,unknown,functional connectivity,impulsivity (general),Parkinson disease,associated_with,unclear,,direct,0.8,The presence of an ICD in patients with PD was associated with functional disconnection between the left anterior putamen and both the left inferior temporal gyrus and the left anterior cingulate gyrus.,yes,,yes,yes,no,,,,,,,,,,mistral-7b-instruct-v0.3,2,keep,unclear,unclear,unclear,unclear,unclear,unclear,impulsivity (general),,,"The sentence directly mentions the association between impulse control disorders (ICD) and functional disconnection, which is a form of functional connectivity. The disconnection is between the left anterior putamen and both the left inferior temporal gyrus and the left anterior cingulate gyrus, which can be considered as brain regions. However, the paper does not specify the phenotype (impulsivity) as a direct association with these brain regions, only with the presence of ICD.",," {""support_score"": 2, ""decision"": ""keep"", ""phenotype_supported"": null, ""feature_supported"": ""functional connectivity"", ""relationship_supported"": ""associated_with"", ""direction_supported"": null, ""directness_supported"": null, ""overclaiming"": null, ""corrected_phenotype"": ""impulsivity (general)"", ""corrected_feature_type"": null, ""corrected_direction"": null, ""rationale"": ""The sentence directly mentions the association between impulse control disorders (ICD) and functional disconnection, which is a form of functional connectivity. The disconnection is between the left anterior putamen and both the left inferior temporal gyrus and the left anterior cingulate gyrus, which can be considered as brain regions. However, the paper does not specify the phenotype (impulsivity) as a direct association with these brain regions, only with the presence of ICD.""}"
75,29946511,Abnormal cortical gyrification in criminal psychopathy.,2018,NeuroImage. Clinical,trait impulsivity functional connectivity,unknown,structural connectivity,impulsivity (general),criminal psychopathy,associated_with,unclear,,unclear,0.7,PCL-R scores were negatively associated with LGI measures within the right hemisphere in the midcingulate cortex (MCC) and adjacent regions of the superior frontal gyrus as well as lateral superior parietal cortex.,yes,,yes,yes,yes,,,,,,,,,,mistral-7b-instruct-v0.3,1,revise,unclear,unclear,unclear,unclear,unclear,unclear,impulsivity (specific to psychopathy),,,"The sentence does not explicitly support the general impulsivity claim. However, it does support the association between the structural connectivity feature and the phenotype within the context of criminal psychopathy.",," {""support_score"": 1, ""decision"": ""revise"", ""phenotype_supported"": null, ""feature_supported"": ""structural connectivity"", ""relationship_supported"": ""associated_with"", ""direction_supported"": null, ""directness_supported"": null, ""overclaiming"": null, ""corrected_phenotype"": ""impulsivity (specific to psychopathy)"", ""corrected_feature_type"": null, ""corrected_direction"": null, ""rationale"": ""The sentence does not explicitly support the general impulsivity claim. However, it does support the association between the structural connectivity feature and the phenotype within the context of criminal psychopathy.""}"
76,40260305,Effective connectivity analysis of response inhibition functional network.,2025,Frontiers in neuroscience,motor impulsivity functional connectivity,unknown,functional connectivity,nonplanning impulsivity,unknown,associated_with,unclear,,unclear,0.7,"Our results identified four functional networks activated during correct motor response inhibition: the salience network (SN), the right and left executive control networks (ECNs), and the ventral default mode network (vDMN).",yes,,yes,yes,yes,,,,,,,,,,mistral-7b-instruct-v0.3,0,drop,unclear,unclear,unclear,unclear,unclear,unclear,,,,"The evidence sentence does not provide any information about the association between nonplanning impulsivity and functional connectivity. It only mentions functional networks activated during motor response inhibition, but not the specific phenotype or feature of interest.",," {""support_score"": null, ""decision"": ""drop"", ""phenotype_supported"": null, ""feature_supported"": null, ""relationship_supported"": null, ""direction_supported"": null, ""directness_supported"": null, ""overclaiming"": null, ""corrected_phenotype"": null, ""corrected_feature_type"": null, ""corrected_direction"": null, ""rationale"": ""The evidence sentence does not provide any information about the association between nonplanning impulsivity and functional connectivity. It only mentions functional networks activated during motor response inhibition, but not the specific phenotype or feature of interest.""}"
77,31427669,The Effect of Mindfulness Meditation on Impulsivity and its Neurobiological Correlates in Healthy Adults.,2019,Scientific reports,Barratt Impulsiveness Scale fMRI,unknown,unknown,impulsivity (general),unknown,unknown,unclear,,unclear,0.3,Interest has grown in using mindfulness meditation to treat conditions featuring excessive impulsivity.,yes,,yes,yes,yes,,,,,,,,,,mistral-7b-instruct-v0.3,0,revise,yes,unclear,unclear,unclear,unclear,unclear,impulsivity (general),,,"The sentence mentions 'conditions featuring excessive impulsivity', which aligns with the extracted claim's phenotype. However, it does not provide specific information about the feature or relationship, and the direction is unclear.",," {""support_score"": null, ""decision"": ""revise"", ""phenotype_supported"": true, ""feature_supported"": null, ""relationship_supported"": null, ""direction_supported"": null, ""directness_supported"": null, ""overclaiming"": null, ""corrected_phenotype"": ""impulsivity (general)"", ""corrected_feature_type"": null, ""corrected_direction"": null, ""rationale"": ""The sentence mentions 'conditions featuring excessive impulsivity', which aligns with the extracted claim's phenotype. However, it does not provide specific information about the feature or relationship, and the direction is unclear.""}"
78,18479820,An event-related fMRI study on risk taking by healthy individuals of high or low impulsiveness.,2008,Neuroscience letters,Barratt Impulsiveness Scale fMRI,unknown,functional connectivity,impulsivity (general),unknown,associated_with,higher,unknown,direct,0.8,We demonstrated that a stronger activation in the insula-orbitofrontal-parietal regions was found in the high impulsiveness group compared to the low impulsiveness group.,yes,,yes,yes,yes,,,,,,,,,,mistral-7b-instruct-v0.3,2,keep,unclear,unclear,unclear,yes,yes,unclear,,,,"The sentence directly states that a stronger activation in specific brain regions is found in the high impulsiveness group compared to the low impulsiveness group, supporting the claim of higher functional connectivity associated with impulsivity.",," {""support_score"": 2, ""decision"": ""keep"", ""phenotype_supported"": ""high impulsiveness group"", ""feature_supported"": ""insula-orbitofrontal-parietal regions"", ""relationship_supported"": ""associated_with"", ""direction_supported"": true, ""directness_supported"": true, ""overclaiming"": null, ""corrected_phenotype"": null, ""corrected_feature_type"": null, ""corrected_direction"": null, ""rationale"": ""The sentence directly states that a stronger activation in specific brain regions is found in the high impulsiveness group compared to the low impulsiveness group, supporting the claim of higher functional connectivity associated with impulsivity.""}"
79,40334458,Temporal variability-based alternations in dynamic functional networks in internet gaming disorder.,2025,Journal of psychiatric research,attentional impulsivity resting-state fMRI,unknown,dynamic connectivity,attentional impulsivity,internet gaming disorder,associated_with,unclear,,indirect,0.7,"Changes in temporal variability at the network level occur in participants with IGD, indicating impaired executive inhibitory functions and attention, as well as imbalances between sensory-attention, sensory-emotion, and emotion-motivation functions.",yes,,yes,yes,yes,,,,,,,,,,mistral-7b-instruct-v0.3,2,keep,yes,yes,yes,yes,yes,unclear,attentional impulsivity,dynamic connectivity,,"The sentence directly mentions 'attention' as impaired, which is a part of 'attentional impulsivity'. It also mentions 'dynamic connectivity' as changing in participants with IGD, which supports the 'dynamic connectivity' feature type.",," {""support_score"": 2, ""decision"": ""keep"", ""phenotype_supported"": true, ""feature_supported"": true, ""relationship_supported"": true, ""direction_supported"": true, ""directness_supported"": true, ""overclaiming"": null, ""corrected_phenotype"": ""attentional impulsivity"", ""corrected_feature_type"": ""dynamic connectivity"", ""rationale"": ""The sentence directly mentions 'attention' as impaired, which is a part of 'attentional impulsivity'. It also mentions 'dynamic connectivity' as changing in participants with IGD, which supports the 'dynamic connectivity' feature type.""}"
80,30504061,Relationship between quality of life in young adults and impulsivity/compulsivity✰.,2019,Psychiatry research,Barratt Impulsiveness Scale neuroimaging,unknown,unknown,impulsivity (general),"presence of impulse control disorders, mood/anxiety disorders, post-traumatic stress disorder, and substance use disorder",correlates_with,unclear,,unclear,0.8,Worse quality of life was also significantly explained by higher impulsiveness on the Barratt scale,yes,,yes,yes,yes,,,,,,,,,,mistral-7b-instruct-v0.3,2,keep,unclear,unclear,unclear,unclear,unclear,unclear,,,,"The sentence clearly states that worse quality of life is significantly explained by higher impulsiveness on the Barratt scale, which supports the claim that impulsivity (general) correlates with the feature (Barratt scale).",," {""support_score"": 2, ""decision"": ""keep"", ""phenotype_supported"": ""impulsivity (general)"", ""feature_supported"": ""Barratt scale"", ""relationship_supported"": ""correlates_with"", ""direction_supported"": null, ""directness_supported"": null, ""overclaiming"": null, ""corrected_phenotype"": null, ""corrected_feature_type"": null, ""corrected_direction"": null, ""rationale"": ""The sentence clearly states that worse quality of life is significantly explained by higher impulsiveness on the Barratt scale, which supports the claim that impulsivity (general) correlates with the feature (Barratt scale).""}"
81,15309395,Negative correlation between right prefrontal activity during response inhibition and impulsiveness: a fMRI study.,2004,European archives of psychiatry and clinical neuroscience,Barratt Impulsiveness Scale fMRI,unknown,functional connectivity,motor impulsivity,unknown,associated_with,lower,unknown,direct,0.8,A negative correlation was observed between the motor impulsiveness of BIS-11 and No-Go-related activation in the right dorsolateral prefrontal cortex (RDLPFC).,yes,,yes,yes,yes,,,,,,,,,,mistral-7b-instruct-v0.3,2,keep,unclear,unclear,unclear,yes,yes,unclear,,,,"The sentence directly states a negative correlation between motor impulsiveness and functional connectivity in the right dorsolateral prefrontal cortex, which aligns with the extracted claim.",," {""support_score"": 2, ""decision"": ""keep"", ""phenotype_supported"": ""motor impulsivity"", ""feature_supported"": ""functional connectivity"", ""relationship_supported"": ""associated_with"", ""direction_supported"": true, ""directness_supported"": true, ""overclaiming"": null, ""corrected_phenotype"": null, ""corrected_feature_type"": null, ""corrected_direction"": null, ""rationale"": ""The sentence directly states a negative correlation between motor impulsiveness and functional connectivity in the right dorsolateral prefrontal cortex, which aligns with the extracted claim.""}"
82,42146757,Resting-State Functional Connectivity Alterations in Pediatric Survivors of Severe COVID-19: An Exploratory Case-Control Study.,2026,Sage open pediatrics,impulsivity resting state functional connectivity,unknown,functional connectivity,unknown,unknown,associated_with,unclear,,unclear,0.3,"In an exploratory subset (8 post-COVID, 12 controls), 50% of post-COVID children had abnormally low Timeliness and 25% low Impulsivity MOXO-d-CPT z-scores, whereas no controls were abnormal.",yes,,yes,yes,yes,,,,,,,,,,mistral-7b-instruct-v0.3,0,revise,unclear,unclear,unclear,unclear,unclear,unclear,Post-COVID children,Timeliness and Impulsivity MOXO-d-CPT z-scores,,"The sentence provides evidence that the 'Timeliness and Impulsivity MOXO-d-CPT z-scores' are associated with the 'Post-COVID children', but it does not specify the direction or the brain system. The 'functional connectivity' is inferred from the context of the paper title.",," {""support_score"": null, ""decision"": ""revise"", ""phenotype_supported"": null, ""feature_supported"": ""functional connectivity"", ""relationship_supported"": ""associated_with"", ""direction_supported"": null, ""directness_supported"": null, ""overclaiming"": null, ""corrected_phenotype"": ""Post-COVID children"", ""corrected_feature_type"": ""Timeliness and Impulsivity MOXO-d-CPT z-scores"", ""rationale"": ""The sentence provides evidence that the 'Timeliness and Impulsivity MOXO-d-CPT z-scores' are associated with the 'Post-COVID children', but it does not specify the direction or the brain system. The 'functional connectivity' is inferred from the context of the paper title.""}"
83,41098856,The CB1 receptor: linking impulsivity and substance use disorder.,2025,Frontiers in neuroscience,trait impulsivity functional connectivity,unknown,functional connectivity,impulsivity (general),unknown,associated_with,unclear,modulates synaptic transmission through retrograde endocannabinoid signaling,unclear,0.7,"CB1R signaling in these regions influences decision-making, reward sensitivity, and response inhibition-all processes critical to the emergence of impulsive traits and drug-seeking behavior.",yes,,yes,yes,yes,,,,,,,,,,mistral-7b-instruct-v0.3,2,keep,yes,yes,yes,unclear,unclear,unclear,,,,"The sentence directly mentions 'impulsive traits' and 'drug-seeking behavior', which are aspects of the general 'impulsivity' phenotype. It also implies a functional connectivity association through the mention of 'CB1R signaling' influencing processes related to 'impulsivity'.",," {""support_score"": 2, ""decision"": ""keep"", ""phenotype_supported"": true, ""feature_supported"": true, ""relationship_supported"": true, ""direction_supported"": null, ""directness_supported"": null, ""overclaiming"": null, ""corrected_phenotype"": null, ""corrected_feature_type"": null, ""corrected_direction"": null, ""rationale"": ""The sentence directly mentions 'impulsive traits' and 'drug-seeking behavior', which are aspects of the general 'impulsivity' phenotype. It also implies a functional connectivity association through the mention of 'CB1R signaling' influencing processes related to 'impulsivity'.""}"
84,29040723,Resting-state functional connectivity in combat veterans suffering from impulsive aggression.,2017,Social cognitive and affective neuroscience,impulsivity resting-state fMRI functional connectivity,unknown,functional connectivity,impulsivity (general),combat veterans,associated_with,unclear,impaired top-down regulation,direct,0.8,Impulsive aggression is common among military personnel after deployment and may arise because of impaired top-down regulation of the amygdala by prefrontal regions.,yes,,yes,yes,yes,,,,,,,,,,mistral-7b-instruct-v0.3,2,keep,yes,yes,yes,yes,yes,unclear,,,,"The sentence directly states that impulsive aggression is associated with impaired top-down regulation of the amygala by prefrontal regions, which aligns with the extracted claim's phenotype, feature, relationship, and direction.",," {""support_score"": 2, ""decision"": ""keep"", ""phenotype_supported"": true, ""feature_supported"": true, ""relationship_supported"": true, ""direction_supported"": true, ""directness_supported"": true, ""overclaiming"": null, ""corrected_phenotype"": null, ""corrected_feature_type"": null, ""corrected_direction"": null, ""rationale"": ""The sentence directly states that impulsive aggression is associated with impaired top-down regulation of the amygala by prefrontal regions, which aligns with the extracted claim's phenotype, feature, relationship, and direction.""}"
85,31801105,A preliminary study of disrupted functional network in individuals with Internet gaming disorder: Evidence from the comparison with recreational game users.,2020,Addictive behaviors,motor impulsivity resting-state fMRI,unknown,functional connectivity,impulsivity (general),Internet gaming disorder,associated_with,unclear,,unclear,0.6,"Subjects with IGD as compared to those with RGU showed increased nodal centralities in the reward, craving, emotional memory and sensory-motor processing regions.",yes,,yes,yes,no,,,,,,,,,,mistral-7b-instruct-v0.3,1,revise,unclear,unclear,unclear,unclear,unclear,unclear,"impulsivity (general, possibly related to reward, craving, emotional memory, and sensory-motor processing regions)",,,"The sentence suggests an association between Internet Gaming Disorder (IGD) and increased functional connectivity in certain brain regions, which are related to impulsivity-related processes. However, the sentence does not explicitly state that impulsivity is associated with these regions, only that IGD is associated with them. Therefore, the claim needs to be revised to reflect this indirect association.",," {""support_score"": 1, ""decision"": ""revise"", ""phenotype_supported"": null, ""feature_supported"": ""functional connectivity"", ""relationship_supported"": ""associated_with"", ""direction_supported"": null, ""directness_supported"": null, ""overclaiming"": null, ""corrected_phenotype"": ""impulsivity (general, possibly related to reward, craving, emotional memory, and sensory-motor processing regions)"", ""corrected_feature_type"": null, ""corrected_direction"": null, ""rationale"": ""The sentence suggests an association between Internet Gaming Disorder (IGD) and increased functional connectivity in certain brain regions, which are related to impulsivity-related processes. However, the sentence does not explicitly state that impulsivity is associated with these regions, only that IGD is associated with them. Therefore, the claim needs to be revised to reflect this indirect association.""}"
86,30277562,The role of the dorsal striatum in choice impulsivity.,2019,Annals of the New York Academy of Sciences,impulsivity fMRI functional connectivity,unknown,functional connectivity,impulsivity (general),unknown,associated_with,unclear,,unclear,0.7,"In principle, intertemporal choice in the delay-discounting task-a validated measure of choice impulsivity-involves reward-associated actions that require the recruitment of the dorsal striatum.",yes,,yes,yes,yes,,,,,,,,,,mistral-7b-instruct-v0.3,0,revise,unclear,unclear,unclear,unclear,unclear,unclear,choice impulsivity (specific to delay-discounting task),,,"The sentence mentions a specific task (delay-discounting) that measures impulsivity, but the claim is general. To align with the sentence, the phenotype should be specific to the task.",," {""support_score"": null, ""decision"": ""revise"", ""phenotype_supported"": null, ""feature_supported"": ""functional connectivity"", ""relationship_supported"": ""associated_with"", ""direction_supported"": null, ""directness_supported"": null, ""overclaiming"": null, ""corrected_phenotype"": ""choice impulsivity (specific to delay-discounting task)"", ""corrected_feature_type"": null, ""rationale"": ""The sentence mentions a specific task (delay-discounting) that measures impulsivity, but the claim is general. To align with the sentence, the phenotype should be specific to the task.""}"
87,28189592,Dissociable frontostriatal white matter connectivity underlies reward and motor impulsivity.,2017,NeuroImage,impulsivity fMRI functional connectivity,unknown,structural connectivity,motor impulsivity,unknown,associated_with,unclear,,unclear,0.7,"We found a double dissociation such that individual differences in white matter connectivity between the ventral striatum and the ventromedial prefrontal cortex and dorsolateral prefrontal cortex was associated with reward impulsivity, as measured by delay discounting.",yes,,yes,yes,no,,,,,,,,,,mistral-7b-instruct-v0.3,1,revise,unclear,unclear,unclear,unclear,unclear,unclear,motor impulsivity or reward impulsivity,,,"The sentence mentions 'reward impulsivity' but the claim is for 'motor impulsivity'. To align with the claim, the corrected phenotype should be 'motor impulsivity or reward impulsivity' as the study does not specify which type of impulsivity is associated with the structural connectivity.",," {""support_score"": 1, ""decision"": ""revise"", ""phenotype_supported"": null, ""feature_supported"": ""structural connectivity"", ""relationship_supported"": ""associated_with"", ""direction_supported"": null, ""directness_supported"": null, ""overclaiming"": null, ""corrected_phenotype"": ""motor impulsivity or reward impulsivity"", ""corrected_feature_type"": null, ""rationale"": ""The sentence mentions 'reward impulsivity' but the claim is for 'motor impulsivity'. To align with the claim, the corrected phenotype should be 'motor impulsivity or reward impulsivity' as the study does not specify which type of impulsivity is associated with the structural connectivity.""}"
88,32035425,Ventromedial prefrontal value signals and functional connectivity during decision-making in suicidal behavior and impulsivity.,2020,Neuropsychopharmacology : official publication of the American College of Neuropsychopharmacology,impulsivity fMRI functional connectivity,unknown,functional connectivity,impulsivity (general),unknown,associated_with,unclear,,unclear,0.7,"Suicide is linked to impaired value-based decision-making and impulsivity, but whether these risk factors share neural underpinnings is unclear.",yes,,yes,yes,yes,,,,,,,,,,mistral-7b-instruct-v0.3,0,revise,unclear,unclear,unclear,unclear,unclear,unclear,impulsivity (specific to decision-making),functional connectivity during decision-making,,"The sentence mentions a link between suicide, impaired value-based decision-making, and impulsivity, but it does not specify that the impulsivity is related to decision-making. Additionally, the sentence does not directly state an association between the phenotype and the feature type, only that they may share neural underpinnings.",," {""support_score"": null, ""decision"": ""revise"", ""phenotype_supported"": null, ""feature_supported"": null, ""relationship_supported"": null, ""direction_supported"": null, ""directness_supported"": null, ""overclaiming"": null, ""corrected_phenotype"": ""impulsivity (specific to decision-making)"", ""corrected_feature_type"": ""functional connectivity during decision-making"", ""rationale"": ""The sentence mentions a link between suicide, impaired value-based decision-making, and impulsivity, but it does not specify that the impulsivity is related to decision-making. Additionally, the sentence does not directly state an association between the phenotype and the feature type, only that they may share neural underpinnings.""}"
89,27095357,Sex differences in impulsivity and brain morphometry in methamphetamine users.,2017,Brain structure & function,Barratt Impulsiveness Scale fMRI,unknown,unknown,impulsivity (general),unknown,associated_with,higher,unclear,unclear,0.8,"METH users had higher impulsivity scores, on both the Cognitive and Behavioral Factors from the BIS (p < 0.0001-0.0001).",yes,,yes,yes,yes,,,,,,,,,,mistral-7b-instruct-v0.3,2,keep,yes,yes,yes,yes,unclear,unclear,,,,"The sentence directly states that METH users had higher impulsivity scores, which aligns with the extracted claim's phenotype and direction.",," {""support_score"": 2, ""decision"": ""keep"", ""phenotype_supported"": ""yes"", ""feature_supported"": ""yes"", ""relationship_supported"": ""yes"", ""direction_supported"": ""yes"", ""directness_supported"": ""null"", ""overclaiming"": ""null"", ""corrected_phenotype"": null, ""corrected_feature_type"": null, ""corrected_direction"": null, ""rationale"": ""The sentence directly states that METH users had higher impulsivity scores, which aligns with the extracted claim's phenotype and direction.""}"
90,34461353,Impulsivity is related to overhasty risk learning in attention-deficit/hyperactivity disorder: A computational psychiatric approach.,2021,Journal of psychiatric research,Barratt Impulsiveness Scale fMRI,unknown,functional connectivity,impulsivity (general),attention-deficit/hyperactivity disorder,associated_with,unclear,overhasty updating of beliefs during risk learning,direct,0.7,The degree of overhasty learning in ADHD patients was significantly correlated with the BIS score.,yes,,yes,yes,no,,,,,,,,,,mistral-7b-instruct-v0.3,1,revise,unclear,unclear,unclear,unclear,unclear,unclear,"impulsivity (general, as measured by BIS score)",,,"The sentence does not explicitly state the feature as functional connectivity, but it is inferred through the BIS score, which is a measure of impulsivity.",," {""support_score"": 1, ""decision"": ""revise"", ""phenotype_supported"": null, ""feature_supported"": ""functional connectivity (implicit, through BIS score)"", ""relationship_supported"": ""associated_with"", ""direction_supported"": null, ""directness_supported"": null, ""overclaiming"": null, ""corrected_phenotype"": ""impulsivity (general, as measured by BIS score)"", ""corrected_feature_type"": null, ""rationale"": ""The sentence does not explicitly state the feature as functional connectivity, but it is inferred through the BIS score, which is a measure of impulsivity.""}"
91,40168432,Protocol for a Randomized Controlled Trial to Enhance Executive Function via Brief Mindfulness Training in Individuals with Internet Gaming Disorder.,2025,PloS one,trait impulsivity functional connectivity,unknown,EEG connectivity,impulsivity (general),Internet Gaming Disorder,associated_with,unclear,,background,0.3,"Internet Gaming Disorder has been associated with neuropsychological impairments, especially executive function deficits, and emotional difficulties.",yes,,yes,yes,no,,,,,,,,,,mistral-7b-instruct-v0.3,0,revise,unclear,unclear,yes,unclear,unclear,unclear,impulsivity (general),EEG connectivity,associated_with,"The sentence mentions a relationship between Internet Gaming Disorder and executive function deficits, which aligns with the 'associated_with' relationship in the claim. However, the sentence does not provide specific evidence about EEG connectivity or impulsivity, so the claim needs to be revised to focus on a more specific phenotype or feature.",," {""support_score"": null, ""decision"": ""revise"", ""phenotype_supported"": null, ""feature_supported"": null, ""relationship_supported"": true, ""direction_supported"": null, ""directness_supported"": null, ""overclaiming"": null, ""corrected_phenotype"": ""impulsivity (general)"", ""corrected_feature_type"": ""EEG connectivity"", ""corrected_direction"": ""associated_with"", ""rationale"": ""The sentence mentions a relationship between Internet Gaming Disorder and executive function deficits, which aligns with the 'associated_with' relationship in the claim. However, the sentence does not provide specific evidence about EEG connectivity or impulsivity, so the claim needs to be revised to focus on a more specific phenotype or feature.""}"
92,23770040,Resting-state beta and gamma activity in Internet addiction.,2013,International journal of psychophysiology : official journal of the International Organization of Psychophysiology,Barratt Impulsiveness Scale neuroimaging,unknown,EEG connectivity,impulsivity (general),Internet addiction,associated_with,unclear,,unclear,0.8,Internet addiction is related to impulsivity.,yes,,yes,yes,no,,,,,,,,,,mistral-7b-instruct-v0.3,1,revise,unclear,unclear,unclear,unclear,unclear,unclear,impulsivity (specific to Internet addiction),,,The sentence does not specify the type of impulsivity (general or specific to Internet addiction) and does not mention EEG connectivity.,," {""support_score"": 1, ""decision"": ""revise"", ""phenotype_supported"": ""partially"", ""feature_supported"": null, ""relationship_supported"": ""partially"", ""direction_supported"": null, ""directness_supported"": null, ""overclaiming"": null, ""corrected_phenotype"": ""impulsivity (specific to Internet addiction)"", ""corrected_feature_type"": null, ""corrected_direction"": null, ""rationale"": ""The sentence does not specify the type of impulsivity (general or specific to Internet addiction) and does not mention EEG connectivity.""}"
93,29337234,Electrophysiological Activity Prior to Self-initiated Movements is Related to Impulsive Personality Traits.,2018,Neuroscience,Barratt Impulsiveness Scale neuroimaging,unknown,EEG connectivity,impulsivity (general),unknown,associated_with,unclear,less effective preparatory inhibition mechanisms,unclear,0.8,"The RP showed an earlier negative rising phase and a greater amplitude, with the increasing of BIS-11 scores.",yes,,yes,yes,no,,,,,,,,,,mistral-7b-instruct-v0.3,0,revise,unclear,unclear,unclear,unclear,unclear,unclear,"impulsivity (general, possibly related to BIS-11 scores)","EEG connectivity (specifically, event-related potential, RP)",,"The sentence mentions a correlation between the RP and BIS-11 scores, which is a measure of impulsivity. However, the sentence does not explicitly state that the RP is associated with impulsivity or EEG connectivity. The revised phenotype and feature are inferred from the context but should be considered as tentative.",," {""support_score"": null, ""decision"": ""revise"", ""phenotype_supported"": null, ""feature_supported"": ""EEG (event-related potential, RP)"", ""relationship_supported"": null, ""direction_supported"": null, ""directness_supported"": null, ""overclaiming"": null, ""corrected_phenotype"": ""impulsivity (general, possibly related to BIS-11 scores)"", ""corrected_feature_type"": ""EEG connectivity (specifically, event-related potential, RP)"", ""rationale"": ""The sentence mentions a correlation between the RP and BIS-11 scores, which is a measure of impulsivity. However, the sentence does not explicitly state that the RP is associated with impulsivity or EEG connectivity. The revised phenotype and feature are inferred from the context but should be considered as tentative.""}"
94,29454934,Time scale properties of task and resting-state functional connectivity: Detrended partial cross-correlation analysis.,2018,NeuroImage,Barratt Impulsiveness Scale resting-state fMRI,unknown,functional connectivity,BIS total,unknown,associated_with,lower,unclear,direct,0.8,The within-network connectivity time scale of the pre-supplementary motor area - a medial prefrontal cortical structure of the task network and critical to proactive inhibitory control - correlated inversely with Barratt impulsivity and stop signal reaction time.,yes,,yes,yes,no,,,,,,,,,,mistral-7b-instruct-v0.3,2,keep,unclear,unclear,unclear,yes,yes,unclear,,,,"The sentence directly states that the within-network connectivity time scale of a specific brain region (pre-supplementary motor area) is inversely correlated with Barratt impulsivity and stop signal reaction time, which aligns with the extracted claim.",," {""support_score"": 2, ""decision"": ""keep"", ""phenotype_supported"": ""BIS total"", ""feature_supported"": ""functional connectivity"", ""relationship_supported"": ""associated_with"", ""direction_supported"": true, ""directness_supported"": true, ""overclaiming"": null, ""corrected_phenotype"": null, ""corrected_feature_type"": null, ""corrected_direction"": null, ""rationale"": ""The sentence directly states that the within-network connectivity time scale of a specific brain region (pre-supplementary motor area) is inversely correlated with Barratt impulsivity and stop signal reaction time, which aligns with the extracted claim.""}"
95,38451271,Trait anxiety and corresponding neuromarkers predict internet addiction: A longitudinal study.,2024,Journal of behavioral addictions,trait impulsivity functional connectivity,unknown,functional connectivity,impulsivity (general),unknown,predicts,unclear,unknown,direct,0.8,The results of mediation demonstrated that stressful life events and correlated functional connectivity mediated the association between TA and IA.,yes,,yes,yes,yes,,,,,,,,,,mistral-7b-instruct-v0.3,0,revise,unclear,unclear,unclear,unclear,unclear,unclear,"impulsivity (general, possibly indirectly related)",,,"The sentence does not directly support the claim of impulsivity predicting functional connectivity. Instead, it suggests that stressful life events, TA (trait anxiety), and functional connectivity are interrelated, with functional connectivity mediating the association between TA and IA (internet addiction). However, it does not explicitly state that impulsivity predicts functional connectivity.",," {""support_score"": null, ""decision"": ""revise"", ""phenotype_supported"": null, ""feature_supported"": ""functional connectivity"", ""relationship_supported"": ""mediates"", ""direction_supported"": null, ""directness_supported"": null, ""overclaiming"": null, ""corrected_phenotype"": ""impulsivity (general, possibly indirectly related)"", ""corrected_feature_type"": null, ""corrected_direction"": null, ""rationale"": ""The sentence does not directly support the claim of impulsivity predicting functional connectivity. Instead, it suggests that stressful life events, TA (trait anxiety), and functional connectivity are interrelated, with functional connectivity mediating the association between TA and IA (internet addiction). However, it does not explicitly state that impulsivity predicts functional connectivity.""}"
96,37887440,"Neurophysiological, Neuroimaging, and Neuropsychological Predictors of Human Alcoholism and Risk.",2023,"Behavioral sciences (Basel, Switzerland)",impulsivity resting-state fMRI functional connectivity,unknown,functional connectivity,impulsivity (general),alcohol use disorder,associated_with,unclear,,unclear,0.5,"This Special Issue was launched to invite research and review articles that explore the utility of these neural measures to determine the effects of alcohol use (e.g., regular drinking, social drinking, binge/heavy drinking, and chronic drinking) on brain structure and function and/or to predict risk for developing AUD and other outcomes.",yes,,yes,yes,no,,,,,,,,,,mistral-7b-instruct-v0.3,0,revise,unclear,unclear,unclear,unclear,unclear,unclear,"impulsivity (general, related to alcohol use disorder)",neural measures (functional connectivity),,"The sentence discusses the effects of alcohol use on brain structure and function, but it does not explicitly associate these effects with impulsivity. However, since impulsivity is a common symptom of alcohol use disorder, it can be inferred that the neural measures could be related to impulsivity in this context. Similarly, the sentence mentions different types of alcohol use, but it does not specify a particular feature of the neural measures. However, since the Special Issue is about exploring the utility of these neural measures, it can be inferred that the feature of interest is functional connectivity.",," {""support_score"": null, ""decision"": ""revise"", ""phenotype_supported"": null, ""feature_supported"": null, ""relationship_supported"": null, ""direction_supported"": null, ""directness_supported"": null, ""overclaiming"": null, ""corrected_phenotype"": ""impulsivity (general, related to alcohol use disorder)"", ""corrected_feature_type"": ""neural measures (functional connectivity)"", ""rationale"": ""The sentence discusses the effects of alcohol use on brain structure and function, but it does not explicitly associate these effects with impulsivity. However, since impulsivity is a common symptom of alcohol use disorder, it can be inferred that the neural measures could be related to impulsivity in this context. Similarly, the sentence mentions different types of alcohol use, but it does not specify a particular feature of the neural measures. However, since the Special Issue is about exploring the utility of these neural measures, it can be inferred that the feature of interest is functional connectivity.""}"
97,30616125,A multi-dimensional evaluation of craving and impulsivity among people admitted for alcohol-related problems in emergency department.,2019,Psychiatry research,Barratt Impulsiveness Scale neuroimaging,unknown,unknown,impulsivity (general),alcohol-related problems,associated_with,unclear,,unclear,0.6,Craving and impulsivity are key psychological dimensions involved in the development and maintenance of severe alcohol-use disorders.,yes,,yes,yes,yes,,,,,,,,,,mistral-7b-instruct-v0.3,2,keep,unclear,unclear,unclear,unclear,unclear,unclear,,,,"The sentence clearly states that impulsivity is associated with the development and maintenance of alcohol-related problems, which aligns with the extracted claim.",," {""support_score"": 2, ""decision"": ""keep"", ""phenotype_supported"": ""impulsivity (general)"", ""feature_supported"": null, ""relationship_supported"": ""associated_with"", ""direction_supported"": null, ""directness_supported"": null, ""overclaiming"": null, ""corrected_phenotype"": null, ""corrected_feature_type"": null, ""corrected_direction"": null, ""rationale"": ""The sentence clearly states that impulsivity is associated with the development and maintenance of alcohol-related problems, which aligns with the extracted claim.""}"
98,27894158,Craving behavioral intervention for internet gaming disorder: remediation of functional connectivity of the ventral striatum.,2018,Addiction biology,attentional impulsivity resting-state fMRI,unknown,functional connectivity,attentional impulsivity,Internet gaming disorder,associated_with,unclear,remediation,direct,0.8,"IGD subjects showed greater resting-state functional connectivity of the VS to left inferior parietal lobule (lIPL), right inferior frontal gyrus and left middle frontal gyrus, in positive association with the severity of IGD.",yes,,yes,yes,yes,,,,,,,,,,mistral-7b-instruct-v0.3,1,revise,unclear,unclear,unclear,unclear,unclear,unclear,attentional impulsivity (if shown to be related to the identified brain regions),,,"The sentence does not directly support the specific phenotype 'attentional impulsivity'. However, if future research establishes a relationship between the identified brain regions (ventral striatum, left inferior parietal lobule, right inferior frontal gyrus, and left middle frontal gyrus) and attentional impulsivity in the context of Internet gaming disorder, the claim could be supported.",," {""support_score"": 1, ""decision"": ""revise"", ""phenotype_supported"": null, ""feature_supported"": ""functional connectivity"", ""relationship_supported"": ""associated_with"", ""direction_supported"": null, ""directness_supported"": null, ""overclaiming"": null, ""corrected_phenotype"": ""attentional impulsivity (if shown to be related to the identified brain regions)"", ""corrected_feature_type"": null, ""corrected_direction"": null, ""rationale"": ""The sentence does not directly support the specific phenotype 'attentional impulsivity'. However, if future research establishes a relationship between the identified brain regions (ventral striatum, left inferior parietal lobule, right inferior frontal gyrus, and left middle frontal gyrus) and attentional impulsivity in the context of Internet gaming disorder, the claim could be supported.""}"
99,37561637,Abnormal frontostriatal connectivity and serotonin function in gambling disorder: A preliminary exploratory study.,2023,Journal of behavioral addictions,attentional impulsivity resting-state fMRI,unknown,functional connectivity,attentional impulsivity,gambling disorder,associated_with,unclear,serotonin function,direct,0.8,Individuals with gambling disorder showed loss of functional connectivity between the right nucleus accumbens (NAcc) and a region in the right dorsolateral prefrontal cortex (DLPFC),yes,,yes,yes,yes,,,,,,,,,,mistral-7b-instruct-v0.3,2,keep,unclear,unclear,unclear,unclear,unclear,unclear,,,,"The sentence directly states that individuals with gambling disorder have a specific change in functional connectivity, which supports the claim of an association between attentional impulsivity (implied by gambling disorder) and functional connectivity.",," {""support_score"": 2, ""decision"": ""keep"", ""phenotype_supported"": null, ""feature_supported"": ""functional connectivity"", ""relationship_supported"": ""associated_with"", ""direction_supported"": null, ""directness_supported"": ""direct"", ""overclaiming"": null, ""corrected_phenotype"": null, ""corrected_feature_type"": null, ""corrected_direction"": null, ""rationale"": ""The sentence directly states that individuals with gambling disorder have a specific change in functional connectivity, which supports the claim of an association between attentional impulsivity (implied by gambling disorder) and functional connectivity.""}"
100,25899520,Altered resting-state functional connectivity of the insula in young adults with Internet gaming disorder.,2016,Addiction biology,impulsivity resting-state fMRI functional connectivity,unknown,functional connectivity,impulsivity (general),Internet gaming disorder,associated_with,higher,unclear,direct,0.8,"In comparison with HCs, IGD subjects (IGDs) exhibited enhanced rsFC between the anterior insula and a network of regions including anterior cingulate cortex (ACC), putamen, angular gyrus, and precuneous.",yes,,yes,yes,no,,,,,,,,,,mistral-7b-instruct-v0.3,2,keep,unclear,unclear,unclear,unclear,unclear,unclear,,,,"The sentence directly states an association between the phenotype 'impulsivity (general)' (implied by the diagnosis 'Internet gaming disorder') and the feature 'functional connectivity' in a direct manner, with the direction 'higher' being supported by the comparison with healthy controls.",," {""support_score"": 2, ""decision"": ""keep"", ""phenotype_supported"": null, ""feature_supported"": ""functional connectivity"", ""relationship_supported"": ""associated_with"", ""direction_supported"": ""higher"", ""directness_supported"": ""direct"", ""overclaiming"": null, ""corrected_phenotype"": null, ""corrected_feature_type"": null, ""corrected_direction"": null, ""rationale"": ""The sentence directly states an association between the phenotype 'impulsivity (general)' (implied by the diagnosis 'Internet gaming disorder') and the feature 'functional connectivity' in a direct manner, with the direction 'higher' being supported by the comparison with healthy controls.""}"
