record_id,pmid,title,year,journal,query,extracted_brain_system,extracted_feature_type,extracted_phenotype,extracted_diagnostic_context,extracted_relationship,extracted_direction,extracted_mechanism,extracted_directness,evidence_strength,supporting_sentence,schema_valid,schema_issues,citation_valid,sentence_present,sentence_anchored,semantic_support_score,phenotype_correct,feature_type_correct,relationship_correct,direction_correct,overclaiming_flag,hallucination_flag,review_decision,review_notes,verifier_model,verifier_support_score,verifier_decision,verifier_phenotype_supported,verifier_feature_supported,verifier_relationship_supported,verifier_direction_supported,verifier_directness_supported,verifier_overclaiming,verifier_corrected_phenotype,verifier_corrected_feature_type,verifier_corrected_direction,verifier_rationale,verifier_error,verifier_raw_response
1,27942448,Brain connectivity aberrations in anabolic-androgenic steroid users.,2017,NeuroImage. Clinical,impulsivity neuroimaging functional connectivity,"['amygdala', 'default-mode network (DMN)', 'dorsal attention network (DAN)', 'superior and inferior frontal gyri (SFG/IFG)', 'anterior cingulate cortex (ACC)']",functional connectivity,impulsivity (general),sustained anabolic-androgenic steroid (AAS) use,reduced,unclear,,unclear,,"In line with the emotional and behavioral consequences of AAS, current users exhibited reduced functional connectivity between key nodes involved in emotional and cognitive regulation, in particular reduced connectivity between the amygdala and default-mode network (DMN) and between the dorsal attention network (DAN) and a frontal node encompassing the superior and inferior frontal gyri (SFG/IFG) and the anterior cingulate cortex (ACC), with further reductions as a function of dependency, lifetime exposure, and cycle state (on/off).",no,evidence_strength not a number,yes,yes,yes,,,,,,,,,,mistral-7b-instruct-v0.3,2,keep,unclear,unclear,unclear,unclear,unclear,unclear,impulsivity (general),,,"The sentence clearly supports the reduced functional connectivity between the specified brain regions in AAS users, which aligns with the general impulsivity phenotype.",," {""support_score"": 2, ""decision"": ""keep"", ""phenotype_supported"": null, ""feature_supported"": ""functional connectivity"", ""relationship_supported"": ""reduced"", ""direction_supported"": null, ""directness_supported"": null, ""overclaiming"": null, ""corrected_phenotype"": ""impulsivity (general)"", ""corrected_feature_type"": null, ""rationale"": ""The sentence clearly supports the reduced functional connectivity between the specified brain regions in AAS users, which aligns with the general impulsivity phenotype.""}"
2,35040662,Role of White Matter Microstructure in Impulsive Behavior.,2022,The Journal of neuropsychiatry and clinical neurosciences,Barratt Impulsiveness Scale fMRI,,structural connectivity,motor impulsivity,,inversely correlated,unclear,,unclear,,"Whole-brain total average FA was inversely correlated with motor impulsiveness (r=-0.32, p=0.007)",no,evidence_strength not a number,yes,yes,yes,,,,,,,,,,mistral-7b-instruct-v0.3,2,keep,unclear,unclear,unclear,yes,yes,unclear,,,,"The sentence directly states that motor impulsiveness is inversely correlated with whole-brain total average FA, which is a measure of structural connectivity.",," {""support_score"": 2, ""decision"": ""keep"", ""phenotype_supported"": ""motor impulsivity"", ""feature_supported"": ""structural connectivity (FA)"", ""relationship_supported"": ""inversely correlated"", ""direction_supported"": true, ""directness_supported"": true, ""overclaiming"": null, ""corrected_phenotype"": null, ""corrected_feature_type"": null, ""corrected_direction"": null, ""rationale"": ""The sentence directly states that motor impulsiveness is inversely correlated with whole-brain total average FA, which is a measure of structural connectivity.""}"
3,22749228,Behavioral and cognitive impulsivity in obsessive-compulsive disorder and eating disorders.,2012,Psychiatry research,Barratt Impulsiveness Scale neuroimaging,,unknown,unknown,,Higher self-reported impulsivity,unclear,,unclear,,"Compared to controls, both clinical groups reported higher levels of impulsivity on the BIS-11",no,evidence_strength not a number,yes,yes,yes,,,,,,,,,,mistral-7b-instruct-v0.3,2,keep,unclear,unclear,unclear,unclear,unclear,unclear,,,,"The sentence compares the impulsivity levels of two clinical groups (Obsessive-Compulsive Disorder and Eating Disorders) to controls, and finds that both clinical groups report higher levels of impulsivity on the BIS-11, which supports the claim of Higher self-reported impulsivity.",," {""support_score"": 2, ""decision"": ""keep"", ""phenotype_supported"": ""controls, both clinical groups"", ""feature_supported"": ""impulsivity on the BIS-11"", ""relationship_supported"": ""Higher self-reported impulsivity"", ""direction_supported"": null, ""directness_supported"": null, ""overclaiming"": null, ""corrected_phenotype"": null, ""corrected_feature_type"": null, ""corrected_direction"": null, ""rationale"": ""The sentence compares the impulsivity levels of two clinical groups (Obsessive-Compulsive Disorder and Eating Disorders) to controls, and finds that both clinical groups report higher levels of impulsivity on the BIS-11, which supports the claim of Higher self-reported impulsivity.""}"
4,26745144,Head Motion and Inattention/Hyperactivity Share Common Genetic Influences: Implications for fMRI Studies of ADHD.,2016,PloS one,trait impulsivity resting-state fMRI,,unknown,unknown,ADHD,correlated,unclear,genetic,unclear,,"HM was moderately correlated with maternal reports of Inattention (r = 0.17, p-value = 7.4E-5) and Hyperactivity-Impulsivity (r = 0.16, p-value = 2.9E-4), and these associations were mainly due to pleiotropic genetic factors with genetic correlations [95% CIs] of rg = 0.24 [0.02, 0.43] and rg = 0.23 [0.07, 0.39].",no,evidence_strength not a number,yes,yes,yes,,,,,,,,,,mistral-7b-instruct-v0.3,2,keep,unclear,unclear,unclear,yes,yes,unclear,,,,"The sentence directly states a correlation between head motion (HM) and maternal reports of Inattention and Hyperactivity-Impulsivity, and further specifies that this correlation is mainly due to pleiotropic genetic factors. The direction is supported as the correlation is positive, and the directness is supported as both phenotype and feature are named.",," {""support_score"": 2, ""decision"": ""keep"", ""phenotype_supported"": ""Inattention"", ""feature_supported"": ""maternal reports"", ""relationship_supported"": ""correlated"", ""direction_supported"": true, ""directness_supported"": true, ""overclaiming"": null, ""corrected_phenotype"": null, ""corrected_feature_type"": null, ""corrected_direction"": null, ""rationale"": ""The sentence directly states a correlation between head motion (HM) and maternal reports of Inattention and Hyperactivity-Impulsivity, and further specifies that this correlation is mainly due to pleiotropic genetic factors. The direction is supported as the correlation is positive, and the directness is supported as both phenotype and feature are named.""}"
5,32464339,Investigation of structure-function correlation among the young offspring of patients with bipolar disorder.,2020,Psychiatry research. Neuroimaging,Barratt Impulsiveness Scale fMRI,cingulum,unknown,attentional impulsivity,young offspring of patients with Bipolar Disorder (BDoff),positively correlated,unclear,,unclear,,MD values in the cingulum were inversely correlated with the Child and Youth Resilience Measure and positively correlated with higher scores on the Barratt Impulsiveness Scale-Attentional.,no,evidence_strength not a number,yes,yes,yes,,,,,,,,,,mistral-7b-instruct-v0.3,2,keep,yes,yes,yes,yes,yes,unclear,attentional impulsivity,Barratt Impulsiveness Scale-Attentional,,"The sentence mentions a positive correlation between MD values in the cingulum and higher scores on the Barratt Impulsiveness Scale-Attentional, which aligns with the 'attentional impulsivity' phenotype.",," {""support_score"": 2, ""decision"": ""keep"", ""phenotype_supported"": true, ""feature_supported"": true, ""relationship_supported"": true, ""direction_supported"": true, ""directness_supported"": true, ""overclaiming"": null, ""corrected_phenotype"": ""attentional impulsivity"", ""corrected_feature_type"": ""Barratt Impulsiveness Scale-Attentional"", ""rationale"": ""The sentence mentions a positive correlation between MD values in the cingulum and higher scores on the Barratt Impulsiveness Scale-Attentional, which aligns with the 'attentional impulsivity' phenotype.""}"
6,38002468,Insula Connectivity Abnormalities Predict Impulsivity in Chronic Heroin Use Disorder: A Cross-Sectional Resting-State fMRI Study.,2023,Brain sciences,Barratt Impulsiveness Scale resting-state fMRI,insula,functional connectivity,impulsivity (general),Heroin Use Disorder (HUD),correlation,higher,,unclear,,"Changes in FC between the right insula and the lateral occipital cortex and the right angular gyrus were significantly positively correlated with total trait impulsivity scores, motor impulsivity, and nonplanning impulsivity",no,evidence_strength not a number,yes,yes,yes,,,,,,,,,,mistral-7b-instruct-v0.3,2,keep,unclear,unclear,unclear,yes,unclear,unclear,,,,"The sentence directly states a significant positive correlation between changes in functional connectivity (FC) and total trait impulsivity scores, motor impulsivity, and nonplanning impulsivity. The brain regions involved are the right insula, lateral occipital cortex, and right angular gyrus, which are all located in the brain system mentioned in the claim (insula).",," {""support_score"": 2, ""decision"": ""keep"", ""phenotype_supported"": ""general impulsivity"", ""feature_supported"": ""functional connectivity"", ""relationship_supported"": ""correlation"", ""direction_supported"": true, ""directness_supported"": null, ""overclaiming"": null, ""corrected_phenotype"": null, ""corrected_feature_type"": null, ""corrected_direction"": null, ""rationale"": ""The sentence directly states a significant positive correlation between changes in functional connectivity (FC) and total trait impulsivity scores, motor impulsivity, and nonplanning impulsivity. The brain regions involved are the right insula, lateral occipital cortex, and right angular gyrus, which are all located in the brain system mentioned in the claim (insula).""}"
7,31401546,Functional connectivity of emotional well-being: Overconnectivity between default and attentional networks is associated with attitudes of anger and aggression.,2019,Psychiatry research. Neuroimaging,impulsivity fMRI functional connectivity,"default network, attentional network",functional connectivity,unknown,,positively correlated,unclear,impaired effortful control and decreased response inhibition of impulsivity,unclear,,Functional connectivity between the default and attentional networks was positively correlated with scores of attitudes of anger and aggression.,no,evidence_strength not a number,yes,yes,no,,,,,,,,,,mistral-7b-instruct-v0.3,2,keep,unclear,unclear,unclear,unclear,unclear,unclear,,,,"The sentence directly states a positive correlation between functional connectivity between the default and attentional networks and scores of attitudes of anger and aggression, which aligns with the extracted claim's relationship and feature.",," {""support_score"": 2, ""decision"": ""keep"", ""phenotype_supported"": null, ""feature_supported"": ""functional connectivity"", ""relationship_supported"": ""positively correlated"", ""direction_supported"": null, ""directness_supported"": null, ""overclaiming"": null, ""corrected_phenotype"": null, ""corrected_feature_type"": null, ""corrected_direction"": null, ""rationale"": ""The sentence directly states a positive correlation between functional connectivity between the default and attentional networks and scores of attitudes of anger and aggression, which aligns with the extracted claim's relationship and feature.""}"
8,33304251,Neural Basis of Increased Cognitive Control of Impulsivity During the Mid-Luteal Phase Relative to the Late Follicular Phase of the Menstrual Cycle.,2020,Frontiers in human neuroscience,ADHD impulsivity resting-state fMRI connectivity,"['dorsal striatum (DS)', 'dorsal lateral prefrontal cortex (dlPFC)']",functional connectivity,impulsivity (general),,regulates,unclear,,unclear,,"Discount rate (transformed k) correlated with functional connectivity between the DS and dlPFC, consistent with previous findings indicating that DS-dlPFC circuitry may regulate impulsivity.",no,evidence_strength not a number,yes,yes,no,,,,,,,,,,mistral-7b-instruct-v0.3,2,keep,unclear,unclear,unclear,unclear,unclear,unclear,,,,"The sentence directly mentions the regulation of impulsivity by the DS-dlPFC circuitry, which aligns with the extracted claim's phenotype and relationship.",," {""support_score"": 2, ""decision"": ""keep"", ""phenotype_supported"": null, ""feature_supported"": ""functional connectivity between the DS and dlPFC"", ""relationship_supported"": ""regulates"", ""direction_supported"": null, ""directness_supported"": null, ""overclaiming"": null, ""corrected_phenotype"": null, ""corrected_feature_type"": null, ""corrected_direction"": null, ""rationale"": ""The sentence directly mentions the regulation of impulsivity by the DS-dlPFC circuitry, which aligns with the extracted claim's phenotype and relationship.""}"
9,31907881,Human Brain Imaging Links Dopaminergic Systems to Impulsivity.,2020,Current topics in behavioral neurosciences,motor impulsivity functional connectivity,striatal,unknown,motor impulsivity,,correlation,unclear,,unclear,,"Low levels of striatal and midbrain D2-type receptor availability correlate with self-reported impulsivity, whereas striatal D2-type receptor availability shows positive correlation with motor response inhibition and cognitive flexibility.",no,evidence_strength not a number,yes,yes,yes,,,,,,,,,,mistral-7b-instruct-v0.3,2,keep,yes,yes,yes,yes,yes,unclear,motor impulsivity,D2-type receptor availability,,"The sentence directly states a correlation between striatal D2-type receptor availability and self-reported impulsivity, and also mentions a positive correlation between striatal D2-type receptor availability and motor response inhibition and cognitive flexibility. Therefore, the claim is supported.",," {""support_score"": 2, ""decision"": ""keep"", ""phenotype_supported"": true, ""feature_supported"": true, ""relationship_supported"": true, ""direction_supported"": true, ""directness_supported"": true, ""overclaiming"": null, ""corrected_phenotype"": ""motor impulsivity"", ""corrected_feature_type"": ""D2-type receptor availability"", ""rationale"": ""The sentence directly states a correlation between striatal D2-type receptor availability and self-reported impulsivity, and also mentions a positive correlation between striatal D2-type receptor availability and motor response inhibition and cognitive flexibility. Therefore, the claim is supported.""}"
10,31886611,Dorsal striatal functional connectivity changes in Internet gaming disorder: A longitudinal magnetic resonance imaging study.,2021,Addiction biology,impulsivity fMRI functional connectivity,dorsal striatum,functional connectivity,unknown,,decreased,unclear,,unclear,,They exhibited decreased FC between the left dorsal putamen and left medial prefrontal cortex (mPFC) compared with controls.,no,evidence_strength not a number,yes,yes,yes,,,,,,,,,,mistral-7b-instruct-v0.3,2,keep,unclear,unclear,unclear,unclear,unclear,unclear,,,,"The sentence clearly states a decreased functional connectivity between the left dorsal putamen and left medial prefrontal cortex in the group compared to controls, which aligns with the extracted claim's feature, relationship, and brain system.",," {""support_score"": 2, ""decision"": ""keep"", ""phenotype_supported"": null, ""feature_supported"": ""functional connectivity"", ""relationship_supported"": ""decreased"", ""direction_supported"": null, ""directness_supported"": null, ""overclaiming"": null, ""corrected_phenotype"": null, ""corrected_feature_type"": null, ""corrected_direction"": null, ""rationale"": ""The sentence clearly states a decreased functional connectivity between the left dorsal putamen and left medial prefrontal cortex in the group compared to controls, which aligns with the extracted claim's feature, relationship, and brain system.""}"
11,39218589,[A review of functional electrical stimulation based on brain-computer interface].,2024,Sheng wu yi xue gong cheng xue za zhi = Journal of biomedical engineering = Shengwu yixue gongchengxue zazhi,motor impulsivity functional connectivity,,unknown,unknown,damage to the central nervous system,causes,unclear,Functional electrical stimulation (FES) based on brain-computer interface (BCI),unclear,,"Individuals with motor dysfunction caused by damage to the central nervous system are unable to transmit voluntary movement commands to their muscles, resulting in a reduced ability to control their limbs.",no,evidence_strength not a number,yes,yes,yes,,,,,,,,,,mistral-7b-instruct-v0.3,2,keep,unclear,unclear,unclear,yes,yes,unclear,,,,"The sentence clearly states that motor dysfunction is caused by damage to the central nervous system, which aligns with the extracted claim's relationship and direction.",," {""support_score"": 2, ""decision"": ""keep"", ""phenotype_supported"": ""unknown"", ""feature_supported"": ""unknown"", ""relationship_supported"": ""causes"", ""direction_supported"": true, ""directness_supported"": true, ""overclaiming"": null, ""corrected_phenotype"": null, ""corrected_feature_type"": null, ""corrected_direction"": null, ""rationale"": ""The sentence clearly states that motor dysfunction is caused by damage to the central nervous system, which aligns with the extracted claim's relationship and direction.""}"
12,37086305,"Emotion dysregulation, impulsivity and anger rumination in borderline personality disorder: the role of amygdala and insula.",2024,European archives of psychiatry and clinical neuroscience,Barratt Impulsiveness Scale resting-state fMRI,amygdala,functional connectivity,impulsivity (general),Borderline Personality Disorder,association,unclear,,unclear,,"Reduced functional connectivity was found in BPD between amygdala and frontal pole, precuneus and temporal pole. This functional connectivity alterations correlated with Barratt Impulsiveness Scale (p=0.020; r=-0.447).",no,evidence_strength not a number,yes,yes,no,,,,,,,,,,mistral-7b-instruct-v0.3,2,keep,unclear,unclear,unclear,yes,yes,unclear,,,,"The sentence directly states a correlation between reduced functional connectivity between the amygdala and certain brain regions, and impulsivity as measured by the Barratt Impulsiveness Scale.",," {""support_score"": 2, ""decision"": ""keep"", ""phenotype_supported"": ""impulsivity (general)"", ""feature_supported"": ""functional connectivity"", ""relationship_supported"": ""association"", ""direction_supported"": true, ""directness_supported"": true, ""overclaiming"": null, ""corrected_phenotype"": null, ""corrected_feature_type"": null, ""corrected_direction"": null, ""rationale"": ""The sentence directly states a correlation between reduced functional connectivity between the amygdala and certain brain regions, and impulsivity as measured by the Barratt Impulsiveness Scale.""}"
13,37992501,Testing the triple network model of psychopathology in a transdiagnostic neurodevelopmental cohort.,2023,NeuroImage. Clinical,impulsivity neuroimaging functional connectivity,"['Salience Network', 'Central Executive Network', 'Default Mode Network']",functional connectivity,impulsivity (general),neurodevelopmental difficulties in cognition and behavior,associated with,unclear,,unclear,,"Hyperactivity/impulsivity was associated with increased functional connectivity between the SN, CEN, and DMN in at-risk children, whereas it was associated with decreased functional connectivity between the CEN and DMN in comparison children.",no,evidence_strength not a number,yes,yes,yes,,,,,,,,,,mistral-7b-instruct-v0.3,2,keep,unclear,unclear,unclear,yes,yes,unclear,,,,"The sentence directly mentions 'Hyperactivity/impulsivity' as a phenotype and 'functional connectivity' as a feature. It also clearly states that this functional connectivity is associated with the phenotype. The direction is supported as the sentence mentions increased functional connectivity for at-risk children and decreased functional connectivity for comparison children, which aligns with the 'unclear' direction in the claim.",," {""support_score"": 2, ""decision"": ""keep"", ""phenotype_supported"": ""general impulsivity"", ""feature_supported"": ""functional connectivity"", ""relationship_supported"": ""associated with"", ""direction_supported"": true, ""directness_supported"": true, ""overclaiming"": null, ""corrected_phenotype"": null, ""corrected_feature_type"": null, ""corrected_direction"": null, ""rationale"": ""The sentence directly mentions 'Hyperactivity/impulsivity' as a phenotype and 'functional connectivity' as a feature. It also clearly states that this functional connectivity is associated with the phenotype. The direction is supported as the sentence mentions increased functional connectivity for at-risk children and decreased functional connectivity for comparison children, which aligns with the 'unclear' direction in the claim.""}"
14,40297839,"Hippocampus Functional Connectivity, Impulsivity, and Subsequent Substance Use.",2025,Journal of cellular neuroscience,impulsivity resting-state fMRI functional connectivity,Hippocampus,functional connectivity,impulsivity (general),,mediates,unclear,,unclear,,These findings suggest that hippocampal rsFC partially mediates the relationship between impulsivity and substance use behaviors.,no,evidence_strength not a number,yes,yes,yes,,,,,,,,,,mistral-7b-instruct-v0.3,2,keep,unclear,unclear,unclear,unclear,unclear,unclear,,,,The sentence directly states that hippocampal functional connectivity mediates the relationship between impulsivity and substance use behaviors.,," {""support_score"": 2, ""decision"": ""keep"", ""phenotype_supported"": null, ""feature_supported"": ""functional connectivity"", ""relationship_supported"": ""mediates"", ""direction_supported"": null, ""directness_supported"": null, ""overclaiming"": null, ""corrected_phenotype"": null, ""corrected_feature_type"": null, ""corrected_direction"": null, ""rationale"": ""The sentence directly states that hippocampal functional connectivity mediates the relationship between impulsivity and substance use behaviors.""}"
15,24834038,Brain functional connectivity changes in children that differ in impulsivity temperamental trait.,2014,Frontiers in behavioral neuroscience,impulsivity resting-state fMRI functional connectivity,default mode network (DMN),functional connectivity,impulsivity (general),typically developing children,negatively correlated,lower,,unclear,,We found two DMN clusters located at the posterior cingulate cortex and the right angular gyrus which were negatively correlated with impulsivity scores.,no,evidence_strength not a number,yes,yes,yes,,,,,,,,,,mistral-7b-instruct-v0.3,2,keep,unclear,unclear,unclear,unclear,unclear,unclear,,,,The sentence directly mentions the phenotype 'impulsivity scores' and the feature 'functional connectivity' as being negatively correlated with the impulsivity scores. The direction 'lower' is also supported as the clusters are negatively correlated with the impulsivity scores.,," {""support_score"": 2, ""decision"": ""keep"", ""phenotype_supported"": null, ""feature_supported"": ""functional connectivity"", ""relationship_supported"": ""negatively correlated"", ""direction_supported"": ""lower"", ""directness_supported"": null, ""overclaiming"": null, ""corrected_phenotype"": null, ""corrected_feature_type"": null, ""corrected_direction"": null, ""rationale"": ""The sentence directly mentions the phenotype 'impulsivity scores' and the feature 'functional connectivity' as being negatively correlated with the impulsivity scores. The direction 'lower' is also supported as the clusters are negatively correlated with the impulsivity scores.""}"
16,34993375,Brain Networks Associated With COVID-19 Risk: Data From 3662 Participants.,2021,"Chronic stress (Thousand Oaks, Calif.)",trait impulsivity functional connectivity,"['central executive', 'ventral salience', 'dorsal salience', 'default mode', 'subcortical', 'sensorimotor']",functional connectivity,unknown,,associated with,unclear,,unclear,,"COVID-19 positive status was associated with 1) reduced connectivity between the central executive and ventral salience, as well as between the dorsal salience and default mode networks; 2) increased internal connectivity within the default mode, ventral salience, subcortical and sensorimotor networks; 3) increased connectivity between the ventral salience, subcortical and sensorimotor networks.",no,evidence_strength not a number,yes,yes,no,,,,,,,,,,mistral-7b-instruct-v0.3,2,keep,unclear,unclear,unclear,yes,yes,unclear,,,,"The sentence clearly states that COVID-19 positive status is associated with changes in functional connectivity, specifically reduced connectivity between certain networks and increased connectivity within and between others.",," {""support_score"": 2, ""decision"": ""keep"", ""phenotype_supported"": ""COVID-19 positive status"", ""feature_supported"": [""functional connectivity""], ""relationship_supported"": ""associated with"", ""direction_supported"": true, ""directness_supported"": true, ""overclaiming"": null, ""corrected_phenotype"": null, ""corrected_feature_type"": null, ""corrected_direction"": null, ""rationale"": ""The sentence clearly states that COVID-19 positive status is associated with changes in functional connectivity, specifically reduced connectivity between certain networks and increased connectivity within and between others.""}"
17,28783574,Go/No-Go task performance predicts differences in compulsivity but not in impulsivity personality traits.,2017,Psychiatry research,Barratt Impulsiveness Scale neuroimaging,,unknown,unknown,,Predicts,unclear,,unclear,,"Participants with high false alarms (H-FA) displayed a high-risk strategy of responding, and higher scores in the MOCI Total and MOCI Checking subscale compared to participants with low false alarms (L-FA).",no,evidence_strength not a number,yes,yes,no,,,,,,,,,,mistral-7b-instruct-v0.3,2,keep,unclear,unclear,unclear,unclear,unclear,unclear,,,,"The sentence clearly indicates a relationship between the participants with high false alarms and the MOCI Total and Checking subscale scores, and it implies a predictive relationship as the participants with high false alarms are compared to those with low false alarms.",," {""support_score"": 2, ""decision"": ""keep"", ""phenotype_supported"": null, ""feature_supported"": ""MOCI Total and MOCI Checking subscale"", ""relationship_supported"": ""displays"", ""direction_supported"": null, ""directness_supported"": null, ""overclaiming"": null, ""corrected_phenotype"": null, ""corrected_feature_type"": null, ""corrected_direction"": null, ""rationale"": ""The sentence clearly indicates a relationship between the participants with high false alarms and the MOCI Total and Checking subscale scores, and it implies a predictive relationship as the participants with high false alarms are compared to those with low false alarms.""}"
18,29442271,Exploring variability in basal ganglia connectivity with functional MRI in healthy aging.,2018,Brain imaging and behavior,impulsivity fMRI functional connectivity,Basal Ganglia,functional connectivity,impulsivity (general),,Association,unclear,Age-related changes,unclear,,We explored the relationship between FC in the BGN and variables related to impulsive behavior in 486 participants...,no,evidence_strength not a number,yes,yes,no,,,,,,,,,,mistral-7b-instruct-v0.3,1,revise,unclear,unclear,unclear,unclear,unclear,unclear,impulsivity (specific behavior),,,"The sentence mentions a relationship between functional connectivity and impulsive behavior, but it does not specify a particular behavior related to impulsivity. To support the claim, it would be beneficial to revise the phenotype to a more specific behavior.",," {""support_score"": 1, ""decision"": ""revise"", ""phenotype_supported"": null, ""feature_supported"": ""functional connectivity"", ""relationship_supported"": ""Association"", ""direction_supported"": null, ""directness_supported"": null, ""overclaiming"": null, ""corrected_phenotype"": ""impulsivity (specific behavior)"", ""corrected_feature_type"": null, ""rationale"": ""The sentence mentions a relationship between functional connectivity and impulsive behavior, but it does not specify a particular behavior related to impulsivity. To support the claim, it would be beneficial to revise the phenotype to a more specific behavior.""}"
19,12860356,"Impulsivity, gender, and response to fenfluramine challenge in borderline personality disorder.",2003,Psychiatry research,Barratt Impulsiveness Scale neuroimaging,,unknown,unknown,,Associated with,unclear,Diminished central serotonergic function,unclear,,"Impulsivity in borderline personality disorder (BPD) is associated with indices of diminished central serotonergic function, independent of suicidal behavior, depression or alcohol use disorder.",no,evidence_strength not a number,yes,yes,no,,,,,,,,,,mistral-7b-instruct-v0.3,2,keep,unclear,unclear,unclear,yes,yes,unclear,,,,"The sentence directly states that impulsivity in BPD is associated with indices of diminished central serotonergic function, which aligns with the extracted claim's relationship and direction.",," {""support_score"": 2, ""decision"": ""keep"", ""phenotype_supported"": ""borderline personality disorder (BPD)"", ""feature_supported"": ""indices of diminished central serotonergic function"", ""relationship_supported"": ""Associated with"", ""direction_supported"": true, ""directness_supported"": true, ""overclaiming"": null, ""corrected_phenotype"": null, ""corrected_feature_type"": null, ""corrected_direction"": null, ""rationale"": ""The sentence directly states that impulsivity in BPD is associated with indices of diminished central serotonergic function, which aligns with the extracted claim's relationship and direction.""}"
20,41098388,Functional connectivity in resting-state fMRI (rs-fMRI) in opioid use disorder.,2025,The European physical journal. Special topics,impulsivity resting-state fMRI functional connectivity,"['default mode network (DMN)', 'salience network (SN)']",functional connectivity,unknown,,disrupted,unclear,,unclear,,Our preliminary rs-fMRI findings reveal significant disruptions in functional connectivity in individuals with opioid addiction within DMN and SN networks involved in cognitive functions such as decision-making and impulse control.,no,evidence_strength not a number,yes,yes,yes,,,,,,,,,,mistral-7b-instruct-v0.3,2,keep,unclear,unclear,unclear,unclear,unclear,unclear,,,,"The sentence directly states that there are disruptions in functional connectivity in individuals with opioid addiction within DMN and SN networks, which aligns with the extracted claim.",," {""support_score"": 2, ""decision"": ""keep"", ""phenotype_supported"": ""individuals with opioid addiction"", ""feature_supported"": ""functional connectivity"", ""relationship_supported"": ""disrupted"", ""direction_supported"": null, ""directness_supported"": null, ""overclaiming"": null, ""corrected_phenotype"": null, ""corrected_feature_type"": null, ""corrected_direction"": null, ""rationale"": ""The sentence directly states that there are disruptions in functional connectivity in individuals with opioid addiction within DMN and SN networks, which aligns with the extracted claim.""}"
21,34964209,Neural processes during response inhibition in complex posttraumatic stress disorder.,2022,Depression and anxiety,impulsivity fMRI functional connectivity,Thalamus,functional connectivity,impulsivity (general),Complex Posttraumatic Stress Disorder (CPTSD),Reduced functional connectivity,unclear,,unclear,,"There was reduced bilateral thalamic activation in participants with CPTSD relative to PTSD and controls during inhibition trials, but no activation differences between PTSD and controls for this brain region.",no,evidence_strength not a number,yes,yes,yes,,,,,,,,,,mistral-7b-instruct-v0.3,2,keep,unclear,unclear,unclear,unclear,unclear,unclear,,,,"The sentence clearly states reduced functional connectivity in the thalamus for participants with CPTSD during inhibition trials, which supports the claim.",," {""support_score"": 2, ""decision"": ""keep"", ""phenotype_supported"": null, ""feature_supported"": ""functional connectivity"", ""relationship_supported"": ""Reduced functional connectivity"", ""direction_supported"": null, ""directness_supported"": null, ""overclaiming"": null, ""corrected_phenotype"": null, ""corrected_feature_type"": null, ""corrected_direction"": null, ""rationale"": ""The sentence clearly states reduced functional connectivity in the thalamus for participants with CPTSD during inhibition trials, which supports the claim.""}"
22,32699511,Neurobiological mechanisms underlying internet gaming disorder .,2020,Dialogues in clinical neuroscience,impulsivity fMRI functional connectivity,impulse control areas,functional connectivity,unknown,,reduced,unclear,,unclear,,reduced activity in impulse control areas and impaired decision making,no,evidence_strength not a number,yes,yes,yes,,,,,,,,,,mistral-7b-instruct-v0.3,2,keep,unclear,unclear,unclear,unclear,unclear,unclear,,,,"The sentence mentions reduced activity in impulse control areas, which aligns with the feature type (functional connectivity) and the relationship (reduced). However, the direction is not explicitly stated in the sentence.",," {""support_score"": 2, ""decision"": ""keep"", ""phenotype_supported"": null, ""feature_supported"": ""functional connectivity"", ""relationship_supported"": ""reduced"", ""direction_supported"": null, ""directness_supported"": null, ""overclaiming"": null, ""corrected_phenotype"": null, ""corrected_feature_type"": null, ""corrected_direction"": null, ""rationale"": ""The sentence mentions reduced activity in impulse control areas, which aligns with the feature type (functional connectivity) and the relationship (reduced). However, the direction is not explicitly stated in the sentence.""}"
23,14572528,Response inhibition and impulsivity: an fMRI study.,2003,Neuropsychologia,Barratt Impulsiveness Scale fMRI,"right lateral orbitofrontal cortex, superior temporal gyrus, medial orbitofrontal cortex, cingulate gyrus, inferior parietal lobule",unknown,unknown,,associated with,unclear,,unclear,,Neural response during response inhibition was most prominent in the right lateral orbitofrontal cortex.,no,evidence_strength not a number,yes,yes,yes,,,,,,,,,,mistral-7b-instruct-v0.3,2,keep,unclear,unclear,unclear,unclear,unclear,unclear,,neural response,,The sentence clearly indicates an association between the phenotype 'response inhibition' and the feature 'neural response' in the brain system specified.,," {""support_score"": 2, ""decision"": ""keep"", ""phenotype_supported"": null, ""feature_supported"": ""neural response during response inhibition"", ""relationship_supported"": ""associated with"", ""direction_supported"": null, ""directness_supported"": null, ""overclaiming"": null, ""corrected_phenotype"": null, ""corrected_feature_type"": ""neural response"", ""corrected_direction"": null, ""rationale"": ""The sentence clearly indicates an association between the phenotype 'response inhibition' and the feature 'neural response' in the brain system specified.""}"
24,10570690,What is attention-deficit/hyperactivity disorder?,1999,Pediatric clinics of North America,attentional impulsivity functional connectivity,frontal cortical-basal ganglia connections,functional connectivity,attentional impulsivity,,may be structurally or functionally different,unclear,,unclear,,"Neurobiologic studies suggest that the circuitry involving frontal cortical-basal ganglia connections may be structurally or functionally different in individuals with ADHD, although the specificity of these findings has not been researched thoroughly.",no,evidence_strength not a number,yes,yes,yes,,,,,,,,,,mistral-7b-instruct-v0.3,2,keep,unclear,unclear,unclear,unclear,unclear,unclear,,,,"The sentence directly mentions the phenotype 'attentional impulsivity' is potentially different in individuals with ADHD, and it also mentions the feature type 'functional connectivity' and the relationship 'may be structurally or functionally different' in the same context.",," {""support_score"": 2, ""decision"": ""keep"", ""phenotype_supported"": null, ""feature_supported"": ""functional connectivity"", ""relationship_supported"": ""may be structurally or functionally different"", ""direction_supported"": null, ""directness_supported"": null, ""overclaiming"": null, ""corrected_phenotype"": null, ""corrected_feature_type"": null, ""corrected_direction"": null, ""rationale"": ""The sentence directly mentions the phenotype 'attentional impulsivity' is potentially different in individuals with ADHD, and it also mentions the feature type 'functional connectivity' and the relationship 'may be structurally or functionally different' in the same context.""}"
25,39424632,Enhanced ADHD classification through deep learning and dynamic resting state fMRI analysis.,2024,Scientific reports,impulsivity resting-state fMRI functional connectivity,,functional connectivity,attentional impulsivity,classification,association,unclear,deep learning-based network (Skip-Vote-Net),unclear,,"In this study, we introduce Skip-Vote-Net, a novel deep learning-based network designed for classifying ADHD from typically developing children (TDC) by leveraging dynamic connectivity analysis on rs-fMRI data collected from 222 participants included in the NYU dataset within the ADHD-200 database.",no,evidence_strength not a number,yes,yes,yes,,,,,,,,,,mistral-7b-instruct-v0.3,0,revise,unclear,unclear,unclear,unclear,unclear,unclear,"attentional impulsivity (implicit, as ADHD is the focus of the study)",,,"The sentence mentions the use of functional connectivity analysis, but it does not explicitly state an association with attentional impulsivity. However, since the study is about ADHD classification, it can be inferred that the functional connectivity analysis is likely related to attentional impulsivity, a common symptom of ADHD.",," {""support_score"": null, ""decision"": ""revise"", ""phenotype_supported"": null, ""feature_supported"": ""functional connectivity"", ""relationship_supported"": ""association"", ""direction_supported"": null, ""directness_supported"": null, ""overclaiming"": null, ""corrected_phenotype"": ""attentional impulsivity (implicit, as ADHD is the focus of the study)"", ""corrected_feature_type"": null, ""rationale"": ""The sentence mentions the use of functional connectivity analysis, but it does not explicitly state an association with attentional impulsivity. However, since the study is about ADHD classification, it can be inferred that the functional connectivity analysis is likely related to attentional impulsivity, a common symptom of ADHD.""}"
26,31073695,Binge drinking is associated with altered resting state functional connectivity of reward-salience and top down control networks.,2020,Brain imaging and behavior,impulsivity resting state functional connectivity,"['nucleus accumbens and caudate nucleus', 'anterior cingulate cortex (ACC)', 'orbitofrontal cortex', 'inferior frontal cortex (IFC)', 'hippocampus']",functional connectivity,unknown,,['associated with'],unclear,,unclear,,"BDs exhibited enhanced connectivity between the striatal reward areas and the orbitofrontal cortex and the ACC, which is consistent with AUD studies and may be indicative of alcohol-motivated appetitive behaviors.",no,evidence_strength not a number,yes,yes,yes,,,,,,,,,,mistral-7b-instruct-v0.3,2,keep,unclear,unclear,unclear,unclear,unclear,unclear,binge drinking,,,"The sentence directly states that binge drinking is associated with altered functional connectivity, specifically between the striatal reward areas, orbitofrontal cortex, and ACC. The altered functional connectivity is indicative of a phenotype, but the specific brain system(s) involved are not named in the sentence, so the brain_system field remains unchanged.",," {""support_score"": 2, ""decision"": ""keep"", ""phenotype_supported"": null, ""feature_supported"": ""functional connectivity"", ""relationship_supported"": ""associated with"", ""direction_supported"": null, ""directness_supported"": null, ""overclaiming"": null, ""corrected_phenotype"": ""binge drinking"", ""corrected_feature_type"": null, ""corrected_direction"": null, ""rationale"": ""The sentence directly states that binge drinking is associated with altered functional connectivity, specifically between the striatal reward areas, orbitofrontal cortex, and ACC. The altered functional connectivity is indicative of a phenotype, but the specific brain system(s) involved are not named in the sentence, so the brain_system field remains unchanged.""}"
27,27743376,Cortical folding patterns are associated with impulsivity in healthy young adults.,2017,Brain imaging and behavior,Barratt Impulsiveness Scale fMRI,,unknown,impulsivity (general),,positively correlated,unclear,,unclear,,"BIS subscores were positively correlated with cortical folding in several distinct areas: Total and attention scores were positively correlated with LGI in the left postcentral gyrus, cingulate gyrus, precentral gyrus, pars opercularis of the inferior frontal gyrus, right middle temporal gyrus, superior parietal gyrus, pericalcarine gyrus, and lateral occipital gyrus (each p < 0.05 CWP corr.). BIS motor score was positively correlated with LGI in the left superior temporal, lingual and supramarginal gyrus (each p < 0.05 CWP corr.). BIS non-planning score showed a positive correlation with LGI in the pars opercularis of the right inferior frontal gyrus and the left middle temporal, precentral and superior parietal gyrus (each p < 0.05 CWP corr.).",no,evidence_strength not a number,yes,yes,yes,,,,,,,,,,mistral-7b-instruct-v0.3,2,keep,yes,yes,yes,yes,yes,unclear,,,,"The sentence directly states a positive correlation between impulsivity subscores (BIS) and cortical folding in several distinct brain areas, which aligns with the extracted claim.",," {""support_score"": 2, ""decision"": ""keep"", ""phenotype_supported"": true, ""feature_supported"": true, ""relationship_supported"": true, ""direction_supported"": true, ""directness_supported"": true, ""overclaiming"": null, ""corrected_phenotype"": null, ""corrected_feature_type"": null, ""corrected_direction"": null, ""rationale"": ""The sentence directly states a positive correlation between impulsivity subscores (BIS) and cortical folding in several distinct brain areas, which aligns with the extracted claim.""}"
28,35277392,Prefrontal Cortical Connectivity Mediates Locus Coeruleus Noradrenergic Regulation of Inhibitory Control in Older Adults.,2022,The Journal of neuroscience : the official journal of the Society for Neuroscience,motor impulsivity functional connectivity,Locus Coeruleus,functional connectivity,unknown,Healthy adults,Mediates,unclear,Noradrenergic regulation,unclear,,"We confirm that better response inhibition is correlated with locus coeruleus integrity and stronger connectivity between presupplementary motor area (preSMA) and right inferior frontal gyrus (rIFG), but not volumes of the prefrontal cortical regions.",no,evidence_strength not a number,yes,yes,yes,,,,,,,,,,mistral-7b-instruct-v0.3,2,keep,unclear,unclear,unclear,unclear,unclear,unclear,,,,"The sentence clearly states that better response inhibition is correlated with stronger connectivity between specific brain regions, which aligns with the claim of a mediating relationship between the Locus Coeruleus and functional connectivity in the prefrontal cortex.",," {""support_score"": 2, ""decision"": ""keep"", ""phenotype_supported"": null, ""feature_supported"": ""functional connectivity between presupplementary motor area (preSMA) and right inferior frontal gyrus (rIFG)"", ""relationship_supported"": ""correlated with"", ""direction_supported"": null, ""directness_supported"": null, ""overclaiming"": null, ""corrected_phenotype"": null, ""corrected_feature_type"": null, ""corrected_direction"": null, ""rationale"": ""The sentence clearly states that better response inhibition is correlated with stronger connectivity between specific brain regions, which aligns with the claim of a mediating relationship between the Locus Coeruleus and functional connectivity in the prefrontal cortex.""}"
29,39315326,Resting-state brain networks alterations in adolescents with Internet Gaming Disorder associate with cognitive control impairments.,2024,Frontiers in psychiatry,Barratt Impulsiveness Scale resting-state fMRI,"['Executive Control Network (ECN)', 'Salience Network (SN)', 'Dorsal Attention Network (DAN)']",functional connectivity,unknown,,"['positive correlation', 'linked', 'decrease', 'associated with', 'increased functional connectivity']",unclear,,unclear,,"In comparison to the control group, impulsivity in adolescent IGD subjects showed a positive correlation with the severity of IGD (r=0.6350, p < 0.001), linked to impairments in the Executive Control Network (ECN) and a decrease in functional connectivity between the Salience Network (SN) and ECN (r=0.4307, p=0.0021; r=-0.5147, p=0.0034).",no,evidence_strength not a number,yes,yes,yes,,,,,,,,,,mistral-7b-instruct-v0.3,2,keep,unclear,unclear,unclear,yes,yes,unclear,,,,"The sentence directly states a positive correlation between impulsivity and IGD, and a decrease in functional connectivity between the Salience Network (SN) and ECN in IGD subjects compared to the control group.",," {""support_score"": 2, ""decision"": ""keep"", ""phenotype_supported"": ""IGD"", ""feature_supported"": ""functional connectivity"", ""relationship_supported"": ""['positive correlation', 'linked', 'decrease']"", ""direction_supported"": true, ""directness_supported"": true, ""overclaiming"": null, ""corrected_phenotype"": null, ""corrected_feature_type"": null, ""corrected_direction"": null, ""rationale"": ""The sentence directly states a positive correlation between impulsivity and IGD, and a decrease in functional connectivity between the Salience Network (SN) and ECN in IGD subjects compared to the control group.""}"
30,39339712,Investigating the Impact of Nutrition and Oxidative Stress on Attention Deficit Hyperactivity Disorder.,2024,Nutrients,attentional impulsivity functional connectivity,,unknown,attentional impulsivity,,association,unclear,play a critical role in the development and manifestation of ADHD symptoms.,unclear,,Oxidative stress plays a critical role in the development and manifestation of ADHD symptoms.,no,evidence_strength not a number,yes,yes,yes,,,,,,,,,,mistral-7b-instruct-v0.3,2,keep,unclear,unclear,unclear,unclear,unclear,unclear,,,,"The sentence directly states that oxidative stress plays a critical role in the development and manifestation of ADHD symptoms, which aligns with the claim's phenotype and relationship.",," {""support_score"": 2, ""decision"": ""keep"", ""phenotype_supported"": ""attentional impulsivity"", ""feature_supported"": null, ""relationship_supported"": ""association"", ""direction_supported"": null, ""directness_supported"": null, ""overclaiming"": null, ""corrected_phenotype"": null, ""corrected_feature_type"": null, ""corrected_direction"": null, ""rationale"": ""The sentence directly states that oxidative stress plays a critical role in the development and manifestation of ADHD symptoms, which aligns with the claim's phenotype and relationship.""}"
31,27896939,"A multimodal study of impulsivity and body weight: Integrating behavioral, cognitive, and neuroimaging approaches.",2017,"Obesity (Silver Spring, Md.)",trait impulsivity functional connectivity,right inferior frontal gyrus,functional connectivity,unknown,,positive association,unclear,,unclear,,There was a positive association between BMI and functional connectivity between the right inferior frontal gyrus and right middle frontal gyrus during successful response inhibition.,no,evidence_strength not a number,yes,yes,no,,,,,,,,,,mistral-7b-instruct-v0.3,2,keep,unclear,unclear,unclear,unclear,unclear,unclear,,,,"The sentence directly states a positive association between BMI and functional connectivity between the right inferior frontal gyrus and right middle frontal gyrus, which aligns with the extracted claim's feature and relationship.",," {""support_score"": 2, ""decision"": ""keep"", ""phenotype_supported"": null, ""feature_supported"": ""functional connectivity"", ""relationship_supported"": ""positive association"", ""direction_supported"": null, ""directness_supported"": null, ""overclaiming"": null, ""corrected_phenotype"": null, ""corrected_feature_type"": null, ""corrected_direction"": null, ""rationale"": ""The sentence directly states a positive association between BMI and functional connectivity between the right inferior frontal gyrus and right middle frontal gyrus, which aligns with the extracted claim's feature and relationship.""}"
32,39592983,Abnormal stability of dynamic functional architecture in drug-naïve children with attention-deficit/hyperactivity disorder.,2024,BMC psychiatry,attentional impulsivity resting-state fMRI,"['Default Mode Network (DMN)', 'Salience Network (SN)']",dynamic connectivity,attentional impulsivity,drug-naïve children,"['associated with', 'increased', 'decreased']",higher,,unclear,,"We found that children with ADHD exhibited (1) decreased FS in the bilateral superior frontal gyrus (SFG) and increased FS in the right middle temporal gyrus (MTG), which both belong to the default mode network (DMN); (2) increased dFC between the bilateral SFG of DMN and the left insula of salience networks (SN) (GRF, voxel-wise p<0.001, cluster-wise p<0.05); (3) decreased dFC between the right MTG and the left cerebellum posterior lobe, and (3) worse performance in the Stroop test that significantly correlate with decreased FS in the bilateral SFG (p=0.043, FDR corrected).",no,evidence_strength not a number,yes,yes,no,,,,,,,,,,mistral-7b-instruct-v0.3,2,keep,yes,yes,yes,yes,yes,unclear,attentional impulsivity,dynamic connectivity,higher,,," {""support_score"": 2, ""decision"": ""keep"", ""phenotype_supported"": true, ""feature_supported"": true, ""relationship_supported"": true, ""direction_supported"": true, ""directness_supported"": true, ""overclaiming"": null, ""corrected_phenotype"": ""attentional impulsivity"", ""corrected_feature_type"": ""dynamic connectivity"", ""corrected_direction"": ""higher""}

Rationale: The sentence clearly supports the phenotype (attentional impulsivity, as ADHD is a disorder associated with attentional impulsivity), feature type (dynamic connectivity, as the sentence discusses functional connectivity), relationship (increased and decreased connectivity between brain regions), direction (higher, as the sentence discusses increased connectivity in some cases and decreased in others), and directness (unclear, as the sentence does not name both phenotype and feature, but the extracted claim is unclear about this field as well). No overclaiming is present."
33,25944613,Nature of functional links in valuation networks differentiates impulsive behaviors between abstinent heroin-dependent subjects and nondrug-using subjects.,2015,NeuroImage,Barratt Impulsiveness Scale resting-state fMRI,"['ventral medial prefrontal cortex', 'δ-network (regions of the executive control system, such as the dorsolateral prefrontal cortex)', 'β-network (regions of the reward system involved in the mesocorticolimbic pathway)']",functional connectivity,impulsivity (general),"['abstinent heroin-dependent subjects', 'nondrug-using subjects']",influence,unclear,,unclear,,"We demonstrated that through functional connectivity with the ventral medial prefrontal cortex, the δ-network (regions of the executive control system, such as the dorsolateral prefrontal cortex) and the β-network (regions of the reward system involved in the mesocorticolimbic pathway), jointly influence impulsivity measured by the Barratt impulsiveness scale scores.",no,evidence_strength not a number,yes,yes,yes,,,,,,,,,,mistral-7b-instruct-v0.3,2,keep,unclear,unclear,unclear,unclear,unclear,unclear,impulsivity (general),,,"The sentence directly states that the δ-network and β-network influence impulsivity, which aligns with the extracted claim's phenotype and feature_type.",," {""support_score"": 2, ""decision"": ""keep"", ""phenotype_supported"": null, ""feature_supported"": ""δ-network, β-network"", ""relationship_supported"": ""influence"", ""direction_supported"": null, ""directness_supported"": null, ""overclaiming"": null, ""corrected_phenotype"": ""impulsivity (general)"", ""corrected_feature_type"": null, ""rationale"": ""The sentence directly states that the δ-network and β-network influence impulsivity, which aligns with the extracted claim's phenotype and feature_type.""}"
34,38468374,Functional connectivity alterations in individuals with gaming disorder assessed by functional magnetic resonance imaging: a systematic review.,2025,Journal of addictive diseases,impulsivity fMRI functional connectivity,"prefrontal cortex, fronto-parietal regions, frontal gyrus, insula lobe, cingulate cortex, striatum",functional connectivity,unknown,"uncontrolled use of technologies among the young population, loss of inhibitory control in decision-making, transforming leisure into dependence, understanding associated risks and harms, difficulties in resisting the desire to stop playing",alters,unclear,,unclear,,"The brain regions with the most significant changes in functional connectivity in individuals with IGD symptoms are the prefrontal cortex, fronto-parietal regions, frontal gyrus, insula lobe, cingulate cortex and striatum.",no,evidence_strength not a number,yes,yes,no,,,,,,,,,,mistral-7b-instruct-v0.3,2,keep,unclear,unclear,unclear,unclear,unclear,unclear,,,,The sentence directly states that functional connectivity alters in the specified brain regions for individuals with IGD symptoms.,," {""support_score"": 2, ""decision"": ""keep"", ""phenotype_supported"": ""IGD symptoms"", ""feature_supported"": ""functional connectivity"", ""relationship_supported"": ""alters"", ""direction_supported"": null, ""directness_supported"": null, ""overclaiming"": null, ""corrected_phenotype"": null, ""corrected_feature_type"": null, ""corrected_direction"": null, ""rationale"": ""The sentence directly states that functional connectivity alters in the specified brain regions for individuals with IGD symptoms.""}"
35,28423021,Trait impulsivity components correlate differently with proactive and reactive control.,2017,PloS one,Barratt Impulsiveness Scale fMRI,"['inferior parietal lobule', 'right dorsolateral prefrontal cortex (DLPFC)', 'anterior cingulate contex']",unknown,unknown,,correlates,unclear,,unclear,,Higher motor impulsiveness was associated with a larger proactive control effect in the inferior parietal lobule and a smaller reactive control effect in the right dorsolateral prefrontal cortex (DLPFC) and anterior cingulate contex. Higher attention impulsivity was associated with a smaller proactive control effect in the right DLPFC.,no,evidence_strength not a number,yes,yes,no,,,,,,,,,,mistral-7b-instruct-v0.3,2,keep,unclear,unclear,unclear,yes,yes,unclear,,,,"The sentence clearly states that higher motor impulsiveness and higher attention impulsivity are associated with larger and smaller proactive and reactive control effects in specific brain regions, respectively. The direction is supported as the sentence mentions larger and smaller effects, and the directness is supported as both the phenotype and the feature are named.",," {""support_score"": 2, ""decision"": ""keep"", ""phenotype_supported"": ""Higher motor impulsiveness and Higher attention impulsivity"", ""feature_supported"": ""inferior parietal lobule, right dorsolateral prefrontal cortex (DLPFC), anterior cingulate contex"", ""relationship_supported"": ""was associated with"", ""direction_supported"": true, ""directness_supported"": true, ""overclaiming"": null, ""corrected_phenotype"": null, ""corrected_feature_type"": null, ""corrected_direction"": null, ""rationale"": ""The sentence clearly states that higher motor impulsiveness and higher attention impulsivity are associated with larger and smaller proactive and reactive control effects in specific brain regions, respectively. The direction is supported as the sentence mentions larger and smaller effects, and the directness is supported as both the phenotype and the feature are named.""}"
36,36963562,Youth Screen Media Activity Patterns and Associations With Behavioral Developmental Measures and Resting-state Brain Functional Connectivity.,2023,Journal of the American Academy of Child and Adolescent Psychiatry,impulsivity resting-state fMRI functional connectivity,,unknown,unknown,,association,unclear,resting-state brain functional connectivity,unclear,,"Compared with the lower-frequency SMA pattern group, the video-centric higher-frequency SMA pattern group demonstrated higher impulsivity.",no,evidence_strength not a number,yes,yes,no,,,,,,,,,,mistral-7b-instruct-v0.3,2,keep,unclear,unclear,unclear,unclear,unclear,unclear,,,,"The sentence directly states an association between the video-centric higher-frequency SMA pattern and impulsivity, although the direction is not explicitly stated.",," {""support_score"": 2, ""decision"": ""keep"", ""phenotype_supported"": ""impulsivity"", ""feature_supported"": ""video-centric higher-frequency SMA pattern"", ""relationship_supported"": ""association"", ""direction_supported"": null, ""directness_supported"": null, ""overclaiming"": null, ""corrected_phenotype"": null, ""corrected_feature_type"": null, ""corrected_direction"": null, ""rationale"": ""The sentence directly states an association between the video-centric higher-frequency SMA pattern and impulsivity, although the direction is not explicitly stated.""}"
37,36747838,Individual Differences in Delay Discounting are Associated with Dorsal Prefrontal Cortex Connectivity in Youth.,2023,bioRxiv : the preprint server for biology,attentional impulsivity resting-state fMRI,Dorsal Prefrontal Cortex,functional connectivity,impulsivity (general),,Associated with,unclear,,unclear,,These analyses revealed that individual differences in delay discounting were associated with patterns of connectivity emanating from the left dorsal prefrontal cortex.,no,evidence_strength not a number,yes,yes,no,,,,,,,,,,mistral-7b-instruct-v0.3,2,keep,unclear,unclear,unclear,unclear,unclear,unclear,impulsivity (general),,,"The sentence directly states that individual differences in delay discounting (a measure of impulsivity) are associated with patterns of connectivity, which is functional connectivity in this context, emanating from the left dorsal prefrontal cortex.",," {""support_score"": 2, ""decision"": ""keep"", ""phenotype_supported"": null, ""feature_supported"": ""functional connectivity"", ""relationship_supported"": ""Associated with"", ""direction_supported"": null, ""directness_supported"": null, ""overclaiming"": null, ""corrected_phenotype"": ""impulsivity (general)"", ""corrected_feature_type"": null, ""corrected_direction"": null, ""rationale"": ""The sentence directly states that individual differences in delay discounting (a measure of impulsivity) are associated with patterns of connectivity, which is functional connectivity in this context, emanating from the left dorsal prefrontal cortex.""}"
38,37884552,Neural correlates of aggression in personality disorders from the perspective of DSM-5 maladaptive traits: a systematic review.,2023,Translational psychiatry,trait impulsivity functional connectivity,,unknown,unknown,Borderline personality disorder (BPD) and antisocial personality disorder (ASPD),linked to,unclear,alterations of fronto-temporal-limbic regions and serotonergic and endocannabinoid signaling systems,unclear,,alterations of fronto-temporal-limbic regions and serotonergic and endocannabinoid signaling systems may link impulsivity to aggression in BPD and ASPD,no,evidence_strength not a number,yes,yes,yes,,,,,,,,,,mistral-7b-instruct-v0.3,2,keep,unclear,unclear,unclear,unclear,unclear,unclear,,,,"The sentence directly states that alterations in the specified brain regions and signaling systems are linked to impulsivity, which is a feature of aggression. The paper's context suggests this link is in the context of BPD and ASPD.",," {""support_score"": 2, ""decision"": ""keep"", ""phenotype_supported"": ""Borderline personality disorder (BPD) and antisocial personality disorder (ASPD)"", ""feature_supported"": ""fronto-temporal-limbic regions, serotonergic signaling systems, endocannabinoid signaling systems"", ""relationship_supported"": ""linked to"", ""direction_supported"": null, ""directness_supported"": null, ""overclaiming"": null, ""corrected_phenotype"": null, ""corrected_feature_type"": null, ""corrected_direction"": null, ""rationale"": ""The sentence directly states that alterations in the specified brain regions and signaling systems are linked to impulsivity, which is a feature of aggression. The paper's context suggests this link is in the context of BPD and ASPD.""}"
39,28040671,Decisional impulsivity and the associative-limbic subthalamic nucleus in obsessive-compulsive disorder: stimulation and connectivity.,2017,Brain : a journal of neurology,motor impulsivity resting-state fMRI,subthalamic nucleus,unknown,unknown,,causally implicated in increasing,higher,deep brain stimulation,unclear,,Stimulation of the subthalamic nucleus is causally implicated in increasing decisional impulsivity with less accumulation of evidence during probabilistic uncertainty and in enhancing delay discounting.,no,evidence_strength not a number,yes,yes,no,,,,,,,,,,mistral-7b-instruct-v0.3,2,keep,unclear,unclear,unclear,unclear,unclear,unclear,,,,"The sentence directly states that stimulation of the subthalamic nucleus is causally implicated in increasing decisional impulsivity and delay discounting, which aligns with the claim's relationship and direction.",," {""support_score"": 2, ""decision"": ""keep"", ""phenotype_supported"": null, ""feature_supported"": ""decisional impulsivity, delay discounting"", ""relationship_supported"": ""causally implicated in increasing"", ""direction_supported"": ""higher"", ""directness_supported"": null, ""overclaiming"": null, ""corrected_phenotype"": null, ""corrected_feature_type"": null, ""corrected_direction"": null, ""rationale"": ""The sentence directly states that stimulation of the subthalamic nucleus is causally implicated in increasing decisional impulsivity and delay discounting, which aligns with the claim's relationship and direction.""}"
40,39284401,"Transcranial Magnetic Stimulation-Induced Plasticity Improving Cognitive Control in Obsessive-Compulsive Disorder, Part II: Task-Based Neural Predictors of Treatment Response.",2025,Biological psychiatry,attentional impulsivity functional connectivity,"['dorsolateral prefrontal cortex', 'presupplementary motor area', 'precuneus', 'insular-amygdalar']",functional connectivity,unknown,Obsessive-Compulsive Disorder (OCD),"['corresponds with', 'is correlated with', 'is associated with']",unclear,,unclear,,"For the vertex group, but not the dorsolateral prefrontal cortex/presupplementary motor area rTMS conditions, higher activation in several task-relevant regions during planning and response inhibition and lower error-related activation corresponded with better short-term clinical improvement. Lower precuneus activation with increased planning taskload was correlated with symptom reduction in the dorsolateral prefrontal cortex group. In the presupplementary motor area group, higher error-related activation and lower inhibition-related insular-amygdalar connectivity were associated with symptom reduction.",no,evidence_strength not a number,yes,yes,yes,,,,,,,,,,mistral-7b-instruct-v0.3,2,keep,unclear,unclear,unclear,yes,yes,unclear,,,,"The sentence directly states that higher activation, error-related activation, and lower inhibition-related insular-amygdalar connectivity correspond with, are correlated with, or are associated with better short-term clinical improvement. The sentence also mentions that lower precuneus activation with increased planning taskload is correlated with symptom reduction in the dorsolateral prefrontal cortex group, and higher activation in several task-relevant regions during planning and response inhibition in the vertex group is correlated with better short-term clinical improvement. The brain regions mentioned in the sentence are part of the extracted brain_system.",," {""support_score"": 2, ""decision"": ""keep"", ""phenotype_supported"": ""short-term clinical improvement"", ""feature_supported"": [""activation"", ""error-related activation"", ""inhibition-related insular-amygdalar connectivity""], ""relationship_supported"": [""corresponds with"", ""is correlated with"", ""is associated with""], ""direction_supported"": true, ""directness_supported"": true, ""overclaiming"": null, ""corrected_phenotype"": null, ""corrected_feature_type"": null, ""corrected_direction"": null, ""rationale"": ""The sentence directly states that higher activation, error-related activation, and lower inhibition-related insular-amygdalar connectivity correspond with, are correlated with, or are associated with better short-term clinical improvement. The sentence also mentions that lower precuneus activation with increased planning taskload is correlated with symptom reduction in the dorsolateral prefrontal cortex group, and higher activation in several task-relevant regions during planning and response inhibition in the vertex group is correlated with better short-term clinical improvement. The brain regions mentioned in the sentence are part of the extracted brain_system.""}"
41,39756804,Altered Functional Connectivity of Prefrontal Cortex-Related Circuitry and Trait Impulsivity in Patients With Bipolar Disorder and History of Suicide Attempts.,2025,Acta psychiatrica Scandinavica,Barratt Impulsiveness Scale resting-state fMRI,Prefrontal Cortex,functional connectivity,impulsivity (general),Bipolar Disorder with and without a history of Suicide Attempts,Association,unclear,,unclear,,These reductions in FC of the fronto-thalamic and fronto-sensorimotor circuits were significantly associated with higher trait impulsivity scores.,no,evidence_strength not a number,yes,yes,yes,,,,,,,,,,mistral-7b-instruct-v0.3,2,keep,unclear,unclear,unclear,unclear,unclear,unclear,,,,The sentence directly states an association between functional connectivity and impulsivity scores.,," {""support_score"": 2, ""decision"": ""keep"", ""phenotype_supported"": null, ""feature_supported"": ""functional connectivity"", ""relationship_supported"": ""Association"", ""direction_supported"": null, ""directness_supported"": null, ""overclaiming"": null, ""corrected_phenotype"": null, ""corrected_feature_type"": null, ""corrected_direction"": null, ""rationale"": ""The sentence directly states an association between functional connectivity and impulsivity scores.""}"
42,37058964,Impulsivity and self-regulation: A dual-process model of risky driving in young drivers in Iran.,2023,Accident; analysis and prevention,trait impulsivity functional connectivity,,unknown,unknown,,mediates,unclear,executive functions and driving self-regulation,unclear,,Executive functions and driving self-regulation mediated the effect of attention impulsivity on driving errors.,no,evidence_strength not a number,yes,yes,yes,,,,,,,,,,mistral-7b-instruct-v0.3,2,keep,unclear,unclear,unclear,yes,yes,unclear,,,,"The sentence directly states that executive functions and driving self-regulation mediate the effect of attention impulsivity on driving errors, which aligns with the extracted claim's phenotype, feature, relationship, and direction.",," {""support_score"": 2, ""decision"": ""keep"", ""phenotype_supported"": ""driving errors"", ""feature_supported"": ""executive functions and driving self-regulation"", ""relationship_supported"": ""mediates"", ""direction_supported"": true, ""directness_supported"": true, ""overclaiming"": null, ""corrected_phenotype"": null, ""corrected_feature_type"": null, ""corrected_direction"": null, ""rationale"": ""The sentence directly states that executive functions and driving self-regulation mediate the effect of attention impulsivity on driving errors, which aligns with the extracted claim's phenotype, feature, relationship, and direction.""}"
43,19758706,Are self-injurers impulsive?: Results from two behavioral laboratory studies.,2009,Psychiatry research,Barratt Impulsiveness Scale neuroimaging,,unknown,unknown,,report greater impulsiveness,higher,,unclear,,"In Study 2, we compared adult female self-injurers (n=20) with age- and race/ethnicity-matched, non-injurious controls (n=20) on self-reported impulsiveness (Barratt Impulsiveness Scale-11)",no,evidence_strength not a number,yes,yes,yes,,,,,,,,,,mistral-7b-instruct-v0.3,2,keep,unclear,unclear,unclear,unclear,unclear,unclear,,,,"The sentence directly compares self-injurers with non-injurious controls on self-reported impulsiveness, supporting the claim of reporting greater impulsiveness.",," {""support_score"": 2, ""decision"": ""keep"", ""phenotype_supported"": ""adult female self-injurers"", ""feature_supported"": ""self-reported impulsiveness"", ""relationship_supported"": ""report greater impulsiveness"", ""direction_supported"": ""higher"", ""directness_supported"": null, ""overclaiming"": null, ""corrected_phenotype"": null, ""corrected_feature_type"": null, ""corrected_direction"": null, ""rationale"": ""The sentence directly compares self-injurers with non-injurious controls on self-reported impulsiveness, supporting the claim of reporting greater impulsiveness.""}"
44,29277650,"Macroscale variation in resting-state neuronal activity and connectivity assessed by simultaneous calcium imaging, hemodynamic imaging and electrophysiology.",2018,NeuroImage,impulsivity resting-state fMRI functional connectivity,,functional connectivity,unknown,,significantly different,unclear,,unclear,,"We found that this relationship varied across brain regions in a way that is consistent across animals, with delays increasing by600 ms towards posterior cortical regions. Furthermore, while overall functional connectivity (FC) measured by the hemodynamic signal is significantly correlated with FC measured by calcium, the two estimates were found to be significantly different.",no,evidence_strength not a number,yes,yes,yes,,,,,,,,,,mistral-7b-instruct-v0.3,1,revise,unclear,unclear,unclear,unclear,unclear,unclear,resting-state neuronal activity,,increasing,"The sentence mentions a difference in functional connectivity, but it does not specify a particular phenotype. The direction of the difference is given as increasing towards posterior cortical regions, but the original claim is unspecified. The revised claim is based on the context of the paper, which seems to focus on resting-state neuronal activity.",," {""support_score"": 1, ""decision"": ""revise"", ""phenotype_supported"": null, ""feature_supported"": ""functional connectivity"", ""relationship_supported"": ""significantly different"", ""direction_supported"": null, ""directness_supported"": null, ""overclaiming"": null, ""corrected_phenotype"": ""resting-state neuronal activity"", ""corrected_direction"": ""increasing"", ""rationale"": ""The sentence mentions a difference in functional connectivity, but it does not specify a particular phenotype. The direction of the difference is given as increasing towards posterior cortical regions, but the original claim is unspecified. The revised claim is based on the context of the paper, which seems to focus on resting-state neuronal activity.""}"
45,26908392,Association of ventral striatum monoamine oxidase-A binding and functional connectivity in antisocial personality disorder with high impulsivity: A positron emission tomography and functional magnetic resonance imaging study.,2016,European neuropsychopharmacology : the journal of the European College of Neuropsychopharmacology,Barratt Impulsiveness Scale resting-state fMRI,Ventral striatum (VS),functional connectivity,motor impulsivity,Antisocial personality disorder (ASPD),Correlated with,lower,,unclear,,"VSs-DMPFC FC was negatively correlated with NEO Personality Inventory-Revised impulsivity (r=-0.49, p=0.03), as was VSi-hippocampus FC with Barratt Impulsiveness Scale-11 motor impulsiveness (r=-0.50, p=0.03).",no,evidence_strength not a number,yes,yes,yes,,,,,,,,,,mistral-7b-instruct-v0.3,2,keep,unclear,unclear,unclear,unclear,unclear,unclear,,,,"The sentence directly mentions the correlation of functional connectivity with motor impulsivity in the ventral striatum and hippocampus, which supports the claim.",," {""support_score"": 2, ""decision"": ""keep"", ""phenotype_supported"": ""motor impulsivity"", ""feature_supported"": ""functional connectivity"", ""relationship_supported"": ""Correlated with"", ""direction_supported"": ""lower"", ""directness_supported"": null, ""overclaiming"": null, ""corrected_phenotype"": null, ""corrected_feature_type"": null, ""corrected_direction"": null, ""rationale"": ""The sentence directly mentions the correlation of functional connectivity with motor impulsivity in the ventral striatum and hippocampus, which supports the claim.""}"
46,36912839,Identifying Replicable Subgroups in Neurodevelopmental Conditions Using Resting-State Functional Magnetic Resonance Imaging Data.,2023,JAMA network open,trait impulsivity resting-state fMRI,,unknown,attentional impulsivity,,,unclear,resting-state functional magnetic resonance imaging (fMRI),unclear,,"In both data sets, subgroups with similar biology that differed significantly in intelligence as well as hyperactivity and impulsivity problems were identified, yet these groups showed no consistent alignment with current diagnostic categories. For example, there was a significant difference in Strengths and Weaknesses ADHD Symptoms and Normal Behavior Hyperactivity/Impulsivity subscale (SWAN-HI) between 2 subgroups in the POND data (C and D), with subgroup D having increased hyperactivity and impulsivity traits compared with subgroup C (median [IQR], 2.50 [0.00-7.00] vs 1.00 [0.00-5.00]; U = 1.19 × 104; P = .01; η2 = 0.02). A significant difference in SWAN-HI scores between subgroups g and d in the HBN data was also observed (median [IQR], 1.00 [0.00-4.00] vs 0.00 [0.00-2.00]; corrected P = .02).",no,evidence_strength not a number,yes,yes,yes,,,,,,,,,,mistral-7b-instruct-v0.3,1,revise,unclear,unclear,unclear,unclear,unclear,unclear,attentional impulsivity (indirectly supported as it is part of the SWAN-HI subscale),,,"The evidence sentence mentions a significant difference in a subscale that includes hyperactivity and impulsivity traits, which are related to attentional impulsivity. However, the sentence does not directly support the attentional impulsivity phenotype as it is not explicitly stated.",," {""support_score"": 1, ""decision"": ""revise"", ""phenotype_supported"": null, ""feature_supported"": ""Strengths and Weaknesses ADHD Symptoms and Normal Behavior Hyperactivity/Impulsivity subscale (SWAN-HI)"", ""relationship_supported"": ""significant difference"", ""direction_supported"": null, ""directness_supported"": null, ""overclaiming"": null, ""corrected_phenotype"": ""attentional impulsivity (indirectly supported as it is part of the SWAN-HI subscale)"", ""corrected_feature_type"": null, ""corrected_direction"": null, ""rationale"": ""The evidence sentence mentions a significant difference in a subscale that includes hyperactivity and impulsivity traits, which are related to attentional impulsivity. However, the sentence does not directly support the attentional impulsivity phenotype as it is not explicitly stated.""}"
47,24373553,Anhedonia in Parkinson's disease patients with and without pathological gambling: a case-control study.,2014,Psychiatry research,Barratt Impulsiveness Scale neuroimaging,,unknown,unknown,Parkinson's Disease,Association,higher,,unclear,,"The PG-group, compared to the ICDs-group and PD-controls, reported a significantly higher incidence of anhedonia (45% vs. 9% vs. 14% respectively), higher Snaith-Hamilton Pleasure Scale (SHAPS) scores (2.0±1.3 vs. 1.0±1.1 vs. 1.0±1.2), higher levels of impulsivity traits as measured by the Barratt Impulsiveness Scale (70.0±10.6 vs. 64.8±11 vs. 60.9±9.3)",no,evidence_strength not a number,yes,yes,yes,,,,,,,,,,mistral-7b-instruct-v0.3,2,keep,unclear,unclear,unclear,yes,yes,unclear,,,,"The sentence directly compares the incidence of anhedonia among three groups (PG-group, ICDs-group, and PD-controls) and shows that the PG-group has a significantly higher incidence of anhedonia than the other two groups, supporting the claim of an association between anhedonia and Parkinson's disease patients with pathological gambling.",," {""support_score"": 2, ""decision"": ""keep"", ""phenotype_supported"": ""anhedonia"", ""feature_supported"": ""incidence"", ""relationship_supported"": ""Association"", ""direction_supported"": true, ""directness_supported"": true, ""overclaiming"": null, ""corrected_phenotype"": null, ""corrected_feature_type"": null, ""corrected_direction"": null, ""rationale"": ""The sentence directly compares the incidence of anhedonia among three groups (PG-group, ICDs-group, and PD-controls) and shows that the PG-group has a significantly higher incidence of anhedonia than the other two groups, supporting the claim of an association between anhedonia and Parkinson's disease patients with pathological gambling.""}"
48,33426970,Add-on repetitive transcranial magnetic stimulation in patients with opioid use disorder undergoing methadone maintenance therapy.,2021,The American journal of drug and alcohol abuse,Barratt Impulsiveness Scale neuroimaging,Left dorsolateral prefrontal cortex (DLPFC),unknown,impulsivity (general),Opioid use disorder (OUD) participants undergoing methadone maintenance therapy (MMT),Lower,unclear,,unclear,,"HDRS scores, BIS-11 attentional subscales, and CPTs commission T-scores (C-TS) were significantly lower in the active rTMS group (P = .003, 0.04, and 0.02, respectively) than in the sham group.",no,evidence_strength not a number,yes,yes,yes,,,,,,,,,,mistral-7b-instruct-v0.3,2,keep,unclear,unclear,unclear,yes,yes,unclear,,,,"The sentence reports a significant lowering of CPTs commission T-scores, which is a measure of impulsivity, in the active rTMS group compared to the sham group. This supports the claim of lower impulsivity in the active rTMS group.",," {""support_score"": 2, ""decision"": ""keep"", ""phenotype_supported"": ""impulsivity (general)"", ""feature_supported"": ""CPTs commission T-scores (C-TS)"", ""relationship_supported"": ""Lower"", ""direction_supported"": true, ""directness_supported"": true, ""overclaiming"": null, ""corrected_phenotype"": null, ""corrected_feature_type"": null, ""corrected_direction"": null, ""rationale"": ""The sentence reports a significant lowering of CPTs commission T-scores, which is a measure of impulsivity, in the active rTMS group compared to the sham group. This supports the claim of lower impulsivity in the active rTMS group.""}"
49,31383336,Hypothesis: Compulsive hoarding as an atavism.,2019,Medical hypotheses,trait impulsivity functional connectivity,,unknown,unknown,,potential connection,unclear,,unclear,,"We highlight the potential of using shrews as animal models for hoarding behavior and, considering the current knowledge on the molecular underpinnings of the disorder, we also point to limitations of the proposed connection.",no,evidence_strength not a number,yes,yes,yes,,,,,,,,,,mistral-7b-instruct-v0.3,0,revise,unclear,unclear,unclear,unclear,unclear,unclear,hoarding behavior,genetic and molecular underpinnings,,"The sentence suggests a potential connection between hoarding behavior and shrews, and mentions the genetic and molecular underpinnings of the disorder, but it does not explicitly state the phenotype-feature association or the direction of the relationship.",," {""support_score"": null, ""decision"": ""revise"", ""phenotype_supported"": null, ""feature_supported"": null, ""relationship_supported"": null, ""direction_supported"": null, ""directness_supported"": null, ""overclaiming"": null, ""corrected_phenotype"": ""hoarding behavior"", ""corrected_feature_type"": ""genetic and molecular underpinnings"", ""rationale"": ""The sentence suggests a potential connection between hoarding behavior and shrews, and mentions the genetic and molecular underpinnings of the disorder, but it does not explicitly state the phenotype-feature association or the direction of the relationship.""}"
50,25928822,Altered resting-state frontoparietal control network in children with attention-deficit/hyperactivity disorder.,2015,Journal of the International Neuropsychological Society : JINS,attentional impulsivity resting-state fMRI,Frontoparietal control network,functional connectivity,attentional impulsivity,,Weaker connectivity,lower,,unclear,,"Compared with TD children, children with ADHD demonstrated weaker connectivity between the right anterior prefrontal cortex (PFC) and the right ventrolateral PFC, and between the left anterior PFC and the right inferior parietal lobule.",no,evidence_strength not a number,yes,yes,yes,,,,,,,,,,mistral-7b-instruct-v0.3,2,keep,unclear,unclear,unclear,unclear,unclear,unclear,,,,"The sentence directly states that children with ADHD demonstrate weaker connectivity in specific brain regions compared to TD children, which aligns with the claim of weaker connectivity in the Frontoparietal control network for the phenotype of attentional impulsivity.",," {""support_score"": 2, ""decision"": ""keep"", ""phenotype_supported"": null, ""feature_supported"": ""functional connectivity"", ""relationship_supported"": ""Weaker connectivity"", ""direction_supported"": ""lower"", ""directness_supported"": null, ""overclaiming"": null, ""corrected_phenotype"": null, ""corrected_feature_type"": null, ""corrected_direction"": null, ""rationale"": ""The sentence directly states that children with ADHD demonstrate weaker connectivity in specific brain regions compared to TD children, which aligns with the claim of weaker connectivity in the Frontoparietal control network for the phenotype of attentional impulsivity.""}"
51,9571295,Frontal lobe functions and dysfunctions.,1998,Clinical EEG (electroencephalography),attentional impulsivity functional connectivity,prefrontal cortex,unknown,attentional impulsivity,Attention Deficit Hyperactivity Disorder (ADHD),involved in,unclear,Working Memory,unclear,,"The prefrontal cortex is also involved in motor action: in its initiation, planning, designing and sequencing rather than its mere execution.",no,evidence_strength not a number,yes,yes,yes,,,,,,,,,,mistral-7b-instruct-v0.3,0,drop,unclear,unclear,unclear,unclear,unclear,unclear,,,,"The sentence does not mention 'attentional impulsivity' or any related phenotype, and it does not provide evidence for the involvement of the prefrontal cortex in working memory, which is the mechanism associated with the extracted claim in the context of Attention Deficit Hyperactivity Disorder (ADHD).",," {""support_score"": 0, ""decision"": ""drop"", ""phenotype_supported"": null, ""feature_supported"": null, ""relationship_supported"": null, ""direction_supported"": null, ""directness_supported"": null, ""overclaiming"": null, ""corrected_phenotype"": null, ""corrected_feature_type"": null, ""corrected_direction"": null, ""rationale"": ""The sentence does not mention 'attentional impulsivity' or any related phenotype, and it does not provide evidence for the involvement of the prefrontal cortex in working memory, which is the mechanism associated with the extracted claim in the context of Attention Deficit Hyperactivity Disorder (ADHD).""}"
52,22901705,Alterations in regional homogeneity of resting-state brain activity in internet gaming addicts.,2012,Behavioral and brain functions : BBF,motor impulsivity resting-state fMRI,sensory-motor coordination,unknown,unknown,,enhanced,unclear,long-time online game playing,unclear,,"Comparing to the healthy controls, IGA subjects show enhanced ReHo in brainstem, inferior parietal lobule, left posterior cerebellum, and left middle frontal gyrus. All of these regions are thought related with sensory-motor coordination.",no,evidence_strength not a number,yes,yes,yes,,,,,,,,,,mistral-7b-instruct-v0.3,2,keep,unclear,unclear,unclear,unclear,unclear,unclear,Internet Gaming Addicts,ReHo (Regional Homogeneity),,The sentence clearly indicates an enhancement in ReHo in specific brain regions in Internet Gaming Addicts compared to healthy controls. These regions are associated with sensory-motor coordination.,," {""support_score"": 2, ""decision"": ""keep"", ""phenotype_supported"": null, ""feature_supported"": ""enhanced"", ""relationship_supported"": ""association"", ""direction_supported"": null, ""directness_supported"": null, ""overclaiming"": null, ""corrected_phenotype"": ""Internet Gaming Addicts"", ""corrected_feature_type"": ""ReHo (Regional Homogeneity)"", ""rationale"": ""The sentence clearly indicates an enhancement in ReHo in specific brain regions in Internet Gaming Addicts compared to healthy controls. These regions are associated with sensory-motor coordination.""}"
53,34851976,Differential structure-function network coupling in the inattentive and combined types of attention deficit hyperactivity disorder.,2021,PloS one,attentional impulsivity resting-state fMRI,"['Default mode network (DMN)', 'Executive control network (ECN)', 'Salience network (SAN)']",structural connectivity,attentional impulsivity,,"['Lower structural connectivity and network efficiency in the DMN compared to TDC for children with ADHD', 'Higher SC-FC coupling for all subnetworks compared to TDC for children with ADHD-C', 'Higher SC-FC coupling in the DMN compared to ADHD-I for children with ADHD-C', 'Negative correlation between SC-FC coupling and hyperactivity scores in the ADHD-I group but not in the ADHD-C group']",unclear,,unclear,,"Children with ADHD had lower structural connectivity and network efficiency in the DMN, without significant group differences in functional networks. Children with ADHD-C had higher SC-FC coupling, a finding consistent with diminished cognitive flexibility, for all subnetworks compared to TDC. The ADHD-C group also demonstrated increased SC-FC coupling in the DMN compared to the ADHD-I group. The correlation between SC-FC coupling and hyperactivity scores was negative in the ADHD-I, but not in the ADHD-C group.",no,evidence_strength not a number,yes,yes,no,,,,,,,,,,mistral-7b-instruct-v0.3,2,keep,unclear,unclear,unclear,no,no,unclear,,,,"The sentence provides clear evidence for the phenotype, feature, and relationship as stated in the claim. However, the direction and directness cannot be definitively confirmed as the sentence does not name both phenotype and feature together.",," {""support_score"": 2, ""decision"": ""keep"", ""phenotype_supported"": ""attentional impulsivity"", ""feature_supported"": ""structural connectivity"", ""relationship_supported"": [""Lower structural connectivity and network efficiency in the DMN compared to TDC for children with ADHD"", ""Higher SC-FC coupling for all subnetworks compared to TDC for children with ADHD-C"", ""Higher SC-FC coupling in the DMN compared to ADHD-I for children with ADHD-C"", ""Negative correlation between SC-FC coupling and hyperactivity scores in the ADHD-I group but not in the ADHD-C group""], ""direction_supported"": false, ""directness_supported"": false, ""overclaiming"": null, ""corrected_phenotype"": null, ""corrected_feature_type"": null, ""corrected_direction"": null, ""rationale"": ""The sentence provides clear evidence for the phenotype, feature, and relationship as stated in the claim. However, the direction and directness cannot be definitively confirmed as the sentence does not name both phenotype and feature together.""}"
54,28174127,Altered functional connectivity in default mode network in Internet gaming disorder: Influence of childhood ADHD.,2017,Progress in neuro-psychopharmacology & biological psychiatry,attentional impulsivity resting-state fMRI,default mode network (DMN),functional connectivity,unknown,with and without childhood ADHD,expanded,unclear,,unclear,,"IGD subjects without childhood ADHD showed expanded functional connectivity (FC) between DMN-related regions (PCC, medial prefrontal cortex, thalamus) compared with controls.",no,evidence_strength not a number,yes,yes,yes,,,,,,,,,,mistral-7b-instruct-v0.3,2,keep,unclear,unclear,unclear,unclear,unclear,unclear,,,,The sentence directly states that IGD subjects without childhood ADHD have expanded functional connectivity in the default mode network compared to controls.,," {""support_score"": 2, ""decision"": ""keep"", ""phenotype_supported"": null, ""feature_supported"": ""expanded functional connectivity between DMN-related regions (PCC, medial prefrontal cortex, thalamus)"", ""relationship_supported"": ""expanded"", ""direction_supported"": null, ""directness_supported"": null, ""overclaiming"": null, ""corrected_phenotype"": null, ""corrected_feature_type"": null, ""corrected_direction"": null, ""rationale"": ""The sentence directly states that IGD subjects without childhood ADHD have expanded functional connectivity in the default mode network compared to controls.""}"
55,28860514,Delay discounting is associated with the fractional amplitude of low-frequency fluctuations and resting-state functional connectivity in late adolescence.,2017,Scientific reports,trait impulsivity resting-state fMRI,dorsal anterior cingulate cortex (dACC),BOLD variability,impulsivity (general),,association,unclear,,unclear,,"At the regional level, we found an association between higher DD and greater fALFF in the dorsal anterior cingulate cortex (dACC)",no,evidence_strength not a number,yes,yes,yes,,,,,,,,,,mistral-7b-instruct-v0.3,2,keep,unclear,unclear,unclear,unclear,unclear,unclear,,,,The sentence directly states an association between higher DD (a potential indicator of impulsivity) and greater fALFF (a measure of BOLD variability) in the dorsal anterior cingulate cortex (dACC).,," {""support_score"": 2, ""decision"": ""keep"", ""phenotype_supported"": null, ""feature_supported"": ""BOLD variability (fALFF)"", ""relationship_supported"": ""association"", ""direction_supported"": null, ""directness_supported"": null, ""overclaiming"": null, ""corrected_phenotype"": null, ""corrected_feature_type"": null, ""corrected_direction"": null, ""rationale"": ""The sentence directly states an association between higher DD (a potential indicator of impulsivity) and greater fALFF (a measure of BOLD variability) in the dorsal anterior cingulate cortex (dACC).""}"
56,37673288,Resting-state functional magnetic resonance imaging alterations in borderline personality disorder: A systematic review.,2023,Journal of affective disorders,impulsivity resting-state fMRI functional connectivity,"['default mode network (DMN)', 'salience network (SN)', 'central executive network (CEN)']",functional connectivity,unknown,,observed,unclear,,unclear,,"Overall, aberrant resting-state functional connectivity (rs-FC) within and between default mode network (DMN), salience network (SN), and central executive network (CEN) were observed in BPD compared to healthy controls",no,evidence_strength not a number,yes,yes,yes,,,,,,,,,,mistral-7b-instruct-v0.3,2,keep,unclear,unclear,unclear,yes,yes,unclear,,,,"The sentence directly states that aberrant rs-FC is observed in BPD compared to healthy controls within and between DMN, SN, and CEN.",," {""support_score"": 2, ""decision"": ""keep"", ""phenotype_supported"": ""BPD"", ""feature_supported"": ""rs-FC"", ""relationship_supported"": ""observed"", ""direction_supported"": true, ""directness_supported"": true, ""overclaiming"": null, ""corrected_phenotype"": null, ""corrected_feature_type"": null, ""corrected_direction"": null, ""rationale"": ""The sentence directly states that aberrant rs-FC is observed in BPD compared to healthy controls within and between DMN, SN, and CEN.""}"
57,28777996,Neural connectivity moderates the association between sleep and impulsivity in adolescents.,2017,Developmental cognitive neuroscience,impulsivity fMRI functional connectivity,"prefrontal cortex, default mode network",functional connectivity,impulsivity (general),,moderates,unclear,,unclear,,"Poor sleep quality was related to greater affect-related impulsivity among adolescents with low, but not high, connectivity, suggesting neural functioning relates to individual differences linking sleep quality and impulsivity.",no,evidence_strength not a number,yes,yes,yes,,,,,,,,,,mistral-7b-instruct-v0.3,1,revise,unclear,unclear,unclear,unclear,unclear,unclear,impulsivity (affect-related),functional connectivity,,The sentence mentions 'impulsivity' but does not specify the type as 'affect-related'. The sentence also mentions 'functional connectivity' but does not specify the brain regions involved in the connectivity.,," {""support_score"": 1, ""decision"": ""revise"", ""phenotype_supported"": ""partially"", ""feature_supported"": ""partially"", ""relationship_supported"": ""partially"", ""direction_supported"": null, ""directness_supported"": null, ""overclaiming"": null, ""corrected_phenotype"": ""impulsivity (affect-related)"", ""corrected_feature_type"": ""functional connectivity"", ""rationale"": ""The sentence mentions 'impulsivity' but does not specify the type as 'affect-related'. The sentence also mentions 'functional connectivity' but does not specify the brain regions involved in the connectivity.""}"
58,37209127,Reduced loss aversion in value-based decision-making and edge-centric functional connectivity in patients with internet gaming disorder.,2023,Journal of behavioral addictions,impulsivity neuroimaging functional connectivity,left IFG and right hippocampus,unknown,unknown,,reduced,unclear,edge-centric functional connectivity,unclear,,The reduced loss aversion in value-based decision making and their related edge-centric functional connectivity support that the IGD showed the same value-based decision-making deficit as the substance use and other behavioral addictive disorders.,no,evidence_strength not a number,yes,yes,yes,,,,,,,,,,mistral-7b-instruct-v0.3,2,keep,unclear,unclear,unclear,unclear,unclear,unclear,,,,"The sentence directly states a reduced relationship between the specified features (value-based decision-making and edge-centric functional connectivity) in patients with Internet Gaming Disorder, which aligns with the extracted claim.",," {""support_score"": 2, ""decision"": ""keep"", ""phenotype_supported"": null, ""feature_supported"": ""value-based decision-making and edge-centric functional connectivity"", ""relationship_supported"": ""reduced"", ""direction_supported"": null, ""directness_supported"": null, ""overclaiming"": null, ""corrected_phenotype"": null, ""corrected_feature_type"": null, ""corrected_direction"": null, ""rationale"": ""The sentence directly states a reduced relationship between the specified features (value-based decision-making and edge-centric functional connectivity) in patients with Internet Gaming Disorder, which aligns with the extracted claim.""}"
59,26648853,Impulsivity is Associated with Increased Metabolism in the Fronto-Insular Network in Parkinson's Disease.,2015,Frontiers in behavioral neuroscience,Barratt Impulsiveness Scale neuroimaging,"['Orbitofrontal Cortex', 'Anterior Cingulate Cortex', 'Right Insula']",unknown,impulsivity (general),Parkinson's Disease,Associated with,unclear,,unclear,,"Voxel-wise group comparison revealed higher FDG-metabolism in the orbitofrontal cortex (OFC), anterior cingulate cortex (ACC), and right insula in patients with higher impulsivity scores.",no,evidence_strength not a number,yes,yes,yes,,,,,,,,,,mistral-7b-instruct-v0.3,2,keep,unclear,unclear,unclear,unclear,unclear,unclear,,,,The sentence directly states that higher impulsivity scores are associated with increased metabolism in the specified brain regions.,," {""support_score"": 2, ""decision"": ""keep"", ""phenotype_supported"": null, ""feature_supported"": ""metabolism"", ""relationship_supported"": ""Associated with"", ""direction_supported"": null, ""directness_supported"": null, ""overclaiming"": null, ""corrected_phenotype"": null, ""corrected_feature_type"": null, ""corrected_direction"": null, ""rationale"": ""The sentence directly states that higher impulsivity scores are associated with increased metabolism in the specified brain regions.""}"
60,26460483,Lateral prefrontal model-based signatures are reduced in healthy individuals with high trait impulsivity.,2015,Translational psychiatry,Barratt Impulsiveness Scale fMRI,Right lateral prefrontal cortex,unknown,impulsivity (general),,Reduced,unclear,,unclear,,Right lateral prefrontal model-based signatures were reduced in high-impulsive individuals.,no,evidence_strength not a number,yes,yes,yes,,,,,,,,,,mistral-7b-instruct-v0.3,2,keep,unclear,unclear,unclear,yes,yes,unclear,,,,The sentence directly states a reduction in the specified brain system (Right lateral prefrontal cortex) in individuals with high impulsivity.,," {""support_score"": 2, ""decision"": ""keep"", ""phenotype_supported"": ""general_impulsivity"", ""feature_supported"": ""Right lateral prefrontal model-based signatures"", ""relationship_supported"": ""Reduced"", ""direction_supported"": true, ""directness_supported"": true, ""overclaiming"": null, ""corrected_phenotype"": null, ""corrected_feature_type"": null, ""corrected_direction"": null, ""rationale"": ""The sentence directly states a reduction in the specified brain system (Right lateral prefrontal cortex) in individuals with high impulsivity.""}"
61,25738502,Decreased prefrontal lobe interhemispheric functional connectivity in adolescents with internet gaming disorder: a primary study using resting-state FMRI.,2015,PloS one,impulsivity resting-state fMRI functional connectivity,prefrontal lobe,functional connectivity,unknown,,decreased,unclear,,unclear,,"Compared to healthy controls, IGD participants showed decreased VMHC between the left and right superior frontal gyrus (orbital part), inferior frontal gyrus (orbital part), middle frontal gyrus and superior frontal gyrus.",no,evidence_strength not a number,yes,yes,yes,,,,,,,,,,mistral-7b-instruct-v0.3,2,keep,unclear,unclear,unclear,unclear,unclear,unclear,,,,The sentence directly states a decrease in functional connectivity between specific brain regions in individuals with Internet Gaming Disorder compared to healthy controls.,," {""support_score"": 2, ""decision"": ""keep"", ""phenotype_supported"": null, ""feature_supported"": ""functional connectivity between the left and right superior frontal gyrus (orbital part), inferior frontal gyrus (orbital part), middle frontal gyrus and superior frontal gyrus"", ""relationship_supported"": ""decreased"", ""direction_supported"": null, ""directness_supported"": null, ""overclaiming"": null, ""corrected_phenotype"": null, ""corrected_feature_type"": null, ""corrected_direction"": null, ""rationale"": ""The sentence directly states a decrease in functional connectivity between specific brain regions in individuals with Internet Gaming Disorder compared to healthy controls.""}"
62,29034964,Hemispheric asymmetry of the frontolimbic cortex in young adults with borderline personality disorder.,2017,Acta psychiatrica Scandinavica,Barratt Impulsiveness Scale fMRI,Frontolimbic cortex,structural connectivity,unknown,,Correlation,higher,,unclear,,"Post hoc analysis showed that the BPD patients had greater frontolimbic cortex asymmetry than healthy controls; furthermore, greater asymmetry of AI&ACC correlated with a higher score in attention subscale of Barratt Impulsiveness Scale.",no,evidence_strength not a number,yes,yes,yes,,,,,,,,,,mistral-7b-instruct-v0.3,2,keep,unclear,unclear,unclear,unclear,unclear,unclear,Young adults with borderline personality disorder,,higher,"The sentence clearly states that BPD patients have greater frontolimbic cortex asymmetry than healthy controls, and that greater asymmetry of AI&ACC correlates with a higher score in the attention subscale of Barratt Impulsiveness Scale, which can be interpreted as a higher structural connectivity feature in the BPD group.",," {""support_score"": 2, ""decision"": ""keep"", ""phenotype_supported"": null, ""feature_supported"": ""structural connectivity of AI&ACC"", ""relationship_supported"": ""Correlation"", ""direction_supported"": ""higher"", ""directness_supported"": null, ""overclaiming"": null, ""corrected_phenotype"": ""Young adults with borderline personality disorder"", ""corrected_direction"": ""higher"", ""rationale"": ""The sentence clearly states that BPD patients have greater frontolimbic cortex asymmetry than healthy controls, and that greater asymmetry of AI&ACC correlates with a higher score in the attention subscale of Barratt Impulsiveness Scale, which can be interpreted as a higher structural connectivity feature in the BPD group.""}"
63,39796107,The Relationship Between Impulsivity Traits and In Vivo Cerebral Serotonin Transporter and Serotonin 2A Receptor Binding in Healthy Individuals: A Double-Tracer PET Study with C-11 DASB and C-11 MDL100907.,2024,International journal of molecular sciences,Barratt Impulsiveness Scale fMRI,"['caudate', 'prefrontal cortex', 'ventromedial PFC', 'orbitofrontal cortex', 'insula', 'amygdala', 'putamen', 'ventral striatum', 'thalamus']",unknown,nonplanning impulsivity,,['positive correlation'],unclear,"serotonergic neurotransmission, particularly 5-HT2A receptor-mediated postsynaptic signaling",unclear,,"The region of interest (ROI)-based partial correlation analysis with age, sex, and temperament traits as covariates revealed a significant positive correlation between non-planning impulsiveness and [11C]MDL100907 BPND in the caudate (CAU) at Bonferroni-corrected p < 0.0045. Non-planning impulsiveness was also positively correlated with [11C]MDL100907 BPND in the prefrontal cortex (PFC), ventromedial PFC, orbitofrontal cortex (OFC), insula (INS), amygdala (AMYG), putamen, ventral striatum, and thalamus, and the total score of BIS-11 was positively correlated with [11C]MDL100907 BPND in the OFC, INS, AMYG, and CAU at uncorrected p < 0.05.",no,evidence_strength not a number,yes,yes,yes,,,,,,,,,,mistral-7b-instruct-v0.3,2,keep,yes,yes,yes,yes,yes,unclear,,,,"The sentence directly states a positive correlation between non-planning impulsiveness and [11C]MDL100907 BPND in the listed brain regions, supporting the claim of a positive correlation between nonplanning impulsivity and serotonergic neurotransmission, particularly 5-HT2A receptor-mediated postsynaptic signaling.",," {""support_score"": 2, ""decision"": ""keep"", ""phenotype_supported"": true, ""feature_supported"": true, ""relationship_supported"": true, ""direction_supported"": true, ""directness_supported"": true, ""overclaiming"": null, ""corrected_phenotype"": null, ""corrected_feature_type"": null, ""corrected_direction"": null, ""rationale"": ""The sentence directly states a positive correlation between non-planning impulsiveness and [11C]MDL100907 BPND in the listed brain regions, supporting the claim of a positive correlation between nonplanning impulsivity and serotonergic neurotransmission, particularly 5-HT2A receptor-mediated postsynaptic signaling.""}"
64,32121585,"Random Forest Classification of Alcohol Use Disorder Using EEG Source Functional Connectivity, Neuropsychological Functioning, and Impulsivity Measures.",2020,"Behavioral sciences (Basel, Switzerland)",nonplanning impulsivity functional connectivity,Default mode network (DMN),functional connectivity,unknown,Individuals with alcohol use disorder (AUD) were compared to unaffected controls (CTL),Contributes to,unclear,"Hyperconnectivity, hypoconnectivity",indirect,80% classification accuracy,"The random forest model achieved a classification accuracy of 80% and identified all four impulsivity scores (motor, non-planning, attentional, and total) as significantly contributing to classifying individuals as either AUD or CTL.",no,evidence_strength not a number,yes,yes,no,,,,,,,,,,mistral-7b-instruct-v0.3,0,revise,unclear,unclear,unclear,unclear,unclear,unclear,Alcohol use disorder (AUD),,,"The sentence mentions the functional connectivity (EEG source) as a significant contributor to classifying individuals as either AUD or CTL, but it does not specify which brain system or network is involved. To support the claim, it would be necessary to find evidence that directly links the Default mode network (DMN) hyperconnectivity or hypoconnectivity to alcohol use disorder.",," {""support_score"": null, ""decision"": ""revise"", ""phenotype_supported"": null, ""feature_supported"": ""functional connectivity"", ""relationship_supported"": ""Contributes to"", ""direction_supported"": null, ""directness_supported"": null, ""overclaiming"": null, ""corrected_phenotype"": ""Alcohol use disorder (AUD)"", ""corrected_feature_type"": null, ""corrected_direction"": null, ""rationale"": ""The sentence mentions the functional connectivity (EEG source) as a significant contributor to classifying individuals as either AUD or CTL, but it does not specify which brain system or network is involved. To support the claim, it would be necessary to find evidence that directly links the Default mode network (DMN) hyperconnectivity or hypoconnectivity to alcohol use disorder.""}"
65,31284029,Genetic contribution to the phenotypic correlation between trait impulsivity and resting-state functional connectivity of the amygdala and its subregions.,2019,NeuroImage,impulsivity resting-state fMRI functional connectivity,"Amygdala, Dorsolateral Prefrontal Cortex (DLPFC), Inferior Frontal Gyrus, Dorsal Anterior Cingulate Cortex, Anterior Insula",functional connectivity,impulsivity (general),,Positively correlated,unclear,,unclear,,Trait impulsivity was positively correlated with the rsFC between the left full amygdala and the right dorsolateral prefrontal cortex (DLPFC).,no,evidence_strength not a number,yes,yes,no,,,,,,,,,,mistral-7b-instruct-v0.3,2,keep,unclear,unclear,unclear,yes,yes,unclear,,,,"The sentence directly states that trait impulsivity is positively correlated with the functional connectivity between the left full amygdala and the right dorsolateral prefrontal cortex (DLPFC), which aligns with the extracted claim.",," {""support_score"": 2, ""decision"": ""keep"", ""phenotype_supported"": ""impulsivity (general)"", ""feature_supported"": ""functional connectivity"", ""relationship_supported"": ""Positively correlated"", ""direction_supported"": true, ""directness_supported"": true, ""overclaiming"": null, ""corrected_phenotype"": null, ""corrected_feature_type"": null, ""corrected_direction"": null, ""rationale"": ""The sentence directly states that trait impulsivity is positively correlated with the functional connectivity between the left full amygdala and the right dorsolateral prefrontal cortex (DLPFC), which aligns with the extracted claim.""}"
66,41932505,Intrinsic functional connectivity alterations in medication-naïve children with combined and inattentive ADHD types: Evidence from cortical surface-based analysis.,2026,Journal of affective disorders,motor impulsivity resting-state fMRI,somatosensory-motor (SMN),functional connectivity,unknown,medication-naïve children with combined (ADHD-C) subtype,exhibited,higher,weaker intra-SMN and SMN-DMN connectivity,unclear,,ADHD-C patients demonstrated significantly weaker intra-SMN and SMN-DMN connectivity than the ADHD-I group.,no,evidence_strength not a number,yes,yes,yes,,,,,,,,,,mistral-7b-instruct-v0.3,1,revise,unclear,unclear,unclear,unclear,unclear,unclear,medication-naïve children with combined (ADHD-C) subtype,,higher,"The sentence supports the feature and relationship, but it does not explicitly state that the ADHD-C subtype exhibits higher functional connectivity. Instead, it shows weaker connectivity compared to the ADHD-I group. To align with the claim, the direction should be revised to 'higher' in the context of weaker connectivity in the ADHD-I group.",," {""support_score"": 1, ""decision"": ""revise"", ""phenotype_supported"": null, ""feature_supported"": ""functional connectivity"", ""relationship_supported"": ""demonstrated weaker"", ""direction_supported"": null, ""directness_supported"": null, ""overclaiming"": null, ""corrected_phenotype"": ""medication-naïve children with combined (ADHD-C) subtype"", ""corrected_direction"": ""higher"", ""rationale"": ""The sentence supports the feature and relationship, but it does not explicitly state that the ADHD-C subtype exhibits higher functional connectivity. Instead, it shows weaker connectivity compared to the ADHD-I group. To align with the claim, the direction should be revised to 'higher' in the context of weaker connectivity in the ADHD-I group.""}"
67,35007715,Risk-taking in humans and the medial orbitofrontal cortex reward system.,2022,NeuroImage,impulsivity fMRI functional connectivity,"['medial orbitofrontal cortex', 'ventromedial prefrontal cortex (VMPFC)', 'parahippocampal areas', 'anterior cingulate cortex']",functional connectivity,impulsivity (general),,associated with,unclear,greater influence on action,unclear,,"Functional connectivities of the medial orbitofrontal cortex, ventromedial prefrontal cortex (VMPFC), and the parahippocampal areas were significantly higher in the risk-taking group (p < 0.001, FDR corrected).",no,evidence_strength not a number,yes,yes,yes,,,,,,,,,,mistral-7b-instruct-v0.3,2,keep,unclear,unclear,unclear,unclear,unclear,unclear,impulsivity (general),,,"The sentence directly states that the functional connectivities of the specified brain regions are significantly higher in the risk-taking group, which aligns with the claim that impulsivity (general) is associated with these functional connectivities.",," {""support_score"": 2, ""decision"": ""keep"", ""phenotype_supported"": null, ""feature_supported"": ""functional connectivity"", ""relationship_supported"": ""associated with"", ""direction_supported"": null, ""directness_supported"": null, ""overclaiming"": null, ""corrected_phenotype"": ""impulsivity (general)"", ""corrected_feature_type"": null, ""corrected_direction"": null, ""rationale"": ""The sentence directly states that the functional connectivities of the specified brain regions are significantly higher in the risk-taking group, which aligns with the claim that impulsivity (general) is associated with these functional connectivities.""}"
68,40630648,Identifying a Biological Signature of Trauma-Related Neurodegeneration Following Repeated Traumatic Brain Injuries Compared with Healthy Controls.,2025,Neurotrauma reports,Barratt Impulsiveness Scale fMRI,,unknown,unknown,,,unclear,,unclear,,"Surveys included the Neurobehavioral Symptom Inventory (NSI), Insomnia Severity Index (ISI), Epworth Sleepiness Severity (ESS), PTSD Checklist for DSM-5 (PCL-5), Brief Symptom Inventory-18 (BSI-18), Satisfaction with Life Scale (SWLS), Barratt Impulsivity Scale (BIS), and Buss Perry Aggression Questionnaire (BPAQ).",no,evidence_strength not a number,yes,yes,yes,,,,,,,,,,mistral-7b-instruct-v0.3,0,drop,unclear,unclear,unclear,unclear,unclear,unclear,,,,"The sentence does not provide any evidence related to the structured claim. It only lists various surveys used in the study, but none of them directly relate to a specific phenotype, feature, relationship, direction, or directness.",," {""support_score"": null, ""decision"": ""drop"", ""phenotype_supported"": null, ""feature_supported"": null, ""relationship_supported"": null, ""direction_supported"": null, ""directness_supported"": null, ""overclaiming"": null, ""corrected_phenotype"": null, ""corrected_feature_type"": null, ""corrected_direction"": null, ""rationale"": ""The sentence does not provide any evidence related to the structured claim. It only lists various surveys used in the study, but none of them directly relate to a specific phenotype, feature, relationship, direction, or directness.""}"
69,40193128,Subthalamic Deep Brain Stimulation: Mapping Non-Motor Outcomes to Structural Connections.,2025,Human brain mapping,impulsivity neuroimaging functional connectivity,Subthalamic nucleus,unknown,motor impulsivity,Parkinson's Disease,Associated with,unclear,Deep Brain Stimulation,indirect,,Each component was associated with the stimulation of spatially segregated fiber bundles connecting regions of the frontal cortex with the subthalamic nucleus.,no,evidence_strength not a number,yes,yes,yes,,,,,,,,,,mistral-7b-instruct-v0.3,0,drop,unclear,unclear,unclear,unclear,unclear,unclear,,,,"The sentence does not mention motor impulsivity, a specific phenotype. It only discusses the association between stimulation of fiber bundles and regions of the frontal cortex with the subthalamic nucleus, which is not directly related to the extracted claim.",," {""support_score"": 0, ""decision"": ""drop"", ""phenotype_supported"": null, ""feature_supported"": null, ""relationship_supported"": null, ""direction_supported"": null, ""directness_supported"": null, ""overclaiming"": null, ""corrected_phenotype"": null, ""corrected_feature_type"": null, ""corrected_direction"": null, ""rationale"": ""The sentence does not mention motor impulsivity, a specific phenotype. It only discusses the association between stimulation of fiber bundles and regions of the frontal cortex with the subthalamic nucleus, which is not directly related to the extracted claim.""}"
70,32987241,Intrinsic functional connectivity of the default mode and cognitive control networks relate to change in behavioral performance over two years.,2020,Cortex; a journal devoted to the study of the nervous system and behavior,impulsivity fMRI functional connectivity,"['Default Mode Network (DMN)', 'Cognitive Control Network (CCN)']",functional connectivity,unknown,,['Associated with'],unclear,,unclear,,Decreased connectivity between posterior parietal CCN and DMN nodes and decreased connectivity between left and right dorsolateral prefrontal nodes was associated with increased cognitive performance.,no,evidence_strength not a number,yes,yes,no,,,,,,,,,,mistral-7b-instruct-v0.3,2,keep,unclear,unclear,unclear,yes,yes,unclear,,,,"The sentence clearly states a decrease in functional connectivity between specific nodes of the Default Mode Network (DMN) and Cognitive Control Network (CCN), and between left and right dorsolateral prefrontal nodes, which is associated with an increase in cognitive performance. This supports the claim of an association between the specified brain systems (DMN and CCN) and a phenotype related to cognitive performance.",," {""support_score"": 2, ""decision"": ""keep"", ""phenotype_supported"": null, ""feature_supported"": ""functional connectivity"", ""relationship_supported"": ""Associated with"", ""direction_supported"": true, ""directness_supported"": true, ""overclaiming"": null, ""corrected_phenotype"": null, ""corrected_feature_type"": null, ""corrected_direction"": null, ""rationale"": ""The sentence clearly states a decrease in functional connectivity between specific nodes of the Default Mode Network (DMN) and Cognitive Control Network (CCN), and between left and right dorsolateral prefrontal nodes, which is associated with an increase in cognitive performance. This supports the claim of an association between the specified brain systems (DMN and CCN) and a phenotype related to cognitive performance.""}"
71,26830141,Midbrain functional connectivity and ventral striatal dopamine D2-type receptors: link to impulsivity in methamphetamine users.,2016,Molecular psychiatry,Barratt Impulsiveness Scale resting-state fMRI,mesocorticolimbic,unknown,impulsivity (general),methamphetamine-dependent individuals,affect,unclear,negative relationship between ventral striatal D2-type receptor availability and RSFC,unclear,,"Methamphetamine-dependent users exhibited a positive relationship of midbrain RSFC to the left ventral striatum with cognitive impulsivity, whereas a negative relationship was observed in healthy controls.",no,evidence_strength not a number,yes,yes,yes,,,,,,,,,,mistral-7b-instruct-v0.3,2,keep,unclear,unclear,unclear,yes,yes,unclear,,,,"The sentence directly mentions the phenotype 'impulsivity' and the feature 'midbrain RSFC'. It also states a positive relationship between the midbrain RSFC and the left ventral striatum in methamphetamine-dependent users, which is consistent with the negative relationship mentioned in the claim. The sentence also mentions a group difference, but it is not an overclaim as it is associated with a phenotype-feature association.",," {""support_score"": 2, ""decision"": ""keep"", ""phenotype_supported"": ""impulsivity (general)"", ""feature_supported"": ""midbrain RSFC"", ""relationship_supported"": ""positive relationship"", ""direction_supported"": true, ""directness_supported"": true, ""overclaiming"": null, ""corrected_phenotype"": null, ""corrected_feature_type"": null, ""corrected_direction"": null, ""rationale"": ""The sentence directly mentions the phenotype 'impulsivity' and the feature 'midbrain RSFC'. It also states a positive relationship between the midbrain RSFC and the left ventral striatum in methamphetamine-dependent users, which is consistent with the negative relationship mentioned in the claim. The sentence also mentions a group difference, but it is not an overclaim as it is associated with a phenotype-feature association.""}"
72,41281564,Associations between structural injury and task-based corticomuscular connectivity after stroke.,2025,Frontiers in neurology,motor impulsivity functional connectivity,cortical and muscular systems,structural connectivity,unknown,stroke,correlates with,unclear,post-stroke structural injury,indirect,,"In the mild-moderate CST injury subgroup (n = 11), greater injury correlated with higher coherence between electrodes overlying the supplementary motor area and affected extensor digitorum (high beta: ρ = 0.83, p = 0.001). Similarly, in the subgroup depicting higher CST integrity (n = 9), CST integrity positively related to coherence between electrodes overlying the ipsilesional primary motor cortex and affected biceps (low beta: r = 0.94, p = 0.0001).",no,evidence_strength not a number,yes,yes,no,,,,,,,,,,mistral-7b-instruct-v0.3,2,keep,unclear,unclear,unclear,yes,yes,unclear,,,,"The sentence clearly supports the phenotype (extensor digitorum), feature (coherence between electrodes overlying the supplementary motor area and affected extensor digitorum), relationship (correlates with), direction (greater injury correlates with higher coherence), and directness (indirect) as stated in the claim. The brain system (cortical and muscular systems) and diagnostic context (stroke) are also present in the sentence.",," {""support_score"": 2, ""decision"": ""keep"", ""phenotype_supported"": ""extensor digitorum (for mild-moderate CST injury subgroup)"", ""feature_supported"": ""coherence between electrodes overlying the supplementary motor area and affected extensor digitorum (for mild-moderate CST injury subgroup)"", ""relationship_supported"": ""correlates with"", ""direction_supported"": true, ""directness_supported"": true, ""overclaiming"": null, ""corrected_phenotype"": null, ""corrected_feature_type"": null, ""corrected_direction"": null, ""rationale"": ""The sentence clearly supports the phenotype (extensor digitorum), feature (coherence between electrodes overlying the supplementary motor area and affected extensor digitorum), relationship (correlates with), direction (greater injury correlates with higher coherence), and directness (indirect) as stated in the claim. The brain system (cortical and muscular systems) and diagnostic context (stroke) are also present in the sentence.""}"
73,38018143,Converging Evidence for Frontopolar Cortex as a Target for Neuromodulation in Addiction Treatment.,2024,The American journal of psychiatry,trait impulsivity functional connectivity,Frontopolar cortex,functional connectivity,impulsivity (general),Substance use disorders,Support,unclear,Transcranial brain stimulation,unclear,,"This approach is supported by converging multimodal evidence, including lesion-based maps, functional MRI-based maps, tES studies, TMS studies, and dose-response relationships.",no,evidence_strength not a number,yes,yes,yes,,,,,,,,,,mistral-7b-instruct-v0.3,0,revise,unclear,unclear,unclear,unclear,unclear,unclear,impulsivity (in substance use disorders),functional connectivity (in Frontopolar cortex),,"The sentence mentions multiple types of evidence related to the Frontopolar cortex, but it does not explicitly state a specific phenotype-feature association or direction. However, since the extracted claim is about impulsivity in substance use disorders and the Frontopolar cortex, the sentence can be revised to partially support the claim by specifying the phenotype and feature type as 'impulsivity (in substance use disorders)' and 'functional connectivity (in Frontopolar cortex)' respectively.",," {""support_score"": null, ""decision"": ""revise"", ""phenotype_supported"": null, ""feature_supported"": ""partially"", ""relationship_supported"": ""partially"", ""direction_supported"": null, ""directness_supported"": null, ""overclaiming"": null, ""corrected_phenotype"": ""impulsivity (in substance use disorders)"", ""corrected_feature_type"": ""functional connectivity (in Frontopolar cortex)"", ""rationale"": ""The sentence mentions multiple types of evidence related to the Frontopolar cortex, but it does not explicitly state a specific phenotype-feature association or direction. However, since the extracted claim is about impulsivity in substance use disorders and the Frontopolar cortex, the sentence can be revised to partially support the claim by specifying the phenotype and feature type as 'impulsivity (in substance use disorders)' and 'functional connectivity (in Frontopolar cortex)' respectively.""}"
74,25925985,Impaired corticostriatal connectivity in impulse control disorders in Parkinson disease.,2015,Neurology,motor impulsivity resting-state fMRI,left anterior putamen,functional connectivity,impulsivity (general),Parkinson disease,disconnection,unclear,,unclear,,The presence of an ICD in patients with PD was associated with functional disconnection between the left anterior putamen and both the left inferior temporal gyrus and the left anterior cingulate gyrus,no,evidence_strength not a number,yes,yes,yes,,,,,,,,,,mistral-7b-instruct-v0.3,1,revise,unclear,unclear,unclear,unclear,unclear,unclear,impulsivity (specific to impulse control disorders),,,"The sentence does not explicitly support the general impulsivity claim, but it does support the functional disconnection between the left anterior putamen and other brain regions in the context of impulse control disorders in Parkinson disease.",," {""support_score"": 1, ""decision"": ""revise"", ""phenotype_supported"": null, ""feature_supported"": ""functional connectivity"", ""relationship_supported"": ""disconnection"", ""direction_supported"": null, ""directness_supported"": null, ""overclaiming"": null, ""corrected_phenotype"": ""impulsivity (specific to impulse control disorders)"", ""corrected_feature_type"": null, ""corrected_direction"": null, ""rationale"": ""The sentence does not explicitly support the general impulsivity claim, but it does support the functional disconnection between the left anterior putamen and other brain regions in the context of impulse control disorders in Parkinson disease.""}"
75,29946511,Abnormal cortical gyrification in criminal psychopathy.,2018,NeuroImage. Clinical,trait impulsivity functional connectivity,"Right Midcingulate Cortex (MCC) and adjacent regions of the superior frontal gyrus, Right Dorsomedial Frontal Cortex, Lateral Superior Parietal Cortex, Bilateral Occipital Cortex",unknown,unknown,Adult male inmates,"Negatively associated, Predicted",lower,,unclear,,"PCL-R scores were negatively associated with LGI measures within the right hemisphere in the midcingulate cortex (MCC) and adjacent regions of the superior frontal gyrus as well as lateral superior parietal cortex. Additionally, PCL-R Factor 1 scores predicted less LGI within the right MCC and adjacent dorsomedial frontal cortex and greater LGI in bilateral occipital cortex.",no,evidence_strength not a number,yes,yes,no,,,,,,,,,,mistral-7b-instruct-v0.3,2,keep,unclear,unclear,unclear,unclear,unclear,unclear,,,,"The sentence directly states a negative association between PCL-R scores and LGI measures in the specified brain regions, which aligns with the predicted lower LGI in the extracted claim.",," {""support_score"": 2, ""decision"": ""keep"", ""phenotype_supported"": ""Adult male inmates"", ""feature_supported"": ""LGI"", ""relationship_supported"": ""Negatively associated, Predicted"", ""direction_supported"": ""lower"", ""directness_supported"": ""unclear"", ""overclaiming"": null, ""corrected_phenotype"": null, ""corrected_feature_type"": null, ""corrected_direction"": null, ""rationale"": ""The sentence directly states a negative association between PCL-R scores and LGI measures in the specified brain regions, which aligns with the predicted lower LGI in the extracted claim.""}"
76,40260305,Effective connectivity analysis of response inhibition functional network.,2025,Frontiers in neuroscience,motor impulsivity functional connectivity,"['salience network (SN)', 'right executive control network (rECN)', 'left executive control network (lECN)', 'ventral default mode network (vDMN)', 'somatomotor network (SMN)']",functional connectivity,motor impulsivity,,"['causal inhibitory influence', 'correlation']",unclear,,unclear,,"Our results identified four functional networks activated during correct motor response inhibition: the salience network (SN), the right and left executive control networks (ECNs), and the ventral default mode network (vDMN). We observed a significant causal inhibitory influence from the vDMN to the left ECN (lECN).",no,evidence_strength not a number,yes,yes,yes,,,,,,,,,,mistral-7b-instruct-v0.3,2,keep,unclear,unclear,unclear,yes,yes,unclear,,,,"The sentence directly mentions a causal inhibitory influence between the vDMN and lECN, which are part of the claimed brain systems. However, the phenotype 'motor impulsivity' is not explicitly mentioned in the sentence, so the phenotype_supported field remains null.",," {""support_score"": 2, ""decision"": ""keep"", ""phenotype_supported"": null, ""feature_supported"": ""functional connectivity"", ""relationship_supported"": ""['causal inhibitory influence']"", ""direction_supported"": true, ""directness_supported"": true, ""overclaiming"": null, ""corrected_phenotype"": null, ""corrected_feature_type"": null, ""corrected_direction"": null, ""rationale"": ""The sentence directly mentions a causal inhibitory influence between the vDMN and lECN, which are part of the claimed brain systems. However, the phenotype 'motor impulsivity' is not explicitly mentioned in the sentence, so the phenotype_supported field remains null.""}"
77,31427669,The Effect of Mindfulness Meditation on Impulsivity and its Neurobiological Correlates in Healthy Adults.,2019,Scientific reports,Barratt Impulsiveness Scale fMRI,,unknown,impulsivity (general),,,unclear,,unclear,,"Here, an eight-week mindfulness intervention did not reduce impulsivity on the Barratt Impulsiveness Scale (BIS-11)",no,evidence_strength not a number,yes,yes,no,,,,,,,,,,mistral-7b-instruct-v0.3,0,drop,unclear,unclear,unclear,unclear,unclear,unclear,,,,"The sentence does not provide evidence for a specific feature associated with impulsivity. It only states that mindfulness meditation did not reduce impulsivity in general, but it does not specify which aspect of impulsivity was measured or how it was measured.",," {""support_score"": 0, ""decision"": ""drop"", ""phenotype_supported"": null, ""feature_supported"": null, ""relationship_supported"": null, ""direction_supported"": null, ""directness_supported"": null, ""overclaiming"": null, ""corrected_phenotype"": null, ""corrected_feature_type"": null, ""corrected_direction"": null, ""rationale"": ""The sentence does not provide evidence for a specific feature associated with impulsivity. It only states that mindfulness meditation did not reduce impulsivity in general, but it does not specify which aspect of impulsivity was measured or how it was measured.""}"
78,18479820,An event-related fMRI study on risk taking by healthy individuals of high or low impulsiveness.,2008,Neuroscience letters,Barratt Impulsiveness Scale fMRI,"['insula', 'orbitofrontal', 'parietal']",unknown,impulsivity (general),scores on the Barratt Impulsiveness Scale (BIS),comparison,higher,,unclear,,We demonstrated that a stronger activation in the insula-orbitofrontal-parietal regions was found in the high impulsiveness group compared to the low impulsiveness group.,no,evidence_strength not a number,yes,yes,yes,,,,,,,,,,mistral-7b-instruct-v0.3,2,keep,unclear,unclear,unclear,yes,yes,unclear,,,,"The sentence directly compares the 'high impulsiveness group' to the 'low impulsiveness group' and states that the former has a 'stronger activation' in the specified brain regions, which aligns with the extracted claim's direction and directness.",," {""support_score"": 2, ""decision"": ""keep"", ""phenotype_supported"": ""high impulsiveness group"", ""feature_supported"": ""activation"", ""relationship_supported"": ""comparison"", ""direction_supported"": true, ""directness_supported"": true, ""overclaiming"": null, ""corrected_phenotype"": null, ""corrected_feature_type"": null, ""corrected_direction"": null, ""rationale"": ""The sentence directly compares the 'high impulsiveness group' to the 'low impulsiveness group' and states that the former has a 'stronger activation' in the specified brain regions, which aligns with the extracted claim's direction and directness.""}"
79,40334458,Temporal variability-based alternations in dynamic functional networks in internet gaming disorder.,2025,Journal of psychiatric research,attentional impulsivity resting-state fMRI,"['Default mode network (DMN)', 'Ventral attention network (VAN)', 'Sensorimotor network (SMN)', 'Limbic network (LN)']",BOLD variability,unknown,,Comparison,unclear,,unclear,,"Compared to RGUs, IGD individuals exhibited decreased within-network variability in the default mode network (DMN), increased within-network temporal variability in the ventral attention network (VAN), and increased between-network temporal variability in sensorimotor network (SMN) and VAN, SMN and limbic network (LN), VAN and LN.",no,evidence_strength not a number,yes,yes,yes,,,,,,,,,,mistral-7b-instruct-v0.3,2,keep,unclear,unclear,unclear,unclear,unclear,unclear,,,,"The sentence directly compares IGD individuals to a control group (RGUs) and mentions changes in BOLD variability within and between networks, which aligns with the extracted claim.",," {""support_score"": 2, ""decision"": ""keep"", ""phenotype_supported"": ""IGD individuals"", ""feature_supported"": ""BOLD variability within-network and between-network"", ""relationship_supported"": ""Comparison"", ""direction_supported"": null, ""directness_supported"": null, ""overclaiming"": null, ""corrected_phenotype"": null, ""corrected_feature_type"": null, ""corrected_direction"": null, ""rationale"": ""The sentence directly compares IGD individuals to a control group (RGUs) and mentions changes in BOLD variability within and between networks, which aligns with the extracted claim.""}"
80,30504061,Relationship between quality of life in young adults and impulsivity/compulsivity✰.,2019,Psychiatry research,Barratt Impulsiveness Scale neuroimaging,,unknown,unknown,,Negative association,unclear,,unclear,,"Worse quality of life was also significantly explained by higher impulsiveness on the Barratt scale,",no,evidence_strength not a number,yes,yes,yes,,,,,,,,,,mistral-7b-instruct-v0.3,2,keep,unclear,unclear,unclear,unclear,unclear,unclear,,,,"The sentence clearly states a negative association between quality of life and impulsiveness, although the phenotype is not explicitly mentioned.",," {""support_score"": 2, ""decision"": ""keep"", ""phenotype_supported"": null, ""feature_supported"": ""Impulsiveness"", ""relationship_supported"": ""Negative association"", ""direction_supported"": null, ""directness_supported"": null, ""overclaiming"": null, ""corrected_phenotype"": null, ""corrected_feature_type"": null, ""corrected_direction"": null, ""rationale"": ""The sentence clearly states a negative association between quality of life and impulsiveness, although the phenotype is not explicitly mentioned.""}"
81,15309395,Negative correlation between right prefrontal activity during response inhibition and impulsiveness: a fMRI study.,2004,European archives of psychiatry and clinical neuroscience,Barratt Impulsiveness Scale fMRI,['Right dorsolateral prefrontal cortex (RDLPFC)'],unknown,motor impulsivity,,['Negative correlation'],unclear,,unclear,,A negative correlation was observed between the motor impulsiveness of BIS-11 and No-Go-related activation in the right dorsolateral prefrontal cortex (RDLPFC).,no,evidence_strength not a number,yes,yes,yes,,,,,,,,,,mistral-7b-instruct-v0.3,2,keep,yes,yes,yes,yes,yes,unclear,,,,"The sentence directly states a negative correlation between motor impulsiveness (as measured by BIS-11) and No-Go-related activation in the right dorsolateral prefrontal cortex (RDLPFC), which aligns with the extracted claim.",," {""support_score"": 2, ""decision"": ""keep"", ""phenotype_supported"": true, ""feature_supported"": true, ""relationship_supported"": true, ""direction_supported"": true, ""directness_supported"": true, ""overclaiming"": null, ""corrected_phenotype"": null, ""corrected_feature_type"": null, ""corrected_direction"": null, ""rationale"": ""The sentence directly states a negative correlation between motor impulsiveness (as measured by BIS-11) and No-Go-related activation in the right dorsolateral prefrontal cortex (RDLPFC), which aligns with the extracted claim.""}"
82,42146757,Resting-State Functional Connectivity Alterations in Pediatric Survivors of Severe COVID-19: An Exploratory Case-Control Study.,2026,Sage open pediatrics,impulsivity resting state functional connectivity,,unknown,impulsivity (general),Pediatric survivors of severe COVID-19,association,unclear,,unclear,,"In an exploratory subset (8 post-COVID, 12 controls), 50% of post-COVID children had abnormally low Timeliness and 25% low Impulsivity MOXO-d-CPT z-scores, whereas no controls were abnormal.",no,evidence_strength not a number,yes,yes,yes,,,,,,,,,,mistral-7b-instruct-v0.3,2,keep,unclear,unclear,unclear,yes,yes,unclear,,,,"The sentence directly states an association between the phenotype 'impulsivity' and the feature 'Impulsivity MOXO-d-CPT z-scores'. It also indicates a direction (higher z-scores are considered normal, lower z-scores are abnormal, and a higher percentage of post-COVID children had lower z-scores) and directness (both phenotype and feature are named).",," {""support_score"": 2, ""decision"": ""keep"", ""phenotype_supported"": ""impulsivity (general)"", ""feature_supported"": ""Impulsivity MOXO-d-CPT z-scores"", ""relationship_supported"": ""association"", ""direction_supported"": true, ""directness_supported"": true, ""overclaiming"": null, ""corrected_phenotype"": null, ""corrected_feature_type"": null, ""corrected_direction"": null, ""rationale"": ""The sentence directly states an association between the phenotype 'impulsivity' and the feature 'Impulsivity MOXO-d-CPT z-scores'. It also indicates a direction (higher z-scores are considered normal, lower z-scores are abnormal, and a higher percentage of post-COVID children had lower z-scores) and directness (both phenotype and feature are named).""}"
83,41098856,The CB1 receptor: linking impulsivity and substance use disorder.,2025,Frontiers in neuroscience,trait impulsivity functional connectivity,"['basal ganglia', 'hippocampus', 'cerebellum']",unknown,unknown,,contributes to the modulation of,unclear,CB1R signaling,unclear,,"CB1R signaling in these regions influences decision-making, reward sensitivity, and response inhibition-all processes critical to the emergence of impulsive traits and drug-seeking behavior.",no,evidence_strength not a number,yes,yes,yes,,,,,,,,,,mistral-7b-instruct-v0.3,2,keep,unclear,unclear,unclear,unclear,unclear,unclear,,,,"The sentence clearly supports the modulation of behavior by CB1R signaling in the specified brain regions, which are associated with impulsive traits and drug-seeking behavior.",," {""support_score"": 2, ""decision"": ""keep"", ""phenotype_supported"": null, ""feature_supported"": ""behavior"", ""relationship_supported"": ""contributes to the modulation of"", ""direction_supported"": null, ""directness_supported"": null, ""overclaiming"": null, ""corrected_phenotype"": null, ""corrected_feature_type"": null, ""corrected_direction"": null, ""rationale"": ""The sentence clearly supports the modulation of behavior by CB1R signaling in the specified brain regions, which are associated with impulsive traits and drug-seeking behavior.""}"
84,29040723,Resting-state functional connectivity in combat veterans suffering from impulsive aggression.,2017,Social cognitive and affective neuroscience,impulsivity resting-state fMRI functional connectivity,"['basolateral amygdala', 'dorsolateral prefrontal cortex']",functional connectivity,impulsivity (general),combat veterans,reduced,unclear,,unclear,,"In exploratory cluster analyses, we observed reduced functional connectivity between the (bilateral) BLA and left dorsolateral prefrontal cortex in the impulsive aggression group, relative to combat controls.",no,evidence_strength not a number,yes,yes,yes,,,,,,,,,,mistral-7b-instruct-v0.3,2,keep,unclear,unclear,unclear,yes,yes,unclear,,,,"The sentence directly states a reduced functional connectivity between the basolateral amygdala and dorsolateral prefrontal cortex in the impulsive aggression group, relative to combat controls. This supports the claim of reduced functional connectivity in the impulsivity phenotype.",," {""support_score"": 2, ""decision"": ""keep"", ""phenotype_supported"": ""impulsivity (general)"", ""feature_supported"": ""functional connectivity"", ""relationship_supported"": ""reduced"", ""direction_supported"": true, ""directness_supported"": true, ""overclaiming"": null, ""corrected_phenotype"": null, ""corrected_feature_type"": null, ""corrected_direction"": null, ""rationale"": ""The sentence directly states a reduced functional connectivity between the basolateral amygdala and dorsolateral prefrontal cortex in the impulsive aggression group, relative to combat controls. This supports the claim of reduced functional connectivity in the impulsivity phenotype.""}"
85,31801105,A preliminary study of disrupted functional network in individuals with Internet gaming disorder: Evidence from the comparison with recreational game users.,2020,Addictive behaviors,motor impulsivity resting-state fMRI,"reward, craving, emotional memory and sensory-motor processing regions",unknown,unknown,,,unclear,,unclear,,"Subjects with IGD as compared to those with RGU showed increased nodal centralities in the reward, craving, emotional memory and sensory-motor processing regions.",no,evidence_strength not a number,yes,yes,no,,,,,,,,,,mistral-7b-instruct-v0.3,2,keep,unclear,unclear,unclear,unclear,unclear,unclear,,,,"The sentence directly compares individuals with Internet Gaming Disorder (IGD) to those with Recreational Game Users (RGU) and states that IGD individuals have increased nodal centralities in specific brain regions. This supports the claim that there is a difference in the 'reward, craving, emotional memory and sensory-motor processing regions' between IGD and RGU individuals.",," {""support_score"": 2, ""decision"": ""keep"", ""phenotype_supported"": ""IGD"", ""feature_supported"": ""nodal centralities in reward, craving, emotional memory and sensory-motor processing regions"", ""relationship_supported"": ""as compared to"", ""direction_supported"": null, ""directness_supported"": null, ""overclaiming"": null, ""corrected_phenotype"": null, ""corrected_feature_type"": null, ""corrected_direction"": null, ""rationale"": ""The sentence directly compares individuals with Internet Gaming Disorder (IGD) to those with Recreational Game Users (RGU) and states that IGD individuals have increased nodal centralities in specific brain regions. This supports the claim that there is a difference in the 'reward, craving, emotional memory and sensory-motor processing regions' between IGD and RGU individuals.""}"
86,30277562,The role of the dorsal striatum in choice impulsivity.,2019,Annals of the New York Academy of Sciences,impulsivity fMRI functional connectivity,dorsal striatum,unknown,unknown,,involved in,unclear,,unclear,,"In principle, intertemporal choice in the delay-discounting task-a validated measure of choice impulsivity-involves reward-associated actions that require the recruitment of the dorsal striatum.",no,evidence_strength not a number,yes,yes,yes,,,,,,,,,,mistral-7b-instruct-v0.3,2,keep,unclear,unclear,unclear,unclear,unclear,unclear,choice impulsivity,,,"The sentence clearly supports the involvement of the dorsal striatum in the phenotype 'choice impulsivity' as it mentions the delay-discounting task, a validated measure of choice impulsivity, and the recruitment of the dorsal striatum.",," {""support_score"": 2, ""decision"": ""keep"", ""phenotype_supported"": null, ""feature_supported"": ""reward-associated actions"", ""relationship_supported"": ""involves"", ""direction_supported"": null, ""directness_supported"": null, ""overclaiming"": null, ""corrected_phenotype"": ""choice impulsivity"", ""corrected_feature_type"": null, ""corrected_direction"": null, ""rationale"": ""The sentence clearly supports the involvement of the dorsal striatum in the phenotype 'choice impulsivity' as it mentions the delay-discounting task, a validated measure of choice impulsivity, and the recruitment of the dorsal striatum.""}"
87,28189592,Dissociable frontostriatal white matter connectivity underlies reward and motor impulsivity.,2017,NeuroImage,impulsivity fMRI functional connectivity,"['ventral striatum', 'dorsal striatum', 'ventromedial prefrontal cortex', 'dorsolateral prefrontal cortex', 'supplementary motor area']",functional connectivity,motor impulsivity,,associated with,unclear,structural connectivity,unclear,,"Here we used probabilistic tractography of diffusion imaging data to relate ventral and dorsal frontostriatal connectivity to reward and motor impulsivity measures. We found a double dissociation such that individual differences in white matter connectivity between the ventral striatum and the ventromedial prefrontal cortex and dorsolateral prefrontal cortex was associated with reward impulsivity, as measured by delay discounting, whereas connectivity between dorsal striatum and supplementary motor area was associated with motor impulsivity, but not vice versa.",no,evidence_strength not a number,yes,yes,yes,,,,,,,,,,mistral-7b-instruct-v0.3,2,keep,unclear,unclear,unclear,yes,yes,unclear,,,,The sentence directly states that connectivity between dorsal striatum and supplementary motor area is associated with motor impulsivity.,," {""support_score"": 2, ""decision"": ""keep"", ""phenotype_supported"": ""motor impulsivity"", ""feature_supported"": ""white matter connectivity between dorsal striatum and supplementary motor area"", ""relationship_supported"": ""associated with"", ""direction_supported"": true, ""directness_supported"": true, ""overclaiming"": null, ""corrected_phenotype"": null, ""corrected_feature_type"": null, ""rationale"": ""The sentence directly states that connectivity between dorsal striatum and supplementary motor area is associated with motor impulsivity.""}"
88,32035425,Ventromedial prefrontal value signals and functional connectivity during decision-making in suicidal behavior and impulsivity.,2020,Neuropsychopharmacology : official publication of the American College of Neuropsychopharmacology,impulsivity fMRI functional connectivity,ventromedial prefrontal cortex (vmPFC),functional connectivity,impulsivity (general),depressed individuals with and without suicidal behavior,moderated by,lower,,unclear,,"In nonpsychiatric controls, vmPFC-frontoparietal connectivity was negatively moderated by impulsivity (pFWE corrected < 0.05). This effect was preserved in comparison patient groups but abolished in suicide attempters (p < 0.001).",no,evidence_strength not a number,yes,yes,yes,,,,,,,,,,mistral-7b-instruct-v0.3,2,keep,unclear,unclear,unclear,unclear,unclear,unclear,impulsivity (general),,,"The sentence directly states that impulsivity is negatively moderating vmPFC-frontoparietal connectivity in nonpsychiatric controls, and this effect is abolished in suicide attempters, which supports the claim that impulsivity moderates functional connectivity in the ventromedial prefrontal cortex and is associated with lower connectivity, although the directness is not explicitly stated in the sentence.",," {""support_score"": 2, ""decision"": ""keep"", ""phenotype_supported"": null, ""feature_supported"": ""functional connectivity"", ""relationship_supported"": ""moderated by"", ""direction_supported"": ""lower"", ""directness_supported"": null, ""overclaiming"": null, ""corrected_phenotype"": ""impulsivity (general)"", ""corrected_feature_type"": null, ""corrected_direction"": null, ""rationale"": ""The sentence directly states that impulsivity is negatively moderating vmPFC-frontoparietal connectivity in nonpsychiatric controls, and this effect is abolished in suicide attempters, which supports the claim that impulsivity moderates functional connectivity in the ventromedial prefrontal cortex and is associated with lower connectivity, although the directness is not explicitly stated in the sentence.""}"
89,27095357,Sex differences in impulsivity and brain morphometry in methamphetamine users.,2017,Brain structure & function,Barratt Impulsiveness Scale fMRI,"Superior frontal cortex, Nucleus accumbens",structural connectivity,impulsivity (general),Methamphetamine users,Association,higher,"Decreased dendritic pruning during adolescence (male Methamphetamine users), Greater neurotoxicity to these brain regions (female Methamphetamine users), Estrogen-mediated neuroprotective glial response (female Methamphetamine users)",indirect,,"METH users had higher impulsivity scores, on both the Cognitive and Behavioral Factors from the BIS (p<0.0001-0.0001). Compared with same-sex Controls, male METH users had larger, while female METH users had smaller, right superior frontal cortex (interaction-p=0.0005). The male METH users with larger frontal volumes and female METH users with smaller or thinner frontal cortices had greater Cognitive impulsivity (interaction-p≤0.05). Only female METH users showed relatively larger nucleus accumbens (interaction-p=0.03).",no,evidence_strength not a number,yes,yes,no,,,,,,,,,,mistral-7b-instruct-v0.3,2,keep,yes,yes,yes,yes,yes,unclear,"impulsivity (general, cognitive and behavioral)","structural volume (superior frontal cortex, nucleus accumbens)",higher,"The sentence directly states that male METH users had larger and female METH users had smaller superior frontal cortex volumes, which is associated with higher impulsivity scores. It also states that only female METH users showed relatively larger nucleus accumbens, which is also associated with higher impulsivity scores. The direction of the association is higher for both the superior frontal cortex and nucleus accumbens.",," {""support_score"": 2, ""decision"": ""keep"", ""phenotype_supported"": true, ""feature_supported"": true, ""relationship_supported"": true, ""direction_supported"": true, ""directness_supported"": true, ""overclaiming"": null, ""corrected_phenotype"": ""impulsivity (general, cognitive and behavioral)"", ""corrected_feature_type"": ""structural volume (superior frontal cortex, nucleus accumbens)"", ""corrected_direction"": ""higher"", ""rationale"": ""The sentence directly states that male METH users had larger and female METH users had smaller superior frontal cortex volumes, which is associated with higher impulsivity scores. It also states that only female METH users showed relatively larger nucleus accumbens, which is also associated with higher impulsivity scores. The direction of the association is higher for both the superior frontal cortex and nucleus accumbens.""}"
90,34461353,Impulsivity is related to overhasty risk learning in attention-deficit/hyperactivity disorder: A computational psychiatric approach.,2021,Journal of psychiatric research,Barratt Impulsiveness Scale fMRI,"frontal lobe, including the orbitofrontal area",unknown,impulsivity (general),Attention-deficit/hyperactivity disorder (ADHD),associated with,unclear,overhasty updating of beliefs during risk learning,unclear,,"The degree of overhasty learning in ADHD patients was significantly correlated with the BIS score (r = 0.424, p = 0.009).",no,evidence_strength not a number,yes,yes,yes,,,,,,,,,,mistral-7b-instruct-v0.3,2,keep,unclear,unclear,unclear,unclear,unclear,unclear,,,,"The sentence directly states that the degree of overhasty learning in ADHD patients is significantly correlated with the BIS score, which is a measure of impulsivity. The correlation supports the association between impulsivity and the BIS score.",," {""support_score"": 2, ""decision"": ""keep"", ""phenotype_supported"": ""impulsivity (general)"", ""feature_supported"": ""BIS score"", ""relationship_supported"": ""associated with"", ""direction_supported"": null, ""directness_supported"": null, ""overclaiming"": null, ""corrected_phenotype"": null, ""corrected_feature_type"": null, ""corrected_direction"": null, ""rationale"": ""The sentence directly states that the degree of overhasty learning in ADHD patients is significantly correlated with the BIS score, which is a measure of impulsivity. The correlation supports the association between impulsivity and the BIS score.""}"
91,40168432,Protocol for a Randomized Controlled Trial to Enhance Executive Function via Brief Mindfulness Training in Individuals with Internet Gaming Disorder.,2025,PloS one,trait impulsivity functional connectivity,,unknown,unknown,Internet Gaming Disorder (IGD),associated with,unclear,,unclear,,"IGD has been associated with neuropsychological impairments, especially executive function deficits, and emotional difficulties.",no,evidence_strength not a number,yes,yes,yes,,,,,,,,,,mistral-7b-instruct-v0.3,2,keep,unclear,unclear,unclear,unclear,unclear,unclear,,,,"The sentence directly states that IGD is associated with executive function deficits, which aligns with the extracted claim's relationship and feature.",," {""support_score"": 2, ""decision"": ""keep"", ""phenotype_supported"": ""IGD"", ""feature_supported"": ""executive function"", ""relationship_supported"": ""associated with"", ""direction_supported"": null, ""directness_supported"": null, ""overclaiming"": null, ""corrected_phenotype"": null, ""corrected_feature_type"": null, ""corrected_direction"": null, ""rationale"": ""The sentence directly states that IGD is associated with executive function deficits, which aligns with the extracted claim's relationship and feature.""}"
92,23770040,Resting-state beta and gamma activity in Internet addiction.,2013,International journal of psychophysiology : official journal of the International Organization of Psychophysiology,Barratt Impulsiveness Scale neuroimaging,,EEG connectivity,unknown,Severity of Internet addiction was identified by the total score on Young's Internet Addiction Test.,Association,higher,,unclear,,These EEG activities were significantly associated with the severity of Internet addiction as well as with the extent of impulsivity.,no,evidence_strength not a number,yes,yes,yes,,,,,,,,,,mistral-7b-instruct-v0.3,2,keep,unclear,unclear,unclear,unclear,unclear,unclear,,,,"The sentence clearly states that EEG activities are associated with the severity of Internet addiction, which aligns with the extracted claim's relationship and direction.",," {""support_score"": 2, ""decision"": ""keep"", ""phenotype_supported"": null, ""feature_supported"": ""EEG connectivity"", ""relationship_supported"": ""Association"", ""direction_supported"": ""higher"", ""directness_supported"": null, ""overclaiming"": null, ""corrected_phenotype"": null, ""corrected_feature_type"": null, ""corrected_direction"": null, ""rationale"": ""The sentence clearly states that EEG activities are associated with the severity of Internet addiction, which aligns with the extracted claim's relationship and direction.""}"
93,29337234,Electrophysiological Activity Prior to Self-initiated Movements is Related to Impulsive Personality Traits.,2018,Neuroscience,Barratt Impulsiveness Scale neuroimaging,motor system,dynamic connectivity,impulsivity (general),,positive relationship,unclear,less effective preparatory inhibition mechanisms,unclear,,"We observed a positive relationship between impulsive personality trait and motor system excitability during the preparation of self-initiated movements. In particular, the RP showed an earlier negative rising phase and a greater amplitude, with the increasing of BIS-11 scores.",no,evidence_strength not a number,yes,yes,yes,,,,,,,,,,mistral-7b-instruct-v0.3,2,keep,unclear,unclear,unclear,yes,yes,unclear,,,,"The sentence directly states a positive relationship between impulsive personality traits and motor system excitability during the preparation of self-initiated movements. The RP's earlier negative rising phase and greater amplitude are associated with higher BIS-11 scores, indicating a relationship between impulsivity and the specified feature type.",," {""support_score"": 2, ""decision"": ""keep"", ""phenotype_supported"": ""impulsivity (general)"", ""feature_supported"": ""dynamic connectivity (RP negative rising phase and amplitude)"", ""relationship_supported"": ""positive relationship"", ""direction_supported"": true, ""directness_supported"": true, ""overclaiming"": null, ""corrected_phenotype"": null, ""corrected_feature_type"": null, ""corrected_direction"": null, ""rationale"": ""The sentence directly states a positive relationship between impulsive personality traits and motor system excitability during the preparation of self-initiated movements. The RP's earlier negative rising phase and greater amplitude are associated with higher BIS-11 scores, indicating a relationship between impulsivity and the specified feature type.""}"
94,29454934,Time scale properties of task and resting-state functional connectivity: Detrended partial cross-correlation analysis.,2018,NeuroImage,Barratt Impulsiveness Scale resting-state fMRI,pre-supplementary motor area,functional connectivity,impulsivity (general),,correlated inversely with,unclear,,unclear,,"In regions of interest analysis, the within-network connectivity time scale of the pre-supplementary motor area - a medial prefrontal cortical structure of the task network and critical to proactive inhibitory control - correlated inversely with Barratt impulsivity and stop signal reaction time.",no,evidence_strength not a number,yes,yes,yes,,,,,,,,,,mistral-7b-instruct-v0.3,2,keep,unclear,unclear,unclear,yes,yes,unclear,,,,The sentence directly states that the within-network connectivity time scale of the pre-supplementary motor area correlates inversely with Barratt impulsivity.,," {""support_score"": 2, ""decision"": ""keep"", ""phenotype_supported"": ""Barratt impulsivity"", ""feature_supported"": ""within-network connectivity time scale of the pre-supplementary motor area"", ""relationship_supported"": ""correlated inversely with"", ""direction_supported"": true, ""directness_supported"": true, ""overclaiming"": null, ""corrected_phenotype"": null, ""corrected_feature_type"": null, ""corrected_direction"": null, ""rationale"": ""The sentence directly states that the within-network connectivity time scale of the pre-supplementary motor area correlates inversely with Barratt impulsivity.""}"
95,38451271,Trait anxiety and corresponding neuromarkers predict internet addiction: A longitudinal study.,2024,Journal of behavioral addictions,trait impulsivity functional connectivity,"cognitive control and emotion-regulation circuits, default mode network (DMN)",functional connectivity,unknown,,correlated,unclear,,unclear,,CPM results revealed that the functional connectivity of cognitive control and emotion-regulation circuits and DMN were significantly correlated with TA.,no,evidence_strength not a number,yes,yes,yes,,,,,,,,,,mistral-7b-instruct-v0.3,2,keep,unclear,unclear,unclear,unclear,unclear,unclear,,,,"The sentence directly states that functional connectivity of cognitive control and emotion-regulation circuits and DMN are correlated with TA, which aligns with the extracted claim's feature, relationship, and brain system.",," {""support_score"": 2, ""decision"": ""keep"", ""phenotype_supported"": null, ""feature_supported"": ""functional connectivity"", ""relationship_supported"": ""correlated"", ""direction_supported"": null, ""directness_supported"": null, ""overclaiming"": null, ""corrected_phenotype"": null, ""corrected_feature_type"": null, ""corrected_direction"": null, ""rationale"": ""The sentence directly states that functional connectivity of cognitive control and emotion-regulation circuits and DMN are correlated with TA, which aligns with the extracted claim's feature, relationship, and brain system.""}"
96,37887440,"Neurophysiological, Neuroimaging, and Neuropsychological Predictors of Human Alcoholism and Risk.",2023,"Behavioral sciences (Basel, Switzerland)",impulsivity resting-state fMRI functional connectivity,,functional connectivity,unknown,,association,unclear,,unclear,,"Differentiating Individuals with and without Alcohol Use Disorder Using Resting-State fMRI Functional Connectivity of Reward Network, Neuropsychological Performance, and Impulsivity Measures",no,evidence_strength not a number,yes,yes,yes,,,,,,,,,,mistral-7b-instruct-v0.3,0,revise,unclear,unclear,unclear,unclear,unclear,unclear,Alcohol Use Disorder,,unclear,"The sentence mentions a group difference between individuals with and without Alcohol Use Disorder, but it does not explicitly state a specific phenotype-feature association. However, the mention of 'functional connectivity' supports the feature type.",," {""support_score"": null, ""decision"": ""revise"", ""phenotype_supported"": null, ""feature_supported"": ""functional connectivity"", ""relationship_supported"": ""association"", ""direction_supported"": null, ""directness_supported"": null, ""overclaiming"": null, ""corrected_phenotype"": ""Alcohol Use Disorder"", ""corrected_direction"": ""unclear"", ""rationale"": ""The sentence mentions a group difference between individuals with and without Alcohol Use Disorder, but it does not explicitly state a specific phenotype-feature association. However, the mention of 'functional connectivity' supports the feature type.""}"
97,30616125,A multi-dimensional evaluation of craving and impulsivity among people admitted for alcohol-related problems in emergency department.,2019,Psychiatry research,Barratt Impulsiveness Scale neuroimaging,,unknown,impulsivity (general),Alcohol-related problems,Predictor,unclear,,unclear,,Regression analyses showed that the scores obtained at the Barratt Impulsiveness Scale constitute the main predictors of the severity of alcohol-use disorders.,no,evidence_strength not a number,yes,yes,no,,,,,,,,,,mistral-7b-instruct-v0.3,2,keep,unclear,unclear,unclear,unclear,unclear,unclear,,,,"The sentence clearly states that the scores obtained at the Barratt Impulsiveness Scale predict the severity of alcohol-use disorders, which aligns with the claim's phenotype and relationship.",," {""support_score"": 2, ""decision"": ""keep"", ""phenotype_supported"": ""impulsivity (general)"", ""feature_supported"": null, ""relationship_supported"": ""Predictor"", ""direction_supported"": null, ""directness_supported"": null, ""overclaiming"": null, ""corrected_phenotype"": null, ""corrected_feature_type"": null, ""corrected_direction"": null, ""rationale"": ""The sentence clearly states that the scores obtained at the Barratt Impulsiveness Scale predict the severity of alcohol-use disorders, which aligns with the claim's phenotype and relationship.""}"
98,27894158,Craving behavioral intervention for internet gaming disorder: remediation of functional connectivity of the ventral striatum.,2018,Addiction biology,attentional impulsivity resting-state fMRI,ventral striatum,functional connectivity,unknown,,increased in IGD subjects,unclear,,unclear,,"IGD subjects showed greater resting-state functional connectivity of the VS to left inferior parietal lobule (lIPL), right inferior frontal gyrus and left middle frontal gyrus, in positive association with the severity of IGD.",no,evidence_strength not a number,yes,yes,yes,,,,,,,,,,mistral-7b-instruct-v0.3,2,keep,unclear,unclear,unclear,yes,yes,unclear,,,,"The sentence directly states that IGD subjects have increased functional connectivity of specific brain regions, which aligns with the extracted claim.",," {""support_score"": 2, ""decision"": ""keep"", ""phenotype_supported"": ""IGD subjects"", ""feature_supported"": ""functional connectivity of the VS to left inferior parietal lobule (lIPL), right inferior frontal gyrus and left middle frontal gyrus"", ""relationship_supported"": ""increased"", ""direction_supported"": true, ""directness_supported"": true, ""overclaiming"": null, ""corrected_phenotype"": null, ""corrected_feature_type"": null, ""corrected_direction"": null, ""rationale"": ""The sentence directly states that IGD subjects have increased functional connectivity of specific brain regions, which aligns with the extracted claim.""}"
99,37561637,Abnormal frontostriatal connectivity and serotonin function in gambling disorder: A preliminary exploratory study.,2023,Journal of behavioral addictions,attentional impulsivity resting-state fMRI,right nucleus accumbens (NAcc) and right dorsolateral prefrontal cortex (DLPFC),functional connectivity,unknown,,associated with,unclear,serotonergic function,unclear,,"Right NAcc 11C-MADAM binding potential correlated with attentional impulsivity in individuals with gambling disorder (r = -0.73, p = 0.005).",no,evidence_strength not a number,yes,yes,yes,,,,,,,,,,mistral-7b-instruct-v0.3,2,keep,unclear,unclear,unclear,unclear,unclear,unclear,,,,"The sentence clearly shows a correlation between the Right NAcc 11C-MADAM binding potential and attentional impulsivity in individuals with gambling disorder, which aligns with the extracted claim's relationship and feature.",," {""support_score"": 2, ""decision"": ""keep"", ""phenotype_supported"": ""individuals with gambling disorder"", ""feature_supported"": ""Right NAcc 11C-MADAM binding potential"", ""relationship_supported"": ""associated with"", ""direction_supported"": null, ""directness_supported"": null, ""overclaiming"": null, ""corrected_phenotype"": null, ""corrected_feature_type"": null, ""corrected_direction"": null, ""rationale"": ""The sentence clearly shows a correlation between the Right NAcc 11C-MADAM binding potential and attentional impulsivity in individuals with gambling disorder, which aligns with the extracted claim's relationship and feature.""}"
100,25899520,Altered resting-state functional connectivity of the insula in young adults with Internet gaming disorder.,2016,Addiction biology,impulsivity resting-state fMRI functional connectivity,insula,unknown,unknown,,enhanced resting-state functional connectivity,unclear,,unclear,,"In comparison with HCs, IGD subjects (IGDs) exhibited enhanced rsFC between the anterior insula and a network of regions including anterior cingulate cortex (ACC), putamen, angular gyrus, and precuneous, which are involved in salience, craving, self-monitoring, and attention.",no,evidence_strength not a number,yes,yes,yes,,,,,,,,,,mistral-7b-instruct-v0.3,2,keep,unclear,unclear,unclear,unclear,unclear,unclear,Internet gaming disorder subjects,,,"The sentence directly states that IGD subjects exhibit enhanced resting-state functional connectivity between the anterior insula and several other regions, which aligns with the extracted claim.",," {""support_score"": 2, ""decision"": ""keep"", ""phenotype_supported"": null, ""feature_supported"": ""resting-state functional connectivity"", ""relationship_supported"": ""enhanced"", ""direction_supported"": null, ""directness_supported"": null, ""overclaiming"": null, ""corrected_phenotype"": ""Internet gaming disorder subjects"", ""corrected_feature_type"": null, ""corrected_direction"": null, ""rationale"": ""The sentence directly states that IGD subjects exhibit enhanced resting-state functional connectivity between the anterior insula and several other regions, which aligns with the extracted claim.""}"
