record_id,pmid,title,year,journal,query,extracted_brain_system,extracted_feature_type,extracted_phenotype,extracted_diagnostic_context,extracted_relationship,extracted_direction,extracted_mechanism,extracted_directness,evidence_strength,supporting_sentence,schema_valid,schema_issues,citation_valid,sentence_present,sentence_anchored,semantic_support_score,phenotype_correct,feature_type_correct,relationship_correct,direction_correct,overclaiming_flag,hallucination_flag,review_decision,review_notes,verifier_model,verifier_support_score,verifier_decision,verifier_phenotype_supported,verifier_feature_supported,verifier_relationship_supported,verifier_direction_supported,verifier_directness_supported,verifier_overclaiming,verifier_corrected_phenotype,verifier_corrected_feature_type,verifier_corrected_direction,verifier_rationale,verifier_error,verifier_raw_response
1,39315326,Resting-state brain networks alterations in adolescents with Internet Gaming Disorder associate with cognitive control impairments.,2024,Frontiers in psychiatry,Barratt Impulsiveness Scale resting-state fMRI,"Executive Control Network (ECN), Salience Network (SN), Dorsal Attention Network (DAN)",functional connectivity,impulsivity (general),adolescents,correlation,higher,"impulsivity in IGD subjects shows a positive correlation with the severity of IGD, linked to impairments in the ECN and a decrease in functional connectivity between the SN and ECN",indirect,strong,"impulsivity in adolescent IGD subjects showed a positive correlation with the severity of IGD (r=0.6350, p < 0.001), linked to impairments in the Executive Control Network (ECN) and a decrease in functional connectivity between the Salience Network (SN) and ECN (r=0.4307, p=0.0021; r=-0.5147, p=0.0034).",no,evidence_strength not a number,yes,yes,yes,,,,,,,,,,qwen2.5-7b-instruct,2,keep,yes,yes,yes,yes,no,no,impulsivity (general),functional connectivity,higher,"The sentence directly states a positive correlation between impulsivity and the severity of IGD, which aligns with the claim. It also mentions a decrease in functional connectivity between the SN and ECN, supporting the feature type and direction.",,"{
  ""support_score"": 2,
  ""decision"": ""keep"",
  ""phenotype_supported"": true,
  ""feature_supported"": true,
  ""relationship_supported"": true,
  ""direction_supported"": true,
  ""directness_supported"": false,
  ""overclaiming"": false,
  ""corrected_phenotype"": ""impulsivity (general)"",
  ""corrected_feature_type"": ""functional connectivity"",
  ""corrected_direction"": ""higher"",
  ""rationale"": ""The sentence directly states a positive correlation between impulsivity and the severity of IGD, which aligns with the claim. It also mentions a decrease in functional connectivity between the SN and ECN, supporting the feature type and direction.""
}"
2,35040662,Role of White Matter Microstructure in Impulsive Behavior.,2022,The Journal of neuropsychiatry and clinical neurosciences,Barratt Impulsiveness Scale fMRI,white matter,unknown,impulsivity (general),healthy individuals,correlation,higher,specific white matter microstructural connectivity,indirect,moderate,"Whole-brain total average FA was inversely correlated with motor impulsiveness (r=-0.32, p=0.007) and positively correlated with nonplanning impulsiveness (r=0.29, p=0.02); these correlations were significant after correction for multiple comparisons.",no,evidence_strength not a number,yes,yes,yes,,,,,,,,,,qwen2.5-7b-instruct,2,keep,yes,no,yes,yes,no,no,"motor impulsiveness, nonplanning impulsiveness",fractional anisotropy (FA),"inversely, positively","The sentence directly states correlations between whole-brain total average FA and impulsiveness measures, supporting the relationship and direction. However, it does not specify that the feature is fractional anisotropy (FA), making directness_supported=false.",,"{
    ""support_score"": 2,
    ""decision"": ""keep"",
    ""phenotype_supported"": true,
    ""feature_supported"": false,
    ""relationship_supported"": true,
    ""direction_supported"": true,
    ""directness_supported"": false,
    ""overclaiming"": false,
    ""corrected_phenotype"": ""motor impulsiveness, nonplanning impulsiveness"",
    ""corrected_feature_type"": ""fractional anisotropy (FA)"",
    ""corrected_direction"": ""inversely, positively"",
    ""rationale"": ""The sentence directly states correlations between whole-brain total average FA and impulsiveness measures, supporting the relationship and direction. However, it does not specify that the feature is fractional anisotropy (FA), making directness_supported=false.""
}"
3,39796107,The Relationship Between Impulsivity Traits and In Vivo Cerebral Serotonin Transporter and Serotonin 2A Receptor Binding in Healthy Individuals: A Double-Tracer PET Study with C-11 DASB and C-11 MDL100907.,2024,International journal of molecular sciences,Barratt Impulsiveness Scale fMRI,"caudate, prefrontal cortex, ventromedial prefrontal cortex, orbitofrontal cortex, insula, amygdala, putamen, ventral striatum, thalamus",unknown,impulsivity (general),healthy individuals,correlation,higher,"serotonergic neurotransmission, particularly 5-HT2A receptor-mediated postsynaptic signaling",indirect,significant,"The region of interest (ROI)-based partial correlation analysis with age, sex, and temperament traits as covariates revealed a significant positive correlation between non-planning impulsiveness and [11C]MDL100907 BPND in the caudate (CAU) at Bonferroni-corrected p < 0.0045.",no,evidence_strength not a number,yes,yes,yes,,,,,,,,,,qwen2.5-7b-instruct,1,revise,yes,no,yes,yes,no,yes,non-planning impulsiveness,serotonin 2A receptor binding potential (BPND),positive,The sentence supports the relationship and direction but does not directly mention the feature type or brain system involved. It also overclaims by mentioning temperament traits as covariates.,,"{
  ""support_score"": 1,
  ""decision"": ""revise"",
  ""phenotype_supported"": true,
  ""feature_supported"": false,
  ""relationship_supported"": true,
  ""direction_supported"": true,
  ""directness_supported"": false,
  ""overclaiming"": true,
  ""corrected_phenotype"": ""non-planning impulsiveness"",
  ""corrected_feature_type"": ""serotonin 2A receptor binding potential (BPND)"",
  ""corrected_direction"": ""positive"",
  ""rationale"": ""The sentence supports the relationship and direction but does not directly mention the feature type or brain system involved. It also overclaims by mentioning temperament traits as covariates.""
}"
4,29337234,Electrophysiological Activity Prior to Self-initiated Movements is Related to Impulsive Personality Traits.,2018,Neuroscience,Barratt Impulsiveness Scale neuroimaging,motor system,unknown,impulsivity (general),Barratt Impulsiveness Scale (BIS-11) assessment,positive relationship,higher,less effective preparatory inhibition mechanisms,direct,strong,"In particular, the RP showed an earlier negative rising phase and a greater amplitude, with the increasing of BIS-11 scores.",no,evidence_strength not a number,yes,yes,yes,,,,,,,,,,qwen2.5-7b-instruct,1,revise,yes,no,yes,yes,no,yes,impulsivity (general),electrophysiological activity,higher,"The sentence mentions a positive relationship between impulsivity scores and electrophysiological activity, but does not specify the feature type. The direction is correct, but the directness is not supported as the feature is not named.",,"{
  ""support_score"": 1,
  ""decision"": ""revise"",
  ""phenotype_supported"": true,
  ""feature_supported"": false,
  ""relationship_supported"": true,
  ""direction_supported"": true,
  ""directness_supported"": false,
  ""overclaiming"": true,
  ""corrected_phenotype"": ""impulsivity (general)"",
  ""corrected_feature_type"": ""electrophysiological activity"",
  ""corrected_direction"": ""higher"",
  ""rationale"": ""The sentence mentions a positive relationship between impulsivity scores and electrophysiological activity, but does not specify the feature type. The direction is correct, but the directness is not supported as the feature is not named.""
}"
5,12860356,"Impulsivity, gender, and response to fenfluramine challenge in borderline personality disorder.",2003,Psychiatry research,Barratt Impulsiveness Scale neuroimaging,central serotonergic function,unknown,unknown,BPD subjects in a community setting,predicts,lower,gender differences in central serotonergic function may contribute to variations in impulsivity in BPD,indirect,moderate,Impulsivity and aggression were inversely related to delta-prolactin and peak-prolactin responses among male but not female subjects.,no,evidence_strength not a number,yes,yes,yes,,,,,,,,,,qwen2.5-7b-instruct,1,revise,no,no,yes,yes,no,yes,impulsivity,delta-prolactin and peak-prolactin responses,lower,"The sentence mentions an inverse relationship between impulsivity and prolactin responses, which supports the relationship and direction. However, it does not specify that this relationship is direct, nor does it mention central serotonergic function or gender differences. It also overclaims by suggesting a mechanism not supported by the sentence.",,"{
  ""support_score"": 1,
  ""decision"": ""revise"",
  ""phenotype_supported"": false,
  ""feature_supported"": false,
  ""relationship_supported"": true,
  ""direction_supported"": true,
  ""directness_supported"": false,
  ""overclaiming"": true,
  ""corrected_phenotype"": ""impulsivity"",
  ""corrected_feature_type"": ""delta-prolactin and peak-prolactin responses"",
  ""corrected_direction"": ""lower"",
  ""rationale"": ""The sentence mentions an inverse relationship between impulsivity and prolactin responses, which supports the relationship and direction. However, it does not specify that this relationship is direct, nor does it mention central serotonergic function or gender differences. It also overclaims by suggesting a mechanism not supported by the sentence.""
}"
6,39424632,Enhanced ADHD classification through deep learning and dynamic resting state fMRI analysis.,2024,Scientific reports,impulsivity resting-state fMRI functional connectivity,resting-state fMRI,functional connectivity,unknown,classification of ADHD from typically developing children (TDC),Skip-Vote-Net leverages dynamic connectivity analysis to improve classification accuracy,unclear,majority voting mechanism,direct,strong,"In this study, we introduce Skip-Vote-Net, a novel deep learning-based network designed for classifying ADHD from typically developing children (TDC) by leveraging dynamic connectivity analysis on rs-fMRI data collected from 222 participants included in the NYU dataset within the ADHD-200 database.",no,evidence_strength not a number,yes,yes,yes,,,,,,,,,,qwen2.5-7b-instruct,2,keep,no,yes,yes,no,yes,no,ADHD,dynamic connectivity analysis on rs-fMRI data,improves classification accuracy,"The sentence supports the feature type and the relationship between Skip-Vote-Net and dynamic connectivity analysis on rs-fMRI data. However, it does not explicitly mention the direction of the relationship (i.e., how Skip-Vote-Net improves classification accuracy) and does not specify the phenotype (ADHD) directly.",,"{
    ""support_score"": 2,
    ""decision"": ""keep"",
    ""phenotype_supported"": false,
    ""feature_supported"": true,
    ""relationship_supported"": true,
    ""direction_supported"": false,
    ""directness_supported"": true,
    ""overclaiming"": false,
    ""corrected_phenotype"": ""ADHD"",
    ""corrected_feature_type"": ""dynamic connectivity analysis on rs-fMRI data"",
    ""corrected_direction"": ""improves classification accuracy"",
    ""rationale"": ""The sentence supports the feature type and the relationship between Skip-Vote-Net and dynamic connectivity analysis on rs-fMRI data. However, it does not explicitly mention the direction of the relationship (i.e., how Skip-Vote-Net improves classification accuracy) and does not specify the phenotype (ADHD) directly.""
}"
7,32035425,Ventromedial prefrontal value signals and functional connectivity during decision-making in suicidal behavior and impulsivity.,2020,Neuropsychopharmacology : official publication of the American College of Neuropsychopharmacology,impulsivity fMRI functional connectivity,ventromedial prefrontal cortex (vmPFC),functional connectivity,impulsivity (general),depressed individuals with and without suicidal behavior,negative moderation,lower,vmPFC-frontoparietal connectivity,indirect,moderate,"In nonpsychiatric controls, vmPFC-frontoparietal connectivity was negatively moderated by impulsivity (pFWE corrected < 0.05). This effect was preserved in comparison patient groups but abolished in suicide attempters (p < 0.001).",no,evidence_strength not a number,yes,yes,yes,,,,,,,,,,qwen2.5-7b-instruct,2,keep,yes,yes,yes,yes,no,no,impulsivity (general),vmPFC-frontoparietal connectivity,lower,"The sentence directly states that vmPFC-frontoparietal connectivity was negatively moderated by impulsivity, which aligns with the claim. However, the sentence does not explicitly name the brain system as 'ventromedial prefrontal cortex (vmPFC)', so directness is not fully supported.",,"{
  ""support_score"": 2,
  ""decision"": ""keep"",
  ""phenotype_supported"": true,
  ""feature_supported"": true,
  ""relationship_supported"": true,
  ""direction_supported"": true,
  ""directness_supported"": false,
  ""overclaiming"": false,
  ""corrected_phenotype"": ""impulsivity (general)"",
  ""corrected_feature_type"": ""vmPFC-frontoparietal connectivity"",
  ""corrected_direction"": ""lower"",
  ""rationale"": ""The sentence directly states that vmPFC-frontoparietal connectivity was negatively moderated by impulsivity, which aligns with the claim. However, the sentence does not explicitly name the brain system as 'ventromedial prefrontal cortex (vmPFC)', so directness is not fully supported.""
}"
8,29442271,Exploring variability in basal ganglia connectivity with functional MRI in healthy aging.,2018,Brain imaging and behavior,impulsivity fMRI functional connectivity,basal ganglia network,functional connectivity,unknown,none,association,lower,alterations of the dopaminergic system,indirect,moderate,Age was the only correlate of FC in the BGN that was consistently significant with both analyses.,no,evidence_strength not a number,yes,yes,yes,,,,,,,,,,qwen2.5-7b-instruct,1,revise,no,yes,yes,no,no,yes,age,functional connectivity,unknown,"The sentence indicates an association between age and functional connectivity in the basal ganglia network, but it does not specify the direction of the relationship or the directness of the association. It also overclaims by suggesting alterations of the dopaminergic system, which is not supported by the sentence.",,"{
  ""support_score"": 1,
  ""decision"": ""revise"",
  ""phenotype_supported"": false,
  ""feature_supported"": true,
  ""relationship_supported"": true,
  ""direction_supported"": false,
  ""directness_supported"": false,
  ""overclaiming"": true,
  ""corrected_phenotype"": ""age"",
  ""corrected_feature_type"": ""functional connectivity"",
  ""corrected_direction"": ""unknown"",
  ""rationale"": ""The sentence indicates an association between age and functional connectivity in the basal ganglia network, but it does not specify the direction of the relationship or the directness of the association. It also overclaims by suggesting alterations of the dopaminergic system, which is not supported by the sentence.""
}"
9,26745144,Head Motion and Inattention/Hyperactivity Share Common Genetic Influences: Implications for fMRI Studies of ADHD.,2016,PloS one,trait impulsivity resting-state fMRI,,covariates,attentional impulsivity,ADHD,common genetic influences,unclear,,indirect,moderate,"HM was moderately correlated with maternal reports of Inattention (r = 0.17, p-value = 7.4E-5) and Hyperactivity-Impulsivity (r = 0.16, p-value = 2.9E-4), and these associations were mainly due to pleiotropic genetic factors with genetic correlations [95% CIs] of rg = 0.24 [0.02, 0.43] and rg = 0.23 [0.07, 0.39].",no,evidence_strength not a number,yes,yes,yes,,,,,,,,,,qwen2.5-7b-instruct,2,keep,yes,yes,yes,no,no,yes,attentional impulsivity,genetic covariates,unclear,"The sentence supports the phenotype 'attentional impulsivity', the feature type as genetic covariates, and the relationship through genetic correlations. However, the direction and directness are not directly supported as the sentence discusses associations rather than a direct causal relationship.",,"{
  ""support_score"": 2,
  ""decision"": ""keep"",
  ""phenotype_supported"": true,
  ""feature_supported"": true,
  ""relationship_supported"": true,
  ""direction_supported"": false,
  ""directness_supported"": false,
  ""overclaiming"": true,
  ""corrected_phenotype"": ""attentional impulsivity"",
  ""corrected_feature_type"": ""genetic covariates"",
  ""corrected_direction"": ""unclear"",
  ""rationale"": ""The sentence supports the phenotype 'attentional impulsivity', the feature type as genetic covariates, and the relationship through genetic correlations. However, the direction and directness are not directly supported as the sentence discusses associations rather than a direct causal relationship.""
}"
10,38018143,Converging Evidence for Frontopolar Cortex as a Target for Neuromodulation in Addiction Treatment.,2024,The American journal of psychiatry,trait impulsivity functional connectivity,frontopolar cortex,unknown,unknown,transcranial brain stimulation,promising therapeutic target,unclear,converging multimodal evidence,direct,strong,"This approach is supported by converging multimodal evidence, including lesion-based maps, functional MRI-based maps, tES studies, TMS studies, and dose-response relationships.",no,evidence_strength not a number,yes,yes,yes,,,,,,,,,,qwen2.5-7b-instruct,1,revise,no,no,no,no,no,yes,,,,"The sentence mentions converging evidence but does not specify a phenotype or feature. It also does not directly state that the frontopolar cortex is a promising therapeutic target, nor does it provide a clear direction of the relationship.",,"{
    ""support_score"": 1,
    ""decision"": ""revise"",
    ""phenotype_supported"": false,
    ""feature_supported"": false,
    ""relationship_supported"": false,
    ""direction_supported"": false,
    ""directness_supported"": false,
    ""overclaiming"": true,
    ""corrected_phenotype"": null,
    ""corrected_feature_type"": null,
    ""corrected_direction"": null,
    ""rationale"": ""The sentence mentions converging evidence but does not specify a phenotype or feature. It also does not directly state that the frontopolar cortex is a promising therapeutic target, nor does it provide a clear direction of the relationship.""
}"
11,36747838,Individual Differences in Delay Discounting are Associated with Dorsal Prefrontal Cortex Connectivity in Youth.,2023,bioRxiv : the preprint server for biology,attentional impulsivity resting-state fMRI,"default mode network, dorsal and ventral attention networks",functional connectivity,impulsivity (general),adolescence,association,higher,connectivity patterns emanating from the left dorsal prefrontal cortex,indirect,moderate,"These analyses revealed that individual differences in delay discounting were associated with patterns of connectivity emanating from the left dorsal prefrontal cortex, a hub of the default mode network.",no,evidence_strength not a number,yes,yes,yes,,,,,,,,,,qwen2.5-7b-instruct,2,keep,yes,yes,yes,yes,no,yes,impulsivity (general),connectivity patterns emanating from the left dorsal prefrontal cortex,higher,"The sentence supports the phenotype, feature, relationship, and direction. However, it is indirect and mentions a group difference without directly stating an association between impulsivity and connectivity patterns.",,"{
  ""support_score"": 2,
  ""decision"": ""keep"",
  ""phenotype_supported"": true,
  ""feature_supported"": true,
  ""relationship_supported"": true,
  ""direction_supported"": true,
  ""directness_supported"": false,
  ""overclaiming"": true,
  ""corrected_phenotype"": ""impulsivity (general)"",
  ""corrected_feature_type"": ""connectivity patterns emanating from the left dorsal prefrontal cortex"",
  ""corrected_direction"": ""higher"",
  ""rationale"": ""The sentence supports the phenotype, feature, relationship, and direction. However, it is indirect and mentions a group difference without directly stating an association between impulsivity and connectivity patterns.""
}"
12,39284401,"Transcranial Magnetic Stimulation-Induced Plasticity Improving Cognitive Control in Obsessive-Compulsive Disorder, Part II: Task-Based Neural Predictors of Treatment Response.",2025,Biological psychiatry,attentional impulsivity functional connectivity,"dorsolateral prefrontal cortex, presupplementary motor area, bilateral amygdala, precuneus, insula",functional connectivity,unknown,after rTMS and exposure with response prevention,task-based functional magnetic resonance imaging-derived measures of task-related brain activation or functional connectivity predict treatment response,higher,task-based functional magnetic resonance imaging-derived measures of task-related brain activation or functional connectivity during planning and inhibition-related processes are associated with clinical response for specific rTMS conditions in OCD,indirect,moderate,"For the vertex group, but not the dorsolateral prefrontal cortex/presupplementary motor area rTMS conditions, higher activation in several task-relevant regions during planning and response inhibition and lower error-related activation corresponded with better short-term clinical improvement.",no,evidence_strength not a number,yes,yes,yes,,,,,,,,,,qwen2.5-7b-instruct,1,revise,no,yes,yes,yes,no,yes,OCD,task-related brain activation,better,"The sentence mentions a group difference (vertex vs. dorsolateral prefrontal cortex/presupplementary motor area) and discusses task-related brain activation, which indirectly supports the relationship. However, it does not directly state that task-based functional connectivity predicts treatment response, and it overclaims by mentioning specific brain systems without clear connection to the phenotype.",,"{
  ""support_score"": 1,
  ""decision"": ""revise"",
  ""phenotype_supported"": ""false"",
  ""feature_supported"": ""true"",
  ""relationship_supported"": ""true"",
  ""direction_supported"": ""true"",
  ""directness_supported"": ""false"",
  ""overclaiming"": ""true"",
  ""corrected_phenotype"": ""OCD"",
  ""corrected_feature_type"": ""task-related brain activation"",
  ""corrected_direction"": ""better"",
  ""rationale"": ""The sentence mentions a group difference (vertex vs. dorsolateral prefrontal cortex/presupplementary motor area) and discusses task-related brain activation, which indirectly supports the relationship. However, it does not directly state that task-based functional connectivity predicts treatment response, and it overclaims by mentioning specific brain systems without clear connection to the phenotype.""
}"
13,35277392,Prefrontal Cortical Connectivity Mediates Locus Coeruleus Noradrenergic Regulation of Inhibitory Control in Older Adults.,2022,The Journal of neuroscience : the official journal of the Society for Neuroscience,motor impulsivity functional connectivity,"locus coeruleus, prefrontal cortex",unknown,unknown,healthy adults,mediates,higher,functional connectivity,indirect,moderate,"We confirmed that better response inhibition is correlated with locus coeruleus integrity and stronger connectivity between presupplementary motor area (preSMA) and right inferior frontal gyrus (rIFG), but not volumes of the prefrontal cortical regions.",no,evidence_strength not a number,yes,yes,no,,,,,,,,,,qwen2.5-7b-instruct,0,drop,no,no,no,no,no,yes,,,,"The sentence discusses correlation with locus coeruleus integrity and connectivity patterns, but does not directly address the mediation of noradrenergic regulation of inhibitory control as claimed. It also does not specify a clear phenotype or feature type, and the relationship, direction, and directness are not supported.",,"{
  ""support_score"": 0,
  ""decision"": ""drop"",
  ""phenotype_supported"": false,
  ""feature_supported"": false,
  ""relationship_supported"": false,
  ""direction_supported"": false,
  ""directness_supported"": false,
  ""overclaiming"": true,
  ""corrected_phenotype"": null,
  ""corrected_feature_type"": null,
  ""corrected_direction"": null,
  ""rationale"": ""The sentence discusses correlation with locus coeruleus integrity and connectivity patterns, but does not directly address the mediation of noradrenergic regulation of inhibitory control as claimed. It also does not specify a clear phenotype or feature type, and the relationship, direction, and directness are not supported.""
}"
1,29454934,Time scale properties of task and resting-state functional connectivity: Detrended partial cross-correlation analysis.,2018,NeuroImage,Barratt Impulsiveness Scale resting-state fMRI,"pre-supplementary motor area, medial prefrontal cortex, default mode network, task networks",unknown,impulsivity (general),resting-state fMRI data,correlation,lower,low frequency fluctuations of BOLD signals,direct,moderate,"In regions of interest analysis, the within-network connectivity time scale of the pre-supplementary motor area - a medial prefrontal cortical structure of the task network and critical to proactive inhibitory control - correlated inversely with Barratt impulsivity and stop signal reaction time.",no,evidence_strength not a number,yes,yes,yes,,,,,,,,,,qwen2.5-7b-instruct,1,revise,yes,no,yes,yes,no,yes,impulsivity (general),BOLD signal fluctuations,lower,"The sentence mentions a correlation but does not specify the feature type. The direction is correct but the directness is not supported as the feature is not named. Additionally, the sentence overclaims by mentioning specific cognitive tasks which are not part of the extracted claim.",,"{
  ""support_score"": 1,
  ""decision"": ""revise"",
  ""phenotype_supported"": true,
  ""feature_supported"": false,
  ""relationship_supported"": true,
  ""direction_supported"": true,
  ""directness_supported"": false,
  ""overclaiming"": true,
  ""corrected_phenotype"": ""impulsivity (general)"",
  ""corrected_feature_type"": ""BOLD signal fluctuations"",
  ""corrected_direction"": ""lower"",
  ""rationale"": ""The sentence mentions a correlation but does not specify the feature type. The direction is correct but the directness is not supported as the feature is not named. Additionally, the sentence overclaims by mentioning specific cognitive tasks which are not part of the extracted claim.""
}"
2,40630648,Identifying a Biological Signature of Trauma-Related Neurodegeneration Following Repeated Traumatic Brain Injuries Compared with Healthy Controls.,2025,Neurotrauma reports,Barratt Impulsiveness Scale fMRI,,unknown,unknown,,,unclear,,unclear,,"Surveys included the Neurobehavioral Symptom Inventory (NSI), Insomnia Severity Index (ISI), Epworth Sleepiness Severity (ESS), PTSD Checklist for DSM-5 (PCL-5), Brief Symptom Inventory-18 (BSI-18), Satisfaction with Life Scale (SWLS), Barratt Impulsivity Scale (BIS), and Buss Perry Aggression Questionnaire (BPAQ).",no,evidence_strength not a number,yes,yes,yes,,,,,,,,,,qwen2.5-7b-instruct,0,drop,no,no,no,no,no,yes,,,,"The sentence lists various psychological assessments but does not specify any phenotype-feature associations, making it an overclaim.",,"{
  ""support_score"": 0,
  ""decision"": ""drop"",
  ""phenotype_supported"": false,
  ""feature_supported"": false,
  ""relationship_supported"": false,
  ""direction_supported"": false,
  ""directness_supported"": false,
  ""overclaiming"": true,
  ""corrected_phenotype"": null,
  ""corrected_feature_type"": null,
  ""corrected_direction"": null,
  ""rationale"": ""The sentence lists various psychological assessments but does not specify any phenotype-feature associations, making it an overclaim.""
}"
3,14572528,Response inhibition and impulsivity: an fMRI study.,2003,Neuropsychologia,Barratt Impulsiveness Scale fMRI,"right lateral orbitofrontal cortex, superior temporal gyrus, medial orbitofrontal cortex, cingulate gyrus, inferior parietal lobule",unknown,unknown,normal subjects performing a Go/NoGo task,association between BOLD response and impulsivity scores,higher,greater engagement of right orbitofrontal cortex needed to maintain behavioral inhibition in impulsive individuals,direct,strong,"Subjects with greater scores on impulsivity scales and who made more errors had greater activation of paralimbic areas during response inhibition, while less impulsive individuals and those with least errors activated higher order association areas.",no,evidence_strength not a number,yes,yes,yes,,,,,,,,,,qwen2.5-7b-instruct,1,keep,no,no,yes,yes,no,no,impulsivity scores,BOLD response,greater,"The sentence supports an association between impulsivity scores and BOLD response, indicating that more impulsive individuals have greater activation in paralimbic areas during response inhibition. However, the sentence does not directly name the brain regions involved, making directness_supported=false.",,"{
  ""support_score"": 1,
  ""decision"": ""keep"",
  ""phenotype_supported"": false,
  ""feature_supported"": false,
  ""relationship_supported"": true,
  ""direction_supported"": true,
  ""directness_supported"": false,
  ""overclaiming"": false,
  ""corrected_phenotype"": ""impulsivity scores"",
  ""corrected_feature_type"": ""BOLD response"",
  ""corrected_direction"": ""greater"",
  ""rationale"": ""The sentence supports an association between impulsivity scores and BOLD response, indicating that more impulsive individuals have greater activation in paralimbic areas during response inhibition. However, the sentence does not directly name the brain regions involved, making directness_supported=false.""
}"
4,33426970,Add-on repetitive transcranial magnetic stimulation in patients with opioid use disorder undergoing methadone maintenance therapy.,2021,The American journal of drug and alcohol abuse,Barratt Impulsiveness Scale neuroimaging,dorsolateral prefrontal cortex,unknown,impulsivity (general),opioid use disorder undergoing methadone maintenance therapy,association,lower,repetitive transcranial magnetic stimulation,indirect,moderate,"However, HDRS scores, BIS-11 attentional subscales, and CPTs commission T-scores (C-TS) were significantly lower in the active rTMS group (P = .003, 0.04, and 0.02, respectively) than in the sham group.",no,evidence_strength not a number,yes,yes,yes,,,,,,,,,,qwen2.5-7b-instruct,1,revise,no,no,yes,yes,no,yes,impulsivity (general),attentional control,lower,"The sentence mentions a group difference in scores related to attentional control, which is a feature type, but does not directly state an association with impulsivity. The direction is correct but the directness is indirect as the sentence does not explicitly link the rTMS to the phenotype. Additionally, the sentence overclaims by suggesting a relationship with multiple features without specifying them.",,"{
  ""support_score"": 1,
  ""decision"": ""revise"",
  ""phenotype_supported"": false,
  ""feature_supported"": false,
  ""relationship_supported"": true,
  ""direction_supported"": true,
  ""directness_supported"": false,
  ""overclaiming"": true,
  ""corrected_phenotype"": ""impulsivity (general)"",
  ""corrected_feature_type"": ""attentional control"",
  ""corrected_direction"": ""lower"",
  ""rationale"": ""The sentence mentions a group difference in scores related to attentional control, which is a feature type, but does not directly state an association with impulsivity. The direction is correct but the directness is indirect as the sentence does not explicitly link the rTMS to the phenotype. Additionally, the sentence overclaims by suggesting a relationship with multiple features without specifying them.""
}"
5,41098388,Functional connectivity in resting-state fMRI (rs-fMRI) in opioid use disorder.,2025,The European physical journal. Special topics,impulsivity resting-state fMRI functional connectivity,"default mode network (DMN), salience network (SN)",functional connectivity,unknown,resting-state fMRI,disruption,lower,influences the functional connectivity of key brain networks,direct,moderate,Our preliminary rs-fMRI findings reveal significant disruptions in functional connectivity in individuals with opioid addiction within DMN and SN networks involved in cognitive functions such as decision-making and impulse control.,no,evidence_strength not a number,yes,yes,yes,,,,,,,,,,qwen2.5-7b-instruct,2,keep,no,yes,yes,yes,no,yes,opioid addiction,functional connectivity,disruption,The sentence supports the relationship of disruption in functional connectivity but does not directly state the phenotype (opioid addiction) or specify the direction (disruption) explicitly. It also implies a broader mechanism than stated in the claim.,,"{
  ""support_score"": 2,
  ""decision"": ""keep"",
  ""phenotype_supported"": false,
  ""feature_supported"": true,
  ""relationship_supported"": true,
  ""direction_supported"": true,
  ""directness_supported"": false,
  ""overclaiming"": true,
  ""corrected_phenotype"": ""opioid addiction"",
  ""corrected_feature_type"": ""functional connectivity"",
  ""corrected_direction"": ""disruption"",
  ""rationale"": ""The sentence supports the relationship of disruption in functional connectivity but does not directly state the phenotype (opioid addiction) or specify the direction (disruption) explicitly. It also implies a broader mechanism than stated in the claim.""
}"
6,24834038,Brain functional connectivity changes in children that differ in impulsivity temperamental trait.,2014,Frontiers in behavioral neuroscience,impulsivity resting-state fMRI functional connectivity,default mode network (DMN),functional connectivity,impulsivity (general),typically developing children,modulation,lower,impulsivity trait altered their relationships,direct,strong,We found two DMN clusters located at the posterior cingulate cortex and the right angular gyrus which were negatively correlated with impulsivity scores.,no,evidence_strength not a number,yes,yes,yes,,,,,,,,,,qwen2.5-7b-instruct,2,keep,yes,yes,yes,yes,yes,no,,,,"The sentence directly states a negative correlation between impulsivity scores and functional connectivity in the default mode network, which aligns with the extracted claim.",,"{
  ""support_score"": 2,
  ""decision"": ""keep"",
  ""phenotype_supported"": true,
  ""feature_supported"": true,
  ""relationship_supported"": true,
  ""direction_supported"": true,
  ""directness_supported"": true,
  ""overclaiming"": false,
  ""corrected_phenotype"": null,
  ""corrected_feature_type"": null,
  ""corrected_direction"": null,
  ""rationale"": ""The sentence directly states a negative correlation between impulsivity scores and functional connectivity in the default mode network, which aligns with the extracted claim.""
}"
7,28189592,Dissociable frontostriatal white matter connectivity underlies reward and motor impulsivity.,2017,NeuroImage,impulsivity fMRI functional connectivity,frontostriatal white matter,structural connectivity,impulsivity (general),,association,higher,structural connectivity,direct,strong,"We found a double dissociation such that individual differences in white matter connectivity between the ventral striatum and the ventromedial prefrontal cortex and dorsolateral prefrontal cortex was associated with reward impulsivity, as measured by delay discounting, whereas connectivity between dorsal striatum and supplementary motor area was associated with motor impulsivity, but not vice versa.",no,evidence_strength not a number,yes,yes,yes,,,,,,,,,,qwen2.5-7b-instruct,1,revise,yes,yes,yes,no,no,yes,"reward impulsivity, motor impulsivity",white matter connectivity,higher,"The sentence mentions two types of impulsivity and connectivity, but does not directly state an association in the same direction for both. The direction and directness need to be specified for each type of impulsivity.",,"{
  ""support_score"": 1,
  ""decision"": ""revise"",
  ""phenotype_supported"": true,
  ""feature_supported"": true,
  ""relationship_supported"": true,
  ""direction_supported"": false,
  ""directness_supported"": false,
  ""overclaiming"": true,
  ""corrected_phenotype"": ""reward impulsivity, motor impulsivity"",
  ""corrected_feature_type"": ""white matter connectivity"",
  ""corrected_direction"": ""higher"",
  ""corrected_directness"": ""direct"",
  ""rationale"": ""The sentence mentions two types of impulsivity and connectivity, but does not directly state an association in the same direction for both. The direction and directness need to be specified for each type of impulsivity.""
}"
8,31886611,Dorsal striatal functional connectivity changes in Internet gaming disorder: A longitudinal magnetic resonance imaging study.,2021,Addiction biology,impulsivity fMRI functional connectivity,dorsal striatum,functional connectivity,unknown,young males with IGD,decreased FC between the left dorsal putamen and left medial prefrontal cortex (mPFC); increased FC strength between the right dorsal putamen and right middle occipital gyrus (MOG),higher,uncontrolled gaming may be related with functional neural changes in the dorsal striatum,indirect,moderate,They exhibited decreased FC between the left dorsal putamen and left medial prefrontal cortex (mPFC) compared with controls.,no,evidence_strength not a number,yes,yes,yes,,,,,,,,,,qwen2.5-7b-instruct,2,keep,unclear,unclear,unclear,yes,no,yes,IGD,functional connectivity,decreased,The sentence supports the relationship and direction of the claim but does not specify the phenotype or directly state the indirect nature of the evidence. It also overclaims by mentioning a group difference without explicitly stating the phenotype-feature association.,,"{
  ""support_score"": 2,
  ""decision"": ""keep"",
  ""phenotype_supported"": null,
  ""feature_supported"": ""functional connectivity"",
  ""relationship_supported"": ""decreased FC between the left dorsal putamen and left medial prefrontal cortex (mPFC)"",
  ""direction_supported"": true,
  ""directness_supported"": false,
  ""overclaiming"": true,
  ""corrected_phenotype"": ""IGD"",
  ""corrected_feature_type"": ""functional connectivity"",
  ""corrected_direction"": ""decreased"",
  ""rationale"": ""The sentence supports the relationship and direction of the claim but does not specify the phenotype or directly state the indirect nature of the evidence. It also overclaims by mentioning a group difference without explicitly stating the phenotype-feature association.""
}"
9,28860514,Delay discounting is associated with the fractional amplitude of low-frequency fluctuations and resting-state functional connectivity in late adolescence.,2017,Scientific reports,trait impulsivity resting-state fMRI,dorsal anterior cingulate cortex (dACC) and left dorsolateral prefrontal cortex (DLPFC),BOLD variability,impulsivity (general),,association,higher,functional brain basis,indirect,moderate,"At the regional level, we found an association between higher DD and greater fALFF in the dorsal anterior cingulate cortex (dACC), which is involved in conflict monitoring and strategy adaptation. At the connectivity level, DD was positively correlated with the RSFC between the dACC and the left dorsolateral prefrontal cortex (DLPFC), a critical functional circuit in the cognitive control network.",no,evidence_strength not a number,yes,yes,yes,,,,,,,,,,qwen2.5-7b-instruct,1,revise,yes,yes,yes,no,no,yes,impulsivity (general),fractional amplitude of low-frequency fluctuations (fALFF),higher,"The sentence mentions an association between higher delay discounting (DD) and greater fALFF in the dACC, but it does not directly state the association with BOLD variability. The direction and directness are not explicitly supported as the sentence discusses associations at different levels (regional and connectivity). Additionally, the sentence overclaims by mentioning a functional brain basis without specifying the exact relationship.",,"{
  ""support_score"": 1,
  ""decision"": ""revise"",
  ""phenotype_supported"": true,
  ""feature_supported"": true,
  ""relationship_supported"": true,
  ""direction_supported"": false,
  ""directness_supported"": false,
  ""overclaiming"": true,
  ""corrected_phenotype"": ""impulsivity (general)"",
  ""corrected_feature_type"": ""fractional amplitude of low-frequency fluctuations (fALFF)"",
  ""corrected_direction"": ""higher"",
  ""rationale"": ""The sentence mentions an association between higher delay discounting (DD) and greater fALFF in the dACC, but it does not directly state the association with BOLD variability. The direction and directness are not explicitly supported as the sentence discusses associations at different levels (regional and connectivity). Additionally, the sentence overclaims by mentioning a functional brain basis without specifying the exact relationship.""
}"
10,34993375,Brain Networks Associated With COVID-19 Risk: Data From 3662 Participants.,2021,"Chronic stress (Thousand Oaks, Calif.)",trait impulsivity functional connectivity,"central executive, ventral salience, dorsal salience, default mode, subcortical, sensorimotor networks",functional connectivity,unknown,"pandemic up to February fourth, 2021",association,lower,"reduced connectivity in the top-down attention and executive networks, along with increased internal connectivity in the introspective and instinctive networks",indirect,strong,"More specifically, COVID-19 positive status was associated with 1) reduced connectivity between the central executive and ventral salience, as well as between the dorsal salience and default mode networks; 2) increased internal connectivity within the default mode, ventral salience, subcortical and sensorimotor networks; and 3) increased connectivity between the ventral salience, subcortical and sensorimotor networks.",no,evidence_strength not a number,yes,yes,yes,,,,,,,,,,qwen2.5-7b-instruct,2,keep,yes,yes,yes,yes,no,no,COVID-19 positive status,connectivity,reduced or increased,"The sentence directly states associations with reduced and increased connectivity, which aligns with the claim's direction of 'association'. However, the claim specifies 'lower' direction, which is not fully captured here, hence directness_supported=false.",,"{
  ""support_score"": 2,
  ""decision"": ""keep"",
  ""phenotype_supported"": true,
  ""feature_supported"": true,
  ""relationship_supported"": true,
  ""direction_supported"": true,
  ""directness_supported"": false,
  ""overclaiming"": false,
  ""corrected_phenotype"": ""COVID-19 positive status"",
  ""corrected_feature_type"": ""connectivity"",
  ""corrected_direction"": ""reduced or increased"",
  ""rationale"": ""The sentence directly states associations with reduced and increased connectivity, which aligns with the claim's direction of 'association'. However, the claim specifies 'lower' direction, which is not fully captured here, hence directness_supported=false.""
}"
11,37561637,Abnormal frontostriatal connectivity and serotonin function in gambling disorder: A preliminary exploratory study.,2023,Journal of behavioral addictions,attentional impulsivity resting-state fMRI,frontostriatal,functional connectivity,unknown,individuals with gambling disorder and matched healthy controls,associated with,unclear,serotonergic function,indirect,moderate,Individuals with gambling disorder showed loss of functional connectivity between the right nucleus accumbens (NAcc) and a region in the right dorsolateral prefrontal cortex (DLPFC) (PFWE <0.05).,no,evidence_strength not a number,yes,yes,yes,,,,,,,,,,qwen2.5-7b-instruct,2,keep,unclear,unclear,unclear,yes,no,no,gambling disorder,functional connectivity between the right nucleus accumbens (NAcc) and a region in the right dorsolateral prefrontal cortex (DLPFC),loss of,"The sentence directly states the loss of functional connectivity between the specified brain regions in individuals with gambling disorder, which aligns with the extracted claim. However, the sentence does not explicitly state that this is a direct association, hence directness_supported is false.",,"{
  ""support_score"": 2,
  ""decision"": ""keep"",
  ""phenotype_supported"": ""gambling disorder"",
  ""feature_supported"": ""functional connectivity between the right nucleus accumbens (NAcc) and a region in the right dorsolateral prefrontal cortex (DLPFC)"",
  ""relationship_supported"": ""loss of"",
  ""direction_supported"": true,
  ""directness_supported"": false,
  ""overclaiming"": false,
  ""corrected_phenotype"": ""gambling disorder"",
  ""corrected_feature_type"": ""functional connectivity between the right nucleus accumbens (NAcc) and a region in the right dorsolateral prefrontal cortex (DLPFC)"",
  ""corrected_direction"": ""loss of"",
  ""rationale"": ""The sentence directly states the loss of functional connectivity between the specified brain regions in individuals with gambling disorder, which aligns with the extracted claim. However, the sentence does not explicitly state that this is a direct association, hence directness_supported is false.""
}"
12,22901705,Alterations in regional homogeneity of resting-state brain activity in internet gaming addicts.,2012,Behavioral and brain functions : BBF,motor impulsivity resting-state fMRI,"brainstem, inferior parietal lobule, left posterior cerebellum, left middle frontal gyrus, temporal, occipital and parietal brain regions",BOLD variability,unknown,resting-state fMRI,show enhanced ReHo in sensory-motor coordination related brain regions and decreased ReHo in visual and auditory related brain regions,lower,long-time online game playing,indirect,moderate,"Comparing to the healthy controls, IGA subjects show enhanced ReHo in brainstem, inferior parietal lobule, left posterior cerebellum, and left middle frontal gyrus. All of these regions are thought related with sensory-motor coordination. In addition, IGA subjects show decreased ReHo in temporal, occipital and parietal brain regions. These regions are thought responsible for visual and auditory functions.",no,evidence_strength not a number,yes,yes,yes,,,,,,,,,,qwen2.5-7b-instruct,2,keep,unclear,unclear,unclear,yes,no,yes,null,BOLD variability,lower,"The sentence directly states the enhanced and decreased ReHo in specific brain regions related to sensory-motor coordination and visual-auditory functions, respectively. However, it does not explicitly state that these changes are due to the phenotype (internet gaming addiction) and the relationship is not directly stated as a comparison between the phenotype and the feature. Additionally, the sentence overclaims by mentioning a diagnostic context (resting-state fMRI) and a mechanism (long-time online game playing) that are not supported by the evidence sentence.",,"{
  ""support_score"": 2,
  ""decision"": ""keep"",
  ""phenotype_supported"": ""null"",
  ""feature_supported"": ""BOLD variability"",
  ""relationship_supported"": ""show enhanced ReHo in sensory-motor coordination related brain regions and decreased ReHo in visual and auditory related brain regions"",
  ""direction_supported"": ""true"",
  ""directness_supported"": ""false"",
  ""overclaiming"": ""true"",
  ""corrected_phenotype"": ""null"",
  ""corrected_feature_type"": ""BOLD variability"",
  ""corrected_direction"": ""lower"",
  ""rationale"": ""The sentence directly states the enhanced and decreased ReHo in specific brain regions related to sensory-motor coordination and visual-auditory functions, respectively. However, it does not explicitly state that these changes are due to the phenotype (internet gaming addiction) and the relationship is not directly stated as a comparison between the phenotype and the feature. Additionally, the sentence overclaims by mentioning a diagnostic context (resting-state fMRI) and a mechanism (long-time online game playing) that are not supported by the evidence sentence.""
}"
13,41281564,Associations between structural injury and task-based corticomuscular connectivity after stroke.,2025,Frontiers in neurology,motor impulsivity functional connectivity,"sensorimotor cortex, corticospinal tract, muscles",structural connectivity,unknown,early subacute stroke,correlation,lower,post-stroke structural injury modulates task-based corticomuscular connectivity,indirect,moderate,Findings exclusive to CST injury/integrity subgroups underscore the complexity of structure-function relationships in stroke. Associations between CMC measures in motor-relevant frequency bands with measures reflecting CST microstructure suggest that post-stroke structural injury modulates task-based corticomuscular connectivity.,no,evidence_strength not a number,yes,yes,yes,,,,,,,,,,qwen2.5-7b-instruct,1,revise,no,yes,yes,no,no,yes,motor-relevant frequency bands,CST microstructure,modulates,"The sentence does not explicitly state the phenotype, and the direction and directness are not clearly supported. It also suggests a broader context of structure-function relationships rather than a specific phenotype-feature association.",,"{
  ""support_score"": 1,
  ""decision"": ""revise"",
  ""phenotype_supported"": false,
  ""feature_supported"": true,
  ""relationship_supported"": true,
  ""direction_supported"": false,
  ""directness_supported"": false,
  ""overclaiming"": true,
  ""corrected_phenotype"": ""motor-relevant frequency bands"",
  ""corrected_feature_type"": ""CST microstructure"",
  ""corrected_direction"": ""modulates"",
  ""rationale"": ""The sentence does not explicitly state the phenotype, and the direction and directness are not clearly supported. It also suggests a broader context of structure-function relationships rather than a specific phenotype-feature association.""
}"
1,38002468,Insula Connectivity Abnormalities Predict Impulsivity in Chronic Heroin Use Disorder: A Cross-Sectional Resting-State fMRI Study.,2023,Brain sciences,Barratt Impulsiveness Scale resting-state fMRI,insula,functional connectivity,impulsivity (general),heroin use disorder,predicts,higher,changes in FC between the insula and other brain regions,direct,strong,"Changes in FC between the right insula and the lateral occipital cortex and the right angular gyrus were significantly positively correlated with total trait impulsivity scores, motor impulsivity, and nonplanning impulsivity, whereas changes in the FC between the left insula and the left superior frontal gyrus and left frontopolar brain region were significantly negatively correlated with trait impulsivity.",no,evidence_strength not a number,yes,yes,yes,,,,,,,,,,qwen2.5-7b-instruct,2,keep,yes,yes,yes,yes,yes,no,,,,"The sentence directly states that changes in functional connectivity (FC) between the insula and other brain regions are correlated with impulsivity traits, which matches the extracted claim. The direction of the relationship is clearly specified as positive or negative, and the relationship is described as direct.",,"{
  ""support_score"": 2,
  ""decision"": ""keep"",
  ""phenotype_supported"": true,
  ""feature_supported"": true,
  ""relationship_supported"": true,
  ""direction_supported"": true,
  ""directness_supported"": true,
  ""overclaiming"": false,
  ""corrected_phenotype"": null,
  ""corrected_feature_type"": null,
  ""corrected_direction"": null,
  ""rationale"": ""The sentence directly states that changes in functional connectivity (FC) between the insula and other brain regions are correlated with impulsivity traits, which matches the extracted claim. The direction of the relationship is clearly specified as positive or negative, and the relationship is described as direct.""
}"
2,15309395,Negative correlation between right prefrontal activity during response inhibition and impulsiveness: a fMRI study.,2004,European archives of psychiatry and clinical neuroscience,Barratt Impulsiveness Scale fMRI,right dorsolateral prefrontal cortex (RDLPFC),unknown,motor impulsivity,Go/No-Go task,negative correlation,lower,response inhibition,indirect,moderate,A negative correlation was observed between the motor impulsiveness of BIS-11 and No-Go-related activation in the right dorsolateral prefrontal cortex (RDLPFC).,no,evidence_strength not a number,yes,yes,yes,,,,,,,,,,qwen2.5-7b-instruct,1,revise,unclear,unclear,unclear,no,no,yes,motor impulsivity,activation,lower,The sentence mentions a group difference but does not directly state a phenotype-feature association. The direction and directness need to be clarified.,,"{
  ""support_score"": 1,
  ""decision"": ""revise"",
  ""phenotype_supported"": ""motor impulsiveness"",
  ""feature_supported"": ""No-Go-related activation"",
  ""relationship_supported"": ""negative correlation"",
  ""direction_supported"": false,
  ""directness_supported"": false,
  ""overclaiming"": true,
  ""corrected_phenotype"": ""motor impulsivity"",
  ""corrected_feature_type"": ""activation"",
  ""corrected_direction"": ""lower"",
  ""rationale"": ""The sentence mentions a group difference but does not directly state a phenotype-feature association. The direction and directness need to be clarified.""
}"
3,34461353,Impulsivity is related to overhasty risk learning in attention-deficit/hyperactivity disorder: A computational psychiatric approach.,2021,Journal of psychiatric research,Barratt Impulsiveness Scale fMRI,"frontal lobe, including the orbitofrontal area",unknown,unknown,attention-deficit/hyperactivity disorder (ADHD),is related to,higher,overhasty updating of beliefs during risk learning,direct,moderate,"The degree of overhasty learning in ADHD patients was significantly correlated with the BIS score (r = 0.424, p = 0.009).",no,evidence_strength not a number,yes,yes,yes,,,,,,,,,,qwen2.5-7b-instruct,1,revise,unclear,unclear,unclear,no,no,yes,attention-deficit/hyperactivity disorder (ADHD),impulsivity,higher,"The sentence indicates a correlation between overhasty learning and BIS score, which is an indirect measure of impulsivity. It does not directly state that impulsivity is related to overhasty learning, nor does it specify the direction or directness of the relationship.",,"{
  ""support_score"": 1,
  ""decision"": ""revise"",
  ""phenotype_supported"": ""attention-deficit/hyperactivity disorder (ADHD)"",
  ""feature_supported"": ""BIS score"",
  ""relationship_supported"": ""correlated with"",
  ""direction_supported"": false,
  ""directness_supported"": false,
  ""overclaiming"": true,
  ""corrected_phenotype"": ""attention-deficit/hyperactivity disorder (ADHD)"",
  ""corrected_feature_type"": ""impulsivity"",
  ""corrected_direction"": ""higher"",
  ""rationale"": ""The sentence indicates a correlation between overhasty learning and BIS score, which is an indirect measure of impulsivity. It does not directly state that impulsivity is related to overhasty learning, nor does it specify the direction or directness of the relationship.""
}"
4,28783574,Go/No-Go task performance predicts differences in compulsivity but not in impulsivity personality traits.,2017,Psychiatry research,Barratt Impulsiveness Scale neuroimaging,,unknown,unknown,,predicts,higher,,indirect,moderate,"Surprisingly, no relation was found between the Go/No-Go task and the BIS-11 scale.",no,evidence_strength not a number,yes,yes,yes,,,,,,,,,,qwen2.5-7b-instruct,0,drop,no,no,no,no,no,yes,,,,"The sentence states that no relation was found, which contradicts the claim of prediction. It also does not specify a phenotype or feature type, making it impossible to directly support the claim.",,"{
  ""support_score"": 0,
  ""decision"": ""drop"",
  ""phenotype_supported"": false,
  ""feature_supported"": false,
  ""relationship_supported"": false,
  ""direction_supported"": false,
  ""directness_supported"": false,
  ""overclaiming"": true,
  ""corrected_phenotype"": null,
  ""corrected_feature_type"": null,
  ""corrected_direction"": null,
  ""rationale"": ""The sentence states that no relation was found, which contradicts the claim of prediction. It also does not specify a phenotype or feature type, making it impossible to directly support the claim.""
}"
5,37673288,Resting-state functional magnetic resonance imaging alterations in borderline personality disorder: A systematic review.,2023,Journal of affective disorders,impulsivity resting-state fMRI functional connectivity,"default mode network (DMN), salience network (SN), and central executive network (CEN)",functional connectivity,unknown,comparative study with healthy controls,aberrant,unclear,not explicitly stated in the abstract,indirect,moderate,"Overall, aberrant resting-state functional connectivity (rs-FC) within and between default mode network (DMN), salience network (SN), and central executive network (CEN) were observed in BPD compared to healthy controls, as well as selective functional impairments in bilateral amygdala, anterior and posterior cingulate cortex, hippocampus, and prefrontal cortex.",no,evidence_strength not a number,yes,yes,yes,,,,,,,,,,qwen2.5-7b-instruct,2,keep,no,yes,yes,no,no,yes,borderline personality disorder (BPD),resting-state functional connectivity (rs-FC),compared to healthy controls,"The sentence supports the feature type and relationship but not the phenotype or direction. It also mentions additional features not specified in the claim, leading to overclaiming.",,"{
  ""support_score"": 2,
  ""decision"": ""keep"",
  ""phenotype_supported"": false,
  ""feature_supported"": true,
  ""relationship_supported"": true,
  ""direction_supported"": false,
  ""directness_supported"": false,
  ""overclaiming"": true,
  ""corrected_phenotype"": ""borderline personality disorder (BPD)"",
  ""corrected_feature_type"": ""resting-state functional connectivity (rs-FC)"",
  ""corrected_direction"": ""compared to healthy controls"",
  ""rationale"": ""The sentence supports the feature type and relationship but not the phenotype or direction. It also mentions additional features not specified in the claim, leading to overclaiming.""
}"
6,37887440,"Neurophysiological, Neuroimaging, and Neuropsychological Predictors of Human Alcoholism and Risk.",2023,"Behavioral sciences (Basel, Switzerland)",impulsivity resting-state fMRI functional connectivity,Reward network,functional connectivity,unknown,Differentiating individuals with and without Alcohol Use Disorder,predicting,higher,Impulsivity measures,indirect,moderate,"Differentiating Individuals with and without Alcohol Use Disorder Using Resting-State fMRI Functional Connectivity of Reward Network, Neuropsychological Performance, and Impulsivity Measures",no,evidence_strength not a number,yes,yes,yes,,,,,,,,,,qwen2.5-7b-instruct,1,revise,no,yes,yes,no,no,yes,Alcohol Use Disorder,Resting-State fMRI functional connectivity of Reward network,,"The sentence mentions differentiating between individuals with and without Alcohol Use Disorder, which implies a phenotype. However, it does not specify the direction (positive or negative) or the exact nature of the relationship (predicting, associated with, etc.). The feature type is partially supported as it mentions functional connectivity of the reward network, but the relationship and direction need to be clarified.",,"{
  ""support_score"": 1,
  ""decision"": ""revise"",
  ""phenotype_supported"": false,
  ""feature_supported"": true,
  ""relationship_supported"": true,
  ""direction_supported"": false,
  ""directness_supported"": false,
  ""overclaiming"": true,
  ""corrected_phenotype"": ""Alcohol Use Disorder"",
  ""corrected_feature_type"": ""Resting-State fMRI functional connectivity of Reward network"",
  ""corrected_direction"": null,
  ""rationale"": ""The sentence mentions differentiating between individuals with and without Alcohol Use Disorder, which implies a phenotype. However, it does not specify the direction (positive or negative) or the exact nature of the relationship (predicting, associated with, etc.). The feature type is partially supported as it mentions functional connectivity of the reward network, but the relationship and direction need to be clarified.""
}"
7,38468374,Functional connectivity alterations in individuals with gaming disorder assessed by functional magnetic resonance imaging: a systematic review.,2025,Journal of addictive diseases,impulsivity fMRI functional connectivity,"prefrontal cortex, fronto-parietal regions, frontal gyrus, insula lobe, cingulate cortex and striatum",functional connectivity,unknown,fMRI scans,alterations,higher,"uncontrolled use of technologies, loss of inhibitory control in decision-making, transforming leisure into dependence",direct,moderate,The main findings reveal changes such as significant increases or decreases in functional connectivity in certain regions of the brain.,no,evidence_strength not a number,yes,yes,yes,,,,,,,,,,qwen2.5-7b-instruct,1,revise,no,yes,yes,no,no,yes,unknown,functional connectivity,higher or lower,"The sentence does not specify the exact phenotype, the direction of change (increase or decrease), and the directness of the relationship between the phenotype and the feature. It also implies a broader context of changes rather than a specific alteration in a particular brain system.",,"{
  ""support_score"": 1,
  ""decision"": ""revise"",
  ""phenotype_supported"": false,
  ""feature_supported"": true,
  ""relationship_supported"": true,
  ""direction_supported"": false,
  ""directness_supported"": false,
  ""overclaiming"": true,
  ""corrected_phenotype"": ""unknown"",
  ""corrected_feature_type"": ""functional connectivity"",
  ""corrected_direction"": ""higher or lower"",
  ""rationale"": ""The sentence does not specify the exact phenotype, the direction of change (increase or decrease), and the directness of the relationship between the phenotype and the feature. It also implies a broader context of changes rather than a specific alteration in a particular brain system.""
}"
8,32987241,Intrinsic functional connectivity of the default mode and cognitive control networks relate to change in behavioral performance over two years.,2020,Cortex; a journal devoted to the study of the nervous system and behavior,impulsivity fMRI functional connectivity,cognitive control network (CCN) and default mode network (DMN),functional connectivity,unknown,healthy individuals,association,higher,plastic change in intrinsic connectivity,direct,moderate,"Additionally, decreased connectivity between posterior parietal CCN and DMN nodes and decreased connectivity between left and right dorsolateral prefrontal nodes was associated with increased cognitive performance.",no,evidence_strength not a number,yes,yes,yes,,,,,,,,,,qwen2.5-7b-instruct,1,revise,no,yes,yes,no,no,yes,cognitive performance,functional connectivity,lower,The sentence mentions a group difference in connectivity but does not directly state a phenotype-feature association. The direction of the relationship is opposite to what is claimed.,,"{
  ""support_score"": 1,
  ""decision"": ""revise"",
  ""phenotype_supported"": false,
  ""feature_supported"": true,
  ""relationship_supported"": true,
  ""direction_supported"": false,
  ""directness_supported"": false,
  ""overclaiming"": true,
  ""corrected_phenotype"": ""cognitive performance"",
  ""corrected_feature_type"": ""functional connectivity"",
  ""corrected_direction"": ""lower"",
  ""rationale"": ""The sentence mentions a group difference in connectivity but does not directly state a phenotype-feature association. The direction of the relationship is opposite to what is claimed.""
}"
9,41098856,The CB1 receptor: linking impulsivity and substance use disorder.,2025,Frontiers in neuroscience,trait impulsivity functional connectivity,"hippocampus, cerebellum, prefrontal cortex",unknown,impulsivity (general),substance use disorders,influences,unclear,modulation of impulsive behavior through connectivity with prefrontal and limbic circuits,indirect,strong,"In particular, the hippocampus and cerebellum contribute to the modulation of impulsive behavior through their connectivity with prefrontal and limbic circuits.",no,evidence_strength not a number,yes,yes,yes,,,,,,,,,,qwen2.5-7b-instruct,1,keep,yes,no,yes,no,no,yes,impulsivity (general),connectivity with prefrontal and limbic circuits,unclear,"The sentence mentions the contribution of the hippocampus and cerebellum to the modulation of impulsive behavior, which supports the phenotype. However, it does not specify the feature type, direction, or directness of the relationship. Additionally, it overclaims by mentioning a mechanism that goes beyond the extracted claim.",,"{
  ""support_score"": 1,
  ""decision"": ""keep"",
  ""phenotype_supported"": true,
  ""feature_supported"": false,
  ""relationship_supported"": true,
  ""direction_supported"": false,
  ""directness_supported"": false,
  ""overclaiming"": true,
  ""corrected_phenotype"": ""impulsivity (general)"",
  ""corrected_feature_type"": ""connectivity with prefrontal and limbic circuits"",
  ""corrected_direction"": ""unclear"",
  ""rationale"": ""The sentence mentions the contribution of the hippocampus and cerebellum to the modulation of impulsive behavior, which supports the phenotype. However, it does not specify the feature type, direction, or directness of the relationship. Additionally, it overclaims by mentioning a mechanism that goes beyond the extracted claim.""
}"
10,27896939,"A multimodal study of impulsivity and body weight: Integrating behavioral, cognitive, and neuroimaging approaches.",2017,"Obesity (Silver Spring, Md.)",trait impulsivity functional connectivity,right inferior frontal gyrus and right middle frontal gyrus,functional connectivity,unknown,impulsivity,positive association,higher,mediation by ImpSS,indirect,moderate,"Further, there was a positive association between BMI and functional connectivity between the right inferior frontal gyrus and right middle frontal gyrus during successful response inhibition.",no,evidence_strength not a number,yes,yes,yes,,,,,,,,,,qwen2.5-7b-instruct,2,keep,unclear,unclear,unclear,yes,no,no,BMI,functional connectivity,higher,"The sentence clearly states a positive association between BMI and functional connectivity, which matches the claim. However, the direction is not directly stated as 'higher', so directness_supported is false.",,"{
  ""support_score"": 2,
  ""decision"": ""keep"",
  ""phenotype_supported"": null,
  ""feature_supported"": ""functional connectivity"",
  ""relationship_supported"": ""positive association"",
  ""direction_supported"": true,
  ""directness_supported"": false,
  ""overclaiming"": false,
  ""corrected_phenotype"": ""BMI"",
  ""corrected_feature_type"": ""functional connectivity"",
  ""corrected_direction"": ""higher"",
  ""rationale"": ""The sentence clearly states a positive association between BMI and functional connectivity, which matches the claim. However, the direction is not directly stated as 'higher', so directness_supported is false.""
}"
11,28174127,Altered functional connectivity in default mode network in Internet gaming disorder: Influence of childhood ADHD.,2017,Progress in neuro-psychopharmacology & biological psychiatry,attentional impulsivity resting-state fMRI,default mode network (DMN),functional connectivity,unknown,influence of childhood ADHD,expanded,unclear,executive control,indirect,moderate,"IGD subjects without childhood ADHD showed expanded functional connectivity (FC) between DMN-related regions (PCC, medial prefrontal cortex, thalamus) compared with controls.",no,evidence_strength not a number,yes,yes,yes,,,,,,,,,,qwen2.5-7b-instruct,1,revise,no,yes,yes,no,no,yes,Internet gaming disorder (IGD),functional connectivity (FC),expanded,The sentence mentions a group difference but does not explicitly state the phenotype. The direction and feature are correct but not clearly stated as direct.,,"{
    ""support_score"": 1,
    ""decision"": ""revise"",
    ""phenotype_supported"": false,
    ""feature_supported"": true,
    ""relationship_supported"": true,
    ""direction_supported"": false,
    ""directness_supported"": false,
    ""overclaiming"": true,
    ""corrected_phenotype"": ""Internet gaming disorder (IGD)"",
    ""corrected_feature_type"": ""functional connectivity (FC)"",
    ""corrected_direction"": ""expanded"",
    ""rationale"": ""The sentence mentions a group difference but does not explicitly state the phenotype. The direction and feature are correct but not clearly stated as direct.""
}"
12,25925985,Impaired corticostriatal connectivity in impulse control disorders in Parkinson disease.,2015,Neurology,motor impulsivity resting-state fMRI,corticostriatal,functional connectivity,impulsivity (general),Parkinson disease,association,unclear,altered connectivity between an associative striatal area (the left anterior putamen) and associative and limbic cortical regions (the left inferior temporal gyrus and the left anterior cingulate gyrus),indirect,moderate,"The presence of an ICD in patients with PD was associated with functional disconnection between the left anterior putamen and both the left inferior temporal gyrus and the left anterior cingulate gyrus, as well as a trend toward a functional disconnection between several motor and associative striatal regions and limbic, associative, and motor cortical regions.",no,evidence_strength not a number,yes,yes,yes,,,,,,,,,,qwen2.5-7b-instruct,2,keep,yes,yes,yes,no,no,no,impulsivity (general),functional connectivity,unclear,"The sentence supports the phenotype of impulsivity in Parkinson's disease patients, the feature type of functional connectivity, and the relationship of association. However, the direction of the association is unclear, and the evidence is indirect.",,"{
  ""support_score"": 2,
  ""decision"": ""keep"",
  ""phenotype_supported"": true,
  ""feature_supported"": true,
  ""relationship_supported"": true,
  ""direction_supported"": false,
  ""directness_supported"": false,
  ""overclaiming"": false,
  ""corrected_phenotype"": ""impulsivity (general)"",
  ""corrected_feature_type"": ""functional connectivity"",
  ""corrected_direction"": ""unclear"",
  ""rationale"": ""The sentence supports the phenotype of impulsivity in Parkinson's disease patients, the feature type of functional connectivity, and the relationship of association. However, the direction of the association is unclear, and the evidence is indirect.""
}"
13,31907881,Human Brain Imaging Links Dopaminergic Systems to Impulsivity.,2020,Current topics in behavioral neurosciences,motor impulsivity functional connectivity,striatal,unknown,motor impulsivity,,correlation,higher,functional connectivity,indirect,strong,"Low levels of striatal and midbrain D2-type receptor availability correlate with self-reported impulsivity, whereas striatal D2-type receptor availability shows positive correlation with motor response inhibition and cognitive flexibility.",no,evidence_strength not a number,yes,yes,yes,,,,,,,,,,qwen2.5-7b-instruct,1,revise,yes,no,yes,yes,no,yes,motor impulsivity,D2-type receptor availability,higher,"The sentence mentions a correlation between striatal D2-type receptor availability and motor response inhibition, which indirectly relates to motor impulsivity. However, the feature type is not explicitly named, and the directness is not directly stated.",,"{
  ""support_score"": 1,
  ""decision"": ""revise"",
  ""phenotype_supported"": true,
  ""feature_supported"": false,
  ""relationship_supported"": true,
  ""direction_supported"": true,
  ""directness_supported"": false,
  ""overclaiming"": true,
  ""corrected_phenotype"": ""motor impulsivity"",
  ""corrected_feature_type"": ""D2-type receptor availability"",
  ""corrected_direction"": ""higher"",
  ""rationale"": ""The sentence mentions a correlation between striatal D2-type receptor availability and motor response inhibition, which indirectly relates to motor impulsivity. However, the feature type is not explicitly named, and the directness is not directly stated.""
}"
1,37086305,"Emotion dysregulation, impulsivity and anger rumination in borderline personality disorder: the role of amygdala and insula.",2024,European archives of psychiatry and clinical neuroscience,Barratt Impulsiveness Scale resting-state fMRI,amygdala and insula,functional connectivity,unknown,BPD patients,correlation,lower,alterations in amygdala and insula contribute to neuropsychiatric symptoms,indirect,moderate,"Amygdala and insula are altered in BPD patients, and these two limbic structures are implicated in specific neuropsychiatric symptoms, such as difficulty in emotion regulation, depression, anger and depressive rumination.",no,evidence_strength not a number,yes,yes,yes,,,,,,,,,,qwen2.5-7b-instruct,0,drop,no,no,no,no,no,yes,,,,"The evidence sentence does not specify a clear phenotype or feature type, and the relationship, direction, and directness are not directly supported. Additionally, the sentence implies a broader mechanism than the extracted claim, leading to overclaiming.",,"{
  ""support_score"": 0,
  ""decision"": ""drop"",
  ""phenotype_supported"": false,
  ""feature_supported"": false,
  ""relationship_supported"": false,
  ""direction_supported"": false,
  ""directness_supported"": false,
  ""overclaiming"": true,
  ""corrected_phenotype"": null,
  ""corrected_feature_type"": null,
  ""corrected_direction"": null,
  ""rationale"": ""The evidence sentence does not specify a clear phenotype or feature type, and the relationship, direction, and directness are not directly supported. Additionally, the sentence implies a broader mechanism than the extracted claim, leading to overclaiming.""
}"
2,31427669,The Effect of Mindfulness Meditation on Impulsivity and its Neurobiological Correlates in Healthy Adults.,2019,Scientific reports,Barratt Impulsiveness Scale fMRI,"frontostriatal, cortico-striatal-thalamic",structural connectivity,impulsivity (general),healthy adults,no change,unclear,mindfulness intervention,indirect,moderate,"an eight-week mindfulness intervention did not reduce impulsivity on the go/no-go task or Barratt Impulsiveness Scale (BIS-11), nor produce changes in neural correlates of impulsivity (i.e. frontostriatal gray matter, functional connectivity, and dopamine levels) compared to active or wait-list control groups.",no,evidence_strength not a number,yes,yes,yes,,,,,,,,,,qwen2.5-7b-instruct,2,keep,yes,yes,yes,no,no,no,impulsivity (general),"frontostriatal gray matter, functional connectivity",unclear,"The sentence clearly states that there was no change in impulsivity and its neural correlates after an eight-week mindfulness intervention. However, it does not specify the direction of the relationship or the directness of the evidence.",,"{
    ""support_score"": 2,
    ""decision"": ""keep"",
    ""phenotype_supported"": true,
    ""feature_supported"": true,
    ""relationship_supported"": true,
    ""direction_supported"": false,
    ""directness_supported"": false,
    ""overclaiming"": false,
    ""corrected_phenotype"": ""impulsivity (general)"",
    ""corrected_feature_type"": ""frontostriatal gray matter, functional connectivity"",
    ""corrected_direction"": ""unclear"",
    ""rationale"": ""The sentence clearly states that there was no change in impulsivity and its neural correlates after an eight-week mindfulness intervention. However, it does not specify the direction of the relationship or the directness of the evidence.""
}"
3,26460483,Lateral prefrontal model-based signatures are reduced in healthy individuals with high trait impulsivity.,2015,Translational psychiatry,Barratt Impulsiveness Scale fMRI,lateral prefrontal cortex,unknown,impulsivity (general),healthy individuals,reduced,lower,behavioral and neural signatures,direct,moderate,Right lateral prefrontal model-based signatures were reduced in high-impulsive individuals.,no,evidence_strength not a number,yes,yes,yes,,,,,,,,,,qwen2.5-7b-instruct,2,keep,yes,no,yes,yes,no,no,impulsivity (high),model-based signatures,lower,"The sentence directly states that model-based signatures were reduced in high-impulsive individuals, supporting the relationship and direction. However, it does not explicitly mention the lateral prefrontal cortex as the brain system or specify that the individuals are healthy.",,"{
  ""support_score"": 2,
  ""decision"": ""keep"",
  ""phenotype_supported"": true,
  ""feature_supported"": false,
  ""relationship_supported"": true,
  ""direction_supported"": true,
  ""directness_supported"": false,
  ""overclaiming"": false,
  ""corrected_phenotype"": ""impulsivity (high)"",
  ""corrected_feature_type"": ""model-based signatures"",
  ""corrected_direction"": ""lower"",
  ""rationale"": ""The sentence directly states that model-based signatures were reduced in high-impulsive individuals, supporting the relationship and direction. However, it does not explicitly mention the lateral prefrontal cortex as the brain system or specify that the individuals are healthy.""
}"
4,30616125,A multi-dimensional evaluation of craving and impulsivity among people admitted for alcohol-related problems in emergency department.,2019,Psychiatry research,Barratt Impulsiveness Scale neuroimaging,,unknown,unknown,alcohol misuse,predicts,higher,,direct,moderate,"Regression analyses showed that the scores obtained at the compulsive subscale of the OCDS, at the VAS and at the Urgency subscale of impulsivity constitute the main predictors of the severity of alcohol-use disorders (indexed by the AUDIT).",no,evidence_strength not a number,yes,yes,yes,,,,,,,,,,qwen2.5-7b-instruct,1,revise,no,no,yes,yes,no,yes,severity of alcohol-use disorders,"compulsive subscale of the OCDS, VAS, Urgency subscale of impulsivity",higher,The sentence mentions predictors but does not explicitly state the phenotype and feature types. It also suggests a group difference rather than a direct association between the features and the phenotype.,,"{
    ""support_score"": 1,
    ""decision"": ""revise"",
    ""phenotype_supported"": false,
    ""feature_supported"": false,
    ""relationship_supported"": true,
    ""direction_supported"": true,
    ""directness_supported"": false,
    ""overclaiming"": true,
    ""corrected_phenotype"": ""severity of alcohol-use disorders"",
    ""corrected_feature_type"": ""compulsive subscale of the OCDS, VAS, Urgency subscale of impulsivity"",
    ""corrected_direction"": ""higher"",
    ""rationale"": ""The sentence mentions predictors but does not explicitly state the phenotype and feature types. It also suggests a group difference rather than a direct association between the features and the phenotype.""
}"
5,31284029,Genetic contribution to the phenotypic correlation between trait impulsivity and resting-state functional connectivity of the amygdala and its subregions.,2019,NeuroImage,impulsivity resting-state fMRI functional connectivity,amygdala and its subregions,functional connectivity,impulsivity (general),,correlation,higher,genetic overlap,indirect,strong,"Bivariate genetic modelling analyses found genetic overlaps between trait impulsivity and the rsFC of the left full amygdala or the left BL amygdala with the right DLPFC. The proportions of phenotypic associations accounted for by overlapping genes were 82% and 60%, respectively.",no,evidence_strength not a number,yes,yes,yes,,,,,,,,,,qwen2.5-7b-instruct,2,keep,yes,yes,yes,yes,no,no,impulsivity (general),resting-state functional connectivity (rsFC),higher,"The sentence directly supports the phenotype (trait impulsivity), feature type (rsFC of the amygdala), and relationship (genetic overlap). The direction is also supported as higher genetic overlap implies a stronger association.",,"{
  ""support_score"": 2,
  ""decision"": ""keep"",
  ""phenotype_supported"": true,
  ""feature_supported"": true,
  ""relationship_supported"": true,
  ""direction_supported"": true,
  ""directness_supported"": false,
  ""overclaiming"": false,
  ""corrected_phenotype"": ""impulsivity (general)"",
  ""corrected_feature_type"": ""resting-state functional connectivity (rsFC)"",
  ""corrected_direction"": ""higher"",
  ""rationale"": ""The sentence directly supports the phenotype (trait impulsivity), feature type (rsFC of the amygdala), and relationship (genetic overlap). The direction is also supported as higher genetic overlap implies a stronger association.""
}"
6,29277650,"Macroscale variation in resting-state neuronal activity and connectivity assessed by simultaneous calcium imaging, hemodynamic imaging and electrophysiology.",2018,NeuroImage,impulsivity resting-state fMRI functional connectivity,neuronal activity and connectivity,functional connectivity,unknown,"simultaneous resting-state measurements of electrophysiology, calcium, and hemodynamic imaging in lightly anesthetized mice",hemodynamic signal and calcium signal,unclear,regional variation in the hemodynamic response,indirect,moderate,"Furthermore, while overall functional connectivity (FC) measured by the hemodynamic signal is significantly correlated with FC measured by calcium, the two estimates were found to be significantly different.",no,evidence_strength not a number,yes,yes,yes,,,,,,,,,,qwen2.5-7b-instruct,1,revise,no,yes,yes,no,no,yes,functional connectivity,functional connectivity,unclear,"The sentence mentions a correlation between hemodynamic and calcium signals, which supports the relationship but does not specify a phenotype. The direction of the relationship is unclear, and the directness is indirect as the sentence does not directly state that the hemodynamic signal and calcium signal are measures of the same phenotype.",,"{
  ""support_score"": 1,
  ""decision"": ""revise"",
  ""phenotype_supported"": false,
  ""feature_supported"": true,
  ""relationship_supported"": true,
  ""direction_supported"": false,
  ""directness_supported"": false,
  ""overclaiming"": true,
  ""corrected_phenotype"": ""functional connectivity"",
  ""corrected_feature_type"": ""functional connectivity"",
  ""corrected_direction"": ""unclear"",
  ""rationale"": ""The sentence mentions a correlation between hemodynamic and calcium signals, which supports the relationship but does not specify a phenotype. The direction of the relationship is unclear, and the directness is indirect as the sentence does not directly state that the hemodynamic signal and calcium signal are measures of the same phenotype.""
}"
7,31401546,Functional connectivity of emotional well-being: Overconnectivity between default and attentional networks is associated with attitudes of anger and aggression.,2019,Psychiatry research. Neuroimaging,impulsivity fMRI functional connectivity,default and attentional networks,functional connectivity,unknown,,positive correlation,higher,impaired effortful control and decreased response inhibition of impulsivity,indirect,significant,"Additionally, functional connectivity between the default and attentional networks was positively correlated with scores of attitudes of anger and aggression.",no,evidence_strength not a number,yes,yes,yes,,,,,,,,,,qwen2.5-7b-instruct,2,keep,unclear,unclear,unclear,yes,no,no,anger and aggression,functional connectivity between the default and attentional networks,higher,"The sentence directly states a positive correlation between functional connectivity and attitudes of anger and aggression, which aligns with the claim. However, the claim specifies 'higher' direction, which is not explicitly mentioned in the sentence.",,"{
  ""support_score"": 2,
  ""decision"": ""keep"",
  ""phenotype_supported"": ""anger and aggression"",
  ""feature_supported"": ""functional connectivity between the default and attentional networks"",
  ""relationship_supported"": ""positive correlation"",
  ""direction_supported"": true,
  ""directness_supported"": false,
  ""overclaiming"": false,
  ""corrected_phenotype"": ""anger and aggression"",
  ""corrected_feature_type"": ""functional connectivity between the default and attentional networks"",
  ""corrected_direction"": ""higher"",
  ""rationale"": ""The sentence directly states a positive correlation between functional connectivity and attitudes of anger and aggression, which aligns with the claim. However, the claim specifies 'higher' direction, which is not explicitly mentioned in the sentence.""
}"
8,37992501,Testing the triple network model of psychopathology in a transdiagnostic neurodevelopmental cohort.,2023,NeuroImage. Clinical,impulsivity neuroimaging functional connectivity,"Salience Network (SN), Central Executive Network (CEN), Default Mode Network (DMN)",functional connectivity,impulsivity (general),transdiagnostic neurodevelopmental difficulties,connectivity,higher,"delayed network segregation, difficulties sustaining CEN activity to regulate behavior, and/or a heightened developmental mismatch between neural systems",indirect,moderate,"Hyperactivity/impulsivity was associated with increased functional connectivity between the SN, CEN, and DMN in at-risk children, whereas it was associated with decreased functional connectivity between the CEN and DMN in comparison children.",no,evidence_strength not a number,yes,yes,yes,,,,,,,,,,qwen2.5-7b-instruct,1,revise,yes,yes,yes,no,no,yes,impulsivity (general),functional connectivity,increased,"The sentence mentions increased and decreased connectivity, which does not capture the 'higher' direction specified in the claim. Additionally, the sentence is indirect and does not directly state the relationship between impulsivity and connectivity.",,"{
  ""support_score"": 1,
  ""decision"": ""revise"",
  ""phenotype_supported"": true,
  ""feature_supported"": true,
  ""relationship_supported"": true,
  ""direction_supported"": false,
  ""directness_supported"": false,
  ""overclaiming"": true,
  ""corrected_phenotype"": ""impulsivity (general)"",
  ""corrected_feature_type"": ""functional connectivity"",
  ""corrected_direction"": ""increased"",
  ""rationale"": ""The sentence mentions increased and decreased connectivity, which does not capture the 'higher' direction specified in the claim. Additionally, the sentence is indirect and does not directly state the relationship between impulsivity and connectivity.""
}"
9,38451271,Trait anxiety and corresponding neuromarkers predict internet addiction: A longitudinal study.,2024,Journal of behavioral addictions,trait impulsivity functional connectivity,"cognitive control and emotion-regulation circuits, default mode network (DMN)",functional connectivity,unknown,trait anxiety,predicts,higher,mediated by stressful life events and correlated functional connectivity,indirect,strong,"CPM results revealed that the functional connectivity of cognitive control and emotion-regulation circuits and DMN were significantly correlated with TA. Furthermore, a significant association was found between the neuromarkers of TA and IA.",no,evidence_strength not a number,yes,yes,yes,,,,,,,,,,qwen2.5-7b-instruct,1,revise,no,yes,yes,no,no,yes,trait anxiety,"functional connectivity of cognitive control and emotion-regulation circuits, default mode network (DMN)",correlated,"The sentence mentions a correlation between functional connectivity and trait anxiety, which partially supports the claim. However, it does not directly state that higher functional connectivity predicts trait anxiety. Additionally, the sentence does not specify the direction of the relationship and the directness of the relationship is indirect.",,"{
  ""support_score"": 1,
  ""decision"": ""revise"",
  ""phenotype_supported"": false,
  ""feature_supported"": true,
  ""relationship_supported"": true,
  ""direction_supported"": false,
  ""directness_supported"": false,
  ""overclaiming"": true,
  ""corrected_phenotype"": ""trait anxiety"",
  ""corrected_feature_type"": ""functional connectivity of cognitive control and emotion-regulation circuits, default mode network (DMN)"",
  ""corrected_direction"": ""correlated"",
  ""rationale"": ""The sentence mentions a correlation between functional connectivity and trait anxiety, which partially supports the claim. However, it does not directly state that higher functional connectivity predicts trait anxiety. Additionally, the sentence does not specify the direction of the relationship and the directness of the relationship is indirect.""
}"
10,37058964,Impulsivity and self-regulation: A dual-process model of risky driving in young drivers in Iran.,2023,Accident; analysis and prevention,trait impulsivity functional connectivity,,unknown,impulsivity (general),,mediation,unclear,"executive functions, reflective functioning, and driving self-regulation",indirect,moderate,"Executive functions and driving self-regulation mediated the effect of attention impulsivity on driving errors. Executive functions, reflective functioning, and driving self-regulation mediated the relationship between motor impulsivity and driving errors.",no,evidence_strength not a number,yes,yes,yes,,,,,,,,,,qwen2.5-7b-instruct,2,keep,yes,no,yes,yes,no,no,impulsivity (general),"executive functions, reflective functioning, and driving self-regulation",unclear,"The sentence directly states that executive functions, reflective functioning, and driving self-regulation mediate the relationship between impulsivity and driving errors, which supports the phenotype and relationship. However, it does not explicitly name these as features, making directness_supported=false.",,"{
  ""support_score"": 2,
  ""decision"": ""keep"",
  ""phenotype_supported"": true,
  ""feature_supported"": false,
  ""relationship_supported"": true,
  ""direction_supported"": true,
  ""directness_supported"": false,
  ""overclaiming"": false,
  ""corrected_phenotype"": ""impulsivity (general)"",
  ""corrected_feature_type"": ""executive functions, reflective functioning, and driving self-regulation"",
  ""corrected_direction"": ""unclear"",
  ""rationale"": ""The sentence directly states that executive functions, reflective functioning, and driving self-regulation mediate the relationship between impulsivity and driving errors, which supports the phenotype and relationship. However, it does not explicitly name these as features, making directness_supported=false.""
}"
11,40334458,Temporal variability-based alternations in dynamic functional networks in internet gaming disorder.,2025,Journal of psychiatric research,attentional impulsivity resting-state fMRI,"default mode network (DMN), ventral attention network (VAN), sensorimotor network (SMN), limbic network (LN)",BOLD variability,unknown,resting-state fMRI data,"decreased within-network variability in DMN, increased within-network temporal variability in VAN, increased between-network temporal variability in SMN and VAN, SMN and LN, VAN and LN",unclear,"impaired executive inhibitory functions and attention, imbalances between sensory-attention, sensory-emotion, and emotion-motivation functions",direct,strong,"Compared to RGUs, IGD individuals exhibited decreased within-network variability in the default mode network (DMN), increased within-network temporal variability in the ventral attention network (VAN), and increased between-network temporal variability in sensorimotor network (SMN) and VAN, SMN and limbic network (LN), VAN and LN.",no,evidence_strength not a number,yes,yes,yes,,,,,,,,,,qwen2.5-7b-instruct,2,keep,unclear,unclear,yes,no,yes,no,null,BOLD variability,unclear,"The sentence provides specific relationships and directions that align with the extracted claim, mentioning decreased within-network variability in DMN, increased within-network temporal variability in VAN, and increased between-network temporal variability in SMN and VAN, SMN and LN, VAN and LN. However, the direction is unclear as 'decreased' and 'increased' are used without a clear overall direction.",,"{
  ""support_score"": 2,
  ""decision"": ""keep"",
  ""phenotype_supported"": ""null"",
  ""feature_supported"": ""BOLD variability"",
  ""relationship_supported"": ""true"",
  ""direction_supported"": ""false"",
  ""directness_supported"": ""true"",
  ""overclaiming"": ""false"",
  ""corrected_phenotype"": ""null"",
  ""corrected_feature_type"": ""BOLD variability"",
  ""corrected_direction"": ""unclear"",
  ""rationale"": ""The sentence provides specific relationships and directions that align with the extracted claim, mentioning decreased within-network variability in DMN, increased within-network temporal variability in VAN, and increased between-network temporal variability in SMN and VAN, SMN and LN, VAN and LN. However, the direction is unclear as 'decreased' and 'increased' are used without a clear overall direction.""
}"
12,28040671,Decisional impulsivity and the associative-limbic subthalamic nucleus in obsessive-compulsive disorder: stimulation and connectivity.,2017,Brain : a journal of neurology,motor impulsivity resting-state fMRI,subthalamic nucleus,unknown,unknown,subjects with obsessive compulsive disorder who have undergone deep brain stimulation of the limbic and associative subthalamic nucleus,causally implicated,unclear,shifts evidence accumulation towards a functional less cautious style,direct,strong,We show that stimulation of the subthalamic nucleus is causally implicated in increasing decisional impulsivity with less accumulation of evidence during probabilistic uncertainty and in enhancing delay discounting.,no,evidence_strength not a number,yes,yes,yes,,,,,,,,,,qwen2.5-7b-instruct,2,keep,yes,yes,yes,yes,yes,no,decisional impulsivity,"evidence accumulation during probabilistic uncertainty, delay discounting",increasing,"The sentence directly states that stimulation of the subthalamic nucleus causally implicates an increase in decisional impulsivity and changes in evidence accumulation and delay discounting, which aligns with the extracted claim.",,"{
  ""support_score"": 2,
  ""decision"": ""keep"",
  ""phenotype_supported"": true,
  ""feature_supported"": true,
  ""relationship_supported"": true,
  ""direction_supported"": true,
  ""directness_supported"": true,
  ""overclaiming"": false,
  ""corrected_phenotype"": ""decisional impulsivity"",
  ""corrected_feature_type"": ""evidence accumulation during probabilistic uncertainty, delay discounting"",
  ""corrected_direction"": ""increasing"",
  ""rationale"": ""The sentence directly states that stimulation of the subthalamic nucleus causally implicates an increase in decisional impulsivity and changes in evidence accumulation and delay discounting, which aligns with the extracted claim.""
}"
13,33304251,Neural Basis of Increased Cognitive Control of Impulsivity During the Mid-Luteal Phase Relative to the Late Follicular Phase of the Menstrual Cycle.,2020,Frontiers in human neuroscience,ADHD impulsivity resting-state fMRI connectivity,dorsal striatum (DS) - dorsal lateral prefrontal cortex (dlPFC),functional connectivity,impulsivity (general),"conditions characterized by hyper-impulsivity, such as obsessive compulsive disorder, Parkinson disease, and attention deficit hyperactivity disorder",correlation,lower,"cyclical gonadal hormones affect cognitive control of impulsive behavior in a periodic manner, possibly via DS-dlPFC circuitry",indirect,moderate,"Discount rate (transformed k) correlated with functional connectivity between the DS and dlPFC, consistent with previous findings indicating that DS-dlPFC circuitry may regulate impulsivity.",no,evidence_strength not a number,yes,yes,no,,,,,,,,,,qwen2.5-7b-instruct,1,keep,yes,yes,yes,no,no,yes,impulsivity (general),functional connectivity,,The sentence supports the relationship between impulsivity and functional connectivity but does not specify the direction or directness of the relationship. It also overclaims by mentioning 'DS-dlPFC circuitry may regulate impulsivity' without specifying the cyclical nature of the regulation.,,"{
  ""support_score"": 1,
  ""decision"": ""keep"",
  ""phenotype_supported"": true,
  ""feature_supported"": true,
  ""relationship_supported"": true,
  ""direction_supported"": false,
  ""directness_supported"": false,
  ""overclaiming"": true,
  ""corrected_phenotype"": ""impulsivity (general)"",
  ""corrected_feature_type"": ""functional connectivity"",
  ""corrected_direction"": null,
  ""rationale"": ""The sentence supports the relationship between impulsivity and functional connectivity but does not specify the direction or directness of the relationship. It also overclaims by mentioning 'DS-dlPFC circuitry may regulate impulsivity' without specifying the cyclical nature of the regulation.""
}"
1,25944613,Nature of functional links in valuation networks differentiates impulsive behaviors between abstinent heroin-dependent subjects and nondrug-using subjects.,2015,NeuroImage,Barratt Impulsiveness Scale resting-state fMRI,"ventral medial prefrontal cortex, δ-network (regions of the executive control system, such as the dorsolateral prefrontal cortex), β-network (regions of the reward system involved in the mesocorticolimbic pathway)",functional connectivity,impulsivity (general),abstinent heroin-dependent subjects vs. nondrug-using subjects,influence,unclear,imbalanced functional link between β- and δ-networks leads to increased impulsivity in abstinent heroin-dependent subjects,direct,strong,"In control nondrug-using subjects, the functional link between the β- and δ-networks is balanced, and the δ-network competitively controls impulsivity. However, in abstinent heroin-dependent subjects, the link is imbalanced, with stronger β-network connectivity and weaker δ-network connectivity.",no,evidence_strength not a number,yes,yes,yes,,,,,,,,,,qwen2.5-7b-instruct,2,keep,yes,yes,yes,no,yes,no,impulsivity (general),functional connectivity,unclear,The sentence provides information about the balance of functional connectivity between the β- and δ-networks and its impact on impulsivity in both control subjects and abstinent heroin-dependent subjects. It supports the phenotype (impulsivity) and feature type (functional connectivity) but does not specify the direction of influence.,,"{
  ""support_score"": 2,
  ""decision"": ""keep"",
  ""phenotype_supported"": true,
  ""feature_supported"": true,
  ""relationship_supported"": true,
  ""direction_supported"": false,
  ""directness_supported"": true,
  ""overclaiming"": false,
  ""corrected_phenotype"": ""impulsivity (general)"",
  ""corrected_feature_type"": ""functional connectivity"",
  ""corrected_direction"": ""unclear"",
  ""rationale"": ""The sentence provides information about the balance of functional connectivity between the β- and δ-networks and its impact on impulsivity in both control subjects and abstinent heroin-dependent subjects. It supports the phenotype (impulsivity) and feature type (functional connectivity) but does not specify the direction of influence.""
}"
2,32464339,Investigation of structure-function correlation among the young offspring of patients with bipolar disorder.,2020,Psychiatry research. Neuroimaging,Barratt Impulsiveness Scale fMRI,cingulum,unknown,attentional impulsivity,young offspring of patients with bipolar disorder,correlation,higher,,indirect,moderate,MD values in the cingulum were inversely correlated with the Child and Youth Resilience Measure and positively correlated with higher scores on the Barratt Impulsiveness Scale-Attentional.,no,evidence_strength not a number,yes,yes,yes,,,,,,,,,,qwen2.5-7b-instruct,1,revise,yes,no,yes,no,no,yes,attentional impulsivity,MD values,inverse,"The sentence mentions a correlation between MD values and impulsivity measures, but it does not directly state that attentional impulsivity is correlated with MD values. The relationship is indirect, and the direction is mixed (inversely correlated with one measure and positively correlated with another).",,"{
  ""support_score"": 1,
  ""decision"": ""revise"",
  ""phenotype_supported"": true,
  ""feature_supported"": false,
  ""relationship_supported"": true,
  ""direction_supported"": false,
  ""directness_supported"": false,
  ""overclaiming"": true,
  ""corrected_phenotype"": ""attentional impulsivity"",
  ""corrected_feature_type"": ""MD values"",
  ""corrected_direction"": ""inverse"",
  ""rationale"": ""The sentence mentions a correlation between MD values and impulsivity measures, but it does not directly state that attentional impulsivity is correlated with MD values. The relationship is indirect, and the direction is mixed (inversely correlated with one measure and positively correlated with another).""
}"
3,28423021,Trait impulsivity components correlate differently with proactive and reactive control.,2017,PloS one,Barratt Impulsiveness Scale fMRI,"fronto-parietal network, inferior parietal lobule, right dorsolateral prefrontal cortex (DLPFC), anterior cingulate cortex",unknown,unknown,,correlation,higher,impulsivity scores associated with brain activity in specific regions,direct,moderate,"Specifically, higher motor impulsiveness was associated with a larger proactive control effect in the inferior parietal lobule and a smaller reactive control effect in the right dorsolateral prefrontal cortex (DLPFC) and anterior cingulate contex. Higher attention impulsivity was associated with a smaller proactive control effect in the right DLPFC.",no,evidence_strength not a number,yes,yes,yes,,,,,,,,,,qwen2.5-7b-instruct,2,keep,yes,yes,yes,yes,yes,no,"motor impulsiveness, attention impulsivity","proactive control effect, reactive control effect","larger, smaller","The sentence directly states correlations between impulsivity scores and brain activity in specific regions, supporting the claim.",,"{
  ""support_score"": 2,
  ""decision"": ""keep"",
  ""phenotype_supported"": true,
  ""feature_supported"": true,
  ""relationship_supported"": true,
  ""direction_supported"": true,
  ""directness_supported"": true,
  ""overclaiming"": false,
  ""corrected_phenotype"": ""motor impulsiveness, attention impulsivity"",
  ""corrected_feature_type"": ""proactive control effect, reactive control effect"",
  ""corrected_direction"": ""larger, smaller"",
  ""rationale"": ""The sentence directly states correlations between impulsivity scores and brain activity in specific regions, supporting the claim.""
}"
4,26648853,Impulsivity is Associated with Increased Metabolism in the Fronto-Insular Network in Parkinson's Disease.,2015,Frontiers in behavioral neuroscience,Barratt Impulsiveness Scale neuroimaging,fronto-insular network,unknown,impulsivity (general),Parkinson's disease,association,higher,increased FDG-metabolism,indirect,moderate,"Voxel-wise group comparison revealed higher FDG-metabolism in the orbitofrontal cortex (OFC), anterior cingulate cortex (ACC), and right insula in patients with higher impulsivity scores.",no,evidence_strength not a number,yes,yes,yes,,,,,,,,,,qwen2.5-7b-instruct,1,revise,yes,no,yes,yes,no,no,impulsivity (general),FDG-metabolism,higher,"The sentence supports an association between impulsivity and increased metabolism in the fronto-insular network, but it does not directly name the feature as FDG-metabolism.",,"{
  ""support_score"": 1,
  ""decision"": ""revise"",
  ""phenotype_supported"": true,
  ""feature_supported"": false,
  ""relationship_supported"": true,
  ""direction_supported"": true,
  ""directness_supported"": false,
  ""overclaiming"": false,
  ""corrected_phenotype"": ""impulsivity (general)"",
  ""corrected_feature_type"": ""FDG-metabolism"",
  ""corrected_direction"": ""higher"",
  ""rationale"": ""The sentence supports an association between impulsivity and increased metabolism in the fronto-insular network, but it does not directly name the feature as FDG-metabolism.""
}"
5,29040723,Resting-state functional connectivity in combat veterans suffering from impulsive aggression.,2017,Social cognitive and affective neuroscience,impulsivity resting-state fMRI functional connectivity,amygdala and prefrontal regions,functional connectivity,impulsivity (general),combat veterans,reduced,unclear,impaired top-down regulation,indirect,moderate,"In exploratory cluster analyses, we observed reduced functional connectivity between the (bilateral) BLA and left dorsolateral prefrontal cortex in the impulsive aggression group, relative to combat controls.",no,evidence_strength not a number,yes,yes,yes,,,,,,,,,,qwen2.5-7b-instruct,2,keep,yes,yes,yes,yes,no,no,impulsivity (general),functional connectivity,reduced,"The sentence directly states reduced functional connectivity between the amygdala and prefrontal regions in the impulsive aggression group compared to combat controls, supporting the phenotype, feature, relationship, and direction. However, the directness is not explicitly stated as 'direct'.",,"{
  ""support_score"": 2,
  ""decision"": ""keep"",
  ""phenotype_supported"": true,
  ""feature_supported"": true,
  ""relationship_supported"": true,
  ""direction_supported"": true,
  ""directness_supported"": false,
  ""overclaiming"": false,
  ""corrected_phenotype"": ""impulsivity (general)"",
  ""corrected_feature_type"": ""functional connectivity"",
  ""corrected_direction"": ""reduced"",
  ""rationale"": ""The sentence directly states reduced functional connectivity between the amygdala and prefrontal regions in the impulsive aggression group compared to combat controls, supporting the phenotype, feature, relationship, and direction. However, the directness is not explicitly stated as 'direct'.""
}"
6,25738502,Decreased prefrontal lobe interhemispheric functional connectivity in adolescents with internet gaming disorder: a primary study using resting-state FMRI.,2015,PloS one,impulsivity resting-state fMRI functional connectivity,prefrontal lobe,functional connectivity,unknown,adolescents,decreased,unclear,altered interhemispheric rsFC,indirect,moderate,"Compared to healthy controls, IGD participants showed decreased VMHC between the left and right superior frontal gyrus (orbital part), inferior frontal gyrus (orbital part), middle frontal gyrus and superior frontal gyrus.",no,evidence_strength not a number,yes,yes,yes,,,,,,,,,,qwen2.5-7b-instruct,1,revise,no,yes,yes,yes,no,yes,adolescents with internet gaming disorder,"VMHC between the left and right superior frontal gyrus (orbital part), inferior frontal gyrus (orbital part), middle frontal gyrus and superior frontal gyrus",decreased,"The sentence provides a specific brain region and shows a decrease in functional connectivity, which supports the feature and relationship. However, it does not directly state that this finding is specific to adolescents with internet gaming disorder, making the directness of the claim indirect. Additionally, the sentence mentions a group difference but does not explicitly state a phenotype-feature association.",,"{
  ""support_score"": 1,
  ""decision"": ""revise"",
  ""phenotype_supported"": false,
  ""feature_supported"": true,
  ""relationship_supported"": true,
  ""direction_supported"": true,
  ""directness_supported"": false,
  ""overclaiming"": true,
  ""corrected_phenotype"": ""adolescents with internet gaming disorder"",
  ""corrected_feature_type"": ""VMHC between the left and right superior frontal gyrus (orbital part), inferior frontal gyrus (orbital part), middle frontal gyrus and superior frontal gyrus"",
  ""corrected_direction"": ""decreased"",
  ""rationale"": ""The sentence provides a specific brain region and shows a decrease in functional connectivity, which supports the feature and relationship. However, it does not directly state that this finding is specific to adolescents with internet gaming disorder, making the directness of the claim indirect. Additionally, the sentence mentions a group difference but does not explicitly state a phenotype-feature association.""
}"
7,28777996,Neural connectivity moderates the association between sleep and impulsivity in adolescents.,2017,Developmental cognitive neuroscience,impulsivity fMRI functional connectivity,prefrontal cortex and default mode network,unknown,impulsivity (general),,moderates,lower,neural functioning,indirect,strong,"Poor sleep quality was related to greater affect-related impulsivity among adolescents with low, but not high, connectivity, suggesting neural functioning relates to individual differences linking sleep quality and impulsivity.",no,evidence_strength not a number,yes,yes,yes,,,,,,,,,,qwen2.5-7b-instruct,1,revise,yes,no,yes,no,no,yes,impulsivity (affect-related),neural functioning,higher,"The sentence mentions a group difference (low vs. high connectivity) and suggests a relationship between neural functioning and impulsivity, but it does not directly state that poor sleep quality leads to higher impulsivity. The direction of the relationship is unclear, and the feature type is not specified.",,"{
  ""support_score"": 1,
  ""decision"": ""revise"",
  ""phenotype_supported"": true,
  ""feature_supported"": false,
  ""relationship_supported"": true,
  ""direction_supported"": false,
  ""directness_supported"": false,
  ""overclaiming"": true,
  ""corrected_phenotype"": ""impulsivity (affect-related)"",
  ""corrected_feature_type"": ""neural functioning"",
  ""corrected_direction"": ""higher"",
  ""rationale"": ""The sentence mentions a group difference (low vs. high connectivity) and suggests a relationship between neural functioning and impulsivity, but it does not directly state that poor sleep quality leads to higher impulsivity. The direction of the relationship is unclear, and the feature type is not specified.""
}"
8,40193128,Subthalamic Deep Brain Stimulation: Mapping Non-Motor Outcomes to Structural Connections.,2025,Human brain mapping,impulsivity neuroimaging functional connectivity,subthalamic nucleus,functional connectivity,impulsivity (general),Parkinson's Disease,association,higher,stimulation of specific fiber bundles,indirect,moderate,"Using DBS fiber filtering, we identified the structural connections whose stimulation was associated with change along these dimensions.",no,evidence_strength not a number,yes,yes,yes,,,,,,,,,,qwen2.5-7b-instruct,1,revise,no,no,yes,no,no,yes,null,structural connections,null,"The sentence does not specify a particular phenotype or feature type, and it uses 'change along these dimensions' which is vague. It also implies an indirect relationship rather than a direct one.",,"{
  ""support_score"": 1,
  ""decision"": ""revise"",
  ""phenotype_supported"": false,
  ""feature_supported"": false,
  ""relationship_supported"": true,
  ""direction_supported"": false,
  ""directness_supported"": false,
  ""overclaiming"": true,
  ""corrected_phenotype"": ""null"",
  ""corrected_feature_type"": ""structural connections"",
  ""corrected_direction"": ""null"",
  ""rationale"": ""The sentence does not specify a particular phenotype or feature type, and it uses 'change along these dimensions' which is vague. It also implies an indirect relationship rather than a direct one.""
}"
9,31383336,Hypothesis: Compulsive hoarding as an atavism.,2019,Medical hypotheses,trait impulsivity functional connectivity,,unknown,unknown,,association,unclear,,unclear,,"To support this claim, we describe hoarding in ancestral mammals and provide examples of recurrence of traits, or atavisms, in humans and other mammals, highlighting its implications for neuropsychiatric diseases.",no,evidence_strength not a number,yes,yes,yes,,,,,,,,,,qwen2.5-7b-instruct,0,drop,no,no,no,no,no,yes,,,,"The sentence discusses the recurrence of traits in humans and other mammals but does not specify a phenotype or feature, nor does it establish a clear association, direction, or directness.",,"{
    ""support_score"": 0,
    ""decision"": ""drop"",
    ""phenotype_supported"": false,
    ""feature_supported"": false,
    ""relationship_supported"": false,
    ""direction_supported"": false,
    ""directness_supported"": false,
    ""overclaiming"": true,
    ""corrected_phenotype"": null,
    ""corrected_feature_type"": null,
    ""corrected_direction"": null,
    ""rationale"": ""The sentence discusses the recurrence of traits in humans and other mammals but does not specify a phenotype or feature, nor does it establish a clear association, direction, or directness.""
}"
10,32121585,"Random Forest Classification of Alcohol Use Disorder Using EEG Source Functional Connectivity, Neuropsychological Functioning, and Impulsivity Measures.",2020,"Behavioral sciences (Basel, Switzerland)",nonplanning impulsivity functional connectivity,default mode network (DMN),EEG connectivity,unknown,Classification of individuals with AUD from unaffected controls (CTL),association,higher,aberrant network functioning during resting state suggestive of neural hyperexcitability and impulsivity,indirect,moderate,"The AUD group showed a predominant pattern of hyperconnectivity among 25 of 29 significant connections, indicating aberrant network functioning during resting state suggestive of neural hyperexcitability and impulsivity.",no,evidence_strength not a number,yes,yes,yes,,,,,,,,,,qwen2.5-7b-instruct,2,keep,unclear,unclear,unclear,yes,no,no,AUD,EEG connectivity,higher,"The sentence directly states that the AUD group showed hyperconnectivity, which supports an association in the higher direction. However, it does not explicitly name the phenotype as 'AUD' or specify that the connectivity is indirect.",,"{
  ""support_score"": 2,
  ""decision"": ""keep"",
  ""phenotype_supported"": null,
  ""feature_supported"": ""EEG connectivity"",
  ""relationship_supported"": ""association"",
  ""direction_supported"": true,
  ""directness_supported"": false,
  ""overclaiming"": false,
  ""corrected_phenotype"": ""AUD"",
  ""corrected_feature_type"": ""EEG connectivity"",
  ""corrected_direction"": ""higher"",
  ""rationale"": ""The sentence directly states that the AUD group showed hyperconnectivity, which supports an association in the higher direction. However, it does not explicitly name the phenotype as 'AUD' or specify that the connectivity is indirect.""
}"
11,34851976,Differential structure-function network coupling in the inattentive and combined types of attention deficit hyperactivity disorder.,2021,PloS one,attentional impulsivity resting-state fMRI,"default mode network (DMN), executive control network (ECN), salience network (SAN)",structural connectivity,unknown,attention deficit hyperactivity disorder (ADHD),structure-function network coupling,higher,diminished cognitive flexibility,indirect,moderate,"Children with ADHD-C had higher SC-FC coupling, a finding consistent with diminished cognitive flexibility, for all subnetworks compared to TDC.",no,evidence_strength not a number,yes,yes,yes,,,,,,,,,,qwen2.5-7b-instruct,2,keep,yes,yes,yes,yes,no,no,combined type of attention deficit hyperactivity disorder (ADHD-C),structural connectivity (SC),higher,"The sentence directly states that children with ADHD-C have higher SC-FC coupling compared to typically developing children (TDC), which supports the claim. However, the directness is marked as false because the sentence does not explicitly state that the coupling is a direct measure of structural connectivity.",,"{
  ""support_score"": 2,
  ""decision"": ""keep"",
  ""phenotype_supported"": true,
  ""feature_supported"": true,
  ""relationship_supported"": true,
  ""direction_supported"": true,
  ""directness_supported"": false,
  ""overclaiming"": false,
  ""corrected_phenotype"": ""combined type of attention deficit hyperactivity disorder (ADHD-C)"",
  ""corrected_feature_type"": ""structural connectivity (SC)"",
  ""corrected_direction"": ""higher"",
  ""rationale"": ""The sentence directly states that children with ADHD-C have higher SC-FC coupling compared to typically developing children (TDC), which supports the claim. However, the directness is marked as false because the sentence does not explicitly state that the coupling is a direct measure of structural connectivity.""
}"
12,31801105,A preliminary study of disrupted functional network in individuals with Internet gaming disorder: Evidence from the comparison with recreational game users.,2020,Addictive behaviors,motor impulsivity resting-state fMRI,"reward, craving, emotional memory and sensory-motor processing regions",unknown,unknown,compared with recreational game users (RGU),increased,unclear,"functional network dysfunction, characterized by heightened incentive motivation and sensory-motor coordination",indirect,moderate,"subjects with IGD as compared to those with RGU showed increased nodal centralities in the reward, craving, emotional memory and sensory-motor processing regions.",no,evidence_strength not a number,yes,yes,yes,,,,,,,,,,qwen2.5-7b-instruct,2,keep,unclear,unclear,unclear,yes,no,yes,IGD,nodal centralities,IGD compared to RGU,"The sentence directly states an increase in nodal centralities in the specified brain regions for individuals with IGD compared to RGU, supporting the phenotype, feature, and relationship. However, it does not explicitly state the direction of the comparison, and it overclaims by mentioning a mechanism not present in the sentence.",,"{
  ""support_score"": 2,
  ""decision"": ""keep"",
  ""phenotype_supported"": ""IGD"",
  ""feature_supported"": ""nodal centralities"",
  ""relationship_supported"": ""increased"",
  ""direction_supported"": true,
  ""directness_supported"": false,
  ""overclaiming"": true,
  ""corrected_phenotype"": ""IGD"",
  ""corrected_feature_type"": ""nodal centralities"",
  ""corrected_direction"": ""IGD compared to RGU"",
  ""rationale"": ""The sentence directly states an increase in nodal centralities in the specified brain regions for individuals with IGD compared to RGU, supporting the phenotype, feature, and relationship. However, it does not explicitly state the direction of the comparison, and it overclaims by mentioning a mechanism not present in the sentence.""
}"
1,26830141,Midbrain functional connectivity and ventral striatal dopamine D2-type receptors: link to impulsivity in methamphetamine users.,2016,Molecular psychiatry,Barratt Impulsiveness Scale resting-state fMRI,mesocorticolimbic system,functional connectivity,impulsivity (general),methamphetamine dependence,association,higher,ventral striatal D2-type receptor signaling affects system-level activity,indirect,moderate,"In Study 2, an interaction of the group with RSFC on impulsivity was observed. Methamphetamine-dependent users exhibited a positive relationship of midbrain RSFC to the left ventral striatum with cognitive impulsivity, whereas a negative relationship was observed in healthy controls.",no,evidence_strength not a number,yes,yes,yes,,,,,,,,,,qwen2.5-7b-instruct,1,revise,yes,yes,yes,no,no,yes,cognitive impulsivity,midbrain RSFC to the left ventral striatum,"positive in methamphetamine-dependent users, negative in healthy controls","The sentence mentions an interaction between group (methamphetamine-dependent users vs. healthy controls) and RSFC, which indirectly relates to impulsivity. However, it does not directly state the relationship or direction for the entire population. The sentence also overclaims by mentioning 'system-level activity' which is not supported.",,"{
  ""support_score"": 1,
  ""decision"": ""revise"",
  ""phenotype_supported"": true,
  ""feature_supported"": true,
  ""relationship_supported"": true,
  ""direction_supported"": false,
  ""directness_supported"": false,
  ""overclaiming"": true,
  ""corrected_phenotype"": ""cognitive impulsivity"",
  ""corrected_feature_type"": ""midbrain RSFC to the left ventral striatum"",
  ""corrected_direction"": ""positive in methamphetamine-dependent users, negative in healthy controls"",
  ""rationale"": ""The sentence mentions an interaction between group (methamphetamine-dependent users vs. healthy controls) and RSFC, which indirectly relates to impulsivity. However, it does not directly state the relationship or direction for the entire population. The sentence also overclaims by mentioning 'system-level activity' which is not supported.""
}"
2,27095357,Sex differences in impulsivity and brain morphometry in methamphetamine users.,2017,Brain structure & function,Barratt Impulsiveness Scale fMRI,"frontal cortex, nucleus accumbens",unknown,unknown,METH users vs Controls,association,higher,"dendritic pruning, neurotoxicity, neuroprotective glial response",indirect,moderate,"Compared with same-sex Controls, male METH users had larger, while female METH users had smaller, right superior frontal cortex (interaction-p = 0.0005). The male METH users with larger frontal volumes and female METH users with smaller or thinner frontal cortices had greater Cognitive impulsivity (interaction-p ≤ 0.05). Only female METH users showed relatively larger nucleus accumbens (interaction-p = 0.03).",no,evidence_strength not a number,yes,yes,yes,,,,,,,,,,qwen2.5-7b-instruct,1,revise,no,yes,yes,yes,no,yes,Cognitive impulsivity,"right superior frontal cortex, nucleus accumbens","larger, smaller","The sentence provides an indirect association between brain features and cognitive impulsivity, but does not directly state the relationship. It also mentions a group difference without explicitly stating a phenotype-feature association.",,"{
  ""support_score"": 1,
  ""decision"": ""revise"",
  ""phenotype_supported"": false,
  ""feature_supported"": true,
  ""relationship_supported"": true,
  ""direction_supported"": true,
  ""directness_supported"": false,
  ""overclaiming"": true,
  ""corrected_phenotype"": ""Cognitive impulsivity"",
  ""corrected_feature_type"": ""right superior frontal cortex, nucleus accumbens"",
  ""corrected_direction"": ""larger, smaller"",
  ""rationale"": ""The sentence provides an indirect association between brain features and cognitive impulsivity, but does not directly state the relationship. It also mentions a group difference without explicitly stating a phenotype-feature association.""
}"
3,29034964,Hemispheric asymmetry of the frontolimbic cortex in young adults with borderline personality disorder.,2017,Acta psychiatrica Scandinavica,Barratt Impulsiveness Scale fMRI,frontolimbic cortex,unknown,unknown,patients with BPD vs healthy controls,greater asymmetry,unclear,correlated with a higher score in attention subscale of Barratt Impulsiveness Scale,indirect,moderate,"Furthermore, greater asymmetry of AI&ACC correlated with a higher score in attention subscale of Barratt Impulsiveness Scale.",no,evidence_strength not a number,yes,yes,no,,,,,,,,,,qwen2.5-7b-instruct,1,revise,no,yes,yes,no,no,yes,attention subscale of Barratt Impulsiveness Scale,AI&ACC,unclear,"The sentence mentions a correlation between asymmetry and a specific scale score, which partially supports the claim. However, it does not specify a clear phenotype, and the direction and directness are unclear.",,"{
  ""support_score"": 1,
  ""decision"": ""revise"",
  ""phenotype_supported"": false,
  ""feature_supported"": true,
  ""relationship_supported"": true,
  ""direction_supported"": false,
  ""directness_supported"": false,
  ""overclaiming"": true,
  ""corrected_phenotype"": ""attention subscale of Barratt Impulsiveness Scale"",
  ""corrected_feature_type"": ""AI&ACC"",
  ""corrected_direction"": ""unclear"",
  ""rationale"": ""The sentence mentions a correlation between asymmetry and a specific scale score, which partially supports the claim. However, it does not specify a clear phenotype, and the direction and directness are unclear.""
}"
4,23770040,Resting-state beta and gamma activity in Internet addiction.,2013,International journal of psychophysiology : official journal of the International Organization of Psychophysiology,Barratt Impulsiveness Scale neuroimaging,EEG,unknown,unknown,severity of Internet addiction as well as with the extent of impulsivity,related,higher,resting-state fast-wave brain activity,indirect,strong,"The Internet addiction group showed lower absolute power on the beta band than did the control group (estimate = -3.370, p < 0.01). On the other hand, the Internet-addiction group showed higher absolute power on the gamma band than did the control group (estimate = 0.434, p < 0.01).",no,evidence_strength not a number,yes,yes,no,,,,,,,,,,qwen2.5-7b-instruct,1,revise,no,no,yes,no,no,yes,Internet addiction,EEG power in beta and gamma bands,"lower in beta, higher in gamma","The sentence provides indirect evidence for a relationship between Internet addiction and EEG power in the beta and gamma bands. However, it does not directly state the phenotype or feature type, and the directions are mixed.",,"{
  ""support_score"": 1,
  ""decision"": ""revise"",
  ""phenotype_supported"": false,
  ""feature_supported"": false,
  ""relationship_supported"": true,
  ""direction_supported"": false,
  ""directness_supported"": false,
  ""overclaiming"": true,
  ""corrected_phenotype"": ""Internet addiction"",
  ""corrected_feature_type"": ""EEG power in beta and gamma bands"",
  ""corrected_direction"": ""lower in beta, higher in gamma"",
  ""rationale"": ""The sentence provides indirect evidence for a relationship between Internet addiction and EEG power in the beta and gamma bands. However, it does not directly state the phenotype or feature type, and the directions are mixed.""
}"
5,40297839,"Hippocampus Functional Connectivity, Impulsivity, and Subsequent Substance Use.",2025,Journal of cellular neuroscience,impulsivity resting-state fMRI functional connectivity,hippocampus,functional connectivity,unknown,adolescence,mediates,unclear,hippocampal rsFC with brain networks,unclear,marginal associations and significant associations,"Baseline hippocampal rsFC with the cingulo-parietal network, visual network, sensory-motor network, and DMN showed marginal associations with future tobacco and marijuana use. Additionally, hippocampal rsFC was significantly associated with impulsivity, which, in turn, predicted higher substance use at follow-up.",no,evidence_strength not a number,yes,yes,yes,,,,,,,,,,qwen2.5-7b-instruct,1,revise,no,yes,no,no,no,yes,tobacco and marijuana use,hippocampal rsFC with brain networks,indirect,"The sentence mentions associations between hippocampal rsFC and future substance use, but it also introduces an intermediate variable (impulsivity) that mediates the relationship. The direction of causality is not clear, and the directness of the relationship is not supported as the sentence does not directly link hippocampal rsFC to substance use.",,"{
  ""support_score"": 1,
  ""decision"": ""revise"",
  ""phenotype_supported"": false,
  ""feature_supported"": true,
  ""relationship_supported"": false,
  ""direction_supported"": false,
  ""directness_supported"": false,
  ""overclaiming"": true,
  ""corrected_phenotype"": ""tobacco and marijuana use"",
  ""corrected_feature_type"": ""hippocampal rsFC with brain networks"",
  ""corrected_direction"": ""indirect"",
  ""rationale"": ""The sentence mentions associations between hippocampal rsFC and future substance use, but it also introduces an intermediate variable (impulsivity) that mediates the relationship. The direction of causality is not clear, and the directness of the relationship is not supported as the sentence does not directly link hippocampal rsFC to substance use.""
}"
6,31073695,Binge drinking is associated with altered resting state functional connectivity of reward-salience and top down control networks.,2020,Brain imaging and behavior,impulsivity resting state functional connectivity,reward-salience and top down control networks,functional connectivity,unknown,young adult binge (BD) and light (LD) drinkers,association,lower,dysregulation of neurofunctional networks,indirect,moderate,"BDs exhibited enhanced connectivity between the striatal reward areas and the orbitofrontal cortex and the ACC, which is consistent with AUD studies and may be indicative of alcohol-motivated appetitive behaviors. Conversely, BDs demonstrated lower connectivity between the IFC and hippocampus which was associated with higher craving.",no,evidence_strength not a number,yes,yes,yes,,,,,,,,,,qwen2.5-7b-instruct,1,revise,no,yes,yes,no,no,yes,binge drinkers (BD),connectivity,enhanced connectivity between the striatal reward areas and the orbitofrontal cortex and the ACC; lower connectivity between the IFC and hippocampus,"The sentence provides information about connectivity changes but does not directly state the relationship as an association. It also mentions enhanced connectivity in some regions and lower connectivity in others, which contradicts the extracted direction. The sentence also introduces the concept of craving, which is not mentioned in the original claim.",,"{
  ""support_score"": 1,
  ""decision"": ""revise"",
  ""phenotype_supported"": false,
  ""feature_supported"": true,
  ""relationship_supported"": true,
  ""direction_supported"": false,
  ""directness_supported"": false,
  ""overclaiming"": true,
  ""corrected_phenotype"": ""binge drinkers (BD)"",
  ""corrected_feature_type"": ""connectivity"",
  ""corrected_direction"": ""enhanced connectivity between the striatal reward areas and the orbitofrontal cortex and the ACC; lower connectivity between the IFC and hippocampus"",
  ""rationale"": ""The sentence provides information about connectivity changes but does not directly state the relationship as an association. It also mentions enhanced connectivity in some regions and lower connectivity in others, which contradicts the extracted direction. The sentence also introduces the concept of craving, which is not mentioned in the original claim.""
}"
7,30277562,The role of the dorsal striatum in choice impulsivity.,2019,Annals of the New York Academy of Sciences,impulsivity fMRI functional connectivity,dorsal striatum,unknown,impulsivity (general),,associations,higher,"caudate, ventral-to-dorsal gradient in the dorsal striatum, origins of striatal afferents, developmental maturation of frontostriatal connectivity during adolescence",indirect,moderate,"In principle, intertemporal choice in the delay-discounting task-a validated measure of choice impulsivity-involves reward-associated actions that require the recruitment of the dorsal striatum.",no,evidence_strength not a number,yes,yes,yes,,,,,,,,,,qwen2.5-7b-instruct,1,revise,yes,no,yes,yes,no,no,impulsivity (general),dorsal striatum,higher,"The sentence indirectly supports the association between impulsivity and the dorsal striatum through the mention of the dorsal striatum's involvement in a measure of choice impulsivity. However, it does not directly name the dorsal striatum as a feature, and the directness is marked as indirect.",,"{
  ""support_score"": 1,
  ""decision"": ""revise"",
  ""phenotype_supported"": true,
  ""feature_supported"": false,
  ""relationship_supported"": true,
  ""direction_supported"": true,
  ""directness_supported"": false,
  ""overclaiming"": false,
  ""corrected_phenotype"": ""impulsivity (general)"",
  ""corrected_feature_type"": ""dorsal striatum"",
  ""corrected_direction"": ""higher"",
  ""rationale"": ""The sentence indirectly supports the association between impulsivity and the dorsal striatum through the mention of the dorsal striatum's involvement in a measure of choice impulsivity. However, it does not directly name the dorsal striatum as a feature, and the directness is marked as indirect.""
}"
8,27942448,Brain connectivity aberrations in anabolic-androgenic steroid users.,2017,NeuroImage. Clinical,impulsivity neuroimaging functional connectivity,"amygdala, default-mode network (DMN), dorsal attention network (DAN), frontal node encompassing the superior and inferior frontal gyri (SFG/IFG) and the anterior cingulate cortex (ACC)",functional connectivity,unknown,anabolic-androgenic steroid (AAS) users,association,lower,disruptions of brain networks with high concentrations of androgen receptors and critically involved in emotional and cognitive regulation,indirect,moderate,"In line with the emotional and behavioral consequences of AAS, current users exhibited reduced functional connectivity between key nodes involved in emotional and cognitive regulation, in particular reduced connectivity between the amygdala and default-mode network (DMN) and between the dorsal attention network (DAN) and a frontal node encompassing the superior and inferior frontal gyri (SFG/IFG) and the anterior cingulate cortex (ACC), with further reductions as a function of dependency, lifetime exposure, and cycle state (on/off).",no,evidence_strength not a number,yes,yes,yes,,,,,,,,,,qwen2.5-7b-instruct,2,keep,unclear,unclear,unclear,yes,no,no,anabolic-androgenic steroid (AAS) users,functional connectivity,lower,"The sentence directly states that there is reduced functional connectivity between key brain nodes in AAS users, which aligns with the claim. However, the claim specifies 'unknown' for the phenotype, while the sentence explicitly mentions 'AAS users'. The directness is marked as false because the sentence does not name the phenotype and feature in the same way as the claim.",,"{
  ""support_score"": 2,
  ""decision"": ""keep"",
  ""phenotype_supported"": null,
  ""feature_supported"": ""functional connectivity"",
  ""relationship_supported"": ""association"",
  ""direction_supported"": true,
  ""directness_supported"": false,
  ""overclaiming"": false,
  ""corrected_phenotype"": ""anabolic-androgenic steroid (AAS) users"",
  ""corrected_feature_type"": ""functional connectivity"",
  ""corrected_direction"": ""lower"",
  ""rationale"": ""The sentence directly states that there is reduced functional connectivity between key brain nodes in AAS users, which aligns with the claim. However, the claim specifies 'unknown' for the phenotype, while the sentence explicitly mentions 'AAS users'. The directness is marked as false because the sentence does not name the phenotype and feature in the same way as the claim.""
}"
9,29946511,Abnormal cortical gyrification in criminal psychopathy.,2018,NeuroImage. Clinical,trait impulsivity functional connectivity,cortical gyrification,unknown,unknown,Hare Psychopathy Checklist-Revised (PCL-R),negative association,lower,early neurodevelopmental cortical connectivity,indirect,moderate,PCL-R scores were negatively associated with LGI measures within the right hemisphere in the midcingulate cortex (MCC) and adjacent regions of the superior frontal gyrus as well as lateral superior parietal cortex.,no,evidence_strength not a number,yes,yes,yes,,,,,,,,,,qwen2.5-7b-instruct,1,revise,no,yes,yes,yes,no,no,criminal psychopathy,cortical gyrification,lower,The sentence mentions a negative association but does not directly state the phenotype or feature. It also does not specify that the relationship is indirect.,,"{
  ""support_score"": 1,
  ""decision"": ""revise"",
  ""phenotype_supported"": false,
  ""feature_supported"": true,
  ""relationship_supported"": true,
  ""direction_supported"": true,
  ""directness_supported"": false,
  ""overclaiming"": false,
  ""corrected_phenotype"": ""criminal psychopathy"",
  ""corrected_feature_type"": ""cortical gyrification"",
  ""corrected_direction"": ""lower"",
  ""rationale"": ""The sentence mentions a negative association but does not directly state the phenotype or feature. It also does not specify that the relationship is indirect.""
}"
10,25928822,Altered resting-state frontoparietal control network in children with attention-deficit/hyperactivity disorder.,2015,Journal of the International Neuropsychological Society : JINS,attentional impulsivity resting-state fMRI,frontoparietal control network,functional connectivity,attentional impulsivity,"children with ADHD (7-14 years; mean 9.94 ± 1.77 years; 20 males), and 25 age-, sex-, and performance IQ-matched typically developing (TD) children",weaker connectivity,unclear,"impulsivity, opposition-defiance, impaired response inhibition and attentional control",indirect,moderate,"Compared with TD children, children with ADHD demonstrated weaker connectivity between the right anterior prefrontal cortex (PFC) and the right ventrolateral PFC, and between the left anterior PFC and the right inferior parietal lobule.",no,evidence_strength not a number,yes,yes,yes,,,,,,,,,,qwen2.5-7b-instruct,2,keep,unclear,unclear,unclear,yes,no,yes,attentional impulsivity,functional connectivity,weaker connectivity,"The sentence directly compares connectivity between ADHD and TD children, supporting the phenotype, feature, relationship, and direction. However, it does not explicitly state that the weaker connectivity is related to attentional impulsivity, hence overclaiming.",,"{
  ""support_score"": 2,
  ""decision"": ""keep"",
  ""phenotype_supported"": ""attentional impulsivity"",
  ""feature_supported"": ""functional connectivity"",
  ""relationship_supported"": ""weaker connectivity"",
  ""direction_supported"": true,
  ""directness_supported"": false,
  ""overclaiming"": true,
  ""corrected_phenotype"": ""attentional impulsivity"",
  ""corrected_feature_type"": ""functional connectivity"",
  ""corrected_direction"": ""weaker connectivity"",
  ""rationale"": ""The sentence directly compares connectivity between ADHD and TD children, supporting the phenotype, feature, relationship, and direction. However, it does not explicitly state that the weaker connectivity is related to attentional impulsivity, hence overclaiming.""
}"
11,39339712,Investigating the Impact of Nutrition and Oxidative Stress on Attention Deficit Hyperactivity Disorder.,2024,Nutrients,attentional impulsivity functional connectivity,nervous system,unknown,attentional impulsivity,adults with comorbid conditions,plays a critical role,unclear,"reduced levels of key antioxidant enzymes, including glutathione peroxidase (GPx), catalase (CAT), and superoxide dismutase (SOD), as well as a diminished total antioxidant status (TOS)",direct,strong,Oxidative stress plays a critical role in the development and manifestation of ADHD symptoms.,no,evidence_strength not a number,yes,yes,yes,,,,,,,,,,qwen2.5-7b-instruct,1,revise,yes,no,yes,no,no,yes,attentional impulsivity,oxidative stress,unclear,"The sentence mentions that oxidative stress plays a critical role in ADHD symptoms, which partially supports the relationship between attentional impulsivity and oxidative stress. However, it does not specify the feature type, direction, or directness of the relationship. Additionally, it overclaims by not specifying that the relationship is with attentional impulsivity.",,"{
    ""support_score"": 1,
    ""decision"": ""revise"",
    ""phenotype_supported"": true,
    ""feature_supported"": false,
    ""relationship_supported"": true,
    ""direction_supported"": false,
    ""directness_supported"": false,
    ""overclaiming"": true,
    ""corrected_phenotype"": ""attentional impulsivity"",
    ""corrected_feature_type"": ""oxidative stress"",
    ""corrected_direction"": ""unclear"",
    ""rationale"": ""The sentence mentions that oxidative stress plays a critical role in ADHD symptoms, which partially supports the relationship between attentional impulsivity and oxidative stress. However, it does not specify the feature type, direction, or directness of the relationship. Additionally, it overclaims by not specifying that the relationship is with attentional impulsivity.""
}"
12,41932505,Intrinsic functional connectivity alterations in medication-naïve children with combined and inattentive ADHD types: Evidence from cortical surface-based analysis.,2026,Journal of affective disorders,motor impulsivity resting-state fMRI,"default mode (DMN), ventral attentional (VAN), somatosensory-motor (SMN)",functional connectivity,unknown,medication-naïve children,disruptions in functional connectivity,lower,sensorimotor and attentional deficits,indirect,significant,"Crucially, ADHD-C patients demonstrated significantly weaker intra-SMN and SMN-DMN connectivity than the ADHD-I group.",no,evidence_strength not a number,yes,yes,yes,,,,,,,,,,qwen2.5-7b-instruct,1,revise,no,yes,yes,yes,no,yes,combined ADHD (ADHD-C) and inattentive ADHD (ADHD-I),intra-SMN and SMN-DMN connectivity,weaker,"The sentence provides a specific comparison between ADHD-C and ADHD-I groups regarding connectivity, which supports the relationship and direction but does not directly state the phenotype or feature type. It also implies an indirect relationship rather than a direct one.",,"{
  ""support_score"": 1,
  ""decision"": ""revise"",
  ""phenotype_supported"": false,
  ""feature_supported"": true,
  ""relationship_supported"": true,
  ""direction_supported"": true,
  ""directness_supported"": false,
  ""overclaiming"": true,
  ""corrected_phenotype"": ""combined ADHD (ADHD-C) and inattentive ADHD (ADHD-I)"",
  ""corrected_feature_type"": ""intra-SMN and SMN-DMN connectivity"",
  ""corrected_direction"": ""weaker"",
  ""rationale"": ""The sentence provides a specific comparison between ADHD-C and ADHD-I groups regarding connectivity, which supports the relationship and direction but does not directly state the phenotype or feature type. It also implies an indirect relationship rather than a direct one.""
}"
1,39756804,Altered Functional Connectivity of Prefrontal Cortex-Related Circuitry and Trait Impulsivity in Patients With Bipolar Disorder and History of Suicide Attempts.,2025,Acta psychiatrica Scandinavica,Barratt Impulsiveness Scale resting-state fMRI,prefrontal cortex,functional connectivity,impulsivity (general),bipolar disorder with or without a history of suicide attempts,association,lower,specific PFC-based FC alterations,indirect,moderate,BDSA exhibited reduced FC between the PFC and sensorimotor (postcentral and precentral gyri) and thalamic regions compared to BDNS.,no,evidence_strength not a number,yes,yes,yes,,,,,,,,,,qwen2.5-7b-instruct,1,revise,unclear,unclear,unclear,no,no,yes,impulsivity (general),functional connectivity,lower,The sentence mentions a group difference but does not directly state an association between impulsivity and functional connectivity. It also does not specify the direction or directness of the relationship.,,"{
  ""support_score"": 1,
  ""decision"": ""revise"",
  ""phenotype_supported"": ""impulsivity (general)"",
  ""feature_supported"": ""functional connectivity"",
  ""relationship_supported"": ""association"",
  ""direction_supported"": false,
  ""directness_supported"": false,
  ""overclaiming"": true,
  ""corrected_phenotype"": ""impulsivity (general)"",
  ""corrected_feature_type"": ""functional connectivity"",
  ""corrected_direction"": ""lower"",
  ""rationale"": ""The sentence mentions a group difference but does not directly state an association between impulsivity and functional connectivity. It also does not specify the direction or directness of the relationship.""
}"
2,27743376,Cortical folding patterns are associated with impulsivity in healthy young adults.,2017,Brain imaging and behavior,Barratt Impulsiveness Scale fMRI,cortex,unknown,impulsivity (general),healthy young adults,association,higher,early brain development,indirect,moderate,"BIS subscores were positively correlated with cortical folding in several distinct areas: Total and attention scores were positively correlated with LGI in the left postcentral gyrus, cingulate gyrus, precentral gyrus, pars opercularis of the inferior frontal gyrus, right middle temporal gyrus, superior parietal gyrus, pericalcarine gyrus, and lateral occipital gyrus (each p < 0.05 CWP corr.). BIS motor score was positively correlated with LGI in the left superior temporal, lingual and supramarginal gyrus (each p < 0.05 CWP corr.). BIS non-planning score showed a positive correlation with LGI in the pars opercularis of the right inferior frontal gyrus and the left middle temporal, precentral and superior parietal gyrus (each p < 0.05 CWP corr.).",no,evidence_strength not a number,yes,yes,yes,,,,,,,,,,qwen2.5-7b-instruct,1,revise,yes,no,yes,yes,no,no,impulsivity (general),cortical folding,higher,"The sentence provides evidence of an association between impulsivity (as measured by BIS subscores) and cortical folding in various brain regions. However, the feature type is not explicitly named as 'cortical folding', and the directness is marked as indirect since the evidence is derived from BIS subscores rather than directly measuring impulsivity.",,"{
  ""support_score"": 1,
  ""decision"": ""revise"",
  ""phenotype_supported"": true,
  ""feature_supported"": false,
  ""relationship_supported"": true,
  ""direction_supported"": true,
  ""directness_supported"": false,
  ""overclaiming"": false,
  ""corrected_phenotype"": ""impulsivity (general)"",
  ""corrected_feature_type"": ""cortical folding"",
  ""corrected_direction"": ""higher"",
  ""rationale"": ""The sentence provides evidence of an association between impulsivity (as measured by BIS subscores) and cortical folding in various brain regions. However, the feature type is not explicitly named as 'cortical folding', and the directness is marked as indirect since the evidence is derived from BIS subscores rather than directly measuring impulsivity.""
}"
3,30504061,Relationship between quality of life in young adults and impulsivity/compulsivity✰.,2019,Psychiatry research,Barratt Impulsiveness Scale neuroimaging,,unknown,unknown,,worse quality of life,higher,,direct,significant,"Worse quality of life was also significantly explained by higher impulsiveness on the Barratt scale, and by relative impairments in extra-dimensional set-shifting and quality of decision-making.",no,evidence_strength not a number,yes,yes,yes,,,,,,,,,,qwen2.5-7b-instruct,2,keep,no,no,yes,yes,no,no,quality of life,impulsiveness,higher,"The sentence directly states that worse quality of life is explained by higher impulsiveness, which supports the relationship and direction. However, it does not explicitly name the phenotype and feature types.",,"{
    ""support_score"": 2,
    ""decision"": ""keep"",
    ""phenotype_supported"": false,
    ""feature_supported"": false,
    ""relationship_supported"": true,
    ""direction_supported"": true,
    ""directness_supported"": false,
    ""overclaiming"": false,
    ""corrected_phenotype"": ""quality of life"",
    ""corrected_feature_type"": ""impulsiveness"",
    ""corrected_direction"": ""higher"",
    ""rationale"": ""The sentence directly states that worse quality of life is explained by higher impulsiveness, which supports the relationship and direction. However, it does not explicitly name the phenotype and feature types.""
}"
4,22749228,Behavioral and cognitive impulsivity in obsessive-compulsive disorder and eating disorders.,2012,Psychiatry research,Barratt Impulsiveness Scale neuroimaging,,unknown,unknown,"['obsessive-compulsive disorder', 'eating disorder']",higher levels of impulsivity,higher,,indirect,moderate,"Compared to controls, both clinical groups reported higher levels of impulsivity on the BIS-11 however; only the OCD demonstrated increased stop-signal reaction time.",no,evidence_strength not a number,yes,yes,yes,,,,,,,,,,qwen2.5-7b-instruct,1,revise,no,no,yes,yes,no,yes,impulsivity,behavioral,higher,"The sentence mentions higher levels of impulsivity but does not specify the exact phenotype or feature type. It also implies a direct relationship but does not name both phenotype and feature explicitly. Additionally, it overclaims by suggesting that only OCD demonstrated increased stop-signal reaction time, which is not supported by the given evidence.",,"{
  ""support_score"": 1,
  ""decision"": ""revise"",
  ""phenotype_supported"": false,
  ""feature_supported"": false,
  ""relationship_supported"": true,
  ""direction_supported"": true,
  ""directness_supported"": false,
  ""overclaiming"": true,
  ""corrected_phenotype"": ""impulsivity"",
  ""corrected_feature_type"": ""behavioral"",
  ""corrected_direction"": ""higher"",
  ""rationale"": ""The sentence mentions higher levels of impulsivity but does not specify the exact phenotype or feature type. It also implies a direct relationship but does not name both phenotype and feature explicitly. Additionally, it overclaims by suggesting that only OCD demonstrated increased stop-signal reaction time, which is not supported by the given evidence.""
}"
5,25899520,Altered resting-state functional connectivity of the insula in young adults with Internet gaming disorder.,2016,Addiction biology,impulsivity resting-state fMRI functional connectivity,insula,functional connectivity,unknown,young adults,enhanced,unclear,"involved in salience, craving, self-monitoring, and attention; involved in interoception, movement control, and auditory processing",indirect,strong,"In comparison with HCs, IGD subjects (IGDs) exhibited enhanced rsFC between the anterior insula and a network of regions including anterior cingulate cortex (ACC), putamen, angular gyrus, and precuneous, which are involved in salience, craving, self-monitoring, and attention.",no,evidence_strength not a number,yes,yes,yes,,,,,,,,,,qwen2.5-7b-instruct,2,keep,unclear,unclear,unclear,yes,no,yes,Internet gaming disorder subjects,resting-state functional connectivity,compared to healthy controls,"The sentence directly states an enhanced rsFC relationship and compares IGD subjects to HCs, supporting the claim. However, the directness is marked as false because the sentence does not explicitly state that the rsFC is directly related to the phenotypic condition. Additionally, the sentence overclaims by mentioning brain functions not directly supported by the evidence.",,"{
  ""support_score"": 2,
  ""decision"": ""keep"",
  ""phenotype_supported"": ""IGDs"",
  ""feature_supported"": ""rsFC between the anterior insula and a network of regions"",
  ""relationship_supported"": ""enhanced"",
  ""direction_supported"": true,
  ""directness_supported"": false,
  ""overclaiming"": true,
  ""corrected_phenotype"": ""Internet gaming disorder subjects"",
  ""corrected_feature_type"": ""resting-state functional connectivity"",
  ""corrected_direction"": ""compared to healthy controls"",
  ""rationale"": ""The sentence directly states an enhanced rsFC relationship and compares IGD subjects to HCs, supporting the claim. However, the directness is marked as false because the sentence does not explicitly state that the rsFC is directly related to the phenotypic condition. Additionally, the sentence overclaims by mentioning brain functions not directly supported by the evidence.""
}"
6,42146757,Resting-State Functional Connectivity Alterations in Pediatric Survivors of Severe COVID-19: An Exploratory Case-Control Study.,2026,Sage open pediatrics,impulsivity resting state functional connectivity,,unknown,impulsivity (general),post-COVID,showed,lower,,unclear,,"In an exploratory subset (8 post-COVID, 12 controls), 50% of post-COVID children had abnormally low Timeliness and 25% low Impulsivity MOXO-d-CPT z-scores, whereas no controls were abnormal.",no,evidence_strength not a number,yes,yes,yes,,,,,,,,,,qwen2.5-7b-instruct,1,revise,yes,no,yes,yes,no,yes,impulsivity (general),cognitive function,lower,"The sentence mentions impulsivity as a phenotype and shows a lower z-score, supporting the relationship and direction. However, the feature type is not specified, and the directness is unclear as the exact cognitive function is not named.",,"{
  ""support_score"": 1,
  ""decision"": ""revise"",
  ""phenotype_supported"": true,
  ""feature_supported"": false,
  ""relationship_supported"": true,
  ""direction_supported"": true,
  ""directness_supported"": false,
  ""overclaiming"": true,
  ""corrected_phenotype"": ""impulsivity (general)"",
  ""corrected_feature_type"": ""cognitive function"",
  ""corrected_direction"": ""lower"",
  ""rationale"": ""The sentence mentions impulsivity as a phenotype and shows a lower z-score, supporting the relationship and direction. However, the feature type is not specified, and the directness is unclear as the exact cognitive function is not named.""
}"
7,35007715,Risk-taking in humans and the medial orbitofrontal cortex reward system.,2022,NeuroImage,impulsivity fMRI functional connectivity,"medial orbitofrontal cortex, ventromedial prefrontal cortex (VMPFC), parahippocampal areas",functional connectivity,impulsivity (general),UK Biobank participants,higher functional connectivity,higher,"higher connectivity with the anterior cingulate cortex, providing a route for these reward-related regions to have a greater influence on action in risk-taking individuals",direct,strong,"Functional connectivities of the medial orbitofrontal cortex, ventromedial prefrontal cortex (VMPFC), and the parahippocampal areas were significantly higher in the risk-taking group (p < 0.001, FDR corrected).",no,evidence_strength not a number,yes,yes,yes,,,,,,,,,,qwen2.5-7b-instruct,2,keep,yes,yes,yes,yes,no,yes,risk-taking,functional connectivity,higher,"The sentence supports the phenotype (risk-taking) and feature (functional connectivity) with a higher relationship. However, it does not directly state that the functional connectivity is higher in the context of impulsivity (general). Additionally, the sentence does not explicitly state that the relationship is direct.",,"{
  ""support_score"": 2,
  ""decision"": ""keep"",
  ""phenotype_supported"": true,
  ""feature_supported"": true,
  ""relationship_supported"": true,
  ""direction_supported"": true,
  ""directness_supported"": false,
  ""overclaiming"": true,
  ""corrected_phenotype"": ""risk-taking"",
  ""corrected_feature_type"": ""functional connectivity"",
  ""corrected_direction"": ""higher"",
  ""rationale"": ""The sentence supports the phenotype (risk-taking) and feature (functional connectivity) with a higher relationship. However, it does not directly state that the functional connectivity is higher in the context of impulsivity (general). Additionally, the sentence does not explicitly state that the relationship is direct.""
}"
8,37209127,Reduced loss aversion in value-based decision-making and edge-centric functional connectivity in patients with internet gaming disorder.,2023,Journal of behavioral addictions,impulsivity neuroimaging functional connectivity,"left IFG, right hippocampus, right caudate",functional connectivity,unknown,internet gaming disorder,negative correlation,unclear,promoted bottom-to-up neuromodulation from the right hippocampus to the left IFG,direct,strong,"In addition, reduced loss aversion was negatively correlated with the promoted bottom-to-up neuromodulation from the right hippocampus to the left IFG in PIGD.",no,evidence_strength not a number,yes,yes,yes,,,,,,,,,,qwen2.5-7b-instruct,2,keep,no,yes,yes,yes,no,no,loss aversion,bottom-to-up neuromodulation,negative correlation,"The sentence directly states a negative correlation between reduced loss aversion and bottom-to-up neuromodulation from the right hippocampus to the left IFG. However, it does not explicitly mention the left IFG, right hippocampus, and right caudate as part of the brain system, hence directness_supported=false.",,"{
  ""support_score"": 2,
  ""decision"": ""keep"",
  ""phenotype_supported"": false,
  ""feature_supported"": true,
  ""relationship_supported"": true,
  ""direction_supported"": true,
  ""directness_supported"": false,
  ""overclaiming"": false,
  ""corrected_phenotype"": ""loss aversion"",
  ""corrected_feature_type"": ""bottom-to-up neuromodulation"",
  ""corrected_direction"": ""negative correlation"",
  ""rationale"": ""The sentence directly states a negative correlation between reduced loss aversion and bottom-to-up neuromodulation from the right hippocampus to the left IFG. However, it does not explicitly mention the left IFG, right hippocampus, and right caudate as part of the brain system, hence directness_supported=false.""
}"
9,40168432,Protocol for a Randomized Controlled Trial to Enhance Executive Function via Brief Mindfulness Training in Individuals with Internet Gaming Disorder.,2025,PloS one,trait impulsivity functional connectivity,,unknown,unknown,Individuals diagnosed with IGD,functional connectivity,unclear,,unclear,,"Primary outcome measures will include electroencephalography (EEG) data (band power, functional connectivity, source localization, and N2/P3 amplitudes),",no,evidence_strength not a number,yes,yes,yes,,,,,,,,,,qwen2.5-7b-instruct,1,revise,no,no,yes,no,no,yes,Individuals diagnosed with IGD,functional connectivity,unclear,The sentence mentions functional connectivity as a measure but does not specify a phenotype or feature. It also does not indicate a clear direction or directness of the relationship.,,"{
  ""support_score"": 1,
  ""decision"": ""revise"",
  ""phenotype_supported"": false,
  ""feature_supported"": false,
  ""relationship_supported"": true,
  ""direction_supported"": false,
  ""directness_supported"": false,
  ""overclaiming"": true,
  ""corrected_phenotype"": ""Individuals diagnosed with IGD"",
  ""corrected_feature_type"": ""functional connectivity"",
  ""corrected_direction"": ""unclear"",
  ""rationale"": ""The sentence mentions functional connectivity as a measure but does not specify a phenotype or feature. It also does not indicate a clear direction or directness of the relationship.""
}"
10,39592983,Abnormal stability of dynamic functional architecture in drug-naïve children with attention-deficit/hyperactivity disorder.,2024,BMC psychiatry,attentional impulsivity resting-state fMRI,"default mode network (DMN), salience networks (SN)",dynamic connectivity,attentional impulsivity,drug-naïve children,abnormal FS and dFC in ADHD,higher,Stroop test performance correlated with decreased FS in bilateral SFG,direct,strong,"We found that children with ADHD exhibited (1) decreased FS in the bilateral superior frontal gyrus (SFG) and increased FS in the right middle temporal gyrus (MTG), which both belong to the default mode network (DMN); (2) increased dFC between the bilateral SFG of DMN and the left insula of salience networks (SN) (GRF, voxel-wise p < 0.001, cluster-wise p < 0.05); (3) decreased dFC between the right MTG and the left cerebellum posterior lobe, and (3) worse performance in the Stroop test that significantly correlate with decreased FS in the bilateral SFG (p = 0.043, FDR corrected).",no,evidence_strength not a number,yes,yes,yes,,,,,,,,,,qwen2.5-7b-instruct,1,revise,yes,yes,no,no,no,yes,attentional impulsivity,dynamic functional architecture,"decreased FS in bilateral SFG, increased FS in right MTG, increased dFC between bilateral SFG and left insula, decreased dFC between right MTG and left cerebellum posterior lobe",The sentence provides information about group differences in dynamic functional architecture but does not directly state an abnormal relationship between attentional impulsivity and dynamic connectivity. The direction and directness need to be specified more clearly.,,"{
  ""support_score"": 1,
  ""decision"": ""revise"",
  ""phenotype_supported"": true,
  ""feature_supported"": true,
  ""relationship_supported"": false,
  ""direction_supported"": false,
  ""directness_supported"": false,
  ""overclaiming"": true,
  ""corrected_phenotype"": ""attentional impulsivity"",
  ""corrected_feature_type"": ""dynamic functional architecture"",
  ""corrected_direction"": ""decreased FS in bilateral SFG, increased FS in right MTG, increased dFC between bilateral SFG and left insula, decreased dFC between right MTG and left cerebellum posterior lobe"",
  ""rationale"": ""The sentence provides information about group differences in dynamic functional architecture but does not directly state an abnormal relationship between attentional impulsivity and dynamic connectivity. The direction and directness need to be specified more clearly.""
}"
11,10570690,What is attention-deficit/hyperactivity disorder?,1999,Pediatric clinics of North America,attentional impulsivity functional connectivity,frontal cortical-basal ganglia connections,functional connectivity,unknown,neuropsychological and neurobiologic studies,may be structurally or functionally different,unclear,not specified,indirect,suggestive,"Neurobiologic studies suggest that the circuitry involving frontal cortical-basal ganglia connections may be structurally or functionally different in individuals with ADHD, although the specificity of these findings has not been researched thoroughly.",no,evidence_strength not a number,yes,yes,yes,,,,,,,,,,qwen2.5-7b-instruct,2,keep,unclear,unclear,unclear,no,no,yes,ADHD,frontal cortical-basal ganglia connections,unclear,"The sentence supports the relationship between ADHD and differences in functional connectivity in frontal cortical-basal ganglia connections. However, it overclaims by suggesting a broader circuitry difference without specifying the exact connections. The direction of the relationship is unclear.",,"{
    ""support_score"": 2,
    ""decision"": ""keep"",
    ""phenotype_supported"": null,
    ""feature_supported"": ""functional connectivity"",
    ""relationship_supported"": ""may be structurally or functionally different"",
    ""direction_supported"": false,
    ""directness_supported"": false,
    ""overclaiming"": true,
    ""corrected_phenotype"": ""ADHD"",
    ""corrected_feature_type"": ""frontal cortical-basal ganglia connections"",
    ""corrected_direction"": ""unclear"",
    ""rationale"": ""The sentence supports the relationship between ADHD and differences in functional connectivity in frontal cortical-basal ganglia connections. However, it overclaims by suggesting a broader circuitry difference without specifying the exact connections. The direction of the relationship is unclear.""
}"
12,40260305,Effective connectivity analysis of response inhibition functional network.,2025,Frontiers in neuroscience,motor impulsivity functional connectivity,"salience network (SN), right and left executive control networks (ECNs), ventral default mode network (vDMN), somatomotor network (SMN)",functional connectivity,motor impulsivity,response inhibition,causal,unclear,"interhemispheric integration between the right and left ECNs, causal excitatory modulation from the right executive control network (rECN) to the vDMN",direct,significant,"We observed a significant causal inhibitory influence from the vDMN to the left ECN (lECN). Under conditions of unsuccessful response inhibition, the SN, bilateral ECNs, and somatomotor network (SMN) were found to be prominently activated. Furthermore, we identified a significant correlation between the inhibitory influence from the SMN to the SN and the commission error rate. Finally, correlation analyses between self-reported impulsivity levels and causal network interactions revealed that highly impulsive individuals require greater interhemispheric integration between the right and left ECNs for effective inhibition, as well as a causal excitatory modulation from the right executive control network (rECN) to the vDMN.",no,evidence_strength not a number,yes,yes,yes,,,,,,,,,,qwen2.5-7b-instruct,1,revise,yes,yes,no,no,no,yes,motor impulsivity,functional connectivity,inhibitory,"The sentence mentions an inhibitory influence from the vDMN to the lECN and a correlation with the commission error rate, which indirectly supports motor impulsivity. However, the relationship is not explicitly stated as causal, and the direction is not clearly specified as inhibitory. The directness is also not supported as the sentence does not directly state the relationship between the phenotype and the feature.",,"{
  ""support_score"": 1,
  ""decision"": ""revise"",
  ""phenotype_supported"": true,
  ""feature_supported"": true,
  ""relationship_supported"": false,
  ""direction_supported"": false,
  ""directness_supported"": false,
  ""overclaiming"": true,
  ""corrected_phenotype"": ""motor impulsivity"",
  ""corrected_feature_type"": ""functional connectivity"",
  ""corrected_direction"": ""inhibitory"",
  ""rationale"": ""The sentence mentions an inhibitory influence from the vDMN to the lECN and a correlation with the commission error rate, which indirectly supports motor impulsivity. However, the relationship is not explicitly stated as causal, and the direction is not clearly specified as inhibitory. The directness is also not supported as the sentence does not directly state the relationship between the phenotype and the feature.""
}"
1,26908392,Association of ventral striatum monoamine oxidase-A binding and functional connectivity in antisocial personality disorder with high impulsivity: A positron emission tomography and functional magnetic resonance imaging study.,2016,European neuropsychopharmacology : the journal of the European College of Neuropsychopharmacology,Barratt Impulsiveness Scale resting-state fMRI,ventral striatum,functional connectivity,impulsivity (general),antisocial personality disorder,association,lower,monoamine oxidase-A level,indirect,moderate,"Additionally, VSs-DMPFC FC was negatively correlated with NEO Personality Inventory-Revised impulsivity (r=-0.49, p=0.03), as was VSi-hippocampus FC with Barratt Impulsiveness Scale-11 motor impulsiveness (r=-0.50, p=0.03).",no,evidence_strength not a number,yes,yes,yes,,,,,,,,,,qwen2.5-7b-instruct,1,revise,unclear,unclear,unclear,no,no,yes,Barratt Impulsiveness Scale-11 motor impulsiveness,VSs-DMPFC FC,lower,The sentence mentions a group difference but does not directly state an association between ventral striatum monoamine oxidase-A binding and functional connectivity with impulsivity. It also does not specify the direction of the relationship.,,"{
  ""support_score"": 1,
  ""decision"": ""revise"",
  ""phenotype_supported"": ""impulsivity (general)"",
  ""feature_supported"": ""functional connectivity"",
  ""relationship_supported"": ""association"",
  ""direction_supported"": false,
  ""directness_supported"": false,
  ""overclaiming"": true,
  ""corrected_phenotype"": ""Barratt Impulsiveness Scale-11 motor impulsiveness"",
  ""corrected_feature_type"": ""VSs-DMPFC FC"",
  ""corrected_direction"": ""lower"",
  ""rationale"": ""The sentence mentions a group difference but does not directly state an association between ventral striatum monoamine oxidase-A binding and functional connectivity with impulsivity. It also does not specify the direction of the relationship.""
}"
2,18479820,An event-related fMRI study on risk taking by healthy individuals of high or low impulsiveness.,2008,Neuroscience letters,Barratt Impulsiveness Scale fMRI,"insula-orbitofrontal-parietal regions, lateral prefrontal and anterior cingulate regions",unknown,impulsivity (general),scores on the Barratt Impulsiveness Scale (BIS),association,higher,comprehension of cognitive and affective information associated with risk-taking decision making,indirect,moderate,We demonstrated that a stronger activation in the insula-orbitofrontal-parietal regions was found in the high impulsiveness group compared to the low impulsiveness group.,no,evidence_strength not a number,yes,yes,yes,,,,,,,,,,qwen2.5-7b-instruct,2,keep,yes,no,yes,yes,no,yes,impulsivity (high) vs impulsivity (low),activation,higher,"The sentence clearly indicates an association between higher impulsivity and stronger activation in certain brain regions, supporting the phenotype and direction. However, the feature type is not specified, and the directness is not fully supported as the sentence does not directly measure the relationship.",,"{
  ""support_score"": 2,
  ""decision"": ""keep"",
  ""phenotype_supported"": true,
  ""feature_supported"": false,
  ""relationship_supported"": true,
  ""direction_supported"": true,
  ""directness_supported"": false,
  ""overclaiming"": true,
  ""corrected_phenotype"": ""impulsivity (high) vs impulsivity (low)"",
  ""corrected_feature_type"": ""activation"",
  ""corrected_direction"": ""higher"",
  ""rationale"": ""The sentence clearly indicates an association between higher impulsivity and stronger activation in certain brain regions, supporting the phenotype and direction. However, the feature type is not specified, and the directness is not fully supported as the sentence does not directly measure the relationship.""
}"
3,19758706,Are self-injurers impulsive?: Results from two behavioral laboratory studies.,2009,Psychiatry research,Barratt Impulsiveness Scale neuroimaging,,unknown,impulsivity (general),non-suicidal self-injury (NSSI),association,higher,,indirect,moderate,"In Study 2, we compared adult female self-injurers (n=20) with age- and race/ethnicity-matched, non-injurious controls (n=20) on self-reported impulsiveness (Barratt Impulsiveness Scale-11), and performance-based measures of behavioral disinhibition, risky decision-making, and two measures of delay discounting.",no,evidence_strength not a number,yes,yes,yes,,,,,,,,,,qwen2.5-7b-instruct,1,keep,yes,no,yes,yes,no,no,impulsivity (general),"behavioral disinhibition, risky decision-making, delay discounting",higher,"The sentence supports the relationship between self-injurers and higher impulsivity, specifically through self-reported and performance-based measures. However, it does not directly name impulsivity as the phenotype, and the feature type is not explicitly stated.",,"{
    ""support_score"": 1,
    ""decision"": ""keep"",
    ""phenotype_supported"": true,
    ""feature_supported"": false,
    ""relationship_supported"": true,
    ""direction_supported"": true,
    ""directness_supported"": false,
    ""overclaiming"": false,
    ""corrected_phenotype"": ""impulsivity (general)"",
    ""corrected_feature_type"": ""behavioral disinhibition, risky decision-making, delay discounting"",
    ""corrected_direction"": ""higher"",
    ""rationale"": ""The sentence supports the relationship between self-injurers and higher impulsivity, specifically through self-reported and performance-based measures. However, it does not directly name impulsivity as the phenotype, and the feature type is not explicitly stated.""
}"
4,24373553,Anhedonia in Parkinson's disease patients with and without pathological gambling: a case-control study.,2014,Psychiatry research,Barratt Impulsiveness Scale neuroimaging,,unknown,unknown,,association,higher,,indirect,moderate,"The PG-group, compared to the ICDs-group and PD-controls, reported a significantly higher incidence of anhedonia (45% vs. 9% vs. 14% respectively), higher Snaith-Hamilton Pleasure Scale (SHAPS) scores (2.0±1.3 vs. 1.0±1.1 vs. 1.0±1.2), higher levels of impulsivity traits as measured by the Barratt Impulsiveness Scale (70.0±10.6 vs. 64.8±11 vs. 60.9±9.3) and more severe frontal dysfunctions (Frontal Assessment Battery, FAB: 12.4±4.9 vs. 15.5±1.6 vs. 14.4±3).",no,evidence_strength not a number,yes,yes,yes,,,,,,,,,,qwen2.5-7b-instruct,2,keep,yes,yes,yes,yes,no,no,anhedonia,"impulsivity traits, frontal dysfunctions",higher,"The sentence directly states that the PG-group had a significantly higher incidence of anhedonia and higher scores on the SHAPS and Barratt Impulsiveness Scale, indicating an association with higher levels of these features. However, the sentence is indirect in naming the exact relationship between anhedonia and the other features.",,"{
  ""support_score"": 2,
  ""decision"": ""keep"",
  ""phenotype_supported"": true,
  ""feature_supported"": true,
  ""relationship_supported"": true,
  ""direction_supported"": true,
  ""directness_supported"": false,
  ""overclaiming"": false,
  ""corrected_phenotype"": ""anhedonia"",
  ""corrected_feature_type"": ""impulsivity traits, frontal dysfunctions"",
  ""corrected_direction"": ""higher"",
  ""rationale"": ""The sentence directly states that the PG-group had a significantly higher incidence of anhedonia and higher scores on the SHAPS and Barratt Impulsiveness Scale, indicating an association with higher levels of these features. However, the sentence is indirect in naming the exact relationship between anhedonia and the other features.""
}"
5,36963562,Youth Screen Media Activity Patterns and Associations With Behavioral Developmental Measures and Resting-state Brain Functional Connectivity.,2023,Journal of the American Academy of Child and Adolescent Psychiatry,impulsivity resting-state fMRI functional connectivity,resting-state brain,functional connectivity,impulsivity (general),,association,higher,,indirect,moderate,"The video-centric higher-frequency SMA pattern group demonstrated higher impulsivity, more sensitivity to punishment/reward, and altered resting-state brain functional connectivity among brain areas implicated previously in cognitive processes.",no,evidence_strength not a number,yes,yes,yes,,,,,,,,,,qwen2.5-7b-instruct,1,revise,yes,yes,yes,no,no,yes,impulsivity (general),functional connectivity,higher,"The sentence mentions an association between impulsivity and altered resting-state brain functional connectivity, but it does not directly state that higher impulsivity is associated with higher functional connectivity. The direction and directness are not explicitly supported.",,"{
  ""support_score"": 1,
  ""decision"": ""revise"",
  ""phenotype_supported"": true,
  ""feature_supported"": true,
  ""relationship_supported"": true,
  ""direction_supported"": false,
  ""directness_supported"": false,
  ""overclaiming"": true,
  ""corrected_phenotype"": ""impulsivity (general)"",
  ""corrected_feature_type"": ""functional connectivity"",
  ""corrected_direction"": ""higher"",
  ""rationale"": ""The sentence mentions an association between impulsivity and altered resting-state brain functional connectivity, but it does not directly state that higher impulsivity is associated with higher functional connectivity. The direction and directness are not explicitly supported.""
}"
6,32699511,Neurobiological mechanisms underlying internet gaming disorder .,2020,Dialogues in clinical neuroscience,impulsivity fMRI functional connectivity,impulse control areas,functional connectivity,unknown,neurobiological correlates,reduced activity,lower,impulsive behavior,indirect,moderate,reduced activity in impulse control areas and impaired decision making,no,evidence_strength not a number,yes,yes,yes,,,,,,,,,,qwen2.5-7b-instruct,1,revise,unclear,unclear,unclear,yes,no,yes,impulsive behavior,functional connectivity,lower,"The sentence mentions reduced activity in impulse control areas, which indirectly supports the claim. However, it does not directly state the relationship with functional connectivity, and it overclaims by mentioning impaired decision making without linking it to the extracted claim.",,"{
  ""support_score"": 1,
  ""decision"": ""revise"",
  ""phenotype_supported"": null,
  ""feature_supported"": ""functional connectivity"",
  ""relationship_supported"": ""reduced activity"",
  ""direction_supported"": true,
  ""directness_supported"": false,
  ""overclaiming"": true,
  ""corrected_phenotype"": ""impulsive behavior"",
  ""corrected_feature_type"": ""functional connectivity"",
  ""corrected_direction"": ""lower"",
  ""rationale"": ""The sentence mentions reduced activity in impulse control areas, which indirectly supports the claim. However, it does not directly state the relationship with functional connectivity, and it overclaims by mentioning impaired decision making without linking it to the extracted claim.""
}"
7,34964209,Neural processes during response inhibition in complex posttraumatic stress disorder.,2022,Depression and anxiety,impulsivity fMRI functional connectivity,thalamus,functional connectivity,unknown,"CPTSD, PTSD, healthy control",reduced bilateral thalamic activation,unclear,inhibitory control,indirect,initial evidence,"There was reduced bilateral thalamic activation in participants with CPTSD relative to PTSD and controls during inhibition trials, but no activation differences between PTSD and controls for this brain region.",no,evidence_strength not a number,yes,yes,yes,,,,,,,,,,qwen2.5-7b-instruct,2,keep,yes,yes,yes,yes,no,no,CPTSD,bilateral thalamic activation,reduced,"The sentence clearly states that there was reduced bilateral thalamic activation in participants with CPTSD compared to PTSD and controls during inhibition trials, supporting the phenotype, feature, relationship, and direction. However, the directness is not explicitly stated as 'direct' in the sentence.",,"{
  ""support_score"": 2,
  ""decision"": ""keep"",
  ""phenotype_supported"": true,
  ""feature_supported"": true,
  ""relationship_supported"": true,
  ""direction_supported"": true,
  ""directness_supported"": false,
  ""overclaiming"": false,
  ""corrected_phenotype"": ""CPTSD"",
  ""corrected_feature_type"": ""bilateral thalamic activation"",
  ""corrected_direction"": ""reduced"",
  ""rationale"": ""The sentence clearly states that there was reduced bilateral thalamic activation in participants with CPTSD compared to PTSD and controls during inhibition trials, supporting the phenotype, feature, relationship, and direction. However, the directness is not explicitly stated as 'direct' in the sentence.""
}"
8,36912839,Identifying Replicable Subgroups in Neurodevelopmental Conditions Using Resting-State Functional Magnetic Resonance Imaging Data.,2023,JAMA network open,trait impulsivity resting-state fMRI,functional brain,unknown,impulsivity (general),"neurodevelopmental conditions (ASD, ADHD, OCD)",association,higher,neurobiological subgroups,indirect,moderate,"There was a significant difference in Strengths and Weaknesses ADHD Symptoms and Normal Behavior Hyperactivity/Impulsivity subscale (SWAN-HI) between 2 subgroups in the POND data (C and D), with subgroup D having increased hyperactivity and impulsivity traits compared with subgroup C (median [IQR], 2.50 [0.00-7.00] vs 1.00 [0.00-5.00]; U = 1.19 × 104; P = .01; η2 = 0.02).",no,evidence_strength not a number,yes,yes,no,,,,,,,,,,qwen2.5-7b-instruct,1,revise,yes,no,yes,yes,no,yes,hyperactivity and impulsivity (SWAN-HI),behavioral trait,higher,"The sentence supports an association with a higher level of hyperactivity and impulsivity in subgroup D compared to subgroup C. However, the feature type is not specified, and the directness is indirect as the evidence is derived from a behavioral scale rather than a direct neurobiological measurement.",,"{
  ""support_score"": 1,
  ""decision"": ""revise"",
  ""phenotype_supported"": true,
  ""feature_supported"": false,
  ""relationship_supported"": true,
  ""direction_supported"": true,
  ""directness_supported"": false,
  ""overclaiming"": true,
  ""corrected_phenotype"": ""hyperactivity and impulsivity (SWAN-HI)"",
  ""corrected_feature_type"": ""behavioral trait"",
  ""corrected_direction"": ""higher"",
  ""rationale"": ""The sentence supports an association with a higher level of hyperactivity and impulsivity in subgroup D compared to subgroup C. However, the feature type is not specified, and the directness is indirect as the evidence is derived from a behavioral scale rather than a direct neurobiological measurement.""
}"
9,37884552,Neural correlates of aggression in personality disorders from the perspective of DSM-5 maladaptive traits: a systematic review.,2023,Translational psychiatry,trait impulsivity functional connectivity,fronto-temporal-limbic regions,unknown,unknown,Borderline personality disorder (BPD) and antisocial personality disorder (ASPD),alterations,unclear,serotonergic and endocannabinoid signaling systems,indirect,moderate,alterations of fronto-temporal-limbic regions and serotonergic and endocannabinoid signaling systems may link impulsivity to aggression in BPD and ASPD,no,evidence_strength not a number,yes,yes,yes,,,,,,,,,,qwen2.5-7b-instruct,1,revise,no,no,yes,no,no,yes,aggression,serotonergic and endocannabinoid signaling systems,unclear,"The sentence mentions a group difference (BPD and ASPD) but does not directly state a phenotype-feature association. The relationship is supported, but the phenotype and feature are not clearly named, and the direction is unclear.",,"{
  ""support_score"": 1,
  ""decision"": ""revise"",
  ""phenotype_supported"": false,
  ""feature_supported"": false,
  ""relationship_supported"": true,
  ""direction_supported"": false,
  ""directness_supported"": false,
  ""overclaiming"": true,
  ""corrected_phenotype"": ""aggression"",
  ""corrected_feature_type"": ""serotonergic and endocannabinoid signaling systems"",
  ""corrected_direction"": ""unclear"",
  ""rationale"": ""The sentence mentions a group difference (BPD and ASPD) but does not directly state a phenotype-feature association. The relationship is supported, but the phenotype and feature are not clearly named, and the direction is unclear.""
}"
10,27894158,Craving behavioral intervention for internet gaming disorder: remediation of functional connectivity of the ventral striatum.,2018,Addiction biology,attentional impulsivity resting-state fMRI,ventral striatum,functional connectivity,unknown,"cross-sectional study, craving behavioral intervention study",decrease in connectivity,lower,potential biomarker of the efficacy of psychobehavioral intervention,indirect,moderate,"Moreover, compared with CBI-, CBI+ showed significantly greater decrease in VS-lIPL connectivity, along with amelioration in addiction severity following the intervention.",no,evidence_strength not a number,yes,yes,yes,,,,,,,,,,qwen2.5-7b-instruct,2,keep,unclear,unclear,unclear,yes,no,no,,,,"The sentence directly states a decrease in connectivity (VS-lIPL) and indicates that this change occurred following an intervention, supporting the claim. However, the sentence does not explicitly name the phenotype, making directness_supported=false.",,"{
  ""support_score"": 2,
  ""decision"": ""keep"",
  ""phenotype_supported"": null,
  ""feature_supported"": ""functional connectivity"",
  ""relationship_supported"": ""decrease in connectivity"",
  ""direction_supported"": true,
  ""directness_supported"": false,
  ""overclaiming"": false,
  ""corrected_phenotype"": null,
  ""corrected_feature_type"": null,
  ""corrected_direction"": null,
  ""rationale"": ""The sentence directly states a decrease in connectivity (VS-lIPL) and indicates that this change occurred following an intervention, supporting the claim. However, the sentence does not explicitly name the phenotype, making directness_supported=false.""
}"
11,9571295,Frontal lobe functions and dysfunctions.,1998,Clinical EEG (electroencephalography),attentional impulsivity functional connectivity,frontal lobe,functional connectivity,unknown,frontobasal impairment,impairment leads to,lower,inhibitory influences on prefrontal functioning,direct,moderate,Disinhibitory frontal lobe syndromes (from tactlessness to aggression) are the result of frontobasal impairment.,no,evidence_strength not a number,yes,yes,no,,,,,,,,,,qwen2.5-7b-instruct,1,revise,no,no,no,no,no,yes,tactlessness to aggression,functional connectivity,lower,The sentence mentions a group difference (disinhibitory syndromes) but does not directly state a relationship between a specific phenotype and functional connectivity. The direction of the relationship is implied rather than explicitly stated.,,"{
  ""support_score"": 1,
  ""decision"": ""revise"",
  ""phenotype_supported"": false,
  ""feature_supported"": false,
  ""relationship_supported"": false,
  ""direction_supported"": false,
  ""directness_supported"": false,
  ""overclaiming"": true,
  ""corrected_phenotype"": ""tactlessness to aggression"",
  ""corrected_feature_type"": ""functional connectivity"",
  ""corrected_direction"": ""lower"",
  ""rationale"": ""The sentence mentions a group difference (disinhibitory syndromes) but does not directly state a relationship between a specific phenotype and functional connectivity. The direction of the relationship is implied rather than explicitly stated.""
}"
12,39218589,[A review of functional electrical stimulation based on brain-computer interface].,2024,Sheng wu yi xue gong cheng xue za zhi = Journal of biomedical engineering = Shengwu yixue gongchengxue zazhi,motor impulsivity functional connectivity,,unknown,unknown,,,unclear,,unclear,,"Functional electrical stimulation (FES) based on brain-computer interface (BCI) connects the patient's intentions with muscle contraction, and helps to promote the reconstruction of nerve function by recognizing nerve signals and stimulating the moving muscle group with electrical impulses to produce muscle convulsions or limb movements.",no,evidence_strength not a number,yes,yes,yes,,,,,,,,,,qwen2.5-7b-instruct,1,revise,unclear,unclear,unclear,no,no,yes,,,,"The sentence mentions a group difference (implied patient population) and a mechanism of action (nerve signal recognition and muscle stimulation), but it does not explicitly state a phenotype-feature association. The direction and directness are unclear as the sentence does not specify which aspect of the patient's condition is being improved or how the feature is directly related to the phenotype.",,"{
    ""support_score"": 1,
    ""decision"": ""revise"",
    ""phenotype_supported"": null,
    ""feature_supported"": null,
    ""relationship_supported"": null,
    ""direction_supported"": false,
    ""directness_supported"": false,
    ""overclaiming"": true,
    ""corrected_phenotype"": null,
    ""corrected_feature_type"": null,
    ""corrected_direction"": null,
    ""rationale"": ""The sentence mentions a group difference (implied patient population) and a mechanism of action (nerve signal recognition and muscle stimulation), but it does not explicitly state a phenotype-feature association. The direction and directness are unclear as the sentence does not specify which aspect of the patient's condition is being improved or how the feature is directly related to the phenotype.""
}"
