source,source_id,query,title,year,journal,brain_system,feature_type,phenotype,diagnostic_context,relationship,direction,mechanism,directness,evidence_strength,supporting_sentence,citation_id,extraction_model,extraction_confidence
pubmed,35619620,Barratt Impulsiveness Scale resting-state fMRI,How Impulsiveness Influences Obesity: The Mediating Effect of Resting-State Brain Activity in the dlPFC.,2022,Frontiers in psychiatry,dlPFC,BOLD variability,nonplanning impulsivity,obesity,correlates_with,higher,downregulates spontaneous activity,direct,0.8,"In addition, non-planning impulsiveness was positively correlated with BMI.",35619620,vllm:qwen2.5-7b-instruct,high
pubmed,34427375,Barratt Impulsiveness Scale resting-state fMRI,Changes in ALFF and ReHo values in methamphetamine abstinent individuals based on the Harvard-Oxford atlas: A longitudinal resting-state fMRI study.,2022,Addiction biology,unknown,BOLD variability,impulsivity (general),methamphetamine abstinent individuals,associated_with,higher,,direct,0.85,"The changes in ALFF and ReHo in the right middle frontal gyrus were significantly associated with BIS total scores, BIS attention scores, and BIS nonplanning scores.",34427375,vllm:qwen2.5-7b-instruct,high
pubmed,39315326,Barratt Impulsiveness Scale resting-state fMRI,Resting-state brain networks alterations in adolescents with Internet Gaming Disorder associate with cognitive control impairments.,2024,Frontiers in psychiatry,"Salience Network, Executive Control Network, Dorsal Attention Network",functional connectivity,impulsivity (general),Internet Gaming Disorder,correlates_with,higher,alterations in resting-state brain networks,direct,0.8,"impulsivity in adolescent IGD subjects showed a positive correlation with the severity of IGD (r=0.6350, p < 0.001), linked to impairments in the Executive Control Network (ECN) and a decrease in functional connectivity between the Salience Network (SN) and ECN (r=0.4307, p=0.0021; r=-0.5147, p=0.0034).",39315326,vllm:qwen2.5-7b-instruct,high
pubmed,38991286,Barratt Impulsiveness Scale resting-state fMRI,Neural correlates of impulsivity in amphetamine use disorder.,2024,Psychiatry research. Neuroimaging,unknown,functional connectivity,impulsivity (general),amphetamine use disorder,correlates_with,higher,,direct,0.85,These findings highlight the importance of aberrant prefrontal function in severe addiction.,38991286,vllm:qwen2.5-7b-instruct,high
pubmed,29454934,Barratt Impulsiveness Scale resting-state fMRI,Time scale properties of task and resting-state functional connectivity: Detrended partial cross-correlation analysis.,2018,NeuroImage,default mode network,functional connectivity,impulsivity (general),unknown,correlates_with,higher,,direct,0.8,the within-network connectivity time scale of the pre-supplementary motor area - a medial prefrontal cortical structure of the task network and critical to proactive inhibitory control - correlated inversely with Barratt impulsivity and stop signal reaction time.,29454934,vllm:qwen2.5-7b-instruct,high
pubmed,38002468,Barratt Impulsiveness Scale resting-state fMRI,Insula Connectivity Abnormalities Predict Impulsivity in Chronic Heroin Use Disorder: A Cross-Sectional Resting-State fMRI Study.,2023,Brain sciences,unknown,functional connectivity,impulsivity (general),heroin use disorder,predicts,higher,,direct,0.9,"Changes in FC between the right insula and the lateral occipital cortex and the right angular gyrus were significantly positively correlated with total trait impulsivity scores, motor impulsivity, and nonplanning impulsivity.",38002468,vllm:qwen2.5-7b-instruct,high
pubmed,39469891,Barratt Impulsiveness Scale resting-state fMRI,Functional Brain Network of Trait Impulsivity: Whole-Brain Functional Connectivity Predicts Self-Reported Impulsivity.,2024,Human brain mapping,unknown,functional connectivity,impulsivity (general),unknown,predicts,unclear,,direct,0.7,Our findings revealed a widespread neural network associated with trait impulsivity and a notable correlation between predicted and observed scores.,39469891,vllm:qwen2.5-7b-instruct,high
pubmed,37579016,Barratt Impulsiveness Scale resting-state fMRI,"Resting-State Functional Connectivity of the Dorsal and Ventral Striatum, Impulsivity, and Severity of Use in Recently Abstinent Cocaine-Dependent Individuals.",2023,The international journal of neuropsychopharmacology,unknown,functional connectivity,impulsivity (general),cocaine-dependent individuals,correlates_with,higher,,direct,0.85,"In CDs, VS-left IFC and VS-hippocampus connectivity was positively and negatively correlated with average monthly cocaine use in the prior year, respectively.",37579016,vllm:qwen2.5-7b-instruct,high
pubmed,39313561,Barratt Impulsiveness Scale resting-state fMRI,Motor impulsivity and spicy food craving: A mediation analysis of insula-based resting state functional connectivity.,2024,Brain imaging and behavior,unknown,functional connectivity,motor impulsivity,unknown,mediated_by,higher,insula-middle occipital gyrus rsFC strength,direct,0.85,"Specifically, the insula-middle occipital gyrus rsFC strength mediated the relationship between the motor impulsivity and spicy food craving.",39313561,vllm:qwen2.5-7b-instruct,high
pubmed,32670033,Barratt Impulsiveness Scale resting-state fMRI,Trait Impulsivity Associated With Altered Resting-State Functional Connectivity Within the Somatomotor Network.,2020,Frontiers in behavioral neuroscience,somatomotor network,functional connectivity,impulsivity (general),unknown,associated_with,lower,,direct,0.85,"greater self-reported impulsivity was associated with decreased connectivity of the right lateral occipital cortex (peak mm 46/-70/16, FWE 1-p = 0.981) with the somatomotor network.",32670033,vllm:qwen2.5-7b-instruct,high
pubmed,22645253,Barratt Impulsiveness Scale resting-state fMRI,Impulsivity and the modular organization of resting-state neural networks.,2013,"Cerebral cortex (New York, N.Y. : 1991)",unknown,functional connectivity,impulsivity (general),unknown,associated_with,unclear,,direct,0.8,"Using graph theory analyses, we characterized the relationship between impulsivity and the functional segregation ('modularity') of the whole-brain network architecture derived from resting-state functional magnetic resonance imaging (fMRI) data.",22645253,vllm:qwen2.5-7b-instruct,high
pubmed,23555827,Barratt Impulsiveness Scale resting-state fMRI,Altered default network resting-state functional connectivity in adolescents with Internet gaming addiction.,2013,PloS one,unknown,functional connectivity,impulsivity (general),Internet gaming addiction,correlates_with,unclear,,direct,0.7,"Connectivity with the PCC was positively correlated with CIAS scores in the right precuneus, posterior cingulate gyrus, thalamus, caudate, nucleus accumbens, supplementary motor area, and lingual gyrus. It was negatively correlated with the right cerebellum anterior lobe and left superior parietal lobule.",23555827,vllm:qwen2.5-7b-instruct,high
pubmed,39577688,Barratt Impulsiveness Scale resting-state fMRI,Resting-state voxel-wise dynamic effective connectivity predicts risky decision-making in patients with bipolar disorder type I.,2025,Neuroscience,unknown,dynamic connectivity,nonplanning impulsivity,bipolar disorder type I,predicts,lower,,direct,0.85,"Furthermore, this model successfully predicted non-planning impulsiveness, motor impulsiveness, and BIS total score, but failed for attentional impulsiveness in BD-I.",39577688,vllm:qwen2.5-7b-instruct,high
pubmed,30178423,Barratt Impulsiveness Scale resting-state fMRI,Sex differences in resting-state cerebral activity alterations in internet gaming disorder.,2019,Brain imaging and behavior,unknown,BOLD variability,nonplanning impulsivity,Internet gaming disorder,correlates_with,lower,,direct,0.85,"The ALFF values in the orbital part of the left superior frontal gyrus (SFG) were lower in IGDm than in HCm, which were negatively correlated with BIS-11 scores.",30178423,vllm:qwen2.5-7b-instruct,high
pubmed,26040546,Barratt Impulsiveness Scale resting-state fMRI,Model-free functional connectivity and impulsivity correlates of alcohol dependence: a resting-state study.,2017,Addiction biology,"default mode network, frontoparietal/control network, salience/ventral attention network, somatomotor network",functional connectivity,impulsivity (general),alcohol dependence,correlates_with,unclear,,direct,0.8,"Using probabilistic independent component analysis on resting-state functional magnetic resonance imaging (rs-fMRI) data from 25 alcohol-dependent (AD) and 26 healthy control (HC) participants, we compared the within- and between-network FC between AD and HC.",26040546,vllm:qwen2.5-7b-instruct,high
pubmed,33519558,Barratt Impulsiveness Scale resting-state fMRI,Impulsivity and Response Inhibition Related Brain Networks in Adolescents With Internet Gaming Disorder: A Preliminary Study Utilizing Resting-State fMRI.,2020,Frontiers in psychiatry,unknown,functional connectivity,impulsivity (general),Internet Gaming Disorder,associated_with,higher,,direct,0.8,"We found significant differences in impulsivity between the IGD group and RGU group, with members of the IGD group exhibiting higher impulsivity.",33519558,vllm:qwen2.5-7b-instruct,high
pubmed,31264888,Barratt Impulsiveness Scale resting-state fMRI,Striatal functional connectivity in chronic ketamine users: a pilot study.,2020,The American journal of drug and alcohol abuse,unknown,functional connectivity,impulsivity (general),chronic ketamine users,correlates_with,higher,,direct,0.85,"In ketamine users, putamen showed higher connectivity with the left orbitofrontal cortex (OFC) in association with both BIS-11 score and months of ketamine use.",31264888,vllm:qwen2.5-7b-instruct,high
pubmed,33528803,Barratt Impulsiveness Scale resting-state fMRI,Impulsivity in heroin-dependent individuals: structural and functional abnormalities within frontostriatal circuits.,2021,Brain imaging and behavior,unknown,functional connectivity,motor impulsivity,heroin-dependent individuals,correlates_with,higher,,direct,0.85,"Higher motor impulsivity (t = 2.347, p = 0.0253) and larger right NAc volume (F (1,38) = 4.719, p = 0.036) was observed in HDI.",33528803,vllm:qwen2.5-7b-instruct,high
pubmed,32651411,Barratt Impulsiveness Scale resting-state fMRI,Increased large-scale inter-network connectivity in relation to impulsivity in Parkinson's disease.,2020,Scientific reports,unknown,functional connectivity,nonplanning impulsivity,Parkinson's disease,associated_with,higher,,direct,0.9,FC between the right frontoparietal network (FPN) and medial visual network (MVN) was significantly higher in PD-HI patients than PD-LI patients (false discovery rate [FDR]-adjusted p = 0.0315).,32651411,vllm:qwen2.5-7b-instruct,high
pubmed,35385563,Barratt Impulsiveness Scale resting-state fMRI,A single-arm open-label pilot study of brief mindfulness meditation to control impulsivity in Parkinson's disease.,2022,PloS one,"default mode network, frontoparietal/control network",functional connectivity,impulsivity (general),Parkinson's disease,associated_with,lower,,direct,0.85,"After the intervention, the BIS-11 score was decreased from 59.5 [55.6, 63.3] (mean [95% confidence interval]) to 55.2 [50.3, 60.1] (ΔBIS-11: -4.2, [-7.5, -0.9]).",35385563,vllm:qwen2.5-7b-instruct,high
pubmed,34012386,Barratt Impulsiveness Scale resting-state fMRI,Association of Disinhibited Eating and Trait of Impulsivity With Insula and Amygdala Responses to Palatable Liquid Consumption.,2021,Frontiers in systems neuroscience,unknown,functional connectivity,impulsivity (general),unknown,associated_with,unclear,,direct,0.8,"the resting-state fMRI experiment showed that increased disinhibited eating was positively correlated with strengthened intrinsic functional connectivity between the insula and the amygdala, adjusting for sex (estimates of the beta coefficients = 0.146, standard error = 0.068, p = 0.040)",34012386,vllm:qwen2.5-7b-instruct,high
pubmed,38914808,Barratt Impulsiveness Scale resting-state fMRI,Association between sleep problems and impulsivity mediated through regional homogeneity abnormalities in male methamphetamine abstainers.,2024,Brain imaging and behavior,unknown,BOLD variability,impulsivity (general),male methamphetamine abstainers,mediated_through,unclear,reduced ReHo values in the left precentral gyrus,direct,0.85,Mediation analysis indicated that reduced ReHo values in the left precentral gyrus mediated the association between impulsivity and the need for sleep medications.,38914808,vllm:qwen2.5-7b-instruct,high
pubmed,37086305,Barratt Impulsiveness Scale resting-state fMRI,"Emotion dysregulation, impulsivity and anger rumination in borderline personality disorder: the role of amygdala and insula.",2024,European archives of psychiatry and clinical neuroscience,unknown,structural connectivity,impulsivity (general),BPD,correlates_with,lower,,direct,0.7,BPD patients showed a lower cortical thickness of the left insula (p = 0.027) that negatively correlated with the Anger Rumination Scale (p = 0.019; r = - 0.450).,37086305,vllm:qwen2.5-7b-instruct,high
pubmed,29101492,Barratt Impulsiveness Scale resting-state fMRI,Intrinsic Network Connectivity Patterns Underlying Specific Dimensions of Impulsiveness in Healthy Young Adults.,2018,Brain topography,unknown,functional connectivity,nonplanning impulsivity,unknown,associated_with,unclear,,direct,0.8,There were significant relationships between right frontoparietal network function and all three BIS domains.,29101492,vllm:qwen2.5-7b-instruct,high
pubmed,26364127,Barratt Impulsiveness Scale resting-state fMRI,Neurobiological underpinnings of sensation seeking trait in heroin abusers.,2015,European neuropsychopharmacology : the journal of the European College of Neuropsychopharmacology,"ventromedial prefrontal cortex, dorsolateral prefrontal cortex",functional connectivity,impulsivity (general),heroin abusers,correlates_with,unclear,,direct,0.8,there was stronger coupling between the midbrain and ventromedial prefrontal cortex and weaker coupling between the midbrain and dorsolateral prefrontal cortex in heroin users.,26364127,vllm:qwen2.5-7b-instruct,high
pubmed,33158664,Barratt Impulsiveness Scale resting-state fMRI,Delta resting-state functional connectivity in the cognitive control network as a prognostic factor for maintaining abstinence: An eLORETA preliminary study.,2021,Drug and alcohol dependence,cognitive control network,functional connectivity,impulsivity (general),alcohol-dependent patients,predicts,higher,,direct,0.9,Regression analysis showed that the increased left frontoparietal delta connectivity in the early period of abstinence significantly predicted maintaining abstinence over the ensuing 12 months.,33158664,vllm:qwen2.5-7b-instruct,high
pubmed,28185093,Barratt Impulsiveness Scale resting-state fMRI,Altered spontaneous brain activity in adolescent boys with pure conduct disorder revealed by regional homogeneity analysis.,2017,European child & adolescent psychiatry,unknown,BOLD variability,impulsivity (general),conduct disorder,correlates_with,higher,,direct,0.8,"In the CD group, mean ReHo values in the left and the right insula correlated positively with Barratt Impulsivity Scale (BIS) total scores.",28185093,vllm:qwen2.5-7b-instruct,high
pubmed,25944613,Barratt Impulsiveness Scale resting-state fMRI,Nature of functional links in valuation networks differentiates impulsive behaviors between abstinent heroin-dependent subjects and nondrug-using subjects.,2015,NeuroImage,unknown,functional connectivity,impulsivity (general),abstinent heroin-dependent subjects and nondrug-using subjects,associated_with,higher,imbalanced functional connectivity between β- and δ-networks,direct,0.85,"the functional link between the β- and δ-networks is imbalanced, with stronger β-network connectivity and weaker δ-network connectivity. The imbalanced link is associated with impulsivity",25944613,vllm:qwen2.5-7b-instruct,high
pubmed,23937918,Barratt Impulsiveness Scale resting-state fMRI,Voxel-level comparison of arterial spin-labeled perfusion magnetic resonance imaging in adolescents with internet gaming addiction.,2013,Behavioral and brain functions : BBF,unknown,unknown,impulsivity (general),internet gaming addiction,correlates_with,unclear,,background,0.2,,23937918,vllm:qwen2.5-7b-instruct,medium
pubmed,24971323,Barratt Impulsiveness Scale resting-state fMRI,A functional polymorphism of the MAOA gene modulates spontaneous brain activity in pons.,2014,BioMed research international,unknown,BOLD variability,impulsivity (general),unknown,correlates_with,lower,,direct,0.8,"Compared with the MAOA-H group, the MAOA-L group showed significantly lower ALFFs in the pons. There was a significant correlation between the BIS scores and the ALFF values in the pons for MAOA-L group, but not for the MAOA-H group.",24971323,vllm:qwen2.5-7b-instruct,high
pubmed,26830141,Barratt Impulsiveness Scale resting-state fMRI,Midbrain functional connectivity and ventral striatal dopamine D2-type receptors: link to impulsivity in methamphetamine users.,2016,Molecular psychiatry,unknown,functional connectivity,impulsivity (general),methamphetamine-dependent individuals,correlates_with,unclear,,direct,0.75,"In Study 2, an interaction of the group with RSFC on impulsivity was observed. Methamphetamine-dependent users exhibited a positive relationship of midbrain RSFC to the left ventral striatum with cognitive impulsivity, whereas a negative relationship was observed in healthy controls.",26830141,vllm:qwen2.5-7b-instruct,high
pubmed,24200212,Barratt Impulsiveness Scale resting-state fMRI,Striatal-insula circuits in cocaine addiction: implications for impulsivity and relapse risk.,2013,The American journal of drug and alcohol abuse,unknown,functional connectivity,impulsivity (general),cocaine addiction,associated_with,higher,reduced connectivity in putamen-posterior insula/postcentral gyrus circuits,direct,0.85,"Impulsivity (BIS-11a) was higher in cocaine-addicted participants, an effect that was partially mediated by reduced putamen-posterior insula connectivity in this group.",24200212,vllm:qwen2.5-7b-instruct,high
pubmed,32093319,Barratt Impulsiveness Scale resting-state fMRI,"Random Forest Classification of Alcohol Use Disorder Using fMRI Functional Connectivity, Neuropsychological Functioning, and Impulsivity Measures.",2020,Brain sciences,default mode network,functional connectivity,impulsivity (general),Alcohol Use Disorder,associated_with,higher,,direct,0.85,Individuals with AUD also showed poorer memory performance and increased impulsivity compared to CTL individuals.,32093319,vllm:qwen2.5-7b-instruct,high
pubmed,27688124,Barratt Impulsiveness Scale resting-state fMRI,Association between abnormal default mode network activity and suicidality in depressed adolescents.,2016,BMC psychiatry,default mode network,functional connectivity,impulsivity (general),depressed adolescents,associated_with,unclear,,direct,0.7,"Compared with the healthy controls, all of the evaluated depressed patients showed increased functional connectivity in select DMN regions.",27688124,vllm:qwen2.5-7b-instruct,high
pubmed,28602816,Barratt Impulsiveness Scale resting-state fMRI,Neurobiological correlates of impulsivity in healthy adults: Lower prefrontal gray matter volume and spontaneous eye-blink rate but greater resting-state functional connectivity in basal ganglia-thalamo-cortical circuitry.,2017,NeuroImage,unknown,functional connectivity,impulsivity (general),unknown,associated_with,higher,,direct,0.9,"greater resting-state functional connectivity between the basal ganglia and thalamus, motor cortices, and prefrontal cortex was associated with worse no-go trial accuracy on the task and with higher BIS-11 motor impulsivity scores",28602816,vllm:qwen2.5-7b-instruct,high
pubmed,20851718,Barratt Impulsiveness Scale resting-state fMRI,Identification of hyperactive intrinsic amygdala network connectivity associated with impulsivity in abstinent heroin addicts.,2011,Behavioural brain research,unknown,functional connectivity,impulsivity (general),abstinent heroin dependent,associated_with,higher,,direct,0.9,"In the HD group, higher impulsivity scores and significantly enhanced iAFC network activity were found, especially in bilateral thalamus, right insula, and inferior frontal gyrus.",20851718,vllm:qwen2.5-7b-instruct,high
pubmed,39756804,Barratt Impulsiveness Scale resting-state fMRI,Altered Functional Connectivity of Prefrontal Cortex-Related Circuitry and Trait Impulsivity in Patients With Bipolar Disorder and History of Suicide Attempts.,2025,Acta psychiatrica Scandinavica,unknown,functional connectivity,impulsivity (general),Bipolar Disorder,associated_with,higher,,direct,0.85,BDSA had higher trait impulsivity than BDNS and the controls.,39756804,vllm:qwen2.5-7b-instruct,high
pubmed,29988765,Barratt Impulsiveness Scale resting-state fMRI,Abnormal degree centrality in chronic users of codeine-containing cough syrups: A resting-state functional magnetic resonance imaging study.,2018,NeuroImage. Clinical,unknown,unknown,impulsivity (general),chronic users of codeine-containing cough syrups,correlated_with,unclear,,direct,0.8,"The degree centrality (DC) changes were correlated to the Barratt Impulsiveness Scale (BIS-11) total score, dose, duration of CCS use, and the age at first use of cough syrups.",29988765,vllm:qwen2.5-7b-instruct,high
pubmed,41207270,Barratt Impulsiveness Scale resting-state fMRI,Sex-specific alterations in brain network topology in methamphetamine use disorder: A graph theory-based fMRI study.,2025,Drug and alcohol dependence,unknown,functional connectivity,impulsivity (general),methamphetamine use disorder,correlates_with,unclear,,indirect,0.7,"Furthermore, significant sex-related main effects were observed in widespread brain areas, involving key nodal metrics such as degree centrality, local efficiency, clustering coefficient, and nodal efficiency. Female patients with MUD demonstrated higher global network measures and showed more extensive nodal metric differences compared to males.",41207270,vllm:qwen2.5-7b-instruct,medium
pubmed,24223847,Barratt Impulsiveness Scale resting-state fMRI,Reduced regional homogeneity in bilateral frontostriatal system relates to higher impulsivity behavior in codeine-containing cough syrups dependent individuals.,2013,PloS one,unknown,BOLD variability,impulsivity (general),codeine-containing cough syrups dependence,correlates_with,higher,,direct,0.8,"There were negative correlations between mean ReHo in the bilateral medial OFC, left dorsal striatum and duration of CCS use, BIS.11 total scores, and the subscale of attentional impulsivity in CCS-dependent individuals.",24223847,vllm:qwen2.5-7b-instruct,high
pubmed,26908392,Barratt Impulsiveness Scale resting-state fMRI,Association of ventral striatum monoamine oxidase-A binding and functional connectivity in antisocial personality disorder with high impulsivity: A positron emission tomography and functional magnetic resonance imaging study.,2016,European neuropsychopharmacology : the journal of the European College of Neuropsychopharmacology,unknown,functional connectivity,impulsivity (general),antisocial personality disorder,correlates_with,lower,,direct,0.85,"Additionally, VSs-DMPFC FC was negatively correlated with NEO Personality Inventory-Revised impulsivity (r=-0.49, p=0.03), as was VSi-hippocampus FC with Barratt Impulsiveness Scale-11 motor impulsiveness (r=-0.50, p=0.03).",26908392,vllm:qwen2.5-7b-instruct,high
pubmed,25008351,Barratt Impulsiveness Scale resting-state fMRI,Altered intrinsic hippocmapus declarative memory network and its association with impulsivity in abstinent heroin dependent subjects.,2014,Behavioural brain research,unknown,functional connectivity,impulsivity (general),abstinent heroin dependent subjects,correlates_with,higher,"enhanced coherence between hippocampus and non-declarative reward-guided learning memory system, and attenuated intrinsic functional link between hippocampus and top-down control system",direct,0.9,This alteration was furthered found to have behavioral significance over the behavioral index 'impulsivity' measured with Barratt Impulsiveness Scale (BIS).,25008351,vllm:qwen2.5-7b-instruct,high
pubmed,25496980,Barratt Impulsiveness Scale resting-state fMRI,Abnormal regional homogeneity in young adult suicide attempters with no diagnosable psychiatric disorder: a resting state functional magnetic imaging study.,2015,Psychiatry research,unknown,BOLD variability,impulsivity (general),suicide attempters without a psychiatric diagnosis,correlates_with,higher,,direct,0.8,The SA group also had significantly higher total Barratt Impulsiveness Scale scores compared with the HC group.,25496980,vllm:qwen2.5-7b-instruct,high
pubmed,41104323,Barratt Impulsiveness Scale resting-state fMRI,Effect of Precision-based HD-tDCS Over Conventional HD-tDCS in Young-onset Mania: Protocol for an Active Comparison fMRI and TMS Study.,2026,Indian journal of psychological medicine,unknown,unknown,impulsivity (general),young-onset mania,correlates_with,unclear,,indirect,0.5,"By correlating perturbation-induced changes in cortical inhibition paradigms and functional connectivity of cerebral circuits, we aim to introduce a more objective measure of therapeutic efficacy and response, as opposed to relying solely on subjective clinical scales.",41104323,vllm:qwen2.5-7b-instruct,medium
pubmed,35040662,Barratt Impulsiveness Scale fMRI,Role of White Matter Microstructure in Impulsive Behavior.,2022,The Journal of neuropsychiatry and clinical neurosciences,unknown,structural connectivity,nonplanning impulsivity,unknown,correlates_with,lower,,direct,0.85,"Whole-brain total average FA was inversely correlated with motor impulsiveness (r=-0.32, p=0.007) and positively correlated with nonplanning impulsiveness (r=0.29, p=0.02); these correlations were significant after correction for multiple comparisons.",35040662,vllm:qwen2.5-7b-instruct,high
pubmed,37137256,Barratt Impulsiveness Scale fMRI,Transdiagnostic brain correlates of self-reported trait impulsivity: A dimensional structure-symptom investigation.,2023,NeuroImage. Clinical,unknown,structural connectivity,impulsivity (general),"healthy controls, opioid use disorder, cocaine use disorder, borderline personality disorder, schizophrenia",negatively correlated,lower,,direct,0.8,"Volume of the left opercular part of the inferior frontal gyrus (IFG) was negatively related to global impulsivity across the entire sample and specifically to motor impulsivity in the subsample of HCs, OUD and BPD patients.",37137256,vllm:qwen2.5-7b-instruct,high
pubmed,37004979,Barratt Impulsiveness Scale fMRI,Chronic cannabis use alters dACC-striatal glutamatergic balance.,2023,"Pharmacology, biochemistry, and behavior",unknown,unknown,impulsivity (general),chronic cannabis use disorder,correlates_with,unclear,,direct,0.8,"Self-reported BIS and its subscales were significantly altered among the users compared to the controls across the study timeline (total F(1,28) = 7.0, p = 0.013; non-planning F(1,28) = 16.1, p < 0.0005; motor F(1,28) = 5.9, p = 0.022; cognitive F(1,28) = 6.1, p = 0.019).",37004979,vllm:qwen2.5-7b-instruct,high
pubmed,37556131,Barratt Impulsiveness Scale fMRI,Alcohol Cue Processing in Co-Occurring Bipolar Disorder and Alcohol Use Disorder.,2023,JAMA psychiatry,unknown,unknown,impulsivity (general),"BD + AUD, AUD alone, BD alone, healthy controls",associated_with,higher,,direct,0.8,These hypoactivations were associated with increased impulsivity and obsessive-compulsive alcohol craving exclusively among individuals with BD + AUD.,37556131,vllm:qwen2.5-7b-instruct,high
pubmed,34175744,Barratt Impulsiveness Scale fMRI,Brain morphometry in adults with gambling disorder.,2021,Journal of psychiatric research,unknown,unknown,impulsivity (general),Gambling Disorder,correlates_with,unclear,,indirect,,,34175744,vllm:qwen2.5-7b-instruct,medium
pubmed,40630648,Barratt Impulsiveness Scale fMRI,Identifying a Biological Signature of Trauma-Related Neurodegeneration Following Repeated Traumatic Brain Injuries Compared with Healthy Controls.,2025,Neurotrauma reports,unknown,unknown,impulsivity (general),unknown,correlates_with,unclear,,indirect,0.2,"Within the TBI group, amygdala normative percentile and/or amygdala asymmetry index were included in the final models for NSI, SWLS, PCL5, BIS, BPAQ, and ISI.",40630648,vllm:qwen2.5-7b-instruct,medium
pubmed,37080490,Barratt Impulsiveness Scale fMRI,Brain structural abnormalities and trait impulsivity in suicidal and non-suicidal patients with bipolar disorder.,2023,Journal of affective disorders,unknown,structural connectivity,impulsivity (general),bipolar disorder,associated_with,higher,,direct,0.85,"In patients with SA history, higher BIS scores were associated with greater GMV in the left pars triangularis and greater surface area in left pars opercularis (all p < 0.01).",37080490,vllm:qwen2.5-7b-instruct,high
pubmed,15309395,Barratt Impulsiveness Scale fMRI,Negative correlation between right prefrontal activity during response inhibition and impulsiveness: a fMRI study.,2004,European archives of psychiatry and clinical neuroscience,unknown,functional connectivity,motor impulsivity,unknown,correlates_with,lower,,direct,0.8,A negative correlation was observed between the motor impulsiveness of BIS-11 and No-Go-related activation in the right dorsolateral prefrontal cortex (RDLPFC).,15309395,vllm:qwen2.5-7b-instruct,high
pubmed,33360853,Barratt Impulsiveness Scale fMRI,Novel circuit biomarker of impulsivity and craving in male heroin-dependent individuals.,2021,Drug and alcohol dependence,unknown,structural connectivity,impulsivity (general),heroin-dependent individuals,correlates_with,lower,,direct,0.85,"HDI showed significantly weaker tract strength of the left striatum-medial orbitofrontal cortex (mOFC) (Bonferroni corrected, p < 0.05/20 = 0.0025) and significantly higher BIS total, attention, motor, and non-planning scores (Bonferroni corrected, p < 0.05/4 = 0.0125) than controls.",33360853,vllm:qwen2.5-7b-instruct,high
pubmed,38627081,Barratt Impulsiveness Scale fMRI,Neural Correlates of Trait Impulsivity among Adult Healthy Individuals.,2024,Clinical psychopharmacology and neuroscience : the official scientific journal of the Korean College of Neuropsychopharmacology,unknown,structural connectivity,impulsivity (general),unknown,associated_with,lower,,direct,0.9,Total BIS scores were significantly and negatively correlated with mean CT values in the left lateral occipital cortex (OC) and LGIs in the inferior frontal gyrus (IFG).,38627081,vllm:qwen2.5-7b-instruct,high
pubmed,35181384,Barratt Impulsiveness Scale fMRI,"Rethinking ""aggression"" and impulsivity in bipolar disorder: Risk, clinical and brain circuitry features.",2022,Journal of affective disorders,unknown,structural connectivity,impulsivity (general),Bipolar Disorder,associated_with,lower,,direct,0.8,"BGA scores were increased by items corresponding to dysregulation of emotional and social behavior and associated with elevated mood states and suicide ideation and GMV decreases in bilateral orbitofrontal cortex and left posterior insula brain regions, previously associated with these behaviors and clinical features.",35181384,vllm:qwen2.5-7b-instruct,high
pubmed,35247193,Barratt Impulsiveness Scale fMRI,Cerebellar Grey Matter Volumes in Reactive Aggression and Impulsivity in Healthy Volunteers.,2023,"Cerebellum (London, England)",unknown,structural connectivity,impulsivity (general),unknown,associated_with,higher,,direct,0.85,Results showed that impulsivity was positively associated with grey matter volumes of the cerebellar vermis and inversely correlated with grey matter volumes of the right posterior lobule.,35247193,vllm:qwen2.5-7b-instruct,high
pubmed,26911382,Barratt Impulsiveness Scale fMRI,Impulsivity in abstinent alcohol and polydrug dependence: a multidimensional approach.,2016,Psychopharmacology,unknown,unknown,impulsivity (general),abstinent substance-dependent individuals,correlates_with,higher,,indirect,0.7,"All participants completed self-report measures of impulsivity: Barratt Impulsiveness Scale, UPPS Impulsive Behaviour Scale, Behaviour Inhibition/Activation System and Obsessive-Compulsive Inventory.",26911382,vllm:qwen2.5-7b-instruct,medium
pubmed,21827861,Barratt Impulsiveness Scale fMRI,Cortical thickness correlates with impulsiveness in healthy adults.,2012,NeuroImage,unknown,unknown,impulsivity (general),unknown,correlates_with,lower,,direct,0.9,"We observed a significant negative correlation between left middle frontal gyrus (MFG) CT and the attention BIS score (FDR p<.05), motor, nonplanning and total BIS score (each p<0.001 uncorrected).",21827861,vllm:qwen2.5-7b-instruct,high
pubmed,29751017,Barratt Impulsiveness Scale fMRI,Differential contributions of cortical thickness and surface area to trait impulsivity in healthy young adults.,2018,Behavioural brain research,unknown,unknown,impulsivity (general),unknown,associated_with,lower,,direct,0.85,"Higher BIS-11 total scores were negatively associated with cortical thickness variations in the left lingual gyrus, left superior temporal gyrus, right cuneus, and right superior parietal gyrus (p < 0.05 cluster-wise probability [CWP] corrected).",29751017,vllm:qwen2.5-7b-instruct,high
pubmed,37952300,Barratt Impulsiveness Scale fMRI,Positive schizotypy and Motor Impulsivity correlate with response aberrations in ventral attention network during inhibitory control.,2023,Cortex; a journal devoted to the study of the nervous system and behavior,ventral attention network,BOLD variability,motor impulsivity,schizotypy,correlate_with,lower,,direct,0.8,"Additionally, higher Impulsive Nonconformity was associated with lower activity in the caudate nucleus and anterior cingulate during No-Go compared to Go stimuli reactions.",37952300,vllm:qwen2.5-7b-instruct,high
pubmed,31427669,Barratt Impulsiveness Scale fMRI,The Effect of Mindfulness Meditation on Impulsivity and its Neurobiological Correlates in Healthy Adults.,2019,Scientific reports,unknown,unknown,impulsivity (general),unknown,unclear,unclear,,background,0.5,"However, LTMs self-reported lower attentional impulsivity, but higher motor and non-planning impulsivity on the BIS-11 than MNPs.",31427669,vllm:qwen2.5-7b-instruct,medium
pubmed,34463411,Barratt Impulsiveness Scale fMRI,"Cocaine cue-induced mesocorticolimbic activation in cocaine users: Effects of personality traits, lifetime drug use, and acute stimulant ingestion.",2022,Addiction biology,unknown,functional connectivity,nonplanning impulsivity,cocaine users,correlates_with,higher,,direct,0.85,"Among the cocaine users, larger drug cue-induced responses during the placebo session were correlated with higher Barratt Impulsiveness Scale (BIS-11) nonplanning scores (associative striatum) and greater lifetime use of stimulant drugs (limbic, associative, and sensorimotor striatum).",34463411,vllm:qwen2.5-7b-instruct,high
pubmed,34792871,Barratt Impulsiveness Scale fMRI,How Interpersonal Psychotherapy Changes the Brain: A Study of fMRI in Borderline Personality Disorder.,2021,The Journal of clinical psychiatry,unknown,unknown,impulsivity (general),Borderline Personality Disorder (BPD),correlates_with,lower,,direct,0.8,A significant between-subject effect was found in favor of the IPT-BPD-R-treated group (BIS-11: P = .033).,34792871,vllm:qwen2.5-7b-instruct,high
pubmed,21763642,Barratt Impulsiveness Scale fMRI,Neural substrates of time perception and impulsivity.,2011,Brain research,unknown,functional connectivity,impulsivity (general),unknown,correlates_with,higher,,direct,0.8,"Activation in the core control network, thus, may form a biological marker for cognitive time management and for impulsiveness.",21763642,vllm:qwen2.5-7b-instruct,high
pubmed,32464339,Barratt Impulsiveness Scale fMRI,Investigation of structure-function correlation among the young offspring of patients with bipolar disorder.,2020,Psychiatry research. Neuroimaging,unknown,structural connectivity,impulsivity (general),young offspring of patients with bipolar disorder,correlates_with,higher,,direct,0.75,MD values in the cingulum were inversely correlated with the Child and Youth Resilience Measure and positively correlated with higher scores on the Barratt Impulsiveness Scale-Attentional.,32464339,vllm:qwen2.5-7b-instruct,high
pubmed,25241087,Barratt Impulsiveness Scale fMRI,Response inhibition and its relation to multidimensional impulsivity.,2014,NeuroImage,unknown,unknown,impulsivity (general),unknown,correlates_with,unclear,,indirect,0.6,"In contrast, UPPS subdomain Urgency best explained inter-individual variability in SSRT scores and was further negatively correlated to right IFG/aI activation in 'Stop>Go' trials - a key region for response inhibition.",25241087,vllm:qwen2.5-7b-instruct,medium
pubmed,27095357,Barratt Impulsiveness Scale fMRI,Sex differences in impulsivity and brain morphometry in methamphetamine users.,2017,Brain structure & function,unknown,unknown,impulsivity (general),methamphetamine users,associated_with,higher,,direct,0.85,"METH users had higher impulsivity scores, on both the Cognitive and Behavioral Factors from the BIS (p < 0.0001-0.0001).",27095357,vllm:qwen2.5-7b-instruct,high
pubmed,37909379,Barratt Impulsiveness Scale fMRI,Changes in aspartate metabolism in the medial-prefrontal cortex of nicotine addicts based on J-edited magnetic resonance spectroscopy.,2023,Human brain mapping,unknown,unknown,impulsivity (general),nicotine addiction,unclear,unclear,,background,,,37909379,vllm:qwen2.5-7b-instruct,low
pubmed,27743376,Barratt Impulsiveness Scale fMRI,Cortical folding patterns are associated with impulsivity in healthy young adults.,2017,Brain imaging and behavior,unknown,BOLD variability,impulsivity (general),unknown,associated_with,higher,,direct,0.85,"Total and attention scores were positively correlated with LGI in the left postcentral gyrus, cingulate gyrus, precentral gyrus, pars opercularis of the inferior frontal gyrus, right middle temporal gyrus, superior parietal gyrus, pericalcarine gyrus, and lateral occipital gyrus (each p < 0.05 CWP corr.).",27743376,vllm:qwen2.5-7b-instruct,high
pubmed,33951944,Barratt Impulsiveness Scale fMRI,Distinct clinical manifestations of obsessive-compulsive disorder are associated with cortical thickness alteration.,2022,The Australian and New Zealand journal of psychiatry,unknown,unknown,attentional impulsivity,OCD patients,associated_with,lower,,direct,0.8,"OCD patients with more obsessive beliefs and attentional impulsivity (OCD_OB_AT) had reduced cortical thickness at the inferior parietal gyrus, the superior and middle temporal gyrus and the insula compared with OCD patients with higher score on the non-planning impulsivity (OCD_NP, corrected p < 0.05).",33951944,vllm:qwen2.5-7b-instruct,high
pubmed,35852565,Barratt Impulsiveness Scale fMRI,Neural correlates of risky decision making in Parkinson's disease patients with impulse control disorders.,2022,Experimental brain research,unknown,unknown,impulsivity (general),Parkinson's disease patients with impulse control disorders,associated_with,higher,,direct,0.8,"Patients with ICDs showed greater urn choice-specific activation in the right middle frontal gyrus, overlapping the dorsal premotor cortex.",35852565,vllm:qwen2.5-7b-instruct,high
pubmed,32645662,Barratt Impulsiveness Scale fMRI,Differential brain responses for perception of pain during empathic response in binge drinkers compared to non-binge drinkers.,2020,NeuroImage. Clinical,unknown,unknown,impulsivity (general),binge drinkers compared to non-binge drinkers,associated_with,unclear,,indirect,0.5,"Binge drinkers compared to non-binge drinkers also took longer to respond when viewing pictures depicting pain, in particular when adopting the perspective of self.",32645662,vllm:qwen2.5-7b-instruct,medium
pubmed,18479820,Barratt Impulsiveness Scale fMRI,An event-related fMRI study on risk taking by healthy individuals of high or low impulsiveness.,2008,Neuroscience letters,unknown,functional connectivity,impulsivity (general),unknown,associated_with,higher,,direct,0.85,a stronger activation in the insula-orbitofrontal-parietal regions was found in the high impulsiveness group compared to the low impulsiveness group,18479820,vllm:qwen2.5-7b-instruct,high
pubmed,21783257,Barratt Impulsiveness Scale fMRI,Is cerebellar volume related to bipolar disorder?,2011,Journal of affective disorders,unknown,unknown,impulsivity (general),bipolar disorder,unknown,unclear,,background,,,21783257,vllm:qwen2.5-7b-instruct,low
pubmed,39796107,Barratt Impulsiveness Scale fMRI,The Relationship Between Impulsivity Traits and In Vivo Cerebral Serotonin Transporter and Serotonin 2A Receptor Binding in Healthy Individuals: A Double-Tracer PET Study with C-11 DASB and C-11 MDL100907.,2024,International journal of molecular sciences,unknown,unknown,nonplanning impulsivity,unknown,correlates_with,higher,,direct,0.8,"the region of interest (ROI)-based partial correlation analysis with age, sex, and temperament traits as covariates revealed a significant positive correlation between non-planning impulsiveness and [11C]MDL100907 BPND in the caudate (CAU) at Bonferroni-corrected p < 0.0045.",39796107,vllm:qwen2.5-7b-instruct,high
pubmed,26189512,Barratt Impulsiveness Scale fMRI,Abnormalities of cortical structures in adolescent-onset conduct disorder.,2015,Psychological medicine,unknown,unknown,impulsivity (general),adolescent-onset conduct disorder,negatively correlated_with,lower,,direct,0.8,"cortical thickness of the paralimbic structures was found to be negatively correlated with impulsivity and antisocial behaviors measured by the BIS and APSD, respectively.",26189512,vllm:qwen2.5-7b-instruct,high
pubmed,30105203,Barratt Impulsiveness Scale fMRI,Increased efficiency of brain connectivity networks in veterans with suicide attempts.,2018,NeuroImage. Clinical,unknown,structural connectivity,nonplanning impulsivity,suicide attempt,correlates_with,higher,,direct,0.85,The nonplanning subscale of BIS correlated with the weighted degrees of the left PCC within SA.,30105203,vllm:qwen2.5-7b-instruct,high
pubmed,35434889,Barratt Impulsiveness Scale fMRI,Distinct neural signatures of schizotypy and psychopathy during visual word-nonword recognition.,2022,Human brain mapping,unknown,functional connectivity,impulsivity (general),unknown,associated_with,lower,,indirect,0.7,"Higher Motor Impulsivity was associated with lower activity in the fusiform (bilaterally), inferior frontal (right-sided), and temporal gyri (bilaterally) across all stimuli-types over resting baseline.",35434889,vllm:qwen2.5-7b-instruct,medium
pubmed,26079873,Barratt Impulsiveness Scale fMRI,Barratt Impulsivity and Neural Regulation of Physiological Arousal.,2015,PloS one,ventromedial prefrontal cortex,functional connectivity,impulsivity (general),unknown,associated_with,higher,diminished control of physiological arousal,direct,0.85,"Across subjects, higher impulsivity is associated with greater SCR to stop trials.",26079873,vllm:qwen2.5-7b-instruct,high
pubmed,35131529,Barratt Impulsiveness Scale fMRI,Examination of gamma-aminobutyric acid and glutamate-glutamine levels in association with impulsive behavior in adolescent marijuana users.,2022,Drug and alcohol dependence,unknown,unknown,impulsivity (general),unknown,unknown,unclear,,background,,,35131529,vllm:qwen2.5-7b-instruct,low
pubmed,25269835,Barratt Impulsiveness Scale fMRI,Caudate asymmetry is related to attentional impulsivity and an objective measure of ADHD-like attentional problems in healthy adults.,2016,Brain structure & function,unknown,structural connectivity,attentional impulsivity,ADHD-like attentional problems,correlates_with,higher,differential passage of information through frontal-striatal networks may produce instability leading to attentional problems,direct,0.8,We found that larger right relative to left caudate volumes correlated with both higher attentional impulsiveness and worse ADHD scores on the TOVA.,25269835,vllm:qwen2.5-7b-instruct,high
pubmed,19560123,Barratt Impulsiveness Scale fMRI,Ventral striatal activation during reward anticipation correlates with impulsivity in alcoholics.,2009,Biological psychiatry,ventral striatum,unknown,impulsivity (general),alcoholics,correlates_with,higher,,direct,0.8,"Low activation of the ventral striatum and anterior cingulate during gain anticipation was correlated with high impulsivity only in alcoholics, not in control subjects.",19560123,vllm:qwen2.5-7b-instruct,high
pubmed,14572528,Barratt Impulsiveness Scale fMRI,Response inhibition and impulsivity: an fMRI study.,2003,Neuropsychologia,unknown,BOLD variability,impulsivity (general),unknown,correlates_with,higher,,direct,0.8,"Subjects with greater scores on impulsivity scales and who made more errors had greater activation of paralimbic areas during response inhibition, while less impulsive individuals and those with least errors activated higher order association areas.",14572528,vllm:qwen2.5-7b-instruct,high
pubmed,33872964,Barratt Impulsiveness Scale fMRI,Diffusion tensor imaging of corpus callosum in adolescent females with borderline personality disorder.,2021,Journal of psychiatric research,unknown,structural connectivity,impulsivity (general),Borderline Personality Disorder,correlates_with,unclear,,indirect,0.7,There was a negative correlation between FA values in the genu and body of CC and impulsivity.,33872964,vllm:qwen2.5-7b-instruct,medium
pubmed,31688973,Barratt Impulsiveness Scale fMRI,Volumetric Prefrontal Cortex Alterations in Patients With Alcohol Dependence and the Involvement of Self-Control.,2019,"Alcoholism, clinical and experimental research",unknown,structural connectivity,impulsivity (general),alcohol dependence,associated_with,lower,,direct,0.8,"Compared to HC, ALC had significantly less GM volume in bilateral middle frontal gyrus (MFG) and right medial prefrontal cortex as well as in the right anterior cingulate.",31688973,vllm:qwen2.5-7b-instruct,high
pubmed,30549328,Barratt Impulsiveness Scale fMRI,Impulsivity trait and proactive cognitive control: An fMRI study.,2019,The European journal of neuroscience,unknown,unknown,motor impulsivity,unknown,associated_with,higher,diminished reactivity threshold and reduced control over covert urges,direct,0.85,We found a positive significant correlation between motor impulsivity scores and the activation of left sensorimotor cortices.,30549328,vllm:qwen2.5-7b-instruct,high
pubmed,23274773,Barratt Impulsiveness Scale fMRI,Morphometric correlation of impulsivity in medial prefrontal cortex.,2013,Brain topography,unknown,structural connectivity,impulsivity (general),unknown,correlates_with,unclear,,direct,0.8,The VBM analysis showed that impulsivity appears to be reliant on a network of cortical (medial prefrontal cortex and dorsolateral prefrontal cortex) and subcortical (ventral striatum) structures,23274773,vllm:qwen2.5-7b-instruct,high
pubmed,34461353,Barratt Impulsiveness Scale fMRI,Impulsivity is related to overhasty risk learning in attention-deficit/hyperactivity disorder: A computational psychiatric approach.,2021,Journal of psychiatric research,unknown,functional connectivity,impulsivity (general),attention-deficit/hyperactivity disorder,associated_with,higher,,direct,0.85,"The degree of overhasty learning in ADHD patients was significantly correlated with the BIS score (r = 0.424, p = 0.009).",34461353,vllm:qwen2.5-7b-instruct,high
pubmed,26460483,Barratt Impulsiveness Scale fMRI,Lateral prefrontal model-based signatures are reduced in healthy individuals with high trait impulsivity.,2015,Translational psychiatry,unknown,functional connectivity,impulsivity (general),unknown,associated_with,lower,,direct,0.9,Right lateral prefrontal model-based signatures were reduced in high-impulsive individuals.,26460483,vllm:qwen2.5-7b-instruct,high
pubmed,26393430,Barratt Impulsiveness Scale fMRI,Subtypes of trait impulsivity differentially correlate with neural responses to food choices.,2016,Behavioural brain research,unknown,unknown,nonplanning impulsivity,unknown,correlates_with,higher,,direct,0.85,both measures correlated positively with striatum activation during high versus low energy choices,26393430,vllm:qwen2.5-7b-instruct,high
pubmed,27766203,Barratt Impulsiveness Scale fMRI,A negative relationship between ventral striatal loss anticipation response and impulsivity in borderline personality disorder.,2016,NeuroImage. Clinical,ventral striatal,functional connectivity,impulsivity (general),borderline personality disorder,correlates_with,lower,,direct,0.85,"BPD patients, on the other hand, exhibited a significantly negative correlation between ventral striatal loss anticipation responses and BIS-11 scores, whereas this correlation was significantly positive in healthy controls.",27766203,vllm:qwen2.5-7b-instruct,high
pubmed,24909828,Barratt Impulsiveness Scale fMRI,Attentional impulsivity in binge eating disorder modulates response inhibition performance and frontal brain networks.,2015,International journal of obesity (2005),prefrontal control network,functional connectivity,attentional impulsivity,binge eating disorder,related_to,lower,attentional impulsiveness-related attenuation in response inhibition performance,direct,0.8,"Specifically, increased attentional impulsiveness (a subscale of the BIS-11) in BED was related to decreased response inhibition performance and hypoactivity in the prefrontal control network, which was activated when response inhibition was required.",24909828,vllm:qwen2.5-7b-instruct,high
pubmed,30991086,Barratt Impulsiveness Scale fMRI,A search for cortical correlates of trait impulsivity in Parkinson´s disease.,2019,Behavioural brain research,unknown,unknown,nonplanning impulsivity,Parkinson's disease,predicts,higher,,direct,0.8,"Using a multiple regression model, CT in inferior and superior frontal, anterior cingulate and precentral regions significantly predicted BIS attentional subscores (p = 0.041).",30991086,vllm:qwen2.5-7b-instruct,high
pubmed,38078981,Barratt Impulsiveness Scale fMRI,Cortical thickness of the inferior parietal lobule as a potential predictor of relapse in men with alcohol dependence.,2024,Brain imaging and behavior,unknown,unknown,nonplanning impulsivity,alcohol dependence,predicts,lower,,direct,0.85,The cortical thicknesses of the inferior-parietal lobules were significantly higher in abstainers compared with those in relapsers.,38078981,vllm:qwen2.5-7b-instruct,high
pubmed,36945425,Barratt Impulsiveness Scale fMRI,Cortical thickness of the inferior parietal lobule as a potential predictor of relapse in men with alcohol dependence.,2023,Research square,unknown,unknown,nonplanning impulsivity,alcohol dependence,predicts,higher,,direct,0.85,"Compared to abstainers, relapsers showed higher inattention and non-planning impulsivity on the 11th version of the Barratt Impulsive Scale.",36945425,vllm:qwen2.5-7b-instruct,high
pubmed,27862593,Barratt Impulsiveness Scale fMRI,Serotonergic modulation of orbitofrontal activity and its relevance for decision making and impulsivity.,2017,Human brain mapping,unknown,BOLD variability,impulsivity (general),unknown,correlates_with,higher,,direct,0.8,Orbitofrontal activity was also related to the Barratt Impulsivity Scale.,27862593,vllm:qwen2.5-7b-instruct,high
pubmed,32571005,Barratt Impulsiveness Scale fMRI,"Cortical Volumetric Correlates of Childhood Trauma, Anxiety, and Impulsivity in Bipolar Disorder.",2020,Psychiatry investigation,unknown,structural connectivity,impulsivity (general),bipolar disorder,correlates_with,lower,,direct,0.8,BD patients revealed significant inverse correlations between the GMV in the right precentral gyrus and BIS scores; between the GMV in the left middle frontal gyrus and CTQ scores.,32571005,vllm:qwen2.5-7b-instruct,high
pubmed,26245713,Barratt Impulsiveness Scale fMRI,"Association of COMT and SLC6A3 polymorphisms with impulsivity, response inhibition and brain function.",2015,Cortex; a journal devoted to the study of the nervous system and behavior,fronto-striatal,BOLD variability,impulsivity (general),unknown,associated_with,higher,reduced striatal dopamine transporter expression leading to increased extracellular dopamine levels,direct,0.8,Homozygosity of the 10R allele was associated with greater fronto-striatal BOLD response than genotypes with at least one 9R allele.,26245713,vllm:qwen2.5-7b-instruct,high
pubmed,16890410,Barratt Impulsiveness Scale fMRI,Impulsivity and BOLD fMRI activation in MDMA users and healthy control subjects.,2006,Psychiatry research,unknown,BOLD variability,impulsivity (general),unknown,correlates_with,higher,,direct,0.8,"A significant correlation between BIS scores and DLPFC activation was found, supporting a role for the DLPFC in BIS-measured impulsivity.",16890410,vllm:qwen2.5-7b-instruct,high
pubmed,31071323,Barratt Impulsiveness Scale fMRI,Brain structure and trait impulsivity: A comparative VBM study contrasting neural correlates of traditional and alternative concepts in healthy subjects.,2019,Neuropsychologia,unknown,unknown,impulsivity (general),unknown,associated_with,higher,,direct,0.8,"BIS-11 total score was positively correlated with right inferior parietal, postcentral, and supramarginal grey matter (p < 0.05, FWE cluster-level corrected).",31071323,vllm:qwen2.5-7b-instruct,high
pubmed,29876253,Barratt Impulsiveness Scale fMRI,Pedophilic sex offenders are characterised by reduced GABA concentration in dorsal anterior cingulate cortex.,2018,NeuroImage. Clinical,unknown,BOLD variability,impulsivity (general),pedophilic sex offenders,correlates_with,lower,,direct,0.85,"In a region related to cognitive control and salience mapping, pedophilic sex offenders showed reduction of the inhibitory neurotransmitter GABA which may be seen as a neuronal correlate of inhibition and behavioral control.",29876253,vllm:qwen2.5-7b-instruct,high
pubmed,17994474,Barratt Impulsiveness Scale fMRI,Diffusion tensor imaging in MDMA users and controls: association with decision making.,2007,The American journal of drug and alcohol abuse,unknown,structural connectivity,nonplanning impulsivity,MDMA users,correlates_with,higher,,direct,0.85,There was a significant positive correlation between lambda(1) in the rostral body of the corpus callosum and advantageous choices on the IGT.,17994474,vllm:qwen2.5-7b-instruct,high
pubmed,29322397,Barratt Impulsiveness Scale fMRI,Overlapping and distinct neural metabolic patterns related to impulsivity and hypomania in Parkinson's disease.,2019,Brain imaging and behavior,unknown,functional connectivity,impulsivity (general),Parkinson's disease,associated_with,higher,,direct,0.8,We observed a positive association between BIS-11 and SRMI scores and neural metabolism only in the prefrontal areas.,29322397,vllm:qwen2.5-7b-instruct,high
pubmed,39875081,Barratt Impulsiveness Scale fMRI,Exploratory structural neuroimaging examination of impulsivity in severe alcohol use disorder: Persistent implication of the ventral striatum.,2025,Behavioural brain research,ventral striatum,structural connectivity,impulsivity (general),severe AUD,correlates_with,unclear,,direct,0.7,In the sAUD group there were significant positive correlations between certain impulsivity measures and gray matter volume of the nucleus accumbens.,39875081,vllm:qwen2.5-7b-instruct,medium
pubmed,30739462,Barratt Impulsiveness Scale fMRI,"Differentiation between young adult Internet addicts, smokers, and healthy controls by the interaction between impulsivity and temporal lobe thickness.",2019,Journal of behavioral addictions,unknown,unknown,impulsivity (general),"Internet addiction, smokers, healthy controls",correlates_with,unclear,,direct,0.7,Internet addicts had a thinner left superior temporal cortex than controls.,30739462,vllm:qwen2.5-7b-instruct,high
pubmed,24655656,Barratt Impulsiveness Scale fMRI,Increased structural connectivity in corpus callosum in adolescent males with conduct disorder.,2014,Journal of the American Academy of Child and Adolescent Psychiatry,unknown,structural connectivity,impulsivity (general),conduct disorder,associated_with,higher,,direct,0.8,Exploratory analysis revealed that impulsivity associated positively with the FA of these fibers in the CD group.,24655656,vllm:qwen2.5-7b-instruct,high
pubmed,28423021,Barratt Impulsiveness Scale fMRI,Trait impulsivity components correlate differently with proactive and reactive control.,2017,PloS one,frontoparietal/control network,functional connectivity,nonplanning impulsivity,unknown,correlates_with,higher,,direct,0.9,Higher motor impulsiveness was associated with a larger proactive control effect in the inferior parietal lobule and a smaller reactive control effect in the right dorsolateral prefrontal cortex (DLPFC) and anterior cingulate contex.,28423021,vllm:qwen2.5-7b-instruct,high
pubmed,24582821,Barratt Impulsiveness Scale fMRI,Differential associations between impulsivity and risk-taking and brain activations underlying working memory in adolescents.,2014,Addictive behaviors,unknown,unknown,impulsivity (general),unknown,associated_with,unclear,,direct,0.7,"The BIS-11A evidenced that motor impulsivity was associated with activity in regions recruited during all stages of working memory, while attention and non-planning impulsivity was only associated with activity in regions recruited during recognition.",24582821,vllm:qwen2.5-7b-instruct,high
pubmed,40037660,Barratt Impulsiveness Scale fMRI,Impulse control deficits among patients with nonsuicidal self-injury: a mediation analysis based on structural imaging.,2025,Journal of psychiatry & neuroscience : JPN,unknown,structural connectivity,nonplanning impulsivity,patients with nonsuicidal self-injury,associated_with,higher,,direct,0.8,"Patients with NSSI exhibited decreased grey matter volume and increased white matter volume, with no significant difference in cortical thickness.",40037660,vllm:qwen2.5-7b-instruct,high
pubmed,27199831,Barratt Impulsiveness Scale fMRI,Altered Gray Matter Volume and White Matter Integrity in College Students with Mobile Phone Dependence.,2016,Frontiers in psychology,unknown,structural connectivity,impulsivity (general),Mobile Phone Dependence,correlates_with,lower,,direct,0.85,"In light of underlying trait impulsivity, results revealed decreased GMV in the MPD group relative to controls in regions such as the right superior frontal gyrus (sFG), right inferior frontal gyrus (iFG), and bilateral thalamus (Thal).",27199831,vllm:qwen2.5-7b-instruct,high
pubmed,33316716,Barratt Impulsiveness Scale fMRI,Cingulate white matter volume and associated cognitive and behavioral impulsivity in Veterans with a history of suicide behavior.,2021,Journal of affective disorders,unknown,structural connectivity,nonplanning impulsivity,Veterans with a history of suicide behavior,correlates_with,lower,,direct,0.85,"non-planning on the BIS was negatively correlated with left rACC WMV for Veterans with a history of SA, p = .04.",33316716,vllm:qwen2.5-7b-instruct,high
pubmed,26483645,Barratt Impulsiveness Scale fMRI,"fMRI investigation of response inhibition, emotion, impulsivity, and clinical high-risk behavior in adolescents.",2015,Frontiers in systems neuroscience,unknown,functional connectivity,impulsivity (general),unknown,associated_with,higher,,direct,0.8,ARBS risk scores correlated highly (0.78) with impulsivity scores from the Barratt Impulsivity scale (BIS).,26483645,vllm:qwen2.5-7b-instruct,high
pubmed,29034964,Barratt Impulsiveness Scale fMRI,Hemispheric asymmetry of the frontolimbic cortex in young adults with borderline personality disorder.,2017,Acta psychiatrica Scandinavica,unknown,unknown,nonplanning impulsivity,borderline personality disorder,correlates_with,higher,,direct,0.8,greater asymmetry of AI&ACC correlated with a higher score in attention subscale of Barratt Impulsiveness Scale.,29034964,vllm:qwen2.5-7b-instruct,high
pubmed,18465751,Barratt Impulsiveness Scale fMRI,A voxel-based morphometry study of frontal gray matter correlates of impulsivity.,2009,Human brain mapping,unknown,structural connectivity,impulsivity (general),unknown,inversely correlated,lower,,direct,0.85,"GM volumes of the left and right OFC were inversely correlated with the BIS total score (P = 0.04 and 0.02, respectively).",18465751,vllm:qwen2.5-7b-instruct,high
pubmed,26711526,Barratt Impulsiveness Scale fMRI,"Impulsivity across the psychosis spectrum: Correlates of cortical volume, suicidal history, and social and global function.",2016,Schizophrenia research,unknown,unknown,impulsivity (general),"schizophrenia, schizoaffective disorder, psychotic bipolar disorder",associated_with,higher,,direct,0.8,"BIS scores were found to differ significantly between participant groups, with SZA and PBP exhibiting significantly higher impulsivity than SZ, which exhibited significantly higher impulsivity than HC.",26711526,vllm:qwen2.5-7b-instruct,high
pubmed,25142098,Barratt Impulsiveness Scale fMRI,Dopamine D(2/3) receptor availability and human cognitive impulsivity: a high-resolution positron emission tomography imaging study with [¹¹C]raclopride.,2014,Acta neuropsychiatrica,unknown,unknown,nonplanning impulsivity,unknown,associated_with,higher,,direct,0.85,The analysis revealed that the non-planning (p = 0.004) and attentional (p = 0.007) impulsiveness subscale scores on the BIS-11 had significant positive correlations with D(2/3) receptor availability in the pre-commissural dorsal caudate.,25142098,vllm:qwen2.5-7b-instruct,high
pubmed,28695069,Barratt Impulsiveness Scale fMRI,Morphological connectivity correlates with trait impulsivity in healthy adults.,2017,PeerJ,unknown,functional connectivity,impulsivity (general),unknown,correlates_with,unclear,,direct,0.8,"The BIS total score was found to correlate with the MCs between the ACC and two other brain regions in the right hemisphere: the inferior frontal gyrus (IFG), a well-established structure for inhibition control; the inferior temporal gyrus (ITG), which has been previously shown to be associated with hyperactive/impulsivity symptoms.",28695069,vllm:qwen2.5-7b-instruct,high
pubmed,26187551,Barratt Impulsiveness Scale fMRI,Self-reported impulsivity is negatively correlated with amygdalar volumes in cocaine dependence.,2015,Psychiatry research,unknown,structural connectivity,nonplanning impulsivity,cocaine-dependent individuals,correlates_with,lower,,direct,0.9,"Cocaine-dependent individuals showed significant negative correlations between amygdalar volumes and scores on the BIS-11 Attentional subscale, and this relationship differed significantly from the non-significant relationship in healthy comparison subjects.",26187551,vllm:qwen2.5-7b-instruct,high
pubmed,32428790,Barratt Impulsiveness Scale fMRI,Higher impulsivity and lower grey matter volume in the bilateral prefrontal cortex in long-term abstinent individuals with severe methamphetamine use disorder.,2020,Drug and alcohol dependence,unknown,BOLD variability,impulsivity (general),severe methamphetamine use disorder,correlates_with,lower,,direct,0.85,We observed significantly higher BIS-11 impulsivity scores and lower GMV in the bilateral superior frontal cortex of SMUD-A individuals than in those of control subjects.,32428790,vllm:qwen2.5-7b-instruct,high
pubmed,36036413,Barratt Impulsiveness Scale fMRI,[Low doses of quetiapine (Seroquel) as an impulsivity corrector in patients with bipolar affective disorder in remission].,2022,Zhurnal nevrologii i psikhiatrii imeni S.S. Korsakova,unknown,functional connectivity,impulsivity (general),bipolar affective disorders in remission,correlates_with,higher,,direct,0.8,"The data of fMRI showed an increase in the connectivity of the cortex of the central and parietal tegmentum of the left hemisphere with other areas of the brain, which correlated with the changes in psychometric and test parameters.",36036413,vllm:qwen2.5-7b-instruct,high
pubmed,30658245,Barratt Impulsiveness Scale fMRI,"A preliminary investigation of impulsivity, aggression and white matter in patients with bipolar disorder and a suicide attempt history.",2019,Journal of affective disorders,unknown,structural connectivity,impulsivity (general),bipolar disorder with a suicide attempt history,correlates_with,higher,,direct,0.7,"In patients with BD+S, however, higher FA in the anterior (but not the posterior) brain regions correlated with greater overall impulsivity on the UPPS-P Impulsive Behavior Scale.",30658245,vllm:qwen2.5-7b-instruct,high
pubmed,40845440,Barratt Impulsiveness Scale fMRI,"A multimethod examination of impulsivity and its association with gamma-aminobutyric acid (GABA), glutamate, and other neurometabolite levels in youth who do and do not use alcohol.",2025,Addictive behaviors,unknown,unknown,impulsivity (general),youth who use alcohol vs. healthy controls,associated_with,higher,,direct,0.7,"Compared to controls, youth who use alcohol had higher impulsivity on the BIS-11 attentional, non-planning, and motor subscales.",40845440,vllm:qwen2.5-7b-instruct,high
pubmed,12079725,Barratt Impulsiveness Scale fMRI,"Frontal white matter microstructure, aggression, and impulsivity in men with schizophrenia: a preliminary study.",2002,Biological psychiatry,unknown,structural connectivity,impulsivity (general),schizophrenia,associated_with,higher,,direct,0.8,Lower fractional anisotropy in right inferior frontal white matter was associated with higher motor impulsiveness.,12079725,vllm:qwen2.5-7b-instruct,high
pubmed,20406530,Barratt Impulsiveness Scale fMRI,Impulsivity and neural correlates of response inhibition in schizophrenia.,2011,Psychological medicine,unknown,functional connectivity,impulsivity (general),schizophrenia,associated_with,higher,,direct,0.85,"This correlation involves a unique cluster localized within the right ventrolateral prefrontal cortex (VLPFC), a key node of the brain network subserving response inhibition.",20406530,vllm:qwen2.5-7b-instruct,high
pubmed,21480730,Barratt Impulsiveness Scale fMRI,Why so impulsive? White matter alterations are associated with impulsivity in chronic marijuana smokers.,2011,Experimental and clinical psychopharmacology,unknown,structural connectivity,impulsivity (general),chronic marijuana smokers,associated_with,higher,,direct,0.9,"MJ smokers also had significantly higher BIS total and motor subscale scores relative to NS, which were positively correlated with left frontal FA values.",21480730,vllm:qwen2.5-7b-instruct,high
pubmed,19019636,Barratt Impulsiveness Scale fMRI,Structural brain abnormalities in borderline personality disorder: a voxel-based morphometry study.,2008,Psychiatry research,unknown,unknown,impulsivity (general),borderline personality disorder,correlates_with,unclear,,indirect,0.5,"Covarying for impulsivity, as determined by the Barratt Impulsiveness Scale, rendered all previously noted voxel-level group differences non-significant.",19019636,vllm:qwen2.5-7b-instruct,medium
pubmed,25104290,Barratt Impulsiveness Scale fMRI,Abnormal white matter integrity in chronic users of codeine-containing cough syrups: a tract-based spatial statistics study.,2015,AJNR. American journal of neuroradiology,unknown,structural connectivity,impulsivity (general),chronic codeine-containing syrup users,correlates_with,lower,,direct,0.8,"There were significant negative correlations among fractional anisotropy values of the right frontal region of the inferior fronto-occipital fasciculus and the right superior corona radiata WM and Barratt Impulsiveness Scale total scores, and between the right frontal region of the inferior fronto-occipital fasciculus and nonplan impulsivity scores in chronic codeine-containing syrup users.",25104290,vllm:qwen2.5-7b-instruct,high
pubmed,22336565,Barratt Impulsiveness Scale fMRI,Diminished frontostriatal activity during processing of monetary rewards and losses in pathological gambling.,2012,Biological psychiatry,ventral striatum,unknown,impulsivity (general),pathological gambling,correlates_with,lower,,direct,0.8,"Activity in the ventral striatum correlated inversely with levels of impulsivity in PG participants, consistent with prior findings in alcohol dependence.",22336565,vllm:qwen2.5-7b-instruct,high
pubmed,24177988,Barratt Impulsiveness Scale fMRI,Neural substrates of inhibitory control deficits in 22q11.2 deletion syndrome.,2015,"Cerebral cortex (New York, N.Y. : 1991)",unknown,unknown,impulsivity (general),22q11.2 deletion syndrome,associated_with,higher,,indirect,0.7,RI-related activity within left middle frontal gyrus and basal ganglia was associated with severity of self-reported cognitive impulsivity.,24177988,vllm:qwen2.5-7b-instruct,medium
pubmed,27738995,Barratt Impulsiveness Scale fMRI,The relationship of impulsivity and cortical thickness in depressed and non-depressed adolescents.,2017,Brain imaging and behavior,unknown,unknown,impulsivity (general),MDD,moderates,unclear,,direct,0.8,"For the middle frontal gyrus, non-MDD participants showed a strong positive association between cortical thickness and BIS-11 Motor scores, while MDD-diagnosed participants showed a negative association.",27738995,vllm:qwen2.5-7b-instruct,high
pubmed,24656768,Barratt Impulsiveness Scale fMRI,"Impulsivity, aggression and brain structure in high and low lethality suicide attempters with borderline personality disorder.",2014,Psychiatry research,unknown,unknown,impulsivity (general),borderline personality disorder,related_to,unclear,,indirect,0.7,Effects of impulsivity and aggression on gray matter volumes discriminated High from Low Lethality attempters and differed markedly within lethality groups.,24656768,vllm:qwen2.5-7b-instruct,medium
pubmed,26772668,Barratt Impulsiveness Scale fMRI,"High trait aggression in men is associated with low 5-HT levels, as indexed by 5-HT4 receptor binding.",2016,Social cognitive and affective neuroscience,unknown,unknown,impulsivity (general),unknown,associated_with,higher,,indirect,0.8,"Among male subjects, there was a positive correlation between global 5-HT4R and BPAQ total score (P = 0.037) as well as BPAQ physical aggression (P = 0.025).",26772668,vllm:qwen2.5-7b-instruct,medium
pubmed,31718806,Barratt Impulsiveness Scale neuroimaging,Confirmatory factor analysis of the Barratt Impulsiveness Scale-short form (BIS-15) in patients with mental disorders.,2020,Psychiatry research,unknown,unknown,impulsivity (general),patients with mental disorders,unknown,unclear,,background,,,31718806,vllm:qwen2.5-7b-instruct,low
pubmed,32535505,Barratt Impulsiveness Scale neuroimaging,"The abbreviated version of the Barratt Impulsiveness Scale (ABIS): Psychometric analysis, reliable change indexes in clinical practice and normative data.",2020,Psychiatry research,unknown,unknown,impulsivity (general),unknown,unknown,unclear,,background,,,32535505,vllm:qwen2.5-7b-instruct,low
pubmed,17365120,Barratt Impulsiveness Scale neuroimaging,Normative data and a short form of the Barratt Impulsiveness Scale.,2007,The International journal of neuroscience,unknown,unknown,impulsivity (general),unknown,unknown,unclear,,background,,,17365120,vllm:qwen2.5-7b-instruct,low
pubmed,30832195,Barratt Impulsiveness Scale neuroimaging,"Thai adaptation and reliability of three versions of the Barratt Impulsiveness Scale (BIS 11, BIS-15, and BIS-Brief).",2019,Psychiatry research,unknown,unknown,impulsivity (general),unknown,unknown,unclear,,background,,,30832195,vllm:qwen2.5-7b-instruct,low
pubmed,30504061,Barratt Impulsiveness Scale neuroimaging,Relationship between quality of life in young adults and impulsivity/compulsivity✰.,2019,Psychiatry research,unknown,unknown,impulsivity (general),unknown,associated_with,lower,,background,0.8,"Worse quality of life was also significantly explained by higher impulsiveness on the Barratt scale,",30504061,vllm:qwen2.5-7b-instruct,medium
pubmed,40706276,Barratt Impulsiveness Scale neuroimaging,"Low-grade inflammation, cognitive dysfunction, impulsivity, and appetite hormone dysregulation in adolescents with attention deficit hyperactivity disorder.",2025,Psychiatry research,unknown,unknown,impulsivity (general),ADHD,associated_with,higher,,indirect,0.8,"Among the adolescents with ADHD, 16 (18.2 %) were categorized into the low-grade inflammation group. Generalized linear models, adjusted for age, sex, and SNAP-IV scores, revealed that adolescents with ADHD and low-grade inflammation had the highest self-reported overall impulsiveness (BIS total scores; p = 0.006), inattention (BIS-attention subscale scores; p = 0.005), and poor self-control (BIS-self-control subscale scores; p = 0.006).",40706276,vllm:qwen2.5-7b-instruct,medium
pubmed,37969475,Barratt Impulsiveness Scale neuroimaging,Evaluation of Optical Coherence Tomography Findings in Antisocial Personality Disorder Patients.,2023,Alpha psychiatry,unknown,unknown,impulsivity (general),antisocial personality disorder,associated_with,higher,,direct,0.8,"The Barratt Impulsivity Scale-motor (P < .001), Barratt Impulsivity Scale-non-planning dimension (P < .001), and Barratt Impulsivity Scale-total scores (P < .001) of the patients were significantly higher when compared to the controls.",37969475,vllm:qwen2.5-7b-instruct,high
pubmed,26277035,Barratt Impulsiveness Scale neuroimaging,BDNF concentration and impulsiveness level in post-traumatic stress disorder.,2015,Psychiatry research,unknown,unknown,impulsivity (general),post-traumatic stress disorder,associated_with,higher,,direct,0.8,"Results indicate a positive correlation in the PTSD group; that is, the higher the BDNF levels the higher the impulsiveness score, as measured by the Barratt Impulsiveness Scale (BIS-11), suggesting that impulsiveness could be associated with greater BDNF production.",26277035,vllm:qwen2.5-7b-instruct,high
pubmed,15541779,Barratt Impulsiveness Scale neuroimaging,Nicotine use in schizophrenia and disinhibition.,2004,Psychiatry research,unknown,unknown,nonplanning impulsivity,schizophrenia or schizoaffective disorder,correlates_with,higher,,indirect,0.8,The differences were found exclusively with the 'disinhibition' subscale. No significant difference was found for impulsivity and physical anhedonia mean scores.,15541779,vllm:qwen2.5-7b-instruct,medium
pubmed,38645237,Barratt Impulsiveness Scale neuroimaging,Reward Circuit Local Field Potential Modulations Precede Risk Taking.,2024,bioRxiv : the preprint server for biology,unknown,unknown,impulsivity (general),unknown,associated_with,unclear,,direct,0.8,Insula risky decision power was associated with orbitofrontal cortex high-gamma reward prediction error signal ( p =0.0048) and with patient impulsivity ( p =0.00478).,38645237,vllm:qwen2.5-7b-instruct,high
pubmed,30920937,Barratt Impulsiveness Scale neuroimaging,"Interpersonal Problems in Borderline Personality Disorder: Associations With Mentalizing, Emotion Regulation, and Impulsiveness.",2021,Journal of personality disorders,unknown,unknown,impulsivity (general),borderline personality disorder,predicts,higher,,indirect,0.85,"attentional impulsiveness predicted interpersonal problems directly, whereas hypomentalizing predicted interpersonal problems only indirectly throughout emotion dysregulation and attentional impulsiveness.",30920937,vllm:qwen2.5-7b-instruct,high
pubmed,35149322,Barratt Impulsiveness Scale neuroimaging,Resting State EEG Activity Related to Impulsivity in People with Prescription Opioid Use Disorder.,2022,Psychiatry research. Neuroimaging,unknown,EEG connectivity,impulsivity (general),prescription OUD,associated_with,higher,,direct,0.85,"In patients, β1, β2, and δ activity was positively associated with disorder severity.",35149322,vllm:qwen2.5-7b-instruct,high
pubmed,27667777,Barratt Impulsiveness Scale neuroimaging,Networks underlying trait impulsivity: Evidence from voxel-based lesion-symptom mapping.,2017,Human brain mapping,unknown,unknown,impulsivity (general),unknown,associated_with,higher,,direct,0.8,"Heightened global impulsivity was associated with damage to multiple areas in bilateral prefrontal cortex (PFC), left superior, middle and inferior temporal gyrus, and left hippocampus.",27667777,vllm:qwen2.5-7b-instruct,high
pubmed,23603064,Barratt Impulsiveness Scale neuroimaging,Neural correlate of impulsivity in subjects at ultra-high risk for psychosis.,2013,Progress in neuro-psychopharmacology & biological psychiatry,unknown,unknown,impulsivity (general),ultra-high risk for psychosis,correlates_with,higher,,direct,0.8,"The gray matter volume of the ACC was negatively correlated with the motor (r = -0.472, p<0.01) and non-planning (r = -0.354, p = 0.04) scores of the BIS-11 in UHR subjects.",23603064,vllm:qwen2.5-7b-instruct,high
pubmed,33440292,Barratt Impulsiveness Scale neuroimaging,Childhood Trauma increases suicidal behaviour in a treatment-resistant depression population: a FACE-DR report.,2021,Journal of psychiatric research,unknown,unknown,impulsivity (general),Treatment-Resistant Depression,mediated_by,unclear,,indirect,0.7,"we found an association with the total CTQ scores mediated by the intensity of the current episode in a model adjusted for age and sex (total effect: β = 0.171; p = 0.011, direct effect: β = 0.135; p = 0.043; indirect effect: β = 0.036; p = 0.048).",33440292,vllm:qwen2.5-7b-instruct,medium
pubmed,25071497,Barratt Impulsiveness Scale neuroimaging,A model-based analysis of impulsivity using a slot-machine gambling paradigm.,2014,Frontiers in human neuroscience,unknown,unknown,impulsivity (general),unknown,correlates_with,higher,,direct,0.8,"we found that impulsivity, as measured independently by the 11th revision of the Barratt Impulsiveness Scale (BIS-11), correlated significantly with an aggregate read-out of the following gambling responses: bet increases (BIs), machines switches (MS), casino switches (CS), and double-ups (DUs).",25071497,vllm:qwen2.5-7b-instruct,high
pubmed,33113453,Barratt Impulsiveness Scale neuroimaging,Suicide behavior is associated with childhood emotion dysregulation but not trait impulsivity in first episode psychosis.,2020,Psychiatry research,unknown,unknown,impulsivity (general),first episode psychosis,associated_with,unclear,,background,0.7,"However, other impulsivity types, and interactions were not associated with a history of SI or SB.",33113453,vllm:qwen2.5-7b-instruct,medium
pubmed,30071388,Barratt Impulsiveness Scale neuroimaging,Sleep and circadian rhythm function and trait impulsivity: An actigraphy study.,2018,Psychiatry research,unknown,unknown,impulsivity (general),unknown,associated_with,unclear,,background,0.6,"High impulsive individuals displayed phase-delayed patterns of sleep, a decreased total sleep time and sleep efficiency, and disrupted circadian function.",30071388,vllm:qwen2.5-7b-instruct,medium
pubmed,19758706,Barratt Impulsiveness Scale neuroimaging,Are self-injurers impulsive?: Results from two behavioral laboratory studies.,2009,Psychiatry research,unknown,unknown,impulsivity (general),self-injurers,correlates_with,higher,,indirect,0.5,"In both studies, self-injurers reported greater impulsiveness;",19758706,vllm:qwen2.5-7b-instruct,medium
pubmed,34274904,Barratt Impulsiveness Scale neuroimaging,Dimensions of impulsivity related to psychopathic traits and homicidal behavior among incarcerated male youth offenders.,2021,Psychiatry research,unknown,unknown,impulsivity (general),"psychopathic traits, Psychopathy Checklist: Youth Version (PCL:YV), Barratt Impulsiveness Scale (BIS-11)",correlated_with,higher,,indirect,0.85,"Correlational analyses indicated PCL:YV total, Factor 2, Facet 3, and Facet 4 scores were significantly positively correlated with BIS-11 total scores.",34274904,vllm:qwen2.5-7b-instruct,high
pubmed,29649673,Barratt Impulsiveness Scale neuroimaging,The relationship between impulsivity and panic disorder-agoraphobia: The role of affective temperament.,2018,Psychiatry research,unknown,unknown,impulsivity (general),panic disorder (PD),correlates_with,unclear,,indirect,0.7,"Positive and negative correlations were found between some PAS and BIS-11 scores as well as correlations between especially cyclothymic, hyperthymic, irritable and anxious subscale scores of the TEMPS-A and the BIS-11 scores in the patient group.",29649673,vllm:qwen2.5-7b-instruct,medium
pubmed,29677623,Barratt Impulsiveness Scale neuroimaging,Cerebrospinal fluid FGF23 levels correlate with a measure of impulsivity.,2018,Psychiatry research,unknown,unknown,impulsivity (general),unknown,correlates_with,unclear,,direct,0.8,"Negative correlations were found between CSF FGF23 concentrations and BIS non-planning, BIS cognition and BIS total score (all p < 0.05).",29677623,vllm:qwen2.5-7b-instruct,high
pubmed,37731603,Barratt Impulsiveness Scale neuroimaging,Dual-site beta tACS over rIFG and M1 enhances response inhibition: A parallel multiple control and replication study.,2023,International journal of clinical and health psychology : IJCHP,unknown,EEG connectivity,unknown,unknown,enhances,higher,,direct,0.85,"In Experiment 1, 70 healthy participants were randomly assigned to three dual-site beta-tACS groups, including in-phase, anti-phase or sham stimulation. During and after stimulation, participants were required to complete the stop-signal task, and electroencephalography (EEG) was collected before and after stimulation.",37731603,vllm:qwen2.5-7b-instruct,high
pubmed,30384282,Barratt Impulsiveness Scale neuroimaging,CSF glutamate level decreases in heavy smokers and negatively correlates with BDI scores.,2018,Psychiatry research,unknown,unknown,impulsivity (general),unknown,correlates_with,higher,,indirect,0.75,"BIS action scores, total scores and BDI scores were significantly different between the groups.",30384282,vllm:qwen2.5-7b-instruct,medium
pubmed,37992775,Barratt Impulsiveness Scale neuroimaging,Indirect effect of impulsivity on suicide risk through self-esteem and depressive symptoms in a population with treatment-resistant depression: A FACE-DR study.,2024,Journal of affective disorders,unknown,unknown,impulsivity (general),treatment-resistant depression,associated_with,unclear,mediated by self-esteem and depressive symptoms,indirect,0.6,"There was no direct link to suicide risk. However, impulsivity was associated with self-esteem (coefficient: -0.24; p value 0.043) and depressive symptom severity (coefficient: 0.; p value 0.045).",37992775,vllm:qwen2.5-7b-instruct,medium
pubmed,39116689,Barratt Impulsiveness Scale neuroimaging,Impulsivity as a predictor of clinical and psychological outcomes in a naturalistic prospective cohort of subjects at ultra-high risk (UHR) for psychosis from Tunisia.,2024,Psychiatry research,unknown,unknown,impulsivity (general),Ultra High Risk (UHR) for psychosis,predicts,higher,,indirect,0.75,higher baseline BIS-11 motor impulsivity significantly predicted more severe positive psychotic symptoms at 12 months of follow-up.,39116689,vllm:qwen2.5-7b-instruct,medium
pubmed,15996748,Barratt Impulsiveness Scale neuroimaging,Correlates of trait impulsiveness in performance measures and neuropsychological tests.,2005,Psychiatry research,unknown,unknown,impulsivity (general),unknown,correlates_with,unclear,,background,,,15996748,vllm:qwen2.5-7b-instruct,low
pubmed,35170659,Barratt Impulsiveness Scale neuroimaging,Relationship between optical coherence tomography findings and clinical variables in patients with opiate use disorder.,2023,Arquivos brasileiros de oftalmologia,unknown,unknown,impulsivity (general),opiate use disorder,correlates_with,unclear,,background,,,35170659,vllm:qwen2.5-7b-instruct,low
pubmed,29337234,Barratt Impulsiveness Scale neuroimaging,Electrophysiological Activity Prior to Self-initiated Movements is Related to Impulsive Personality Traits.,2018,Neuroscience,unknown,EEG connectivity,impulsivity (general),unknown,correlates_with,higher,,direct,0.85,"In particular, the RP showed an earlier negative rising phase and a greater amplitude, with the increasing of BIS-11 scores.",29337234,vllm:qwen2.5-7b-instruct,high
pubmed,32977054,Barratt Impulsiveness Scale neuroimaging,Impulsivity as a multifactorial construct and its relationship to PTSD severity and threat sensitivity.,2020,Psychiatry research,unknown,unknown,impulsivity (general),PTSD,associated_with,higher,,unclear,0.8,PTSD severity was significantly associated with greater overall impulsivity and behavioral impulsivity.,32977054,vllm:qwen2.5-7b-instruct,high
pubmed,23122556,Barratt Impulsiveness Scale neuroimaging,Decision-making and impulsivity in eating disorder patients.,2013,Psychiatry research,unknown,unknown,impulsivity (general),eating disorder patients,correlates_with,lower,,indirect,0.7,"impulsivity was negatively correlated with decision-making, but only in the binge/purging group.",23122556,vllm:qwen2.5-7b-instruct,medium
pubmed,32554185,Barratt Impulsiveness Scale neuroimaging,Adult attention-deficit hyperactivity disorder and clinical correlates of delayed sleep phase disorder.,2020,Psychiatry research,unknown,unknown,impulsivity (general),ADHD,associated_with,unclear,,background,,,32554185,vllm:qwen2.5-7b-instruct,low
pubmed,33426970,Barratt Impulsiveness Scale neuroimaging,Add-on repetitive transcranial magnetic stimulation in patients with opioid use disorder undergoing methadone maintenance therapy.,2021,The American journal of drug and alcohol abuse,unknown,unknown,impulsivity (general),OUD participants undergoing MMT,correlates_with,lower,,direct,0.8,"However, HDRS scores, BIS-11 attentional subscales, and CPTs commission T-scores (C-TS) were significantly lower in the active rTMS group (P = .003, 0.04, and 0.02, respectively) than in the sham group.",33426970,vllm:qwen2.5-7b-instruct,high
pubmed,25819744,Barratt Impulsiveness Scale neuroimaging,Distinct domains of impulsivity are impaired in juvenile myoclonic epilepsy but not in temporal lobe epilepsy.,2015,Epilepsy & behavior : E&B,unknown,unknown,impulsivity (general),"juvenile myoclonic epilepsy, temporal lobe epilepsy",associated_with,higher,,direct,0.8,"Patients with JME showed higher scores than patients with TLE and controls in all domains: motor (JME vs TLE: 28.60 vs 13.25 (mean score), p<0.001 and JME vs controls: 28.60 vs 14.12, p<0.001), attentional (JME vs TLE: 21.55 vs 13.45, p<0.001 and JME vs controls: 21.55 vs 14.88, p<0.001) and nonplanning (JME vs TLE: 28.05 vs 13.10, p<0.001 and JME vs controls: 28.05 vs 16.15, p<0.001).",25819744,vllm:qwen2.5-7b-instruct,high
pubmed,32450451,Barratt Impulsiveness Scale neuroimaging,"Problematic Internet use (PIU), personality profiles and emotion dysregulation in a cohort of young adults: trajectories from risky behaviors to addiction.",2020,Psychiatry research,unknown,unknown,impulsivity (general),unknown,unknown,unclear,,background,,,32450451,vllm:qwen2.5-7b-instruct,low
pubmed,10359481,Barratt Impulsiveness Scale neuroimaging,Etiology of the impulsivity/aggression relationship: genes or environment?,1999,Psychiatry research,unknown,unknown,impulsivity (general),unknown,associated_with,unclear,,background,0.5,,10359481,vllm:qwen2.5-7b-instruct,medium
pubmed,20478631,Barratt Impulsiveness Scale neuroimaging,Relationship between impulsivity and decision making in cocaine dependence.,2010,Psychiatry research,unknown,unknown,impulsivity (general),cocaine-dependent subjects,correlates_with,unclear,,background,0.5,,20478631,vllm:qwen2.5-7b-instruct,medium
pubmed,21665292,Barratt Impulsiveness Scale neuroimaging,Impulsivity and internalizing disorders in childhood.,2011,Psychiatry research,unknown,unknown,impulsivity (general),"internalizing disorders, depression, anxiety",correlates_with,unclear,,background,0.7,"Impulsivity was related to measures of anxiety, depression and aggressive behavior, and showed higher relationships with measures of internalizing symptoms than with aggression.",21665292,vllm:qwen2.5-7b-instruct,medium
pubmed,28783574,Barratt Impulsiveness Scale neuroimaging,Go/No-Go task performance predicts differences in compulsivity but not in impulsivity personality traits.,2017,Psychiatry research,unknown,unknown,impulsivity (general),unknown,predicts,higher,,indirect,0.7,"Surprisingly, no relation was found between the Go/No-Go task and the BIS-11 scale.",28783574,vllm:qwen2.5-7b-instruct,medium
pubmed,20832123,Barratt Impulsiveness Scale neuroimaging,Platelet [³H] paroxetine binding in female patients with borderline personality disorder and their sisters.,2011,Psychiatry research,unknown,unknown,impulsivity (general),borderline personality disorder,associated_with,unclear,,background,0.2,There were no differences on B(max). Neither B(max) nor K(d) was related to most trait or symptomatic measures.,20832123,vllm:qwen2.5-7b-instruct,low
pubmed,30616125,Barratt Impulsiveness Scale neuroimaging,A multi-dimensional evaluation of craving and impulsivity among people admitted for alcohol-related problems in emergency department.,2019,Psychiatry research,unknown,unknown,impulsivity (general),alcohol misuse,associated_with,unclear,,background,,,30616125,vllm:qwen2.5-7b-instruct,low
pubmed,28675825,Barratt Impulsiveness Scale neuroimaging,The association between in vivo central noradrenaline transporter availability and trait impulsivity.,2017,Psychiatry research. Neuroimaging,unknown,unknown,impulsivity (general),unknown,correlates_with,lower,,direct,0.8,"applying both voxel-wise and volume-of-interest (VOI) based analyses, we found that distribution volume ratios (DVR) used as PET outcome measures negatively correlated with BIS-11 total scores in the orbitofrontal cortex (OFC) and in the hippocampus as well as in parts of the cerebellar cortex.",28675825,vllm:qwen2.5-7b-instruct,high
pubmed,24608747,Barratt Impulsiveness Scale neuroimaging,Trait impulsivity is associated with the risk of falls in Parkinson's disease.,2014,PloS one,unknown,unknown,impulsivity (general),Parkinson's disease,associated_with,higher,,indirect,0.8,Total impulsivity scores were higher for recurrent fallers (59.5) compared to non-fallers (56.8; p = .012).,24608747,vllm:qwen2.5-7b-instruct,high
pubmed,27371803,Barratt Impulsiveness Scale neuroimaging,Risk-taking behavior and impulsivity among HCV-infected patients.,2016,Psychiatry research,unknown,unknown,impulsivity (general),HCV-infected patients,associated_with,higher,,indirect,0.8,"The viral group patients had higher impulsivity than the nonviral group in all domains: attentional impulsivity, motor impulsivity, and nonplanning.",27371803,vllm:qwen2.5-7b-instruct,high
pubmed,22766012,Barratt Impulsiveness Scale neuroimaging,"Neuropsychological performance, impulsivity, ADHD symptoms, and novelty seeking in compulsive buying disorder.",2012,Psychiatry research,unknown,unknown,impulsivity (general),compulsive buying disorder,correlates_with,higher,,indirect,0.8,"Compulsive buyers had elevated levels of self-reported depression, ADHD symptoms, trait impulsivity, and novelty seeking.",22766012,vllm:qwen2.5-7b-instruct,medium
pubmed,28391138,Barratt Impulsiveness Scale neuroimaging,Associations between serotonin transporter and behavioral traits and diagnoses related to anxiety.,2017,Psychiatry research,unknown,unknown,impulsivity (general),unknown,associated_with,higher,,direct,0.85,"High (but not low)-risk offspring with two risk (short, s) alleles had higher impulsivity (+13%).",28391138,vllm:qwen2.5-7b-instruct,high
pubmed,26648853,Barratt Impulsiveness Scale neuroimaging,Impulsivity is Associated with Increased Metabolism in the Fronto-Insular Network in Parkinson's Disease.,2015,Frontiers in behavioral neuroscience,unknown,BOLD variability,impulsivity (general),Parkinson's disease,associated_with,higher,,direct,0.9,"Voxel-wise group comparison revealed higher FDG-metabolism in the orbitofrontal cortex (OFC), anterior cingulate cortex (ACC), and right insula in patients with higher impulsivity scores.",26648853,vllm:qwen2.5-7b-instruct,high
pubmed,23770040,Barratt Impulsiveness Scale neuroimaging,Resting-state beta and gamma activity in Internet addiction.,2013,International journal of psychophysiology : official journal of the International Organization of Psychophysiology,unknown,BOLD variability,impulsivity (general),Internet addiction,correlates_with,lower,,direct,0.85,"The Internet addiction group showed lower absolute power on the beta band than did the control group (estimate = -3.370, p < 0.01).",23770040,vllm:qwen2.5-7b-instruct,high
pubmed,23158972,Barratt Impulsiveness Scale neuroimaging,Impulsivity is related to striatal dopamine transporter availability in healthy males.,2013,Psychiatry research,unknown,unknown,impulsivity (general),unknown,associated_with,higher,,direct,0.85,greater dopamine transporter availability was associated with higher BIS impulsivity,23158972,vllm:qwen2.5-7b-instruct,high
pubmed,22749228,Barratt Impulsiveness Scale neuroimaging,Behavioral and cognitive impulsivity in obsessive-compulsive disorder and eating disorders.,2012,Psychiatry research,unknown,unknown,impulsivity (general),"obsessive-compulsive disorder, eating disorder",associated_with,higher,,indirect,0.75,"Compared to controls, both clinical groups reported higher levels of impulsivity on the BIS-11",22749228,vllm:qwen2.5-7b-instruct,medium
pubmed,24612970,Barratt Impulsiveness Scale neuroimaging,"Anxiety, depression, impulsivity and substance misuse in violent and non-violent adolescent boys in detention in China.",2014,Psychiatry research,unknown,unknown,impulsivity (general),unknown,predicts,higher,,indirect,0.8,"Violent offenders had significantly higher BIS-11 total scores, and attention and nonplanning subscale scores (p<0.05).",24612970,vllm:qwen2.5-7b-instruct,high
pubmed,31616015,Barratt Impulsiveness Scale neuroimaging,Subjective estimates of uncertainty during gambling and impulsivity after subthalamic deep brain stimulation for Parkinson's disease.,2019,Scientific reports,unknown,unknown,impulsivity (general),Parkinson's disease,associated_with,higher,subjective estimates of uncertainty (environmental volatility),direct,0.85,"Moreover, changes in these parameter estimates were significantly associated with the maximum post-operative change in impulsivity over a six month follow up period.",31616015,vllm:qwen2.5-7b-instruct,high
pubmed,27449004,Barratt Impulsiveness Scale neuroimaging,"The association of Internet addiction symptoms with impulsiveness, loneliness, novelty seeking and behavioral inhibition system among adults with attention-deficit/hyperactivity disorder (ADHD).",2016,Psychiatry research,unknown,unknown,impulsivity (general),attention-deficit/hyperactivity disorder (ADHD),predicts,higher,,indirect,0.85,"Adults with high impulsiveness, loneliness, and BIS should be treated with caution for preventing Internet addiction.",27449004,vllm:qwen2.5-7b-instruct,medium
pubmed,29120849,Barratt Impulsiveness Scale neuroimaging,Genetic analysis of impulsive personality traits: Examination of a priori candidates and genome-wide variation.,2018,Psychiatry research,unknown,unknown,impulsivity (general),unknown,unknown,unclear,,background,,,29120849,vllm:qwen2.5-7b-instruct,low
pubmed,24373553,Barratt Impulsiveness Scale neuroimaging,Anhedonia in Parkinson's disease patients with and without pathological gambling: a case-control study.,2014,Psychiatry research,unknown,unknown,impulsivity (general),Pathological Gambling (PG) and other Impulse Control Disorders (ICDs),correlates_with,higher,,indirect,0.8,"The PG-group, compared to the ICDs-group and PD-controls, reported a significantly higher incidence of anhedonia (45% vs. 9% vs. 14% respectively), higher Snaith-Hamilton Pleasure Scale (SHAPS) scores (2.0±1.3 vs. 1.0±1.1 vs. 1.0±1.2), higher levels of impulsivity traits as measured by the Barratt Impulsiveness Scale (70.0±10.6 vs. 64.8±11 vs. 60.9±9.3) and more severe frontal dysfunctions (Frontal Assessment Battery, FAB: 12.4±4.9 vs. 15.5±1.6 vs. 14.4±3).",24373553,vllm:qwen2.5-7b-instruct,medium
pubmed,27614152,Barratt Impulsiveness Scale neuroimaging,"Impulsivity, implicit attitudes and explicit cognitions, and alcohol dependence as predictors of pathological gambling.",2016,Psychiatry research,unknown,unknown,impulsivity (general),"pathological gamblers, alcohol dependent",predicts,higher,,indirect,0.8,"Impulsivity (BIS-11) and changes in implicit attitudes (IAT) were able to discriminate between pathological gamblers and controls, the latter being less impulsive and having fewer implicit attitudes towards gambling.",27614152,vllm:qwen2.5-7b-instruct,high
pubmed,31669801,Barratt Impulsiveness Scale neuroimaging,Increased neural activity in the right dorsolateral prefrontal cortex during a risky decision-making task is associated with cocaine use in methadone-maintained patients.,2019,Drug and alcohol dependence,unknown,functional connectivity,impulsivity (general),methadone-maintained patients,associated_with,higher,,direct,0.8,"MMPs who used cocaine versus those who did not reported increased trait impulsivity on the BIS-11 Total Score (t=-2.28, p = 0.031).",31669801,vllm:qwen2.5-7b-instruct,high
pubmed,29580652,Barratt Impulsiveness Scale neuroimaging,"Gambling behavior in Parkinson's Disease: Impulsivity, reward mechanism and cortical brain oscillations.",2018,Psychiatry research,unknown,unknown,impulsivity (general),Parkinson's Disease,correlated_with,higher,,direct,0.8,Higher BAS (Behavioral Activation System) and BIS-11 (Barratt Impulsiveness Scale) personality components were correlated to groups' behavioral response.,29580652,vllm:qwen2.5-7b-instruct,high
pubmed,14675743,Barratt Impulsiveness Scale neuroimaging,Neurobiological correlates of diagnosis and underlying traits in patients with borderline personality disorder compared with normal controls.,2004,Psychiatry research,unknown,unknown,impulsivity (general),unknown,associated_with,higher,,direct,0.8,Borderline subjects with high BIS scores showed prolactin blunting.,14675743,vllm:qwen2.5-7b-instruct,high
pubmed,12860356,Barratt Impulsiveness Scale neuroimaging,"Impulsivity, gender, and response to fenfluramine challenge in borderline personality disorder.",2003,Psychiatry research,unknown,unknown,impulsivity (general),borderline personality disorder,predicts,higher,,indirect,0.8,Impulsivity and aggression each predicted prolactin responses.,12860356,vllm:qwen2.5-7b-instruct,high
pubmed,26803778,Barratt Impulsiveness Scale neuroimaging,Dysfunctional decision-making related to white matter alterations in bipolar I disorder.,2016,Journal of affective disorders,unknown,structural connectivity,impulsivity (general),bipolar I disorder,correlates_with,unclear,,indirect,0.7,They also showed more risk-taking behavior and reported increased trait-impulsivity.,26803778,vllm:qwen2.5-7b-instruct,medium
pubmed,26660886,Barratt Impulsiveness Scale neuroimaging,Functional Connectivity and Quantitative EEG in Women with Alcohol Use Disorders: A Resting-State Study.,2016,Brain topography,unknown,functional connectivity,nonplanning impulsivity,Alcohol Use Disorders,correlates_with,lower,,direct,0.85,We also found that impaired functional connectivity particularly in alpha band at fronto-central areas was negative correlated with non-planning dimension of impulsivity.,26660886,vllm:qwen2.5-7b-instruct,high
pubmed,40467551,BIS-11 fMRI impulsivity,Common neural patterns of substance use disorder: a seed-based resting-state functional connectivity meta-analysis.,2025,Translational psychiatry,unknown,functional connectivity,impulsivity (general),substance use disorder,correlates_with,lower,,direct,0.85,"Notably, the total score of the BIS-11 in SUD patients was significantly negatively correlated with reduced rsFC between the striatum and MCG.",40467551,vllm:qwen2.5-7b-instruct,high
pubmed,38092841,BIS-11 fMRI impulsivity,White matter-based brain network topological properties associated with individual impulsivity.,2023,Scientific reports,unknown,structural connectivity,impulsivity (general),unknown,associated_with,unclear,,indirect,0.7,"Though DD was associated with the BIS-11 motor impulsiveness subscale, this subscale was linked to topological properties different from DD;",38092841,vllm:qwen2.5-7b-instruct,medium
pubmed,36320407,BIS-11 fMRI impulsivity,White matter integrity and functional connectivity in adolescents with a parental history of substance use disorder.,2021,Neuroimage. Reports,unknown,structural connectivity,impulsivity (general),parental history of substance use disorder,associated_with,higher,,direct,0.8,"However, we did not find significant differences between the FH+ and FH- groups when comparing associations of BIS-11 scores and white matter integrity or functional connectivity measures.",36320407,vllm:qwen2.5-7b-instruct,medium
pubmed,32889355,BIS-11 fMRI impulsivity,Functional connectome-based biomarkers predict chronic codeine-containing cough syrup dependent.,2020,Journal of psychiatric research,unknown,functional connectivity,impulsivity (general),CCSD,predicts,higher,,direct,0.8,"The abnormal global properties (Cp and Eloc) and node properties of the prefrontal cortex were significantly correlated with clinical characteristics (BIS-11 scores, CCS abuse duration) in CCSD.",32889355,vllm:qwen2.5-7b-instruct,high
pubmed,40945612,BIS-11 fMRI impulsivity,Diffusion tensor imaging-based evaluation of white-matter tract alterations in schizophrenic patients with personality-related comorbidities.,2026,Behavioural brain research,unknown,structural connectivity,impulsivity (general),schizophrenia,correlates_with,higher,,indirect,0.7,"These abnormalities were significantly correlated with heightened impulsivity, impaired self-regulation, and increased psychosis proneness.",40945612,vllm:qwen2.5-7b-instruct,medium
pubmed,24885073,BIS-11 fMRI impulsivity,Trait impulsivity and impaired prefrontal impulse inhibition function in adolescents with internet gaming addiction revealed by a Go/No-Go fMRI study.,2014,Behavioral and brain functions : BBF,unknown,functional connectivity,impulsivity (general),Internet gaming addiction,associated_with,higher,,direct,0.8,Activation of the left superior medial frontal gyrus was positively associated with BIS-11 and Chen Internet Addiction Scale (CIAS) total score across IGA participants.,24885073,vllm:qwen2.5-7b-instruct,high
pubmed,26658924,BIS-11 fMRI impulsivity,Citicoline Treatment Improves Measures of Impulsivity and Task Performance in Chronic Marijuana Smokers: A Pilot BOLD fMRI Study.,2015,International journal of neurology and neurotherapy,unknown,unknown,impulsivity (general),unknown,improves,lower,,direct,0.8,"Following the 8 week trial, MJ smokers treated with citicoline demonstrated significantly lower levels of behavioral impulsivity,",26658924,vllm:qwen2.5-7b-instruct,high
pubmed,36124350,BIS-11 fMRI impulsivity,[The value of MR diffusion tensor imaging in assessing white matter changes in short-term methamphetamine withdrawal].,2022,Zhonghua yi xue za zhi,unknown,structural connectivity,impulsivity (general),short-term methamphetamine (MA) abstinence,correlates_with,unclear,,indirect,0.7,"There were significant differences in BIS total score(P<0.001), BIS motivational impulsivity(P<0.001) and BIS attentional impulsivity(P=0.003) between MA group and healthy control group in short-term withdrawal.",36124350,vllm:qwen2.5-7b-instruct,medium
pubmed,22858213,BIS-11 fMRI impulsivity,Reduced posterior corpus callosum area in suicidal and non-suicidal patients with bipolar disorder.,2012,Journal of affective disorders,unknown,structural connectivity,nonplanning impulsivity,bipolar disorder,associated_with,higher,,direct,0.7,"In the BP-S group, the BIS-11 total (p=0.01), attention (p=0.001) and non-planning (p=0.02) impulsivity scores were significantly higher than in the BP-NS and HC groups.",22858213,vllm:qwen2.5-7b-instruct,high
pubmed,32124022,BIS-11 fMRI impulsivity,Abnormal white matter within brain structural networks is associated with high-impulse behaviour in codeine-containing cough syrup dependent users.,2021,European archives of psychiatry and clinical neuroscience,unknown,structural connectivity,impulsivity (general),codeine-containing cough syrup dependent users,associated_with,unclear,,direct,0.8,"Structural networks of the CCSD group demonstrated lower small-world properties than those of the HC group. Abnormal changes in nodal properties among CCSD users were located mainly in the frontal gyrus, inferior parietal lobe and olfactory cortex. NBS analysis further indicated disrupted structural connections between the frontal gyrus and multiple brain regions.",32124022,vllm:qwen2.5-7b-instruct,high
pubmed,23562867,BIS-11 fMRI impulsivity,Decreased caudate response to milkshake is associated with higher body mass index and greater impulsivity.,2013,Physiology & behavior,unknown,BOLD variability,impulsivity (general),unknown,associated_with,higher,,direct,0.9,self-reported impulsivity was negatively associated with caudate response to milkshake.,23562867,vllm:qwen2.5-7b-instruct,high
pubmed,29567425,BIS-11 fMRI impulsivity,Association between self-reported impulsiveness and gray matter volume in healthy adults. An exploratory MRI study.,2018,Neuroscience letters,unknown,structural connectivity,impulsivity (general),unknown,correlates_with,unclear,,direct,0.7,"Firstly, we found negative and positive correlations between fronto-temporal and occipital areas respectively and BIS.",29567425,vllm:qwen2.5-7b-instruct,medium
pubmed,22885245,BIS-11 fMRI impulsivity,Decreased saliency processing as a neural measure of Barratt impulsivity in healthy adults.,2012,NeuroImage,unknown,functional connectivity,impulsivity (general),unknown,associated_with,lower,,direct,0.8,"Using the generalized form of psychophysiological interaction (gPPI), we showed that functional connectivity of the right insula and MFC with the left dorsolateral prefrontal cortex and bilateral visual areas were also negatively correlated with impulsivity.",22885245,vllm:qwen2.5-7b-instruct,high
pubmed,41671767,BIS-11 fMRI impulsivity,Hippocampus in the symptom architecture of schizophrenia spectrum disorders: A network analysis approach.,2026,Schizophrenia research,unknown,unknown,impulsivity (general),schizophrenia spectrum disorders,associated_with,unclear,,indirect,0.2,"Total hippocampal volume was negatively associated with PANSS (edge weight [ew] = -0.08), reversed GAF scores (ew = -0.04) and B-CATS (ew = -0.03), but showed no association with BIS-11 or NSS scores.",41671767,vllm:qwen2.5-7b-instruct,medium
pubmed,28828225,BIS-11 fMRI impulsivity,Quantifying absolute glutamate concentrations in nucleus accumbens of prescription opioid addicts by using 1H MRS.,2017,Brain and behavior,unknown,unknown,impulsivity (general),unknown,correlates_with,higher,,direct,0.8,"The glutamate concentrations correlated positively with BIS-11 scores in prescription opiate addicts (r = .671, p = .001), but not with SAS score and ASI index.",28828225,vllm:qwen2.5-7b-instruct,high
pubmed,31599080,BIS-11 fMRI impulsivity,Prefrontal GABA and glutamate levels correlate with impulsivity and cognitive function of prescription opioid addicts: A 1 H-magnetic resonance spectroscopy study.,2020,Psychiatry and clinical neurosciences,unknown,unknown,impulsivity (general),prescription opioid addiction,correlates_with,lower,,direct,0.7,GABA+ levels correlated negatively with BIS-11 scores but correlated positively with MoCA scores.,31599080,vllm:qwen2.5-7b-instruct,high
pubmed,25456522,BIS-11 fMRI impulsivity,Obsessive-compulsivity and working memory are associated with differential prefrontal cortex and insula activation in adolescents with a recent diagnosis of an eating disorder.,2014,Psychiatry research,unknown,unknown,impulsivity (general),adolescent females with eating disorder not otherwise specified (EDNOS),associated_with,unclear,,indirect,0.7,"We found that EDNOS subjects had significantly higher scores on the BIS 11, EDE-Q and OCI-R scales.",25456522,vllm:qwen2.5-7b-instruct,medium
pubmed,27329520,BIS-11 fMRI impulsivity,Larger corpus callosum and reduced orbitofrontal cortex homotopic connectivity in codeine cough syrup-dependent male adolescents and young adults.,2017,European radiology,unknown,functional connectivity,impulsivity (general),codeine-containing cough syrup dependence,correlates_with,unclear,,direct,0.7,"Moreover, impairment of VMHC was associated with the impulsive behaviour and correlated with the duration of CCS abuse in CCS-dependent male adolescents and young adults.",27329520,vllm:qwen2.5-7b-instruct,high
pubmed,41612591,BIS-11 fMRI impulsivity,Hippocampal subfield differences in people with and without recreational ketamine use: Insights from multi-modal neuroimaging.,2026,"Addiction (Abingdon, England)",unknown,functional connectivity,impulsivity (general),unknown,correlates_with,unclear,,direct,0.7,"KUs also showed increased FC between left HATA and frontal, cingulate, temporal, subcortical, insular and cerebellar regions (P < 0.05, AlphaSim corrected), which correlated with NMDA-receptor distributions (z = 0.30, P = 0.005, false discovery rate corrected).",41612591,vllm:qwen2.5-7b-instruct,high
pubmed,26578922,BIS-11 fMRI impulsivity,Decreased modulation by the risk level on the brain activation during decision making in adolescents with internet gaming disorder.,2015,Frontiers in behavioral neuroscience,unknown,functional connectivity,impulsivity (general),internet gaming disorder,correlates_with,lower,,direct,0.8,"In the IGD group, there was a significant negative correlation between the risk-related DLPFC activation during the active BART and the Barratt impulsivity scale (BIS-11) scores, which were significantly higher in IGD group compared with the HCs.",26578922,vllm:qwen2.5-7b-instruct,high
pubmed,15637640,BIS-11 fMRI impulsivity,Reduced anterior corpus callosum white matter integrity is related to increased impulsivity and reduced discriminability in cocaine-dependent subjects: diffusion tensor imaging.,2005,Neuropsychopharmacology : official publication of the American College of Neuropsychopharmacology,unknown,structural connectivity,impulsivity (general),cocaine-dependent subjects,correlates_with,higher,,direct,0.9,"Within cocaine dependent subjects there was a significant negative correlation between FA in the anterior corpus callosum and behavioral laboratory measured impulsivity, and there was a positive correlation between FA and discriminability.",15637640,vllm:qwen2.5-7b-instruct,high
pubmed,35754100,BIS-11 resting-state connectivity,Electrophysiological resting-state hyperconnectivity and poorer behavioural regulation as predisposing profiles of adolescent binge drinking.,2022,Addiction biology,unknown,functional connectivity,impulsivity (general),adolescent binge drinking,correlates_with,higher,,direct,0.8,"Furthermore, they showed higher impulsivity, dysexecutive behaviours and sensation seeking, positively correlated with functional connectivity (FC).",35754100,vllm:qwen2.5-7b-instruct,high
pubmed,30123144,BIS-11 resting-state connectivity,Resting-State Activity of Prefrontal-Striatal Circuits in Internet Gaming Disorder: Changes With Cognitive Behavior Therapy and Predictors of Treatment Response.,2018,Frontiers in psychiatry,unknown,BOLD variability,impulsivity (general),Internet gaming disorder,correlates_with,higher,,direct,0.75,the FC values of IGD group were negatively associated with the BIS-11 scores before treatment,30123144,vllm:qwen2.5-7b-instruct,high
pubmed,24286968,BIS-11 resting-state connectivity,Reduced ventral medial prefrontal cortex (vmPFC) volume and impaired vmPFC-default mode network integration in codeine-containing cough syrups users.,2014,Drug and alcohol dependence,default mode network,structural connectivity,impulsivity (general),codeine-containing cough syrups users,associated_with,higher,,direct,0.85,Significantly decreased GM volume was observed in CCS users in bilateral ventral medial prefrontal cortex (vmPFC) which was related to greater impulsivity in CCS users.,24286968,vllm:qwen2.5-7b-instruct,high
pubmed,41098388,impulsivity resting-state fMRI functional connectivity,Functional connectivity in resting-state fMRI (rs-fMRI) in opioid use disorder.,2025,The European physical journal. Special topics,"default mode network, salience/ventral attention network",functional connectivity,impulsivity (general),opioid use disorder,correlates_with,unclear,,indirect,0.6,Our preliminary rs-fMRI findings reveal significant disruptions in functional connectivity in individuals with opioid addiction within DMN and SN networks involved in cognitive functions such as decision-making and impulse control.,41098388,vllm:qwen2.5-7b-instruct,medium
pubmed,41106487,impulsivity resting-state fMRI functional connectivity,Resting-state functional connectivity alterations in intermet gaming disorder: A fMRI study combining voxel-based morphometry meta-analysis.,2025,Brain research bulletin,unknown,functional connectivity,impulsivity (general),IGD,correlates_with,unclear,,indirect,0.5,"Rs-FC analysis showed enhanced connectivity between the middle cingulate cortex and prefrontal, cingulate and Supplementary motor area in IGD, with functional connectivity values correlating with duration of illness;",41106487,vllm:qwen2.5-7b-instruct,medium
pubmed,31473543,impulsivity resting-state fMRI functional connectivity,Resting-state fMRI dynamic functional network connectivity and associations with psychopathy traits.,2019,NeuroImage. Clinical,unknown,dynamic connectivity,impulsivity (general),psychopathy traits,associated_with,unclear,,direct,0.8,individuals with higher Factor 2 scores (impulsive and antisocial behaviors) showed more dynamism (changes to and from different states) than those with lower scores.,31473543,vllm:qwen2.5-7b-instruct,high
pubmed,31868249,impulsivity resting-state fMRI functional connectivity,Characterizing impulsivity and resting-state functional connectivity in normal-weight binge eaters.,2020,The International journal of eating disorders,unknown,functional connectivity,impulsivity (general),normal-weight binge eaters,associated_with,higher,,direct,0.85,The BE group was characterized by a higher degree of trait impulsivity.,31868249,vllm:qwen2.5-7b-instruct,high
pubmed,36911119,impulsivity resting-state fMRI functional connectivity,Executive control network resting state fMRI functional and effective connectivity and delay discounting in cocaine dependent subjects compared to healthy controls.,2023,Frontiers in psychiatry,unknown,dynamic connectivity,impulsivity (general),cocaine dependent subjects compared to healthy controls,correlates_with,unclear,,direct,0.8,DCM analysis showed strong evidence for a positive association between delay discounting and effective connectivity for the RECN to LECN pathway and for the DMN to DMN self-connection.,36911119,vllm:qwen2.5-7b-instruct,high
pubmed,39129375,impulsivity resting-state fMRI functional connectivity,Triple network resting-state functional connectivity patterns of alcohol heavy drinking.,2024,"Alcohol and alcoholism (Oxford, Oxfordshire)",unknown,functional connectivity,impulsivity (general),AUD,associated_with,unclear,,direct,0.7,"Connectivity in the left LPFC was correlated with monetary delay discounting (r = .25, p = .03).",39129375,vllm:qwen2.5-7b-instruct,medium
pubmed,23486959,impulsivity resting-state fMRI functional connectivity,Resting-state functional connectivity predicts impulsivity in economic decision-making.,2013,The Journal of neuroscience : the official journal of the Society for Neuroscience,unknown,functional connectivity,impulsivity (general),unknown,predicts,higher,,direct,0.9,"Moreover, we found that the resting-state functional connectivity of the brain regions in these networks was significantly correlated with participants' discounting rate, a behavioral index of impulsivity during the DDT.",23486959,vllm:qwen2.5-7b-instruct,high
pubmed,40800818,impulsivity resting-state fMRI functional connectivity,Functional cerebello-cortico-limbic connectivity in aggression: A resting-state 7T fMRI study in healthy volunteers.,2025,"Imaging neuroscience (Cambridge, Mass.)",unknown,functional connectivity,impulsivity (general),unknown,correlates_with,higher,,direct,0.85,Associations between cortisol and FN-hypothalamus functional connectivity and between testosterone and cerebellum-sgACC functional connectivity were observed.,40800818,vllm:qwen2.5-7b-instruct,high
pubmed,28402539,impulsivity resting-state fMRI functional connectivity,Associating resting-state connectivity with trait impulsivity.,2017,Social cognitive and affective neuroscience,unknown,functional connectivity,impulsivity (general),unknown,correlates_with,unclear,,direct,0.8,"Results demonstrate a novel correlation between BAS-fun seeking and resting-state connectivity between middle OFC and putamen, implying that spontaneous synchrony between reward-processing regions may play a role in defining personality characteristics related to impulsivity.",28402539,vllm:qwen2.5-7b-instruct,high
pubmed,37270396,impulsivity resting-state fMRI functional connectivity,Sleep mediates the effect of stressful environments on youth development of impulsivity: The moderating role of within default mode network resting-state functional connectivity.,2023,Sleep health,default mode network,functional connectivity,impulsivity (general),unknown,moderates,unclear,,direct,0.85,Youth with elevated within-DMN resting-state functional connectivity showed intensified associations between stressful environments and impulsivity via shorter sleep duration.,37270396,vllm:qwen2.5-7b-instruct,high
pubmed,37759837,impulsivity resting-state fMRI functional connectivity,Task and Resting-State Functional Connectivity Predict Driving Violations.,2023,Brain sciences,unknown,functional connectivity,impulsivity (general),unknown,unclear,unclear,,indirect,0.6,Neither impulsivity nor sensation-seeking was associated with functional connectivity.,37759837,vllm:qwen2.5-7b-instruct,medium
pubmed,34393836,impulsivity resting-state fMRI functional connectivity,The Association Between Resting State Functional Connectivity and the Trait of Impulsivity and Suicidal Ideation in Young Depressed Patients With Suicide Attempts.,2021,Frontiers in psychiatry,unknown,functional connectivity,impulsivity (general),young depressed patients with suicide attempts,associated_with,higher,,direct,0.85,"Furthermore, the left prefrontal-parietal connectivity was associated with suicidal ideation and levels of impulsivity, but RSFC of the left prefrontal cortex with the rACC was correlated exclusively with impulsivity levels and was not related to suicidal ideation in the ATT group.",34393836,vllm:qwen2.5-7b-instruct,high
pubmed,38083173,impulsivity resting-state fMRI functional connectivity,Functional Connectivity Dynamics show Resting-State Instability and Rightward Parietal Dysfunction in ADHD.,2023,Annual International Conference of the IEEE Engineering in Medicine and Biology Society. IEEE Engineering in Medicine and Biology Society. Annual International Conference,unknown,BOLD variability,impulsivity (general),ADHD,correlates_with,higher,,indirect,0.8,"Results showed that ADHD patients exhibited significantly higher variability in dFC than TD children in the cingulo-temporal, cingulo-parietal, fronto-temporal, and fronto-parietal networks ( pFW E < 0.05).",38083173,vllm:qwen2.5-7b-instruct,high
pubmed,35621425,impulsivity resting-state fMRI functional connectivity,"Differentiating Individuals with and without Alcohol Use Disorder Using Resting-State fMRI Functional Connectivity of Reward Network, Neuropsychological Performance, and Impulsivity Measures.",2022,"Behavioral sciences (Basel, Switzerland)",unknown,functional connectivity,impulsivity (general),Alcohol use disorder,associated_with,higher,,direct,0.9,"Impulsivity scores were the topmost predictors, followed by twelve rsFC features involving seventeen key reward regions in the brain, such as the ventral tegmental area, nucleus accumbens, anterior insula, anterior cingulate cortex, and other cortical and subcortical structures.",35621425,vllm:qwen2.5-7b-instruct,high
pubmed,34289458,impulsivity resting-state fMRI functional connectivity,Resting state dynamic functional connectivity in children with attention deficit/hyperactivity disorder.,2021,Journal of neural engineering,unknown,dynamic connectivity,impulsivity (general),ADHD,associated_with,unclear,,indirect,0.7,"Attention deficit/hyperactivity disorder (ADHD) is characterized by inattention, hyperactivity and impulsivity.",34289458,vllm:qwen2.5-7b-instruct,medium
pubmed,37526227,impulsivity resting-state fMRI functional connectivity,Gender-specific resting-state rDMPFC-centric functional connectivity underpinnings of intertemporal choice.,2023,"Cerebral cortex (New York, N.Y. : 1991)",unknown,functional connectivity,impulsivity (general),unknown,correlates_with,unclear,,direct,0.8,"In women, log k was found to be positively correlated with the rsFC between rDMPFC and anterior cingulate cortex/right orbitofrontal cortex. In contrast, in men, log k was negatively correlated with rsFC between rDMPFC and left orbitofrontal cortex/right precuneus.",37526227,vllm:qwen2.5-7b-instruct,high
pubmed,37673288,impulsivity resting-state fMRI functional connectivity,Resting-state functional magnetic resonance imaging alterations in borderline personality disorder: A systematic review.,2023,Journal of affective disorders,unknown,functional connectivity,impulsivity (general),Borderline personality disorder,associated_with,unclear,,indirect,0.5,"aberrant resting-state functional connectivity (rs-FC) within and between default mode network (DMN), salience network (SN), and central executive network (CEN) were observed in BPD compared to healthy controls",37673288,vllm:qwen2.5-7b-instruct,medium
pubmed,35225192,impulsivity resting-state fMRI functional connectivity,Dissociation of basolateral and central amygdala effective connectivity predicts the stability of emotion-related impulsivity in adolescents and emerging adults with borderline personality symptoms: a resting-state fMRI study.,2023,Psychological medicine,unknown,functional connectivity,impulsivity (general),borderline personality symptoms,predicts,lower,,direct,0.85,"Further, higher EC of R CeN to other regions in controls was associated with stronger within-person decreases in emotion-related impulsivity.",35225192,vllm:qwen2.5-7b-instruct,high
pubmed,31284029,impulsivity resting-state fMRI functional connectivity,Genetic contribution to the phenotypic correlation between trait impulsivity and resting-state functional connectivity of the amygdala and its subregions.,2019,NeuroImage,unknown,functional connectivity,impulsivity (general),unknown,correlates_with,higher,,direct,0.9,trait impulsivity was positively correlated with the rsFC between the left full amygdala and the right dorsolateral prefrontal cortex (DLPFC),31284029,vllm:qwen2.5-7b-instruct,high
pubmed,30391836,impulsivity resting-state fMRI functional connectivity,Reward and executive control network resting-state functional connectivity is associated with impulsivity during reward-based decision making for cocaine users.,2019,Drug and alcohol dependence,unknown,functional connectivity,impulsivity (general),cocaine users,associated_with,lower,,direct,0.85,"Higher impulsivity on the Balloon Analogue Risk Task (BART) was associated with inverse resting-state connectivity between the left cognitive control and subgenual anterior cingulate extended reward networks for cocaine users, while the opposite was found for controls.",30391836,vllm:qwen2.5-7b-instruct,high
pubmed,30683074,impulsivity resting-state fMRI functional connectivity,Hyperactivity/restlessness is associated with increased functional connectivity in adults with ADHD: a dimensional analysis of resting state fMRI.,2019,BMC psychiatry,unknown,functional connectivity,impulsivity (general),ADHD,associated_with,higher,,direct,0.85,"More severe hyperactivity was associated with increased functional connectivity in the left putamen, right caudate nucleus, right central operculum and a portion of the right postcentral gyrus within the auditory/sensorimotor network.",30683074,vllm:qwen2.5-7b-instruct,high
pubmed,33615095,impulsivity resting-state fMRI functional connectivity,Static and dynamic aspects of cerebro-cerebellar functional connectivity are associated with self-reported measures of impulsivity: A resting-state fMRI study.,2020,"Network neuroscience (Cambridge, Mass.)",unknown,functional connectivity,impulsivity (general),unknown,associated_with,unclear,,direct,0.8,"We observed evidence linking BIS, BAS, sensation seeking, and lack of premeditation to the total strength and temporal variability of FC within networks connecting regions of the prefrontal cortex, precuneus, posterior cingulate cortex, basal ganglia, and thalamus with the cerebellum.",33615095,vllm:qwen2.5-7b-instruct,high
pubmed,29355588,impulsivity resting-state fMRI functional connectivity,Resting-state functional connectivity of neurotransmitter producing sites in female patients with borderline personality disorder.,2018,Progress in neuro-psychopharmacology & biological psychiatry,unknown,functional connectivity,motor impulsivity,borderline personality disorder,associated_with,higher,noradrenergic dysfunction in the neural inhibitory control network,direct,0.85,Functional connectivity between the LC and ACC was positively associated with the degree of motor impulsivity in the total group.,29355588,vllm:qwen2.5-7b-instruct,high
pubmed,36799331,impulsivity resting-state fMRI functional connectivity,Alcohol-induced changes in mesostriatal resting-state functional connectivity are linked to sensation seeking in young adults.,2023,"Alcohol, clinical & experimental research",mesostriatal,functional connectivity,impulsivity (general),unknown,linked_to,higher,alcohol-induced changes in VTA-striatal connectivity,direct,0.85,"However, young adults exhibiting smaller alcohol-induced decreases or increases in VTA-left caudate connectivity reported greater sensation seeking.",36799331,vllm:qwen2.5-7b-instruct,high
pubmed,36089824,impulsivity resting-state fMRI functional connectivity,Subgroups of internet gaming disorder based on addiction-related resting-state functional connectivity.,2023,"Addiction (Abingdon, England)",unknown,functional connectivity,impulsivity (general),internet gaming disorder,associated_with,unclear,,indirect,0.5,Subgroups 1 and 2 showed largely opposite functional-connectivity patterns in overlapping networks.,36089824,vllm:qwen2.5-7b-instruct,medium
pubmed,32948139,impulsivity resting-state fMRI functional connectivity,Aberrant functional connectivity in resting state networks of ADHD patients revealed by independent component analysis.,2020,BMC neuroscience,default mode network | frontoparietal/control network | salience/ventral attention network | somatomotor network,functional connectivity,impulsivity (general),ADHD,associated_with,unclear,,direct,0.7,"In comparison with the TD-C group, the ADHD-C group showed clusters of decreased functional connectivity in the left inferior occipital gyrus (p = 0.0041) and right superior occipital gyrus (p = 0.0011) of the dorsal attention network (DAN), supplementary motor area (p = 0.0036) of the executive control network (ECN), left supramarginal gyrus (p = 0.0081) of the salience network (SN), middle temporal gyrus (p = 0.0041), and superior medial frontal gyrus (p = 0.0055) of the default mode network (DMN), while the ADHD-I group showed decreased functional connectivity in the right superior parietal gyrus (p = 0.0017) of the DAN and left middle temporal gyrus (p = 0.0105) of the DMN.",32948139,vllm:qwen2.5-7b-instruct,high
pubmed,26825495,impulsivity resting-state fMRI functional connectivity,Characterising resting-state functional connectivity in a large sample of adults with ADHD.,2016,Progress in neuro-psychopharmacology & biological psychiatry,default mode network,functional connectivity,impulsivity (general),adults with ADHD,correlates_with,unclear,,indirect,0.7,"This study provides important insights for studies on the neurobiology of adult ADHD; it shows that resting-state functional connectivity differences between adult patients and controls exist, but have smaller effect sizes than existing literature suggested.",26825495,vllm:qwen2.5-7b-instruct,medium
pubmed,29040723,impulsivity resting-state fMRI functional connectivity,Resting-state functional connectivity in combat veterans suffering from impulsive aggression.,2017,Social cognitive and affective neuroscience,unknown,functional connectivity,impulsivity (general),combat veterans,associated_with,lower,weakened functional connectivity between the amygdala and prefrontal regions,direct,0.85,"In exploratory cluster analyses, we observed reduced functional connectivity between the (bilateral) BLA and left dorsolateral prefrontal cortex in the impulsive aggression group, relative to combat controls.",29040723,vllm:qwen2.5-7b-instruct,high
pubmed,40297839,impulsivity resting-state fMRI functional connectivity,"Hippocampus Functional Connectivity, Impulsivity, and Subsequent Substance Use.",2025,Journal of cellular neuroscience,default mode network,functional connectivity,impulsivity (general),unknown,mediates,higher,,direct,0.85,"hippocampal rsFC was significantly associated with impulsivity, which, in turn, predicted higher substance use at follow-up.",40297839,vllm:qwen2.5-7b-instruct,high
pubmed,30829454,impulsivity resting-state fMRI functional connectivity,Resting-state fMRI effective connectivity between the bed nucleus of the stria terminalis and amygdala nuclei.,2019,Human brain mapping,unknown,dynamic connectivity,impulsivity (general),unknown,associated_with,unclear,,indirect,0.7,"Moreover, the BNST-LB and BNST-CM EC parameters were less negative in males.",30829454,vllm:qwen2.5-7b-instruct,medium
pubmed,29723554,impulsivity resting-state fMRI functional connectivity,Decreased resting-state BOLD regional homogeneity and the intrinsic functional connectivity within dorsal striatum is associated with greater impulsivity in food-related decision-making and BMI change at 6-month follow up.,2018,Appetite,unknown,BOLD variability,nonplanning impulsivity,unknown,associated_with,higher,,direct,0.85,"Results on rs-fMRI showed that greater impulsivity in food-related decision-making was inversely correlated with spontaneous regional homogeneity in the dorsal striatum (dorsal caudate), as well as the resting-state functional connectivity (rs-FC) between the dorsal caudate seed and the rostral putamen.",29723554,vllm:qwen2.5-7b-instruct,high
pubmed,33625381,impulsivity resting-state fMRI functional connectivity,Differences in resting-state functional connectivity according to the level of impulsiveness in patients with internet gaming disorder.,2021,Journal of behavioral addictions,unknown,functional connectivity,impulsivity (general),Internet gaming disorder,correlates_with,lower,,direct,0.8,"Connectivity of the vmPFC with the left temporo-parietal junction (TPJ) and NAcc-left insula connectivity were significantly decreased in the patients with high impulsivity, compared with the patients with low impulsivity and healthy controls.",33625381,vllm:qwen2.5-7b-instruct,high
pubmed,35193713,impulsivity resting-state fMRI functional connectivity,Enhanced resting-state EEG source functional connectivity within the default mode and reward-salience networks in internet gaming disorder.,2022,Psychological medicine,"default mode network, reward/salience network",EEG connectivity,impulsivity (general),internet gaming disorder,associated_with,higher,,direct,0.8,"Patients with IGD showed increased theta, alpha, and beta connectivity within the DMN between the orbitofrontal cortex and parietal regions compared with HCs.",35193713,vllm:qwen2.5-7b-instruct,high
pubmed,31640464,impulsivity resting-state fMRI functional connectivity,Resting-State fMRI Study of ADHD and Internet Gaming Disorder.,2021,Journal of attention disorders,unknown,functional connectivity,impulsivity (general),ADHD and Internet gaming disorder,correlates_with,lower,,direct,0.8,The functional connectivity (FC) from the cortex to subcortex in both groups was decreased relative to that in age-matched healthy participants.,31640464,vllm:qwen2.5-7b-instruct,high
pubmed,31611841,impulsivity resting-state fMRI functional connectivity,Altered Resting-State Functional Connectivity in Wernicke's Encephalopathy With Vestibular Impairment.,2019,Frontiers in neurology,unknown,functional connectivity,unknown,Wernicke's encephalopathy,unknown,unclear,,background,,,31611841,vllm:qwen2.5-7b-instruct,low
pubmed,25899520,impulsivity resting-state fMRI functional connectivity,Altered resting-state functional connectivity of the insula in young adults with Internet gaming disorder.,2016,Addiction biology,unknown,functional connectivity,impulsivity (general),Internet gaming disorder,associated_with,higher,,direct,0.85,"IGDs also demonstrated significantly stronger rsFC between the posterior insula and postcentral gyrus, precentral gyrus, supplemental motor area, and superior temporal gyrus (STG), which are involved in interoception, movement control, and auditory processing.",25899520,vllm:qwen2.5-7b-instruct,high
pubmed,27394716,impulsivity resting-state fMRI functional connectivity,Double-dissociation between the mechanism leading to impulsivity and inattention in Attention Deficit Hyperactivity Disorder: A resting-state functional connectivity study.,2017,Cortex; a journal devoted to the study of the nervous system and behavior,unknown,functional connectivity,impulsivity (general),ADHD,associated_with,higher,,direct,0.85,"particularly, the hyperactive-impulsive subtype was associated with increased connectivity in cortico-striatal network",27394716,vllm:qwen2.5-7b-instruct,high
pubmed,30366001,impulsivity resting-state fMRI functional connectivity,Habenula-prefrontal resting-state connectivity in reactive aggressive men - A pilot study.,2019,Neuropharmacology,default mode network,functional connectivity,impulsivity (general),intermittent-explosive disorder (IED),correlates_with,lower,,direct,0.85,"In the reactive aggressive group, high levels of trait aggression were linked to lower global efficiency of the left habenula, and to lower rsFC between the left habenula and the left ventro-lateral prefrontal cortex, a core region involved in inhibitory control.",30366001,vllm:qwen2.5-7b-instruct,high
pubmed,38521138,impulsivity resting-state fMRI functional connectivity,Large-scale network abnormality in behavioral addiction.,2024,Journal of affective disorders,unknown,functional connectivity,impulsivity (general),behavioral addiction,associated_with,unclear,,indirect,0.6,"The present study indicate that individuals with BAs exhibit (1) hypo-connectivity within the fronto-parietal network (FN) and hypo- and hyper-connectivity within the ventral attention network (VAN); (2) hypo-connectivity between the FN and regions of the VAN, hypo-connectivity between the VAN and regions of the FN and default mode network (DMN), hyper-connectivity between the DMN and regions of the FN; (3) hypo-connectivity between the reward system and regions of the sensorimotor network (SS), DMN and VAN; (4) hypo-connectivity between the FN and regions of the SS, hyper-connectivity between the VAN and regions of the SS.",38521138,vllm:qwen2.5-7b-instruct,medium
pubmed,34728230,impulsivity resting-state fMRI functional connectivity,Resting-state functional connectivity within orbitofrontal cortex and inferior frontal gyrus modulates the relationship between reflection level and risk-taking behavior in internet gaming disorder.,2022,Brain research bulletin,unknown,functional connectivity,impulsivity (general),internet gaming disorder,modulates,unclear,mediated by rsFC between OFC and IFG,direct,0.85,"Moreover, IGD participants' risk-taking behavior was positively correlated with their reflection level. As for fMRI results, IGD participants showed stronger rsFC between orbitofrontal cortex (OFC) and inferior frontal gyrus (IFG) than healthy controls. Additionally, the mediation analyses revealed that, among IGD participants, the rsFC between OFC and IFG fully mediated the relationship between reflection level and risk-taking behavior.",34728230,vllm:qwen2.5-7b-instruct,high
pubmed,41257054,impulsivity resting-state fMRI functional connectivity,Ventral Attention Network Resting State Functional Connectivity: Psychosocial Correlates among US Adolescents.,2025,Journal of biomedical and life sciences,salience/ventral attention network,functional connectivity,impulsivity (general),unknown,associated_with,lower,,direct,0.8,"Greater VAN connectivity was negatively associated with impulsive reward-driven trait (drive), prodromal symptoms, BMI, and marijuana and alcohol use.",41257054,vllm:qwen2.5-7b-instruct,high
pubmed,36963562,impulsivity resting-state fMRI functional connectivity,Youth Screen Media Activity Patterns and Associations With Behavioral Developmental Measures and Resting-state Brain Functional Connectivity.,2023,Journal of the American Academy of Child and Adolescent Psychiatry,unknown,functional connectivity,impulsivity (general),unknown,associated_with,higher,,direct,0.85,"The video-centric higher-frequency SMA pattern group demonstrated higher impulsivity, more sensitivity to punishment/reward, and altered resting-state brain functional connectivity among brain areas implicated previously in cognitive processes.",36963562,vllm:qwen2.5-7b-instruct,high
pubmed,24818075,impulsivity resting-state fMRI functional connectivity,Altered resting-state functional connectivity in patients with chronic bilateral vestibular failure.,2014,NeuroImage. Clinical,unknown,functional connectivity,impulsivity (general),chronic bilateral vestibular failure,unclear,unclear,,indirect,0.3,BVF patients showed lower bilateral connectivity in the posterior insula and parietal operculum but higher connectivity in the posterior cerebellum compared to controls.,24818075,vllm:qwen2.5-7b-instruct,medium
pubmed,38889552,impulsivity resting-state fMRI functional connectivity,"Disrupted dynamic brain functional connectivity in male cocaine use disorder: Hyperconnectivity, strongly-connected state tendency, and links to impulsivity and borderline traits.",2024,Journal of psychiatric research,default mode network,dynamic connectivity,impulsivity (general),cocaine use disorder,correlates_with,higher,,direct,0.85,"Furthermore, after adjustment for multiple comparisons, we found significant correlations between these altered dynamic FCs and clinical measures of impulsivity and borderline personality disorder.",38889552,vllm:qwen2.5-7b-instruct,high
pubmed,37131072,impulsivity resting-state fMRI functional connectivity,The functional connectome in obsessive-compulsive disorder: resting-state mega-analysis and machine learning classification for the ENIGMA-OCD consortium.,2023,Molecular psychiatry,unknown,functional connectivity,impulsivity (general),OCD patients vs healthy controls,unclear,unclear,,background,0.2,These findings provide partial support for existing pathophysiological models of OCD and highlight the important role of the sensorimotor network in OCD.,37131072,vllm:qwen2.5-7b-instruct,medium
pubmed,39424632,impulsivity resting-state fMRI functional connectivity,Enhanced ADHD classification through deep learning and dynamic resting state fMRI analysis.,2024,Scientific reports,unknown,functional connectivity,impulsivity (general),ADHD classification,associated_with,unclear,,direct,0.85,"Resting-state functional connectivity analysis has emerged as a promising approach for ADHD classification using resting-state functional magnetic resonance imaging (rs-fMRI), although with limited accuracy.",39424632,vllm:qwen2.5-7b-instruct,high
pubmed,26311395,impulsivity resting-state fMRI functional connectivity,Abnormal prefrontal cortex resting state functional connectivity and severity of internet gaming disorder.,2016,Brain imaging and behavior,unknown,functional connectivity,impulsivity (general),Internet Gaming Disorder,associated_with,lower,,indirect,0.7,"We chose these regions as the seeding areas for the resting-state analysis and found that IGD subjects showed decreased functional connectivity between several cortical regions and our seeds, including the insula, and temporal and occipital cortices.",26311395,vllm:qwen2.5-7b-instruct,medium
pubmed,40766121,impulsivity resting-state fMRI functional connectivity,Resting-state functional connectivity alterations in obsessive-compulsive disorder: relationships between connectivity and clinical profiles in the Global OCD study.,2025,medRxiv : the preprint server for health sciences,unknown,functional connectivity,impulsivity (general),OCD,associated_with,unclear,,indirect,0.5,"In particular, anxiety symptoms were linked to widespread stronger FC while sexual/religious symptoms were linked to stronger sensorimotor FC.",40766121,vllm:qwen2.5-7b-instruct,medium
pubmed,34272398,impulsivity resting-state fMRI functional connectivity,Abnormal interhemispheric resting state functional connectivity in Parkinson's disease patients with impulse control disorders.,2021,NPJ Parkinson's disease,unknown,functional connectivity,impulsivity (general),Parkinson's disease with impulse control disorders,correlates_with,lower,"reduced VMHC values in MFG, OFG, IFG and caudate",direct,0.85,The severity of impulsivity was negatively correlated with the mean VMHC values of MFG in PD-ICD group.,34272398,vllm:qwen2.5-7b-instruct,high
pubmed,35091540,impulsivity resting-state fMRI functional connectivity,Brain network dysfunctions in addiction: a meta-analysis of resting-state functional connectivity.,2022,Translational psychiatry,unknown,functional connectivity,impulsivity (general),substance use disorder (SUD) and behavioral addictions (BA),associated_with,unclear,dysregulated affective and cognitive control-related networks,indirect,0.7,"Altered connectivity in salience or emotion-processing areas may be related to dysregulated affective and cognitive control-related networks, such as deficits in regulating elevated sensitivity to drug-related stimuli.",35091540,vllm:qwen2.5-7b-instruct,medium
pubmed,31500674,impulsivity resting-state fMRI functional connectivity,Impairments of large-scale functional networks in attention-deficit/hyperactivity disorder: a meta-analysis of resting-state functional connectivity.,2019,Psychological medicine,"default mode network, frontoparietal/control network, salience/ventral attention network, somatomotor network",functional connectivity,impulsivity (general),attention-deficit/hyperactivity disorder (ADHD),associated_with,unclear,hyperconnectivity between the FPN and regions of the DMN and AN as well as hypoconnectivity between the FPN and regions of the VAN and SSN,direct,0.8,The results showed that ADHD was characterized by hyperconnectivity between the FPN and regions of the DMN and AN as well as hypoconnectivity between the FPN and regions of the VAN and SSN.,31500674,vllm:qwen2.5-7b-instruct,high
pubmed,35710854,impulsivity resting-state fMRI functional connectivity,Resting-state functional connectivity and socioemotional processes in male perpetrators of intimate partner violence against women.,2022,Scientific reports,unknown,functional connectivity,impulsivity (general),male perpetrators of intimate partner violence against women,correlates_with,higher,,direct,0.8,"Male perpetrators in comparison to other offenders and non-offenders, presented higher rsFC between prefrontal, limbic, brainstem, temporal and basal ganglia areas.",35710854,vllm:qwen2.5-7b-instruct,high
pubmed,33229018,impulsivity resting-state fMRI functional connectivity,Impaired cortico-striatal functional connectivity is related to trait impulsivity in unmedicated patients with obsessive-compulsive disorder.,2021,Journal of affective disorders,unknown,functional connectivity,impulsivity (general),obsessive-compulsive disorder,correlates_with,unclear,,direct,0.75,"Furthermore, the putamen-DLPFC connectivity was negatively correlated with attentional impulsivity in the OCD group, but showed a positive correlation in HCs.",33229018,vllm:qwen2.5-7b-instruct,high
pubmed,34425489,impulsivity resting-state fMRI functional connectivity,Prospective study on resting state functional connectivity in adolescents with major depressive disorder after antidepressant treatment.,2021,Journal of psychiatric research,unknown,functional connectivity,impulsivity (general),major depressive disorder,associated_with,higher,,indirect,0.6,The positive rsFC between the right DLPFC and the left putamen/right frontal operculum were shown to be higher in patients than in the controls.,34425489,vllm:qwen2.5-7b-instruct,medium
pubmed,21406160,impulsivity resting-state fMRI functional connectivity,Aberrant connectivity of resting-state networks in borderline personality disorder.,2011,Journal of psychiatry & neuroscience : JPN,unknown,functional connectivity,impulsivity (general),borderline personality disorder,correlates_with,unclear,,direct,0.8,We found correlations between functional connectivity of the FPC and measures of impulsivity as well as between connectivity of the insula/cuneus and dissociation tension.,21406160,vllm:qwen2.5-7b-instruct,high
pubmed,39446154,impulsivity resting-state fMRI functional connectivity,Functional connectivity density of brain in children with primary nocturnal enuresis: results from a resting-state fMRI study.,2025,European child & adolescent psychiatry,unknown,functional connectivity,impulsivity (general),primary nocturnal enuresis,correlates_with,lower,,direct,0.8,The FCD values in these regions were negatively correlated with the scores of hyperactivity/impulsivity in the children with PNE.,39446154,vllm:qwen2.5-7b-instruct,high
pubmed,21709236,impulsivity resting-state fMRI functional connectivity,Premotor functional connectivity predicts impulsivity in juvenile offenders.,2011,Proceedings of the National Academy of Sciences of the United States of America,default mode network,functional connectivity,impulsivity (general),juvenile offenders,predicts,higher,"increased functional connectivity of motor-planning regions with networks subserving unconstrained, self-referential cognition",direct,0.85,"In more-impulsive juveniles, these same regions correlated with the default-mode network, a constellation of brain areas associated with spontaneous, unconstrained, self-referential cognition.",21709236,vllm:qwen2.5-7b-instruct,high
pubmed,32912593,impulsivity resting-state fMRI functional connectivity,Resting-state functional connectivity in drug-naive pediatric patients with Tourette syndrome and obsessive-compulsive disorder.,2020,Journal of psychiatric research,unknown,functional connectivity,impulsivity (general),"TS, TS + OCD, pure OCD, controls",correlates_with,unclear,,indirect,0.7,"Tic severity negatively correlated with FC in CBN and FPN in the TS group, while the compulsiveness scores positively correlated with the same two networks in OCD patients.",32912593,vllm:qwen2.5-7b-instruct,medium
pubmed,37423204,impulsivity resting-state fMRI functional connectivity,The Moderating Role of Sex in the Relation between Cue-Induced Craving and Resting-State Functional Connectivity in the Salience Network of Non-Clinically Diagnosed Drinkers.,2023,European addiction research,salience/ventral attention network,functional connectivity,impulsivity (general),non-clinically diagnosed drinkers,associated_with,unclear,,indirect,0.1,Previous research indicates a relation between craving and increased connectivity in the resting-state salience network.,37423204,vllm:qwen2.5-7b-instruct,medium
pubmed,24834038,impulsivity resting-state fMRI functional connectivity,Brain functional connectivity changes in children that differ in impulsivity temperamental trait.,2014,Frontiers in behavioral neuroscience,default mode network,functional connectivity,impulsivity (general),unknown,correlates_with,lower,,direct,0.9,We found two DMN clusters located at the posterior cingulate cortex and the right angular gyrus which were negatively correlated with impulsivity scores.,24834038,vllm:qwen2.5-7b-instruct,high
pubmed,31898088,impulsivity resting-state fMRI functional connectivity,Sex-specific effects of cigarette smoking on caudate and amygdala volume and resting-state functional connectivity.,2021,Brain imaging and behavior,unknown,functional connectivity,impulsivity (general),female smokers,negatively correlated_with,lower,,direct,0.8,The right amygdala volume was negatively correlated with the impulsivity score in female but not male smokers.,31898088,vllm:qwen2.5-7b-instruct,high
pubmed,26769234,impulsivity resting-state fMRI functional connectivity,"Frontostriatal circuits, resting state functional connectivity and cognitive control in internet gaming disorder.",2017,Addiction biology,unknown,functional connectivity,impulsivity (general),internet gaming disorder,correlates_with,lower,,direct,0.85,The caudate volume and DLPFC-caudate RSFC was correlated with the impaired cognitive control (more incongruent errors in Stroop task) in IGD.,26769234,vllm:qwen2.5-7b-instruct,high
pubmed,26863028,impulsivity resting-state fMRI functional connectivity,Altered Functional Connectivity of the Insula and Nucleus Accumbens in Internet Gaming Disorder: A Resting State fMRI Study.,2016,European addiction research,unknown,functional connectivity,impulsivity (general),Internet gaming disorder,associated_with,higher,,direct,0.85,The inter-hemispheric insula connectivity positively correlated with impulsivity.,26863028,vllm:qwen2.5-7b-instruct,high
pubmed,40800313,impulsivity resting-state fMRI functional connectivity,"Charting the brain networks of impulsivity: Meta-analytic synthesis, functional connectivity modelling, and neurotransmitter associations.",2024,"Imaging neuroscience (Cambridge, Mass.)",unknown,functional connectivity,impulsivity (general),unknown,associated_with,unclear,,direct,0.75,"Resting-state functional connectivity revealed the two systems were organised into four specialised communities of default-mode, cingulo-insular, fronto-parietal, and temporal regions.",40800313,vllm:qwen2.5-7b-instruct,high
pubmed,26767373,impulsivity resting-state fMRI functional connectivity,Serotonergic modulation of resting state default mode network connectivity in healthy women.,2016,Amino acids,default mode network,functional connectivity,impulsivity (general),unknown,correlates_with,unclear,,indirect,0.7,Right medial frontal gyrus and left superior frontal gyrus connectivity differences with the DMN were inversely correlated with trait impulsivity.,26767373,vllm:qwen2.5-7b-instruct,medium
pubmed,41092314,impulsivity resting-state fMRI functional connectivity,Time-varying brain state dynamics in trait impulsivity and anxiety: An HSMM analysis of resting-state fMRI.,2025,Social cognitive and affective neuroscience,"default mode network, salience/ventral attention network",functional connectivity,impulsivity (general),"High Impulsivity (HI), High Anxiety (HA), High Impulsivity & High Anxiety (HIHA)",associated_with,unclear,,direct,0.8,"Notably, the HI group spent more time in a state with an inverse pattern between the default mode network and the salience/ventral attention network, with anticorrelated connectivity and opposing activation, compared with the HA and HIHA groups.",41092314,vllm:qwen2.5-7b-instruct,high
pubmed,29926324,impulsivity resting-state fMRI functional connectivity,12-h abstinence-induced functional connectivity density changes and craving in young smokers: a resting-state study.,2019,Brain imaging and behavior,unknown,functional connectivity,impulsivity (general),young smokers,correlates_with,higher,,direct,0.85,We also found higher lFCD during smoking abstinence (vs satiety) in bilateral thalamus.,29926324,vllm:qwen2.5-7b-instruct,high
pubmed,33434637,impulsivity resting-state fMRI functional connectivity,Large-scale network dysfunction in youths with Internet gaming disorder: a meta-analysis of resting-state functional connectivity studies.,2021,Progress in neuro-psychopharmacology & biological psychiatry,"default mode network, ventral attention network, somatomotor regions, limbic network, frontoparietal network",functional connectivity,impulsivity (general),Internet gaming disorder,associated_with,unclear,network dysfunction,direct,0.8,"Compared to healthy control groups, individuals with IGD exhibited significant hypoconnectivity within the default mode network, and enhanced connectivity between the default mode network and insula within the ventral attention network.",33434637,vllm:qwen2.5-7b-instruct,high
pubmed,25727574,impulsivity resting-state fMRI functional connectivity,Abnormal gray matter volume and resting-state functional connectivity in former heroin-dependent individuals abstinent for multiple years.,2016,Addiction biology,"default mode network, visual network, task positive network",functional connectivity,impulsivity (general),former heroin-dependent individuals,correlates_with,unclear,,direct,0.8,"Moreover, the altered functional connectivity was correlated with self-reported impulsivity scores in the FHD subjects.",25727574,vllm:qwen2.5-7b-instruct,high
pubmed,25506057,impulsivity resting-state fMRI functional connectivity,Different resting-state functional connectivity alterations in smokers and nonsmokers with Internet gaming addiction.,2014,BioMed research international,unknown,functional connectivity,impulsivity (general),Internet gaming addiction,associated_with,unclear,,indirect,0.5,The PCC connectivity with the right rectus gyrus was found to be negatively correlated with the CIAS scores in the smokers with IGA before correction.,25506057,vllm:qwen2.5-7b-instruct,medium
pubmed,23968837,impulsivity resting-state fMRI functional connectivity,Resting-state striato-frontal functional connectivity is sensitive to DAT1 genotype and predicts executive function.,2015,"Cerebral cortex (New York, N.Y. : 1991)",unknown,functional connectivity,impulsivity (general),unknown,predicts,lower,,direct,0.85,stronger ventral striatum-seeded connectivity predicted reduced impulsivity in everyday life.,23968837,vllm:qwen2.5-7b-instruct,high
pubmed,34606774,impulsivity resting-state fMRI functional connectivity,Resting state predicts neural activity during reward-guided decision making: An fMRI study on Balloon Analogue Risk Task.,2022,Behavioural brain research,unknown,BOLD variability,impulsivity (general),unknown,associated_with,higher,,direct,0.9,"Specifically, ALFF is positively associated with the activity of both the right inferior parietal lobule and the left caudate.",34606774,vllm:qwen2.5-7b-instruct,high
pubmed,36899209,impulsivity resting-state fMRI functional connectivity,Internet addiction-induced brain structure and function alterations: a systematic review and meta-analysis of voxel-based morphometry and resting-state functional connectivity studies.,2023,Brain imaging and behavior,unknown,functional connectivity,impulsivity (general),Internet addiction,associated_with,unclear,,indirect,0.7,The ALE analysis of rsFC studies showed stronger rsFC from posterior cingulate cortex (PCC) (880 mm3) or insula (712 mm3) to the whole brain in subjects with IA;,36899209,vllm:qwen2.5-7b-instruct,medium
pubmed,40230597,impulsivity resting-state fMRI functional connectivity,"Resting-State Sensory-Motor Connectivity between Hand and Mouth as a Neural Marker of Socioeconomic Disadvantage, Psychosocial Stress, Cognitive Difficulties, Impulsivity, Depression, and Substance Use in Children.",2025,Journal of cellular neuroscience,unknown,functional connectivity,impulsivity (general),unknown,correlates_with,higher,,direct,0.8,"Higher rsFC between the sensory-motor mouth and hand regions was linked to greater impulsivity, lower cognitive function, an increased likelihood of MDD, and future marijuana use.",40230597,vllm:qwen2.5-7b-instruct,high
pubmed,39054810,impulsivity resting-state fMRI functional connectivity,Food insecurity and adolescent impulsivity: The mediating role of functional connectivity in the context of family flexibility.,2024,Developmental science,"salience/ventral attention network, frontoparietal/control network",functional connectivity,impulsivity (general),unknown,associated_with,higher,,direct,0.85,High T1 left-to-left rsFC between the AI and MFG was associated with increased impulsivity at T2.,39054810,vllm:qwen2.5-7b-instruct,high
pubmed,31553999,impulsivity resting-state fMRI functional connectivity,Amygdala Resting State Connectivity Differences between Bipolar II and Borderline Personality Disorders.,2019,Neuropsychobiology,unknown,functional connectivity,impulsivity (general),BPD vs BD II,associated_with,higher,,direct,0.85,"lower amygdala-middle frontal gyrus RSFC was associated with greater impulsivity, trait anxiety, affective shifts, interpersonal affective reactivity, and functional impairment.",31553999,vllm:qwen2.5-7b-instruct,high
pubmed,38847535,impulsivity resting-state fMRI functional connectivity,The mediating role of trait impulsivity in the relation between cue-induced craving and functional connectivity within the salience network among abstinent patients with methamphetamine use disorder.,2024,"Cerebral cortex (New York, N.Y. : 1991)",salience/ventral attention network,functional connectivity,impulsivity (general),methamphetamine use disorder,mediates,higher,,direct,0.85,Impulsivity was positively correlated with FC within the SN and played a completely mediating role between METH craving and FC within the SN in MUDs.,38847535,vllm:qwen2.5-7b-instruct,high
pubmed,32815053,impulsivity resting-state fMRI functional connectivity,Dissociable fronto-striatal functional networks predict choice impulsivity.,2020,Brain structure & function,unknown,functional connectivity,impulsivity (general),unknown,predicts,higher,,direct,0.85,"Results revealed that both the functional coupling between the NAcc and the limbic/dorsolateral prefrontal cortex, and between the caudate and the dorsal prefrontal cortex, including the dorsomedial prefrontal cortex (DMPFC), successfully predicted the delay-discounting rate.",32815053,vllm:qwen2.5-7b-instruct,high
pubmed,27814639,impulsivity resting-state fMRI functional connectivity,Dopamine homeostasis: brain functional connectivity in reward deficiency syndrome.,2017,Frontiers in bioscience (Landmark edition),unknown,functional connectivity,impulsivity (general),reward deficiency syndrome,associated_with,unclear,,indirect,0.5,,27814639,vllm:qwen2.5-7b-instruct,medium
pubmed,37887440,impulsivity resting-state fMRI functional connectivity,"Neurophysiological, Neuroimaging, and Neuropsychological Predictors of Human Alcoholism and Risk.",2023,"Behavioral sciences (Basel, Switzerland)",unknown,unknown,impulsivity (general),unknown,unknown,unclear,,background,,,37887440,vllm:qwen2.5-7b-instruct,low
pubmed,38334691,impulsivity resting-state fMRI functional connectivity,Connectome-based predictive modeling of Internet addiction symptomatology.,2024,Social cognitive and affective neuroscience,unknown,functional connectivity,impulsivity (general),Internet addiction disorder (IAD),predicts,higher,,direct,0.85,The findings showed that IAS could be predicted by the functional connectivity between prefrontal cortex with the cerebellum and limbic lobe and connections of the occipital lobe with the limbic lobe and insula lobe.,38334691,vllm:qwen2.5-7b-instruct,high
pubmed,37331972,impulsivity resting-state fMRI functional connectivity,Altered intrinsic functional network connectivity is associated with impulsivity and emotion dysregulation in drug-naïve young patients with borderline personality disorder.,2023,Borderline personality disorder and emotion dysregulation,default mode network,functional connectivity,nonplanning impulsivity,borderline personality disorder,associated_with,lower,impaired intra-network FC,direct,0.85,Intra-network FC of right angular gyrus in the anterior DMN was significantly negatively correlated with attention impulsivity in BPD.,37331972,vllm:qwen2.5-7b-instruct,high
pubmed,35134490,impulsivity resting-state fMRI functional connectivity,Abnormal Anatomical and Functional Connectivity of the Thalamo-sensorimotor Circuit in Chronic Low Back Pain: Resting-state Functional Magnetic Resonance Imaging and Diffusion Tensor Imaging Study.,2022,Neuroscience,unknown,functional connectivity,impulsivity (general),chronic low back pain,unclear,unclear,,indirect,0.5,"Moreover, there was significantly altered resting-state functional connectivity (rsFC) of bilateral thalamo-motor/somatosensory pathways in patients with cLBP as compared to healthy controls.",35134490,vllm:qwen2.5-7b-instruct,medium
pubmed,24793833,impulsivity resting-state fMRI functional connectivity,Bipolar and borderline patients display differential patterns of functional connectivity among resting state networks.,2014,NeuroImage,unknown,functional connectivity,impulsivity (general),Bipolar disorder (BD) and borderline personality (BPD) disorder,correlates_with,higher,,direct,0.85,Impaired FNC displayed an association with impulsivity in BPD.,24793833,vllm:qwen2.5-7b-instruct,high
pubmed,31880365,impulsivity resting-state fMRI functional connectivity,Amisulpride and l-DOPA modulate subcortical brain nuclei connectivity in resting-state pharmacologic magnetic resonance imaging.,2020,Human brain mapping,unknown,functional connectivity,impulsivity (general),unknown,correlates_with,higher,,direct,0.8,"In an exploratory analysis, we demonstrated that higher self-rated impulsivity goes together with a significant increase in VTA-mid-cingulate gyrus FC during l -DOPA-challenge.",31880365,vllm:qwen2.5-7b-instruct,high
pubmed,36971664,impulsivity resting-state fMRI functional connectivity,Identifying individuals with attention-deficit/hyperactivity disorder based on multisite resting-state functional magnetic resonance imaging: A radiomics analysis.,2023,Human brain mapping,unknown,BOLD variability,impulsivity (general),ADHD,predicts,unclear,,indirect,0.7,The rs-fMRI-based radiomics features have the potential to be neuroimaging biomarkers for ADHD.,36971664,vllm:qwen2.5-7b-instruct,medium
pubmed,37874642,impulsivity resting-state fMRI functional connectivity,Alterations in voxel based morphometry and resting state functional connectivity in men with compulsive sexual behavior disorder in the Sex@Brain study.,2023,Journal of behavioral addictions,unknown,functional connectivity,impulsivity (general),Compulsive Sexual Behavior Disorder (CSBD),correlates_with,unclear,,indirect,0.5,"In contrast, literature based rs-FC analysis revealed decreased rs-FC between the right orbital middle frontal cortex (mOFC) and the right gyrus rectus, as well as between left pallidum and right post/precentral gyrus in men with CSBD. In the left amygdala we observed increased rs-FC with precuneus in this group. In addition, most of these measures correlated with symptom severity.",37874642,vllm:qwen2.5-7b-instruct,medium
pubmed,30108525,impulsivity resting-state fMRI functional connectivity,"Borderline Personality Disorder With Cocaine Dependence: Impulsivity, Emotional Dysregulation and Amygdala Functional Connectivity.",2018,Frontiers in psychiatry,unknown,functional connectivity,impulsivity (general),dual pathology,correlates_with,unclear,,direct,0.75,The significant functional connectivity clusters were correlated with impulsivity and emotional dysregulation.,30108525,vllm:qwen2.5-7b-instruct,high
pubmed,37575566,impulsivity resting-state fMRI functional connectivity,Preliminary evidence for changes in frontoparietal network connectivity in the early abstinence period in alcohol use disorder: a longitudinal resting-state functional magnetic resonance imaging study.,2023,Frontiers in psychiatry,frontoparietal network,functional connectivity,impulsivity (general),alcohol use disorder,correlates_with,unclear,,indirect,0.5,"This suggests that the FPN might be involved in top-down control of impulsivity and anxiety, which are important risk factors for relapse.",37575566,vllm:qwen2.5-7b-instruct,medium
pubmed,41888807,impulsivity resting-state fMRI functional connectivity,Risk classification of internet gaming disorder based on neurobiological subtyping from impulsivity-linked resting-state functional connectivity: a longitudinal design study.,2026,BMC medicine,unknown,functional connectivity,impulsivity (general),Internet gaming disorder,associated_with,unclear,orbitofrontal-occipital circuit imbalance,direct,0.85,High-risk individuals exhibited reduced orbitofrontal RSFC and increased occipital RSFC; the former was negatively and the latter positively associated with impulsivity.,41888807,vllm:qwen2.5-7b-instruct,high
pubmed,29277650,impulsivity resting-state fMRI functional connectivity,"Macroscale variation in resting-state neuronal activity and connectivity assessed by simultaneous calcium imaging, hemodynamic imaging and electrophysiology.",2018,NeuroImage,unknown,functional connectivity,impulsivity (general),unknown,unclear,unclear,,background,,,29277650,vllm:qwen2.5-7b-instruct,low
pubmed,33037577,impulsivity resting-state fMRI functional connectivity,Identification of internet gaming disorder individuals based on ventral tegmental area resting-state functional connectivity.,2021,Brain imaging and behavior,unknown,functional connectivity,unknown,clinical diagnosis,associated_with,higher,,direct,0.8,"Our results demonstrated that the VTA RSFC circuits successfully identified IGD individuals (mean accuracy: 86.1%, mean sensitivity: 84.5%, mean specificity: 86.6%, the mean area under the receiver operating characteristic curve: 0.91).",33037577,vllm:qwen2.5-7b-instruct,high
pubmed,29636704,impulsivity resting-state fMRI functional connectivity,Altered Gray Matter Volume and Resting-State Connectivity in Individuals With Internet Gaming Disorder: A Voxel-Based Morphometry and Resting-State Functional Magnetic Resonance Imaging Study.,2018,Frontiers in psychiatry,unknown,functional connectivity,impulsivity (general),Internet Gaming Disorder,associated_with,unclear,,indirect,0.7,"negatively associated with functional connectivity between the left caudate and the right middle frontal gyrus (p < 0.05, corrected for multiple comparisons).",29636704,vllm:qwen2.5-7b-instruct,medium
pubmed,25757797,impulsivity resting-state fMRI functional connectivity,Differential relations between juvenile psychopathic traits and resting state network connectivity.,2015,Human brain mapping,"default mode network, frontoparietal/control network",functional connectivity,impulsivity (general),juvenile psychopathic traits,associated_with,unclear,,direct,0.8,Impulsive-irresponsible traits were associated with altered connectivity patterns in the frontoparietal cognitive control networks.,25757797,vllm:qwen2.5-7b-instruct,high
pubmed,28377176,impulsivity resting-state fMRI functional connectivity,Short- and long-range functional connectivity density alterations in adolescents with pure conduct disorder at resting-state.,2017,Neuroscience,default mode network,functional connectivity,impulsivity (general),conduct disorder,correlates_with,higher,,direct,0.9,"increased short-range FCD values in the bilateral PCC, the bilateral PCUN, and increased long-range FCD values in the left MCC showed significant correlations with the impulsivity.",28377176,vllm:qwen2.5-7b-instruct,high
pubmed,32113043,impulsivity resting-state fMRI functional connectivity,Brain functional connectome-based prediction of individual decision impulsivity.,2020,Cortex; a journal devoted to the study of the nervous system and behavior,unknown,functional connectivity,impulsivity (general),unknown,predicts,higher,,direct,0.85,"Moreover, different feature selection thresholds, parcellation strategies and cross-validation approaches did not significantly influence the prediction results.",32113043,vllm:qwen2.5-7b-instruct,high
pubmed,37505987,impulsivity resting-state fMRI functional connectivity,Abnormal structural alterations and disrupted functional connectivity in behavioral addiction: A meta-analysis of VBM and fMRI studies.,2023,Journal of behavioral addictions,unknown,structural connectivity,impulsivity (general),behavioral addiction,associated_with,unclear,,indirect,0.6,"The rs-FC findings illustrated that BA were characterized as abnormal networks in response to inhibition, salience attribution, self-referential mental process, and reward-driven behaviors.",37505987,vllm:qwen2.5-7b-instruct,medium
pubmed,25738502,impulsivity resting-state fMRI functional connectivity,Decreased prefrontal lobe interhemispheric functional connectivity in adolescents with internet gaming disorder: a primary study using resting-state FMRI.,2015,PloS one,prefrontal lobe,functional connectivity,impulsivity (general),Internet gaming disorder,associated_with,lower,,direct,0.8,"Compared to healthy controls, IGD participants showed decreased VMHC between the left and right superior frontal gyrus (orbital part), inferior frontal gyrus (orbital part), middle frontal gyrus and superior frontal gyrus.",25738502,vllm:qwen2.5-7b-instruct,high
pubmed,27252633,impulsivity resting-state fMRI functional connectivity,Reduced Functional Connectivity within the Mesocorticolimbic System in Substance Use Disorders: An fMRI Study of Puerto Rican Young Adults.,2016,Frontiers in behavioral neuroscience,mesocorticolimbic system,functional connectivity,impulsivity (general),substance use disorders,associated_with,higher,chronically promoting reward seeking behaviors,direct,0.9,Reduced connectivity within the MCLS was also associated with higher self-reported levels of impulsivity.,27252633,vllm:qwen2.5-7b-instruct,high
pubmed,40722851,impulsivity resting-state fMRI functional connectivity,Understanding the Borderline Brain: A Review of Neurobiological Findings in Borderline Personality Disorder (BPD).,2025,Biomedicines,default mode network,functional connectivity,impulsivity (general),Borderline Personality Disorder (BPD),associated_with,unclear,,direct,0.6,"Consistent disruptions are observed across the prefrontal-amygdala circuitry, the default mode network (DMN), and mentalization-related regions.",40722851,vllm:qwen2.5-7b-instruct,medium
pubmed,27341655,impulsivity resting-state fMRI functional connectivity,Intrinsic brain network abnormalities in codeine-containing cough syrup-dependent male individuals revealed in resting-state fMRI.,2017,Journal of magnetic resonance imaging : JMRI,unknown,functional connectivity,impulsivity (general),CCS-dependent individuals,correlates_with,higher,,direct,0.9,"Intrinsic network FC also correlated with higher impulsivity in CCS-dependent individuals (P < 0.05, AlphaSim corrected).",27341655,vllm:qwen2.5-7b-instruct,high
pubmed,33047425,impulsivity resting-state fMRI functional connectivity,Resting-state connectome-based support-vector-machine predictive modeling of internet gaming disorder.,2021,Addiction biology,default mode network,functional connectivity,impulsivity (general),internet gaming disorder,predicts,higher,,direct,0.8,"A comparison of whole-brain and network-based analyses showed that the default-mode network (DMN) is the most informative network in predicting IGD both in classification (individual identification accuracy = 78.76%) and regression (correspondence between predicted and actual psychometric scale score: r = 0.44, P < 0.001).",33047425,vllm:qwen2.5-7b-instruct,high
pubmed,24746086,impulsivity resting-state fMRI functional connectivity,[Functional connectivity of temporal parietal junction in online game addicts:a resting-state functional magnetic resonance imaging study].,2014,Zhonghua yi xue za zhi,unknown,functional connectivity,impulsivity (general),online game addiction,associated_with,unclear,,indirect,0.7,Altered functional connectivity of TPJ reflected its dysfunction in online game addicts.,24746086,vllm:qwen2.5-7b-instruct,medium
pubmed,36963236,impulsivity resting state functional connectivity,Decision-making and frontoparietal resting-state functional connectivity among impulsive-compulsive diagnoses. Insights from a Bayesian approach.,2023,Addictive behaviors,unknown,functional connectivity,impulsivity (general),impulsive-compulsive spectrum patients,associated_with,unclear,,indirect,0.2,Resting-state functional connectivity (rsFC) has been proposed as a promising biomarker of decision-making.,36963236,vllm:qwen2.5-7b-instruct,medium
pubmed,23294010,impulsivity resting state functional connectivity,Phenotypic variability in resting-state functional connectivity: current status.,2013,Brain connectivity,unknown,unknown,impulsivity (general),unknown,associated_with,unclear,,indirect,0.7,"associations were also widespread between the cingulo-opercular network and both cognitive and affective behaviors, while the frontoparietal network was associated primarily with cognitive functions.",23294010,vllm:qwen2.5-7b-instruct,medium
pubmed,41005016,impulsivity resting state functional connectivity,Resting-state functional connectivity insights: dorsolateral prefrontal cortex and superior parietal lobule in self-control and cognitive reappraisal.,2025,Brain and cognition,unknown,functional connectivity,unknown,unknown,associated_with,higher,mediating role,direct,0.9,"Moreover, neuroimaging results revealed the functional connectivity between the dorsolateral prefrontal cortex (dlPFC) and superior parietal lobule (SPL) was associated with self-control and played a mediating role in the association with cognitive reappraisal.",41005016,vllm:qwen2.5-7b-instruct,high
pubmed,30844604,impulsivity resting state functional connectivity,Altered topological connectivity of internet addiction in resting-state EEG through network analysis.,2019,Addictive behaviors,unknown,functional connectivity,impulsivity (general),internet addiction,correlates_with,unclear,,direct,0.7,Correlation analysis demonstrated that the observed regional alterations were significantly correlated with the severity of IA.,30844604,vllm:qwen2.5-7b-instruct,high
pubmed,31073695,impulsivity resting state functional connectivity,Binge drinking is associated with altered resting state functional connectivity of reward-salience and top down control networks.,2020,Brain imaging and behavior,"salience/ventral attention network, frontoparietal/control network",functional connectivity,impulsivity (general),"binge drinking, light drinking",associated_with,higher,dysregulation of neurofunctional networks,direct,0.8,BDs demonstrated lower connectivity between the IFC and hippocampus which was associated with higher craving.,31073695,vllm:qwen2.5-7b-instruct,high
pubmed,42146757,impulsivity resting state functional connectivity,Resting-State Functional Connectivity Alterations in Pediatric Survivors of Severe COVID-19: An Exploratory Case-Control Study.,2026,Sage open pediatrics,unknown,functional connectivity,impulsivity (general),severe COVID-19,correlates_with,unclear,,indirect,0.5,"In an exploratory subset (8 post-COVID, 12 controls), 50% of post-COVID children had abnormally low Timeliness and 25% low Impulsivity MOXO-d-CPT z-scores, whereas no controls were abnormal.",42146757,vllm:qwen2.5-7b-instruct,medium
pubmed,31197580,impulsivity resting state functional connectivity,Relationship of negative urgency to cingulo-insular and cortico-striatal resting state functional connectivity in tobacco use.,2020,Brain imaging and behavior,unknown,functional connectivity,unknown,tobacco use,correlates_with,unclear,,direct,0.8,"In the whole sample, negative urgency was positively correlated with rsFC between the left insula and right dorsal anterior cingulate cortex (dACC).",31197580,vllm:qwen2.5-7b-instruct,high
pubmed,40305882,impulsivity resting state functional connectivity,"Functional connectivity anomalies in medication-naive children with ADHD: Diagnostic potential, symptoms interpretation, and a mediation model.",2025,Clinical neurophysiology : official journal of the International Federation of Clinical Neurophysiology,unknown,EEG connectivity,impulsivity (general),ADHD,correlates_with,unclear,compensatory,indirect,0.89,Left parietal θ band hyper-connectivity (C3-P7) correlated with both inattention and hyperactivity/impulsivity and mediated their interrelationship.,40305882,vllm:qwen2.5-7b-instruct,medium
pubmed,35831231,impulsivity resting state functional connectivity,Functional Connectivity in Compulsive Sexual Behavior Disorder - Systematic Review of Literature and Study on Heterosexual Males.,2022,The journal of sexual medicine,unknown,functional connectivity,impulsivity (general),Compulsive Sexual Behavior Disorder (CSBD),correlates_with,unclear,,indirect,0.5,No significant correlations between psychological questionnaires assessing CSBD symptoms and resting-state functional connectivity were observed.,35831231,vllm:qwen2.5-7b-instruct,medium
pubmed,25237118,impulsivity resting state functional connectivity,Resting state functional magnetic resonance imaging reveals distinct brain activity in heavy cannabis users - a multi-voxel pattern analysis.,2014,"Journal of psychopharmacology (Oxford, England)",unknown,functional connectivity,impulsivity (general),unknown,correlates_with,unclear,,indirect,0.6,High correlations were also found between the overall classification accuracy and Barrett Barrett Impulsiveness Scale factor scores of attention and motor.,25237118,vllm:qwen2.5-7b-instruct,medium
pubmed,26582309,impulsivity resting state functional connectivity,Decreased functional connectivity between ventral tegmental area and nucleus accumbens in Internet gaming disorder: evidence from resting state functional magnetic resonance imaging.,2015,Behavioral and brain functions : BBF,unknown,functional connectivity,impulsivity (general),Internet gaming disorder,associated_with,lower,,direct,0.85,"In comparison with HCs, individuals with IGD had significantly decreased rsFC between the VTA and right NAcc.",26582309,vllm:qwen2.5-7b-instruct,high
pubmed,32699511,impulsivity fMRI functional connectivity,Neurobiological mechanisms underlying internet gaming disorder .,2020,Dialogues in clinical neuroscience,unknown,functional connectivity,impulsivity (general),internet gaming disorder,associated_with,unclear,,direct,0.7,reduced activity in impulse control areas and impaired decision making,32699511,vllm:qwen2.5-7b-instruct,medium
pubmed,38320657,impulsivity fMRI functional connectivity,Effects of internet and smartphone addiction on cognitive control in adolescents and young adults: A systematic review of fMRI studies.,2024,Neuroscience and biobehavioral reviews,unknown,functional connectivity,impulsivity (general),unknown,associated_with,unclear,,indirect,0.7,"Included studies (n = 21) revealed that both behavioral addictions were associated with impairments in cognitive control related to reward processing (ACC, insula, amygdala) and executive function (DLPFC, frontal, parietal lobes) in adolescents and young adults.",38320657,vllm:qwen2.5-7b-instruct,medium
pubmed,38888924,impulsivity fMRI functional connectivity,Efficacy and Neural Mechanisms of Mindfulness Meditation Among Adults With Internet Gaming Disorder: A Randomized Clinical Trial.,2024,JAMA network open,unknown,functional connectivity,impulsivity (general),Internet Gaming Disorder,associated_with,unclear,altering frontopallidal pathways,indirect,0.7,"Increased MFG-lentiform FC and decreased craving (pretest vs posttest: mean [SD], 58.8 [15.7] vs 33.6 [12.0]; t = -8.66; ƞ2 = 0.30; P < .001) was observed after MM, and changes in MFG-lentiform FC mediated the relationship between increased mindfulness and decreased craving (mediate effect, -0.17; 95% CI, -0.32 to -0.08; P = .03).",38888924,vllm:qwen2.5-7b-instruct,high
pubmed,40913110,impulsivity fMRI functional connectivity,Impulsivity and neuroticism share distinct functional connectivity signatures with alcohol-use risk in youth.,2026,Molecular psychiatry,unknown,functional connectivity,impulsivity (general),unknown,associated_with,unclear,,direct,0.8,The impulsivity network was predominantly characterized by motor/sensory-related connections.,40913110,vllm:qwen2.5-7b-instruct,high
pubmed,32035425,impulsivity fMRI functional connectivity,Ventromedial prefrontal value signals and functional connectivity during decision-making in suicidal behavior and impulsivity.,2020,Neuropsychopharmacology : official publication of the American College of Neuropsychopharmacology,unknown,functional connectivity,impulsivity (general),suicidal behavior and depression,correlates_with,unclear,,direct,0.8,"In nonpsychiatric controls, vmPFC-frontoparietal connectivity was negatively moderated by impulsivity (pFWE corrected < 0.05).",32035425,vllm:qwen2.5-7b-instruct,high
pubmed,41088106,impulsivity fMRI functional connectivity,Effects of progressive aerobic training on neural synchrony and functional connectivity in internet gaming disorder: a randomized controlled fMRI study.,2025,BMC psychiatry,unknown,functional connectivity,impulsivity (general),Internet gaming disorder,reduced,lower,,direct,0.8,fMRI results revealed increased ISC in the left postcentral gyrus and decreased ISC in the left caudate and right precentral gyrus. Caudate ISC changes correlated with IAT improvements.,41088106,vllm:qwen2.5-7b-instruct,high
pubmed,39743174,impulsivity fMRI functional connectivity,The intrinsic functional connectivity of psychopathy and its relation to self-control.,2025,Biological psychology,"default mode network, salience network, dorsal attention network",functional connectivity,impulsivity (general),psychopathy,correlates_with,unclear,,direct,0.85,Both the psychopathy-associated positive and negative networks were significantly correlated with measures of self-control and impulsivity.,39743174,vllm:qwen2.5-7b-instruct,high
pubmed,26969418,impulsivity fMRI functional connectivity,Aberrant interhemispheric functional and structural connectivity in heroin-dependent individuals.,2017,Addiction biology,unknown,functional connectivity,impulsivity (general),heroin-dependent individuals,correlates_with,higher,,direct,0.85,"VMHC in the dorsal lateral prefrontal cortex (DLPFC) correlated with genu CC volume, VMHC in the putamen, VMHC in the DLPFC and genu CC volume and splenium CC volume were negatively correlated with heroin duration and impulsivity traits.",26969418,vllm:qwen2.5-7b-instruct,high
pubmed,37248201,impulsivity fMRI functional connectivity,Corticostriatal connectivity mediates the reciprocal relationship between parent-reported sleep duration and impulsivity in early adolescents.,2023,"Journal of child psychology and psychiatry, and allied disciplines",unknown,functional connectivity,impulsivity (general),unknown,mediates,higher,corticostriatal connectivities,direct,0.85,"In addition, we observed a link between short sleep duration and reduced corticostriatal connectivity.",37248201,vllm:qwen2.5-7b-instruct,high
pubmed,39559854,impulsivity fMRI functional connectivity,Connectivity-Based Real-Time Functional Magnetic Resonance Imaging Neurofeedback in Nicotine Users: Mechanistic and Clinical Effects of Regulating a Meta-Analytically Defined Target Network in a Double-Blind Controlled Trial.,2024,Human brain mapping,unknown,functional connectivity,impulsivity (general),nicotine users,unclear,unclear,,indirect,0.2,Secondary outcomes were (1) neurofeedback-specific changes in functional connectivity of the target network; (2) changes in smoking behavior and impulsivity measures; and (3) changes in resting-state connectivity profiles.,39559854,vllm:qwen2.5-7b-instruct,medium
pubmed,40200728,impulsivity fMRI functional connectivity,Reproducible Effects of Sex and Acquisition Order on Multiple Global Signal Metrics: Implications for Functional Connectivity Studies of Phenotypic Individual Differences Using fMRI.,2025,Brain and behavior,unknown,BOLD variability,impulsivity (general),unknown,associated_with,unclear,,indirect,0.3,"In addition, effects of paradigm acquisition order were observed on GS measures, including an increase in BOLD signal variance across time.",40200728,vllm:qwen2.5-7b-instruct,medium
pubmed,36987598,impulsivity fMRI functional connectivity,Transdiagnostic Connectome-Based Prediction of Craving.,2023,The American journal of psychiatry,"salience, subcortical, default mode networks",functional connectivity,unknown,transdiagnostic sample of individuals with and without substance use-related conditions,predicts,higher,,direct,0.85,"Anatomical localization of model contribution suggested that the strongest predictors of craving were regions of the salience, subcortical, and default mode networks.",36987598,vllm:qwen2.5-7b-instruct,high
pubmed,40541132,impulsivity fMRI functional connectivity,Food addiction severity is associated with decreased functional connectivity and responses to palatable food pictures in brain areas involved in emotion and cognitive control.,2025,"Clinical nutrition (Edinburgh, Scotland)",unknown,functional connectivity,impulsivity (general),food addiction,associated_with,lower,,direct,0.85,"FA severity correlated negatively with functional connectivity (FC) between several brain regions, such as the anterior cingulate cortex and left accumbens, and positively with FC between the left amygdala and hippocampus (cluster/connection: pFDR<0.05, false discovery rate correction).",40541132,vllm:qwen2.5-7b-instruct,high
pubmed,28189592,impulsivity fMRI functional connectivity,Dissociable frontostriatal white matter connectivity underlies reward and motor impulsivity.,2017,NeuroImage,unknown,structural connectivity,impulsivity (general),unknown,associated_with,unclear,,direct,0.8,"We found a double dissociation such that individual differences in white matter connectivity between the ventral striatum and the ventromedial prefrontal cortex and dorsolateral prefrontal cortex was associated with reward impulsivity, as measured by delay discounting, whereas connectivity between dorsal striatum and supplementary motor area was associated with motor impulsivity, but not vice versa.",28189592,vllm:qwen2.5-7b-instruct,high
pubmed,30273626,impulsivity fMRI functional connectivity,Mesolimbic connectivity signatures of impulsivity and BMI in early adolescence.,2019,Appetite,unknown,functional connectivity,impulsivity (general),unknown,correlates_with,higher,,direct,0.85,"Connectivity within this network which included the hippocampi, amygdalae, parahippocampal gyri and the regions of interest, correlated positively with impulsivity and BMI Z-score for age and negatively with sensation-seeking.",30273626,vllm:qwen2.5-7b-instruct,high
pubmed,39153422,impulsivity fMRI functional connectivity,A comprehensive systematic review of fMRI studies on brain connectivity in healthy children and adolescents: Current insights and future directions.,2024,Developmental cognitive neuroscience,unknown,functional connectivity,impulsivity (general),unknown,unknown,unclear,,background,,,39153422,vllm:qwen2.5-7b-instruct,low
pubmed,39103090,impulsivity fMRI functional connectivity,Individualized prediction of online shopping addiction from whole-brain functional connectivity.,2024,Neuropsychologia,default mode network,functional connectivity,impulsivity (general),predicting OSA tendency,mediates,lower,the strength of the negative network mediated the relationship between OSA and impulsivity,direct,0.85,"Moreover, the strength of the negative network mediated the relationship between OSA and impulsivity, highlighting that the negative network underlies the impulsivity characteristic of OSA.",39103090,vllm:qwen2.5-7b-instruct,high
pubmed,28231395,impulsivity fMRI functional connectivity,Functional connectivity in amygdalar-sensory/(pre)motor networks at rest: new evidence from the Human Connectome Project.,2017,The European journal of neuroscience,unknown,functional connectivity,impulsivity (general),unknown,associated_with,unclear,,indirect,0.3,"rs-fMRI studies are now warranted to examine potential abnormalities in this circuit in psychiatric and neurological diseases that may be associated with alterations in the amygdala-sensory/(pre)motor pathways (e.g. conversion disorders, impulse control disorders, amyotrophic lateral sclerosis and multiple sclerosis).",28231395,vllm:qwen2.5-7b-instruct,medium
pubmed,33236526,impulsivity fMRI functional connectivity,Reduced frontostriatal functional connectivity and associations with severity of Internet gaming disorder.,2021,Addiction biology,unknown,functional connectivity,impulsivity (general),Internet gaming disorder,associates_with,lower,,direct,0.85,"Decreased FC was predominantly observed in IGD subjects, with IGD subjects showing decreased FC between the putamen and superior frontal gyrus (SFG), middle frontal gyrus (MFG), and inferior frontal gyrus (IFG) and the ventral striatum and IFG, superior temporal gyrus, and MFG.",33236526,vllm:qwen2.5-7b-instruct,high
pubmed,38715980,impulsivity fMRI functional connectivity,Identifying ADHD-Related Abnormal Functional Connectivity with a Graph Convolutional Neural Network.,2024,Neural plasticity,unknown,functional connectivity,impulsivity (general),ADHD,associated_with,unclear,,indirect,0.7,"Our results suggest that the frontal, temporal, parietal, and cerebellar regions are likely the primary areas of dysfunction in individuals with ADHD.",38715980,vllm:qwen2.5-7b-instruct,medium
pubmed,33564081,impulsivity fMRI functional connectivity,Alterations in reward network functional connectivity are associated with increased food addiction in obese individuals.,2021,Scientific reports,unknown,functional connectivity,impulsivity (general),food addiction,associated_with,higher,dysregulation of the dopaminergic pathway,direct,0.8,Individuals with food addiction showed greater connectivity between regions of the reward network suggesting dysregulation of the dopaminergic pathway.,33564081,vllm:qwen2.5-7b-instruct,high
pubmed,35835210,impulsivity fMRI functional connectivity,Fronto-striatal connectivity patterns account for the impact of methylphenidate on choice impulsivity among healthy adults.,2022,Neuropharmacology,unknown,functional connectivity,nonplanning impulsivity,unknown,associated_with,lower,,direct,0.9,"Notably, the more putamen-mPFC functional connectivity increased during non-impulsive choices following MPH administration, the less an individual was likely to make impulsive choices.",35835210,vllm:qwen2.5-7b-instruct,high
pubmed,36244800,impulsivity fMRI functional connectivity,Neuroanatomical Correlates of Emotion-Related Impulsivity.,2023,Biological psychiatry,unknown,covariates,impulsivity (general),unknown,associated_with,higher,,indirect,0.7,"Lower cortical gyrification in the right lateral OFC was associated with high ERI severity in a full, preregistered model.",36244800,vllm:qwen2.5-7b-instruct,medium
pubmed,24878823,impulsivity fMRI functional connectivity,"Interindividual differences in cognitive flexibility: influence of gray matter volume, functional connectivity and trait impulsivity.",2015,Brain structure & function,unknown,functional connectivity,unknown,unknown,correlated_with,higher,,direct,0.9,"card-sorting performance correlated positively with GMV of the right anterior insula, FC between bilateral anterior insula and midcingulate cortex/supplementary motor area as well as the impulsivity dimension 'Premeditation.'",24878823,vllm:qwen2.5-7b-instruct,high
pubmed,40768779,impulsivity fMRI functional connectivity,Aberrant degree centrality and functional connectivity in patients with internet gaming disorder.,2025,Journal of psychiatric research,unknown,functional connectivity,impulsivity (general),internet gaming disorder,associated_with,unclear,,indirect,0.7,"The AUC values of DC, FC and the combined analysis for distinguishing IGD patients from HCs were 0.738, 0.850 and 0.864, respectively.",40768779,vllm:qwen2.5-7b-instruct,medium
pubmed,36958794,impulsivity fMRI functional connectivity,Adaptive control of functional connectivity: dorsal and ventral limbic divisions regulate the dorsal and ventral neocortical networks.,2023,"Cerebral cortex (New York, N.Y. : 1991)",unknown,functional connectivity,impulsivity (general),unknown,associated_with,unclear,,indirect,0.3,"We review evidence indicating that the dorsal, archicortical division of the limbic system provides a feedforward, impulsive, endogenous mode of motive control, whereas the ventral, paleocortical limbic division provides feedback constraint linked to exogenous events.",36958794,vllm:qwen2.5-7b-instruct,medium
pubmed,38598290,impulsivity fMRI functional connectivity,"Effects of bilateral tDCS over DLPFC on response inhibition, craving, and brain functional connectivity in Internet gaming disorder: A randomized, double-blind, sham-controlled trial with fMRI.",2024,Journal of behavioral addictions,unknown,functional connectivity,nonplanning impulsivity,Internet gaming disorder,correlates_with,unclear,,direct,0.7,The rsFC between the ACC and left middle frontal gyrus was negatively correlated with the SSRT.,38598290,vllm:qwen2.5-7b-instruct,high
pubmed,31665241,impulsivity fMRI functional connectivity,The structural connectivity of discrete networks underlies impulsivity and gambling in Parkinson's disease.,2019,Brain : a journal of neurology,unknown,structural connectivity,impulsivity (general),Parkinson's disease,associated_with,unclear,,direct,0.8,"Larger bet sizes in the virtual casino were associated with greater connectivity of the reward evaluation network, particularly bilateral fibre tracts between the ventral striatum and ventromedial prefrontal cortex.",31665241,vllm:qwen2.5-7b-instruct,high
pubmed,32434751,impulsivity fMRI functional connectivity,Increased functional connectivity in gambling disorder correlates with behavioural and emotional dysregulation: Evidence of a role for the cerebellum.,2020,Behavioural brain research,cerebellum,functional connectivity,impulsivity (general),gambling disorder,correlates_with,higher,,direct,0.8,"Moreover, a significant correlation between behavioural parameters and the strength of the resting-state cerebellar network was found.",32434751,vllm:qwen2.5-7b-instruct,high
pubmed,37721727,impulsivity fMRI functional connectivity,Acupuncture modulates the functional connectivity among the subcortical nucleus and fronto-parietal network in adolescents with internet addiction.,2023,Brain and behavior,unknown,functional connectivity,impulsivity (general),internet addiction,modulates,lower,decreased functional connectivity between subcortical nucleus and fronto-parietal network,direct,0.85,"After 40 days of acupuncture treatment, the FC within the FPN and between the SN and FPN were significantly decreased in individuals with IA.",37721727,vllm:qwen2.5-7b-instruct,high
pubmed,25282597,impulsivity fMRI functional connectivity,Differences in functional connectivity between alcohol dependence and internet gaming disorder.,2015,Addictive behaviors,unknown,functional connectivity,impulsivity (general),"alcohol dependence, internet gaming disorder",associated_with,unclear,,indirect,0.7,"Both AD and IGD subjects have positive functional connectivity between the dorsolateral prefrontal cortex (DLPFC), cingulate, and cerebellum. In addition, both groups have negative functional connectivity between the DLPFC and the orbitofrontal cortex.",25282597,vllm:qwen2.5-7b-instruct,medium
pubmed,25853901,impulsivity fMRI functional connectivity,Impaired functional connectivity within and between frontostriatal circuits and its association with compulsive drug use and trait impulsivity in cocaine addiction.,2015,JAMA psychiatry,unknown,functional connectivity,impulsivity (general),cocaine addiction,associated_with,higher,,direct,0.85,increased striatal-dorsal lateral prefrontal cortex connectivity strength was positively correlated with the amount of recent cocaine use (uncorrected P < .046) and elevated trait impulsivity in the CUs (uncorrected P < .012),25853901,vllm:qwen2.5-7b-instruct,high
pubmed,36149062,impulsivity fMRI functional connectivity,Reduced brain activity and functional connectivity during creative idea generation in individuals with smartphone addiction.,2023,Social cognitive and affective neuroscience,unknown,functional connectivity,impulsivity (general),smartphone addiction,associated_with,lower,,direct,0.85,"In the SAT group, the PFC was less active under constraint than unconstraint conditions. Moreover, both task-related and resting-state functional connectivity analyses indicated weaker coupling between the PFC and temporal regions in the SAT than in the HC group.",36149062,vllm:qwen2.5-7b-instruct,high
pubmed,27119360,impulsivity fMRI functional connectivity,Decreased functional connectivity of insula-based network in young adults with internet gaming disorder.,2016,Experimental brain research,unknown,functional connectivity,impulsivity (general),internet gaming disorder,associated_with,lower,reduced ability to inhibit motor responses to internet gaming or diminished executive control over craving for internet gaming,direct,0.85,The finding of reduced functional connectivity between the interoception and the motor/executive control regions is interpreted to reflect reduced ability to inhibit motor responses to internet gaming or diminished executive control over craving for internet gaming in IGD.,27119360,vllm:qwen2.5-7b-instruct,high
pubmed,28888152,impulsivity fMRI functional connectivity,Altered functional connectivity to stressful stimuli in prenatally cocaine-exposed adolescents.,2017,Drug and alcohol dependence,unknown,functional connectivity,impulsivity (general),prenatally cocaine-exposed adolescents,associated_with,unclear,,indirect,0.6,"Craving scores inversely correlated with corticolimbic connectivity in PCE, but not NDE adolescents, during the favorite-food condition.",28888152,vllm:qwen2.5-7b-instruct,medium
pubmed,38468374,impulsivity fMRI functional connectivity,Functional connectivity alterations in individuals with gaming disorder assessed by functional magnetic resonance imaging: a systematic review.,2025,Journal of addictive diseases,unknown,functional connectivity,impulsivity (general),Internet Gaming Disorder (IGD),associated_with,unclear,,indirect,0.7,The main findings reveal changes such as significant increases or decreases in functional connectivity in certain regions of the brain.,38468374,vllm:qwen2.5-7b-instruct,medium
pubmed,31362183,impulsivity fMRI functional connectivity,Oxytocin modulates alcohol-cue induced functional connectivity in the nucleus accumbens of social drinkers.,2019,Psychoneuroendocrinology,unknown,functional connectivity,impulsivity (general),unknown,modulates,unclear,,indirect,0.7,"This might reflect an attenuation of alcohol-cue saliency by oxytocin, which improves inhibitory control over craving and cue reactivity.",31362183,vllm:qwen2.5-7b-instruct,medium
pubmed,31401546,impulsivity fMRI functional connectivity,Functional connectivity of emotional well-being: Overconnectivity between default and attentional networks is associated with attitudes of anger and aggression.,2019,Psychiatry research. Neuroimaging,"default mode network, salience/ventral attention network",functional connectivity,impulsivity (general),unknown,associated_with,higher,impaired effortful control and decreased response inhibition,direct,0.85,functional connectivity between the default and attentional networks was positively correlated with scores of attitudes of anger and aggression.,31401546,vllm:qwen2.5-7b-instruct,high
pubmed,25073506,impulsivity fMRI functional connectivity,"Cortical thinning, functional connectivity, and mood-related impulsivity in schizophrenia: relationship to aggressive attitudes and behavior.",2014,The American journal of psychiatry,unknown,functional connectivity,nonplanning impulsivity,schizophrenia,correlates_with,higher,,direct,0.8,"In patients, reduced resting-state functional connectivity in some of these regions was associated with higher urgency.",25073506,vllm:qwen2.5-7b-instruct,high
pubmed,24367675,impulsivity fMRI functional connectivity,Increased functional connectivity between prefrontal cortex and reward system in pathological gambling.,2013,PloS one,unknown,functional connectivity,nonplanning impulsivity,pathological gambling,associated_with,higher,,direct,0.8,"PG patients demonstrated increased connectivity from the right middle frontal gyrus to the right striatum as compared to controls, which was also positively correlated with nonplanning aspect of impulsiveness, smoking and craving scores in the PG group.",24367675,vllm:qwen2.5-7b-instruct,high
pubmed,40032530,impulsivity fMRI functional connectivity,Cocaine Self-Administration Increases Impulsive Decision-Making in Low-Impulsive Rats Associated with Impaired Functional Connectivity in the Mesocorticolimbic System.,2025,eNeuro,mesocorticolimbic,functional connectivity,impulsivity (general),unknown,associated_with,lower,,direct,0.85,"Using these three regions as seeds, we observed a negative correlation between impulsivity and functional connectivity between the midbrain and frontal cortex, as well as between the thalamus and frontal cortex (including the orbitofrontal, primary, and parietal cortices) in low-impulsive rats. These correlations were attenuated following chronic cocaine SA.",40032530,vllm:qwen2.5-7b-instruct,high
pubmed,39419186,impulsivity fMRI functional connectivity,Alternations voxel-wise interhemispheric and intrahemipheric functional connectivity dynamics in internet gaming disorder.,2025,Journal of affective disorders,unknown,functional connectivity,impulsivity (general),internet gaming disorder,correlates_with,lower,,indirect,0.7,"Moreover, abnormal global dFCD variability of the calcarine and ipsilateral dFCD variability of the PCC were negatively correlated with the severity of IGDs in the IGD group.",39419186,vllm:qwen2.5-7b-instruct,medium
pubmed,34469847,impulsivity fMRI functional connectivity,Sex-specific frontal-striatal connectivity differences among adolescents with externalizing disorders.,2021,NeuroImage. Clinical,unknown,functional connectivity,impulsivity (general),externalizing disorders,correlated_with,higher,,direct,0.8,"Boys demonstrated weaker connectivity than girls within two medial-lateral prefrontal cortical networks. However, only boys showed greater medial-lateral prefrontal connectivity correlated with greater impulsivity.",34469847,vllm:qwen2.5-7b-instruct,high
pubmed,36662797,impulsivity fMRI functional connectivity,The continuum of attention dysfunction: Evidence from dynamic functional network connectivity analysis in neurotypical adolescents.,2023,PloS one,salience/ventral attention network,dynamic connectivity,impulsivity (general),unknown,associated_with,lower,,direct,0.85,we show ADHD manifestations and impulsivity are associated with prolonged periods of dynamically hyperconnected states.,36662797,vllm:qwen2.5-7b-instruct,high
pubmed,30054871,impulsivity fMRI functional connectivity,Internet gaming disorder: deficits in functional and structural connectivity in the ventral tegmental area-Accumbens pathway.,2019,Brain imaging and behavior,unknown,functional connectivity,impulsivity (general),Internet gaming disorder,correlates_with,lower,,direct,0.8,"Both the NAc and medial orbitofrontal cortex (mOFC) showed lower RSFC with VTA in IGD subjects compared with controls. Moreover, the RSFC strength of VTA-right NAc and VTA-left mOFC correlated negatively with IAT in IGD subjects.",30054871,vllm:qwen2.5-7b-instruct,high
pubmed,28777996,impulsivity fMRI functional connectivity,Neural connectivity moderates the association between sleep and impulsivity in adolescents.,2017,Developmental cognitive neuroscience,default mode network,functional connectivity,impulsivity (general),unknown,moderates,unclear,,direct,0.85,"Poor sleep quality was related to greater affect-related impulsivity among adolescents with low, but not high, connectivity, suggesting neural functioning relates to individual differences linking sleep quality and impulsivity.",28777996,vllm:qwen2.5-7b-instruct,high
pubmed,34262129,impulsivity fMRI functional connectivity,Dorsal and ventral striatal functional connectivity shifts play a potential role in internet gaming disorder.,2021,Communications biology,unknown,functional connectivity,impulsivity (general),internet gaming disorder,correlates_with,lower,,direct,0.85,IGD relative to RGU subjects showed lower ventral-striatum-to-MFG (mostly involving supplementary motor area (SMA)) and higher dorsal-striatum-to-MFG functional connectivity.,34262129,vllm:qwen2.5-7b-instruct,high
pubmed,30277562,impulsivity fMRI functional connectivity,The role of the dorsal striatum in choice impulsivity.,2019,Annals of the New York Academy of Sciences,unknown,unknown,impulsivity (general),unknown,unknown,unclear,,background,,,30277562,vllm:qwen2.5-7b-instruct,low
pubmed,41667050,impulsivity fMRI functional connectivity,Task-based functional connectivity in internet gaming disorder: A systematic review.,2026,Progress in neuro-psychopharmacology & biological psychiatry,unknown,functional connectivity,impulsivity (general),Internet gaming disorder (IGD),correlates_with,higher,,direct,0.8,"Higher impulsiveness and risk-taking behaviours were observed in IGD individuals, with increased reward network and ECN FC during related tasks.",41667050,vllm:qwen2.5-7b-instruct,high
pubmed,25553620,impulsivity fMRI functional connectivity,A selective involvement of putamen functional connectivity in youth with internet gaming disorder.,2015,Brain research,unknown,functional connectivity,impulsivity (general),internet gaming disorder,associated_with,unclear,,direct,0.8,"More time spent playing online games predicted significantly greater functional connectivity between the dorsal putamen and bilateral primary somatosensory cortices in adolescents with internet gaming disorder, and significantly lower functional connectivity between the dorsal putamen and bilateral sensorimotor cortices in healthy controls.",25553620,vllm:qwen2.5-7b-instruct,high
pubmed,34861396,impulsivity fMRI functional connectivity,Individual differences in (dis)honesty are represented in the brain's functional connectivity at rest.,2022,NeuroImage,unknown,functional connectivity,impulsivity (general),unknown,correlates_with,unclear,,direct,0.75,"Specifically, we investigated whether task-independent neural patterns within the brain at rest could be used to predict a propensity for (dis)honest behavior. Our analyses revealed that functional connectivity, especially between brain networks linked to self-referential thinking (vmPFC, temporal poles, and PCC) and reward processing (caudate nucleus), reliably correlates, in an independent sample, with participants' propensity to cheat.",34861396,vllm:qwen2.5-7b-instruct,high
pubmed,35007715,impulsivity fMRI functional connectivity,Risk-taking in humans and the medial orbitofrontal cortex reward system.,2022,NeuroImage,"medial orbitofrontal cortex, ventromedial prefrontal cortex, parahippocampal areas, anterior cingulate cortex",functional connectivity,impulsivity (general),unknown,associated_with,higher,"higher connectivity with the anterior cingulate cortex, providing a route for these reward-related regions to have a greater influence on action in risk-taking individuals",direct,0.9,"Functional connectivities of the medial orbitofrontal cortex, ventromedial prefrontal cortex (VMPFC), and the parahippocampal areas were significantly higher in the risk-taking group (p < 0.001, FDR corrected).",35007715,vllm:qwen2.5-7b-instruct,high
pubmed,40991106,impulsivity fMRI functional connectivity,Functional connectome fingerprinting related to BMI and its association with impulsivity.,2025,Brain imaging and behavior,unknown,functional connectivity,impulsivity (general),unknown,correlates_with,unclear,,indirect,0.7,The identified BMI-related rsFC fingerprintings significantly accounted for scores on the delay discounting task.,40991106,vllm:qwen2.5-7b-instruct,medium
pubmed,32214339,impulsivity fMRI functional connectivity,Alcohol effects on globus pallidus connectivity: Role of impulsivity and binge drinking.,2020,PloS one,unknown,functional connectivity,impulsivity (general),unknown,associated_with,higher,,direct,0.85,Our data also indicated an association between impulsivity and alcohol-induced deficits in GPe-frontal/precentral connectivity.,32214339,vllm:qwen2.5-7b-instruct,high
pubmed,27975158,impulsivity fMRI functional connectivity,Compensatory increase of functional connectivity density in adolescents with internet gaming disorder.,2017,Brain imaging and behavior,unknown,functional connectivity,impulsivity (general),internet gaming disorder,correlates_with,higher,,indirect,0.6,The IGD adolescents exhibited higher global/long-range rsFCD in the bilateral dorsal lateral prefrontal cortex (DLPFC) and the right inferior temporal cortex (ITC)/fusiform compared with the HCs.,27975158,vllm:qwen2.5-7b-instruct,medium
pubmed,41067444,impulsivity fMRI functional connectivity,Altered functional connectivity of reward circuits in adolescents with addictive nonsuicidal self-injury.,2025,Brain research bulletin,unknown,functional connectivity,impulsivity (general),adolescents with addictive nonsuicidal self-injury,correlates_with,unclear,,indirect,0.7,The FC between left hippocampus and right caudate nucleus was positively correlated with the self-injury frequency in the past month.,41067444,vllm:qwen2.5-7b-instruct,medium
pubmed,25445475,impulsivity fMRI functional connectivity,Decreased functional connectivity in an executive control network is related to impaired executive function in Internet gaming disorder.,2015,Progress in neuro-psychopharmacology & biological psychiatry,unknown,functional connectivity,unknown,Internet gaming disorder,related_to,lower,,direct,0.8,IGD subjects show lower functional connectivity in ECNs than do HC participants during resting state;,25445475,vllm:qwen2.5-7b-instruct,high
pubmed,34964209,impulsivity fMRI functional connectivity,Neural processes during response inhibition in complex posttraumatic stress disorder.,2022,Depression and anxiety,unknown,unknown,impulsivity (general),complex posttraumatic stress disorder,associated_with,unclear,,background,0.5,,34964209,vllm:qwen2.5-7b-instruct,medium
pubmed,29442271,impulsivity fMRI functional connectivity,Exploring variability in basal ganglia connectivity with functional MRI in healthy aging.,2018,Brain imaging and behavior,unknown,functional connectivity,impulsivity (general),unknown,unclear,unclear,,indirect,0.3,,29442271,vllm:qwen2.5-7b-instruct,medium
pubmed,32361415,impulsivity fMRI functional connectivity,Impulsivity Relates to Relative Preservation of Mesolimbic Connectivity in Patients with Parkinson Disease.,2020,NeuroImage. Clinical,"limbic, associative, motor network",functional connectivity,impulsivity (general),Parkinson Disease,relates_to,higher,,direct,0.85,Our results show that there is greater probability of connectivity between the SN and limbic network targets relative to motor and associative network targets in PD patients with recent history of severe impulsivity as compared to PD patients without impulsivity (P = 0.0075).,32361415,vllm:qwen2.5-7b-instruct,high
pubmed,33813866,impulsivity fMRI functional connectivity,Aberrant Salient and Corticolimbic Connectivity in Hypersexual Parkinson's Disease.,2021,Brain connectivity,salience/ventral attention network,functional connectivity,impulsivity (general),Parkinson's disease with hypersexuality,associated_with,unclear,,direct,0.8,Enhanced salience network (SN) activity represented by a significant rise in the right inferior frontal gyrus was found in PD+HS compared with PD-HS.,33813866,vllm:qwen2.5-7b-instruct,high
pubmed,31886611,impulsivity fMRI functional connectivity,Dorsal striatal functional connectivity changes in Internet gaming disorder: A longitudinal magnetic resonance imaging study.,2021,Addiction biology,unknown,functional connectivity,impulsivity (general),Internet gaming disorder,correlates_with,unclear,,direct,0.75,Young males with IGD showed an altered FC pattern in the dorsal striatum during follow-up. FC of the dorsal striatum in IGD increased in the mPFC and decreased in the MOG.,31886611,vllm:qwen2.5-7b-instruct,high
pubmed,40043540,impulsivity fMRI functional connectivity,A brief review of MRI studies in patients with attention-deficit/hyperactivity disorder and future perspectives.,2025,Brain & development,unknown,unknown,impulsivity (general),attention-deficit/hyperactivity disorder,unknown,unclear,,background,,,40043540,vllm:qwen2.5-7b-instruct,low
pubmed,32987241,impulsivity fMRI functional connectivity,Intrinsic functional connectivity of the default mode and cognitive control networks relate to change in behavioral performance over two years.,2020,Cortex; a journal devoted to the study of the nervous system and behavior,default mode network | cognitive control network,functional connectivity,unknown,unknown,associated_with,higher,,direct,0.85,"Additionally, decreased connectivity between posterior parietal CCN and DMN nodes and decreased connectivity between left and right dorsolateral prefrontal nodes was associated with increased cognitive performance.",32987241,vllm:qwen2.5-7b-instruct,high
pubmed,37753565,impulsivity fMRI functional connectivity,The role of the cerebellum in internet gaming disorder-A systematic review.,2023,Addiction biology,unknown,functional connectivity,impulsivity (general),internet gaming disorder,associated_with,unclear,,indirect,0.5,Results on altered cerebro-cerebellar connectivity in patients with IGD are mixed; most studies report altered or increased functional connectivity.,37753565,vllm:qwen2.5-7b-instruct,medium
pubmed,38594324,impulsivity neuroimaging functional connectivity,From compulsivity to compulsion: the neural basis of compulsive disorders.,2024,Nature reviews. Neuroscience,unknown,unknown,impulsivity (general),unknown,unknown,unclear,,background,,,38594324,vllm:qwen2.5-7b-instruct,low
pubmed,31691415,impulsivity neuroimaging functional connectivity,Risk proneness modulates the impact of impulsivity on brain functional connectivity.,2020,Human brain mapping,"['salience/ventral attention network', 'frontoparietal/control network', 'default mode network']",EEG connectivity,impulsivity (general),unknown,modulates,unclear,,direct,0.8,"In risk-prone individuals, (lack of) premeditation enhanced the coupling of the ventral attention and limbic networks. At the same time, emotion seeking increased the coupling of the frontoparietal network and the default mode networks (DMNs). Finally, (lack of) perseverance had a positive impact on the coupling of anterior temporal nodes of the limbic network whilst having a negative impact on some frontal nodes of the frontoparietal network and the DMNs.",31691415,vllm:qwen2.5-7b-instruct,high
pubmed,12359667,impulsivity neuroimaging functional connectivity,Drug addiction and its underlying neurobiological basis: neuroimaging evidence for the involvement of the frontal cortex.,2002,The American journal of psychiatry,frontoparietal/control network,functional connectivity,impulsivity (general),drug addiction,associated_with,unclear,impaired response inhibition and salience attribution,direct,0.8,"These regions are also involved in higher-order cognitive and motivational functions, such as the ability to track, update, and modulate the salience of a reinforcer as a function of context and expectation and the ability to control and inhibit prepotent responses.",12359667,vllm:qwen2.5-7b-instruct,high
pubmed,24815984,impulsivity neuroimaging functional connectivity,"EEG functional connectivity, axon delays and white matter disease.",2015,Clinical neurophysiology : official journal of the International Federation of Clinical Neurophysiology,unknown,unknown,impulsivity (general),unknown,unknown,unclear,,background,,,24815984,vllm:qwen2.5-7b-instruct,low
pubmed,30885789,impulsivity neuroimaging functional connectivity,Whole-brain functional connectivity during script-driven aggression in borderline personality disorder.,2019,Progress in neuro-psychopharmacology & biological psychiatry,unknown,functional connectivity,impulsivity (general),borderline personality disorder,associated_with,unclear,,direct,0.7,We identified a large network showing a significantly stronger increase in connectivity from baseline to the aggression phase in female patients with BPD compared to healthy women.,30885789,vllm:qwen2.5-7b-instruct,high
pubmed,30652907,impulsivity neuroimaging functional connectivity,Functional and structural neuroimaging studies of delayed reward discounting in addiction: A systematic review.,2019,Psychological bulletin,unknown,functional connectivity,impulsivity (general),addictive disorders,associated_with,higher,,direct,0.8,"In functional connectivity fMRI studies, there was moderate evidence for greater connectivity between the executive control, salience, and default mode networks in individuals exhibiting addictive behavior.",30652907,vllm:qwen2.5-7b-instruct,high
pubmed,39378092,impulsivity neuroimaging functional connectivity,Adolescent alcohol consumption predicted by differences in electrophysiological functional connectivity and neuroanatomy.,2024,Proceedings of the National Academy of Sciences of the United States of America,unknown,functional connectivity,impulsivity (general),unknown,unclear,unclear,,background,0.2,,39378092,vllm:qwen2.5-7b-instruct,low
pubmed,23451272,impulsivity neuroimaging functional connectivity,Decreased functional brain connectivity in adolescents with internet addiction.,2013,PloS one,unknown,functional connectivity,impulsivity (general),internet addiction,associated_with,lower,,direct,0.8,Adolescents with internet addiction showed reduced functional connectivity spanning a distributed network.,23451272,vllm:qwen2.5-7b-instruct,high
pubmed,38852751,impulsivity neuroimaging functional connectivity,Multimodal neuroimaging fusion unravel structural-functional-neurotransmitter change in Parkinson's disease with impulse control disorders.,2024,Neurobiology of disease,unknown,functional connectivity,impulsivity (general),Parkinson's disease with impulse control disorders,associated_with,higher,,direct,0.8,"Compared to PD-NICD, PD-ICD patients showed hypogyrification and enlarged PVS volume fraction in the left orbitofrontal gyrus (OFG), as well as decreased FC between interhemispheric OFG.",38852751,vllm:qwen2.5-7b-instruct,high
pubmed,35041909,impulsivity neuroimaging functional connectivity,Brain functional connectivity during and after imagery of gaming and alternative leisure activities in patients with internet gaming disorder.,2022,Neuroscience letters,unknown,functional connectivity,impulsivity (general),internet gaming disorder,associated_with,unclear,,indirect,0.7,"In particular, patients showed that caudate-right parahippocampal gyrus connectivity and putamen-right orbitofrontal cortex connectivity increased during gaming and decreased during alternative, whereas NAcc-right precuneus connectivity decreased at baseline, increased in post-gaming, and were not different in post-alternative.",35041909,vllm:qwen2.5-7b-instruct,medium
pubmed,38000138,impulsivity neuroimaging functional connectivity,The functional connectivity between right parahippocampal gyrus and precuneus underlying the association between reward sensitivity and procrastination.,2024,Cortex; a journal devoted to the study of the nervous system and behavior,unknown,functional connectivity,nonplanning impulsivity,unknown,mediates,lower,,direct,0.9,the RSFC result found reward sensitivity was negatively associated with the functional connectivity of the right parahippocampal gyrus-precuneus.,38000138,vllm:qwen2.5-7b-instruct,high
pubmed,37992501,impulsivity neuroimaging functional connectivity,Testing the triple network model of psychopathology in a transdiagnostic neurodevelopmental cohort.,2023,NeuroImage. Clinical,"salience/ventral attention network, frontoparietal/control network, default mode network",functional connectivity,impulsivity (general),transdiagnostic neurodevelopmental difficulties,associated_with,higher,"increased functional connectivity between the SN, CEN, and DMN in at-risk children, decreased functional connectivity between the CEN and DMN in comparison children",direct,0.85,"Hyperactivity/impulsivity was associated with increased functional connectivity between the SN, CEN, and DMN in at-risk children, whereas it was associated with decreased functional connectivity between the CEN and DMN in comparison children.",37992501,vllm:qwen2.5-7b-instruct,high
pubmed,32312566,impulsivity neuroimaging functional connectivity,[The contribution of forensic neuroscience to psychopathy].,2020,L'Encephale,unknown,unknown,impulsivity (general),psychopathic traits,associated_with,unclear,,indirect,0.5,"These brain abnormalities underlie an attenuated emotion processing functioning (but not an absence) and aversion to negative and threats signals, reinforcement learning, representation of rewards and modulation of attention that have an impact in decision-making, caring for others, and moral judgment.",32312566,vllm:qwen2.5-7b-instruct,medium
pubmed,41310178,impulsivity neuroimaging functional connectivity,The role of the salience network in adolescent impulsivity using memory tasks and neuroimaging.,2025,Communications medicine,salience/ventral attention network,functional connectivity,impulsivity (general),unknown,correlates_with,higher,,direct,0.85,"Notably, both task-modulated and resting-state (intrinsic) coupling between the insula and locus coeruleus (LC), as well as between the dACC and LC, demonstrate significant positive correlation with impulsivity.",41310178,vllm:qwen2.5-7b-instruct,high
pubmed,24705817,impulsivity neuroimaging functional connectivity,Imaging functional and structural brain connectomics in attention-deficit/hyperactivity disorder.,2014,Molecular neurobiology,unknown,unknown,impulsivity (general),ADHD,correlates_with,unclear,,background,0.6,"Moreover, ADHD children showed the redistribution of regional nodes and connectivity involving the default-mode, attention, and sensorimotor systems.",24705817,vllm:qwen2.5-7b-instruct,medium
pubmed,23223295,impulsivity neuroimaging functional connectivity,Altered functional brain connectivity in a non-clinical sample of young adults with attention-deficit/hyperactivity disorder.,2012,The Journal of neuroscience : the official journal of the Society for Neuroscience,unknown,functional connectivity,impulsivity (general),ADHD,associated_with,unclear,,direct,0.8,Brain behavior correlations further highlighted the key role of altered orbitofrontal-temporal and frontal-amygdala connectivity for symptoms of inattention and hyperactivity/impulsivity.,23223295,vllm:qwen2.5-7b-instruct,high
pubmed,30616717,impulsivity neuroimaging functional connectivity,Decreased brain connectivity in smoking contrasts with increased connectivity in drinking.,2019,eLife,unknown,functional connectivity,nonplanning impulsivity,unknown,associated_with,lower,,direct,0.85,"The main findings were cross-validated in an independent longitudinal dataset with 1176 participants, IMAGEN. Further, the functional connectivities in 14-year-old non-smokers (and also in female low-drinkers) were related to who would smoke or drink at age 19.",30616717,vllm:qwen2.5-7b-instruct,high
pubmed,26116812,impulsivity neuroimaging functional connectivity,The mediating role of LPFC-vmPFC functional connectivity in the relation between regulatory mode and delay discounting.,2015,Behavioural brain research,unknown,functional connectivity,impulsivity (general),unknown,mediated_by,lower,regulatory mode orientation,direct,0.9,"Furthermore, mediation analysis showed that the effect of regulatory mode on delay discounting is mediated by LPFC-vmPFC functional connectivity.",26116812,vllm:qwen2.5-7b-instruct,high
pubmed,21546000,impulsivity neuroimaging functional connectivity,Atypical prefrontal connectivity in attention-deficit/hyperactivity disorder: pathway to disease or pathological end point?,2011,Biological psychiatry,default mode network,functional connectivity,impulsivity (general),attention-deficit/hyperactivity disorder,associated_with,unclear,dysregulated modulation of cortical plasticity,indirect,0.7,"Deficits in functional connectivity within frontostriatal and mesocorticolimbic networks might give rise, in part, to ADHD symptoms.",21546000,vllm:qwen2.5-7b-instruct,medium
pubmed,40193128,impulsivity neuroimaging functional connectivity,Subthalamic Deep Brain Stimulation: Mapping Non-Motor Outcomes to Structural Connections.,2025,Human brain mapping,unknown,structural connectivity,impulsivity (general),Parkinson's Disease,associated_with,higher,,direct,0.8,improvement of mood and cognition and worsening of trait impulsivity,40193128,vllm:qwen2.5-7b-instruct,high
pubmed,37141645,impulsivity neuroimaging functional connectivity,Value-based decision-making network functional connectivity correlates with substance use and delay discounting behaviour among young adults.,2023,NeuroImage. Clinical,unknown,functional connectivity,impulsivity (general),unknown,correlates_with,unclear,,direct,,"We identified brain regions and connections correlated with impulsive decision-making and poly-substance use, with the medial orbitofrontal, lateral prefrontal and posterior parietal cortices emerging as key hubs.",37141645,vllm:qwen2.5-7b-instruct,medium
pubmed,27942448,impulsivity neuroimaging functional connectivity,Brain connectivity aberrations in anabolic-androgenic steroid users.,2017,NeuroImage. Clinical,default mode network,functional connectivity,impulsivity (general),unknown,associated_with,lower,,direct,0.8,"current users exhibited reduced functional connectivity between key nodes involved in emotional and cognitive regulation, in particular reduced connectivity between the amygdala and default-mode network (DMN) and between the dorsal attention network (DAN) and a frontal node encompassing the superior and inferior frontal gyri (SFG/IFG) and the anterior cingulate cortex (ACC)",27942448,vllm:qwen2.5-7b-instruct,high
pubmed,33137406,impulsivity neuroimaging functional connectivity,The functional connectivity between the prefrontal cortex and supplementary motor area moderates the relationship between internet gaming disorder and loneliness.,2021,Progress in neuro-psychopharmacology & biological psychiatry,unknown,functional connectivity,unknown,internet gaming disorder,moderates,unclear,,direct,0.85,"Additionally, the rsFC of the left DLPFC-precentral gyrus, the DLPFC-postcentral gyrus and the right DLPFC-SMA moderated the relationship between self-reported gaming craving and the UCLA scores.",33137406,vllm:qwen2.5-7b-instruct,high
pubmed,27851842,impulsivity neuroimaging functional connectivity,Estimating the Heritability of Structural and Functional Brain Connectivity in Families Affected by Attention-Deficit/Hyperactivity Disorder.,2017,JAMA psychiatry,unknown,structural connectivity,impulsivity (general),Attention-Deficit/Hyperactivity Disorder,associated_with,lower,,indirect,0.7,More symptoms of hyperactivity/impulsivity (t = -2.63; P = .008) and inattention (t = -2.34; P = .02) were associated with decreased functional connectivity within the default mode network.,27851842,vllm:qwen2.5-7b-instruct,medium
pubmed,31515054,impulsivity neuroimaging functional connectivity,Somatosensory-Motor Dysconnectivity Spans Multiple Transdiagnostic Dimensions of Psychopathology.,2019,Biological psychiatry,unknown,functional connectivity,impulsivity (general),unknown,associated_with,unclear,,direct,0.8,"Our analyses revealed three latent components corresponding to general psychopathology, cognitive dysfunction, and impulsivity. Each component was associated with a unique whole-brain resting-state functional connectivity signature and was shared across all participants.",31515054,vllm:qwen2.5-7b-instruct,high
pubmed,28402565,impulsivity neuroimaging functional connectivity,Impulsive-antisocial psychopathic traits linked to increased volume and functional connectivity within prefrontal cortex.,2017,Social cognitive and affective neuroscience,unknown,functional connectivity,impulsivity (general),psychopathy,associated_with,higher,,direct,0.9,Factor 2 scores were also positively correlated with functional connectivity between several areas of the prefrontal cortex.,28402565,vllm:qwen2.5-7b-instruct,high
pubmed,41029257,impulsivity neuroimaging functional connectivity,Impaired neural activity and functional connectivity in the hippocampus of adolescents with non-suicidal self-injury addiction.,2025,BMC psychiatry,unknown,BOLD variability,impulsivity (general),non-suicidal self-injury addiction,associated_with,unclear,,indirect,0.7,ALFF values in the bilateral hippocampus were negatively correlated with the total score of addiction characteristics in NSSI adolescents.,41029257,vllm:qwen2.5-7b-instruct,medium
pubmed,32568370,impulsivity neuroimaging functional connectivity,The structural connectivity of subthalamic deep brain stimulation correlates with impulsivity in Parkinson's disease.,2020,Brain : a journal of neurology,unknown,structural connectivity,impulsivity (general),Parkinson's disease,correlates_with,unclear,mediation through frontostriatal networks,direct,0.85,We found that greater connectivity of the stimulation site with these frontostriatal networks was related to greater postoperative impulsiveness and disinhibition as assessed by the neuropsychiatric instruments.,32568370,vllm:qwen2.5-7b-instruct,high
pubmed,37917435,impulsivity neuroimaging functional connectivity,"Parental warmth, stressful life events, and impulsivity: A gene-environment-wide interaction study.",2024,Neuropsychology,unknown,functional connectivity,impulsivity (general),unknown,correlates_with,unclear,,direct,0.8,"The polygenic risk score for parental warmth was significantly correlated with functional connectivity especially the left middle frontal gyrus (MFG)-left inferior occipital and left MFG-left superior frontal gyrus functional connectivity, while the polygenic risk score for more stressful life events was significantly correlated with functional connectivity of left dorsal medial prefrontal cortex (DMPFC) to other regions.",37917435,vllm:qwen2.5-7b-instruct,high
pubmed,37209127,impulsivity neuroimaging functional connectivity,Reduced loss aversion in value-based decision-making and edge-centric functional connectivity in patients with internet gaming disorder.,2023,Journal of behavioral addictions,unknown,functional connectivity,unknown,internet gaming disorder,correlates_with,lower,negatively correlated with the promoted bottom-to-up neuromodulation from the right hippocampus to the left IFG,direct,0.85,This relationship was suppressed by response consistency3 in PIGD.,37209127,vllm:qwen2.5-7b-instruct,high
pubmed,30674933,trait impulsivity resting-state fMRI,Physical characteristics not psychological state or trait characteristics predict motion during resting state fMRI.,2019,Scientific reports,unknown,unknown,impulsivity (general),unknown,not_associated_with,unclear,,indirect,0.2,ML models with 105 self-report measures for state and trait psychological characteristics identified nicotine and alcohol use variables as well as impulsivity inhibitory control variables but explain only 5 percent of HM variance (95% CI: 3.5-6.4).,30674933,vllm:qwen2.5-7b-instruct,medium
pubmed,21889990,trait impulsivity resting-state fMRI,Randomness of resting-state brain oscillations encodes Gray's personality trait.,2012,NeuroImage,reward system,BOLD variability,impulsivity (general),unknown,associated_with,higher,resting-state fluctuations constraining task-related neural responsiveness,direct,0.9,more random resting-state neural dynamics corresponded to higher Impulsivity scores both in the ventral striatum (r(15)=-.71; p=.003) and the OFC (r(15)=-.81; p<.001).,21889990,vllm:qwen2.5-7b-instruct,high
pubmed,39299662,trait impulsivity resting-state fMRI,Microstructural and functional substrates underlying dispositional greed and its link with trait but not state impulsivity.,2024,NeuroImage,"Default Mode Network, Fronto-Parietal Network, Visual Network",functional connectivity,impulsivity (general),unknown,associated_with,unclear,,direct,0.7,"Functional imaging analyses further identified that brain activation strengths and patterns related to delay length, particularly in the dorsomedial prefrontal cortex, superior parietal lobule, and cerebellum, were associated with GPT.",39299662,vllm:qwen2.5-7b-instruct,high
pubmed,41927766,trait impulsivity resting-state fMRI,Neural representations of dynamical state and trait impulsivity in individuals at risk for internet gaming disorder.,2026,Molecular psychiatry,unknown,functional connectivity,impulsivity (general),internet gaming disorder,predicts,higher,,direct,0.85,"Crucially, resting-state functional connectivity (rs-FC) within these regions not only identified IGD risk but also predicted trait impulsivity.",41927766,vllm:qwen2.5-7b-instruct,high
pubmed,31786275,trait impulsivity resting-state fMRI,You do not have to act to be impulsive: Brain resting-state activity predicts performance and impulsivity on the Balloon Analogue Risk Task.,2020,Behavioural brain research,default mode network,BOLD variability,impulsivity (general),unknown,predicts,lower,,direct,0.85,"ALFF significantly correlates with total earnings in the ventral part of the ACC/MPFC (FWE corrected p < 0.05 (uncorrected p value <0.0005; cluster size: ≥10 voxels), while H significantly correlates with total earnings in the anterior insula and the part opercularis of the inferior frontal gyrus.",31786275,vllm:qwen2.5-7b-instruct,high
pubmed,35552233,trait impulsivity resting-state fMRI,Brain Functional Connectivity Mapping of Behavioral Flexibility in Rhesus Monkeys.,2022,The Journal of neuroscience : the official journal of the Society for Neuroscience,unknown,functional connectivity,impulsivity (general),unknown,correlates_with,higher,,direct,0.8,"Specific areas of connectivity in the rhesus executive control network, including frontal cortices (ventrolateral, ventromedial, and orbital) and the dorsal striatum (caudate, putamen) correlated with perseverative errors and response latency.",35552233,vllm:qwen2.5-7b-instruct,high
pubmed,34982027,trait impulsivity resting-state fMRI,Dissociation of impulsive traits by subthalamic metabotropic glutamate receptor 4.,2022,eLife,subthalamic nucleus,functional connectivity,impulsivity (general),unknown,associated_with,higher,modulation by metabotropic glutamate receptor 4,direct,0.9,"In vivo recorded STN neural activity encoded impulsive action as a separable state from basic motor control, characterized by decoupled STN/substantia nigra pars reticulata (SNr) mesoscale networks.",34982027,vllm:qwen2.5-7b-instruct,high
pubmed,24526181,trait impulsivity resting-state fMRI,Trait impulsivity is related to ventral ACC and amygdala activity during primary reward anticipation.,2015,Social cognitive and affective neuroscience,unknown,functional connectivity,impulsivity (general),unknown,associated_with,lower,,direct,0.9,resting-state functional connectivity between the ACC and the right amygdala was negatively correlated with trait impulsivity.,24526181,vllm:qwen2.5-7b-instruct,high
pubmed,40262490,trait impulsivity resting-state fMRI,"The relationships of resting-state brain entropy (BEN), ovarian hormones and behavioral inhibition and activation systems (BIS/BAS).",2025,NeuroImage,frontoparietal/control network,functional connectivity,impulsivity (general),unknown,predicts,lower,"PROG reduces impulsivity by decreasing BEN in the left DLPFC, which increases FC within this region.",direct,0.85,"Additionally, PROG was negatively correlated with impulsivity traits measured by BAS-drive.",40262490,vllm:qwen2.5-7b-instruct,high
pubmed,36912839,trait impulsivity resting-state fMRI,Identifying Replicable Subgroups in Neurodevelopmental Conditions Using Resting-State Functional Magnetic Resonance Imaging Data.,2023,JAMA network open,unknown,functional connectivity,impulsivity (general),neurodevelopmental conditions,associated_with,higher,,direct,0.7,"There was a significant difference in Strengths and Weaknesses ADHD Symptoms and Normal Behavior Hyperactivity/Impulsivity subscale (SWAN-HI) between 2 subgroups in the POND data (C and D), with subgroup D having increased hyperactivity and impulsivity traits compared with subgroup C (median [IQR], 2.50 [0.00-7.00] vs 1.00 [0.00-5.00]; U = 1.19 × 104; P = .01; η2 = 0.02).",36912839,vllm:qwen2.5-7b-instruct,high
pubmed,30633429,trait impulsivity resting-state fMRI,Connectome-based model predicts individual differences in propensity to trust.,2019,Human brain mapping,unknown,functional connectivity,impulsivity (general),unknown,correlates_with,unclear,,indirect,0.7,"propensity to trust (and its underlying neural underpinnings) were modulated according to the extent to which a person emphasizes general social preferences (i.e., horizontal collectivism) rather than general risk preferences (i.e., trait impulsiveness).",30633429,vllm:qwen2.5-7b-instruct,medium
pubmed,37986005,trait impulsivity resting-state fMRI,Specific brain imaging alterations underlying autistic traits in children with attention-deficit/hyperactivity disorder.,2023,Behavioral and brain functions : BBF,unknown,BOLD variability,impulsivity (general),Attention-Deficit/Hyperactivity Disorder (ADHD),correlates_with,unclear,,indirect,0.7,Partial-correlation analysis indicated that HI was significantly positively correlated with all aspects of ATs in ADHD.,37986005,vllm:qwen2.5-7b-instruct,medium
pubmed,22645252,trait impulsivity resting-state fMRI,Dopamine-dependent architecture of cortico-subcortical network connectivity.,2013,"Cerebral cortex (New York, N.Y. : 1991)",unknown,functional connectivity,impulsivity (general),unknown,associated_with,unclear,,direct,0.7,"Further, we found drug-specific associations between brain circuitry reactivity to dopamine modulation and individual differences in trait impulsivity, revealing dissociable drug-personality interaction effects across distinct dopamine-dependent cortico-subcortical networks.",22645252,vllm:qwen2.5-7b-instruct,high
pubmed,29744800,trait impulsivity resting-state fMRI,Trait and state patterns of basolateral amygdala connectivity at rest are related to endogenous testosterone and aggression in healthy young women.,2019,Brain imaging and behavior,unknown,functional connectivity,impulsivity (general),unknown,associated_with,higher,,direct,0.8,"Pre-scan T was negatively correlated with basal rsFC between BLA and left superior temporal gyrus (STG; p < .001, p < .05 Family-Wise Error [FWE] cluster-level corrected), which in turn was associated with increased aggression (r = .37, p = .020).",29744800,vllm:qwen2.5-7b-instruct,high
pubmed,39866687,trait impulsivity resting-state fMRI,Atypical functional connectome is associated with low reflective functioning in incarcerated adolescents.,2024,Frontiers in psychiatry,unknown,functional connectivity,impulsivity (general),incarcerated adolescents,associated_with,lower,,direct,0.85,"Across the whole sample, the mean connectivity was associated with higher scores of externalizing problems and impulsivity dimension of psychopathy.",39866687,vllm:qwen2.5-7b-instruct,high
pubmed,31642530,trait impulsivity resting-state fMRI,The neural substrates responsible for how trait anxiety affects delay discounting: Right hippocampal and cerebellar connectivity with bistable right inferior parietal lobule.,2020,Psychophysiology,unknown,functional connectivity,impulsivity (general),trait anxiety,inversely associated with,lower,mediation analysis indicated that trait anxiety played a completely mediating role in the relation between functional connectivity of RHPC-RIPL and RCere-RIPL and delay discounting,direct,0.85,"Moreover, the RSFC results showed that bistable right inferior parietal lobule (RIPL) connectivity with the RHPC and RCere were all inversely associated with trait anxiety.",31642530,vllm:qwen2.5-7b-instruct,high
pubmed,38446245,trait impulsivity resting-state fMRI,Topological features of functional brain networks and subclinical impulsivity: an investigation in younger and older adults.,2024,Brain structure & function,unknown,functional connectivity,impulsivity (general),unknown,associated_with,unclear,,direct,0.7,"In younger individuals, results revealed that impulsivity was associated with a more widespread, less clustered and less efficient functional organization, at all levels of analyses and in all selected networks.",38446245,vllm:qwen2.5-7b-instruct,high
pubmed,26494799,trait impulsivity resting-state fMRI,Dopaminergic Modulation of the Functional Ventrodorsal Architecture of the Human Striatum.,2017,"Cerebral cortex (New York, N.Y. : 1991)",unknown,functional connectivity,impulsivity (general),unknown,associated_with,higher,,direct,0.85,Individuals with high trait impulsivity exhibited greater drug-induced increases (after stimulation) and decreases (after blockade) of ventral-to-dorsal striatal connectivity than those with low trait impulsivity.,26494799,vllm:qwen2.5-7b-instruct,high
pubmed,32180738,trait impulsivity resting-state fMRI,Psychopathy and Corticostriatal Connectivity: The Link to Criminal Behavior in Methamphetamine Dependence.,2020,Frontiers in psychiatry,unknown,functional connectivity,impulsivity (general),"methamphetamine dependence, psychopathy",contributes_to,higher,maladaptive and impulsive decision-making processes,direct,0.85,"Abnormalities in corticostriatal functional connectivity are exhibited in both psychopathic and methamphetamine dependent individuals, which may contribute to criminal behavior through maladaptive and impulsive decision-making processes.",32180738,vllm:qwen2.5-7b-instruct,high
pubmed,34482279,trait impulsivity resting-state fMRI,Risk and resilience for alcohol use disorder revealed in brain functional connectivity.,2021,NeuroImage. Clinical,unknown,functional connectivity,impulsivity (general),alcohol use disorder,associated_with,unclear,,direct,0.8,"Risk phenotypes primarily implicated frontal-parietal networks corresponding with executive function, impulsivity, externalizing behaviors, and social-emotional intelligence.",34482279,vllm:qwen2.5-7b-instruct,high
pubmed,30268936,trait impulsivity resting-state fMRI,Amygdala-orbitofrontal functional connectivity mediates the relationship between sensation seeking and alcohol use among binge-drinking adults.,2018,Drug and alcohol dependence,unknown,functional connectivity,impulsivity (general),binge-drinking adults at high risk for AUD,mediates,lower,decreased amygdala-OFC connectivity may represent a risk factor for the development of alcohol use disorder via impaired emotion regulation or reward processing,direct,0.85,Individuals with higher weekly alcohol use displayed decreased right amygdala-OFC FC.,30268936,vllm:qwen2.5-7b-instruct,high
pubmed,26406311,trait impulsivity resting-state fMRI,Intrinsic Affective Network Is Impaired in Children with Attention-Deficit/Hyperactivity Disorder.,2015,PloS one,unknown,functional connectivity,impulsivity (general),children with ADHD,associated_with,lower,,direct,0.8,"Children with ADHD demonstrated less integrated affective network, evidenced by increased bilateral amygdalar and decreased left orbitofrontal connectivity within the affective network compared to healthy controls.",26406311,vllm:qwen2.5-7b-instruct,high
pubmed,40384807,trait impulsivity resting-state fMRI,The Role of Temperament Traits in Bipolar Disorder: Neuroimaging Study.,2025,Depression and anxiety,unknown,functional connectivity,impulsivity (general),bipolar disorder,associated_with,higher,,direct,0.8,"Higher Novelty Seeking (t-Welch's (87.3) = 4.37; p < 0.001) was associated with increased functional connectivity within FrontoParietal Network, whereas its functional connectivity with Visual and Dorsal Attention Networks was decreased.",40384807,vllm:qwen2.5-7b-instruct,high
pubmed,30991616,trait impulsivity resting-state fMRI,Adolescent binge drinking disrupts normal trajectories of brain functional organization and personality maturation.,2019,NeuroImage. Clinical,unknown,BOLD variability,impulsivity (general),unknown,correlates_with,lower,,indirect,0.7,We demonstrated longitudinally that after the onset of binge drinking the developmental trajectory of improvement in impulsivity slowed down.,30991616,vllm:qwen2.5-7b-instruct,medium
pubmed,32989168,trait impulsivity resting-state fMRI,Compulsivity is linked to reduced adolescent development of goal-directed control and frontostriatal functional connectivity.,2020,Proceedings of the National Academy of Sciences of the United States of America,frontoparietal/control network,functional connectivity,nonplanning impulsivity,unknown,associated_with,lower,,direct,0.85,"compulsivity is associated with a less pronounced change of within-subject developmental remodeling of functional connectivity, specifically between the striatum and a frontoparietal network.",32989168,vllm:qwen2.5-7b-instruct,high
pubmed,32289458,trait impulsivity resting-state fMRI,Sensation-seeking is related to functional connectivities of the medial orbitofrontal cortex with the anterior cingulate cortex.,2020,NeuroImage,unknown,functional connectivity,impulsivity (general),unknown,associated_with,higher,,direct,0.8,We analysed brain regions involved in sensation-seeking in a large-scale study with 414 participants and showed that the sensation-seeking score could be optimally predicted from the functional connectivity with typically (in different participants) 18 links between brain areas (measured in the resting state with fMRI) with correlation r ​= ​0.34 (p ​= ​7.3 ​× ​10-13) between the predicted and actual sensation-seeking score across all participants.,32289458,vllm:qwen2.5-7b-instruct,high
pubmed,35796689,trait impulsivity resting-state fMRI,Overnight Abstinence Is Associated With Smaller Secondary Somatosensory Cortical Volumes and Higher Somatosensory-Motor Cortical Functional Connectivity in Cigarette Smokers.,2022,Nicotine & tobacco research : official journal of the Society for Research on Nicotine and Tobacco,unknown,functional connectivity,motor impulsivity,cigarette smokers,associated_with,higher,,direct,0.85,"Furthermore, right SII rsFC with the precentral gyrus was stronger in abstinence as compared to satiety. The inter-regional rsFC was positively correlated with motor impulsivity and withdrawal symptom severity during abstinence and negatively with craving to smoke during satiety.",35796689,vllm:qwen2.5-7b-instruct,high
pubmed,23139901,trait impulsivity resting-state fMRI,The association between cingulate cortex glutamate concentration and delay discounting is mediated by resting state functional connectivity.,2012,Brain and behavior,unknown,functional connectivity,impulsivity (general),unknown,mediated_by,unclear,mediated by functional connectivity of the dACC with the midbrain,direct,0.85,Results showed that delay discounting was associated with both dACC glutamate concentrations and resting state functional connectivity of the dACC with a midbrain region including ventral tegmental area and substantia nigra.,23139901,vllm:qwen2.5-7b-instruct,high
pubmed,39807989,trait impulsivity resting-state fMRI,Exploring common and distinct neural basis of procrastination and impulsivity through elastic net regression.,2025,"Cerebral cortex (New York, N.Y. : 1991)","default mode network, frontoparietal/control network, salience/ventral attention network, somatomotor network",functional connectivity,impulsivity (general),unknown,associated_with,lower,deficits in emotion-regulation,direct,0.85,Procrastination was negatively associated with functional connections between the frontal-parietal network and the ventral-attention network and between the cingular-opercular network and the subcortical network.,39807989,vllm:qwen2.5-7b-instruct,high
pubmed,29225975,trait impulsivity resting-state fMRI,Correlation between Traits of Emotion-Based Impulsivity and Intrinsic Default-Mode Network Activity.,2017,Neural plasticity,unknown,BOLD variability,impulsivity (general),unknown,correlates_with,unclear,,direct,0.8,trait urgency measures showed significant correlations with the functional connectivity of the posterior cingulate cortex/precuneus seed with the thalamus and midbrain region.,29225975,vllm:qwen2.5-7b-instruct,high
pubmed,25148416,trait impulsivity resting-state fMRI,Individual differences in impulsivity predict head motion during magnetic resonance imaging.,2014,PloS one,unknown,covariates,impulsivity (general),unknown,predicts,higher,,direct,0.9,"In the first two studies, we demonstrated in both children (N  =  245) and adults (N  =  581) that head motion, estimated from resting-state functional MRI and diffusion tensor imaging, was reliably correlated with impulsivity scores.",25148416,vllm:qwen2.5-7b-instruct,high
pubmed,40949952,trait impulsivity resting-state fMRI,Connectome-Based Predictive Modeling of Concurrent and Prospective Substance Use in Adolescence.,2025,bioRxiv : the preprint server for biology,unknown,functional connectivity,impulsivity (general),unknown,predicts,higher,,direct,0.8,"Using Baseline and 2 Year Follow-Up data from the ABCD Bids Community Collection (ABCC), we found that prediction was more successful at follow-up than baseline. At baseline, predictive accuracy was modest and intent to use substances was the most accurately predicted facet.",40949952,vllm:qwen2.5-7b-instruct,high
pubmed,25774886,trait impulsivity resting-state fMRI,Interindividual variability in functional connectivity as long-term correlate of temporal discounting.,2015,PloS one,unknown,functional connectivity,impulsivity (general),unknown,correlates_with,unclear,,indirect,0.7,"our findings indicate that fcMRI within and between critical nodes of task-evoked neural networks associated with TD correlates with discounting behavior measured a long time afterwards, independently of impulsivity.",25774886,vllm:qwen2.5-7b-instruct,medium
pubmed,40516848,trait impulsivity resting-state fMRI,Neural basis of the association between future time perspective and ADHD characteristics: functional connectivity between Left inferior parietal lobule and mPFC.,2025,Progress in neuro-psychopharmacology & biological psychiatry,unknown,functional connectivity,impulsivity (general),ADHD,mediates,lower,functional connectivity between IPL and dmPFC/vmPFC mediates the relationship between FTP and ADHD traits,direct,0.85,"Furthermore, RSFC results indicated individuals with higher levels of FTP exhibited greater functional connectivity between the IPL and both the dorsomedial prefrontal cortex (dmPFC) and the ventromedial prefrontal cortex (vmPFC).",40516848,vllm:qwen2.5-7b-instruct,high
pubmed,26745144,trait impulsivity resting-state fMRI,Head Motion and Inattention/Hyperactivity Share Common Genetic Influences: Implications for fMRI Studies of ADHD.,2016,PloS one,unknown,covariates,impulsivity (general),ADHD,correlates_with,unclear,,indirect,0.7,"HM was moderately correlated with maternal reports of Inattention (r = 0.17, p-value = 7.4E-5) and Hyperactivity-Impulsivity (r = 0.16, p-value = 2.9E-4), and these associations were mainly due to pleiotropic genetic factors with genetic correlations [95% CIs] of rg = 0.24 [0.02, 0.43] and rg = 0.23 [0.07, 0.39].",26745144,vllm:qwen2.5-7b-instruct,medium
pubmed,28860514,trait impulsivity resting-state fMRI,Delay discounting is associated with the fractional amplitude of low-frequency fluctuations and resting-state functional connectivity in late adolescence.,2017,Scientific reports,unknown,functional connectivity,impulsivity (general),unknown,associated_with,higher,,direct,0.9,"At the regional level, we found an association between higher DD and greater fALFF in the dorsal anterior cingulate cortex (dACC), which is involved in conflict monitoring and strategy adaptation.",28860514,vllm:qwen2.5-7b-instruct,high
pubmed,40666274,trait impulsivity resting-state fMRI,Salience and default networks predict borderline personality traits and affective symptoms: a dynamic functional connectivity analysis.,2025,Frontiers in human neuroscience,salience/ventral attention network,BOLD variability,impulsivity (general),subclinical borderline personality traits,correlates_with,higher,,direct,0.85,"Notably, the BOLD variability of the SN correlated with neuroticism, anger problems, lack of self- control, and distorted inner dialogue, all symptoms displayed by individuals with borderline personality.",40666274,vllm:qwen2.5-7b-instruct,high
pubmed,30294823,trait impulsivity resting-state fMRI,Cluster analysis with MOODS-SR illustrates a potential bipolar disorder risk phenotype in young adults with remitted major depressive disorder.,2018,Bipolar disorders,unknown,functional connectivity,impulsivity (general),remitted major depressive disorder,correlates_with,higher,,direct,0.75,"Differences in impulsivity, neuroticism, conscientiousness, facial perception accuracy, and rs-fMRI connectivity exist between moderate and severe groups.",30294823,vllm:qwen2.5-7b-instruct,high
pubmed,32592635,trait impulsivity resting-state fMRI,Altered core networks of brain connectivity and personality traits in internet gaming disorder.,2020,Journal of behavioral addictions,unknown,functional connectivity,impulsivity (general),Internet gaming disorder,correlates_with,lower,,direct,0.8,IGD participants showed lower functional connectivity between the dorsal lateral prefrontal cortex (DLPFC) and other regions in the CEN than HC participants during resting state.,32592635,vllm:qwen2.5-7b-instruct,high
pubmed,41763017,trait impulsivity resting-state fMRI,Connectome-based predictive modeling of concurrent and longitudinal substance use vulnerability in adolescence.,2026,Developmental cognitive neuroscience,unknown,unknown,impulsivity (general),unknown,predicts,higher,,indirect,0.8,"Trait impulsivity, a known risk factor, was also examined.",41763017,vllm:qwen2.5-7b-instruct,medium
pubmed,40345392,trait impulsivity resting-state fMRI,The mediating role of social anxiety in the association between personality traits and Internet addiction and its underlying neural basis.,2025,International journal of psychophysiology : official journal of the International Organization of Psychophysiology,unknown,functional connectivity,impulsivity (general),unknown,mediates,unclear,,indirect,0.7,"fMRI results showed that SA was negatively correlated with precuneus-occipital connectivity, which is associated with emotional face processing and self-focused attention.",40345392,vllm:qwen2.5-7b-instruct,medium
pubmed,37223038,trait impulsivity functional connectivity,Increased meso-striatal connectivity mediates trait impulsivity in FTO variant carriers.,2023,Frontiers in endocrinology,unknown,structural connectivity,impulsivity (general),unknown,mediates,higher,FTO variants alter structural meso-striatal connectivity,direct,0.85,"We found that FTO risk allele carriers compared to non-carriers, demonstrated greater motor impulsivity (p = 0.04) and increased structural connectivity between VTA/SN and the NAc (p< 0.05). Increased connectivity partially mediated the effect of FTO genetic status on motor impulsivity.",37223038,vllm:qwen2.5-7b-instruct,high
pubmed,33192412,trait impulsivity functional connectivity,Higher Trait Impulsivity and Altered Frontostriatal Connectivity in Betel-Quid Dependent Individuals.,2020,Frontiers in human neuroscience,unknown,functional connectivity,impulsivity (general),Betel quid dependency (BQD),correlates_with,lower,,direct,0.85,PPI analyses showed that there was a significantly decreased functional connectivity between the right caudate and right dorsolateral prefrontal cortex (DLPFC) when watching BQ related images than control images in individuals with BQD.,33192412,vllm:qwen2.5-7b-instruct,high
pubmed,38009082,trait impulsivity functional connectivity,Adolescent Neurodevelopment Within the Context of Impulsivity and Substance Use.,2023,Current addiction reports,unknown,functional connectivity,impulsivity (general),unknown,associated_with,unclear,,indirect,0.7,Altered functional connectivity in networks including the inhibitory control network and reward processing network confers risk for greater impulsivity and substance use.,38009082,vllm:qwen2.5-7b-instruct,medium
pubmed,41098856,trait impulsivity functional connectivity,The CB1 receptor: linking impulsivity and substance use disorder.,2025,Frontiers in neuroscience,unknown,functional connectivity,impulsivity (general),unknown,associated_with,unclear,,indirect,0.7,"CB1R signaling in these regions influences decision-making, reward sensitivity, and response inhibition-all processes critical to the emergence of impulsive traits and drug-seeking behavior.",41098856,vllm:qwen2.5-7b-instruct,medium
pubmed,39834272,trait impulsivity functional connectivity,Functional and effective connectivity between reward and inhibitory control networks underlying subclinical binge eating.,2025,The British journal of psychiatry : the journal of mental science,unknown,functional connectivity,impulsivity (general),subclinical binge eating,predicts,higher,,direct,0.85,"Trait impulsivity is a key proximal factor that could weaken the mOFC-SPG connectivity and exacerbate binge eating. Crucially, this core mOFC-SPG connectivity successfully predicted binge eating frequency 6 months later.",39834272,vllm:qwen2.5-7b-instruct,high
pubmed,36063759,trait impulsivity functional connectivity,Linking cerebellar functional gradients to transdiagnostic behavioral dimensions of psychopathology.,2022,NeuroImage. Clinical,unknown,functional connectivity,impulsivity (general),unknown,associated_with,unclear,,direct,0.7,"This multivariate analysis revealed significant correlated patterns of cerebellar connectivity gradients and behavioral measures that could be represented into four latent dimensions: general psychopathology, impulsivity and mood, internalizing symptoms and executive dysfunction.",36063759,vllm:qwen2.5-7b-instruct,high
pubmed,25818325,trait impulsivity functional connectivity,Increased corticolimbic connectivity in cocaine dependence versus pathological gambling is associated with drug severity and emotion-related impulsivity.,2016,Addiction biology,unknown,functional connectivity,impulsivity (general),"cocaine dependence, pathological gambling",associated_with,higher,,direct,0.85,Orbitofrontal-subgenual cingulate cortical connectivity correlated with impulsivity and caudate/amygdala connectivity correlated with cocaine severity.,25818325,vllm:qwen2.5-7b-instruct,high
pubmed,35487297,trait impulsivity functional connectivity,The implications of frontotemporal dementia for brain dysfunction in psychopathy.,2022,Biological psychology,unknown,functional connectivity,impulsivity (general),"psychopathy, behavioral variant frontotemporal dementia (bvFTD)",correlates_with,unclear,,indirect,0.6,"both psychopathy and bvFTD result in impaired socioemotional perception and empathy, impulsivity, and altered moral judgment.",35487297,vllm:qwen2.5-7b-instruct,medium
pubmed,27940074,trait impulsivity functional connectivity,ACC GABA levels are associated with functional activation and connectivity in the fronto-striatal network during interference inhibition in patients with borderline personality disorder.,2017,NeuroImage,frontoparietal/control network,functional connectivity,impulsivity (general),borderline personality disorder,associated_with,higher,mediated by ACC GABA levels,direct,0.85,"ACC GABA levels in BPD patients but not in HCs were positively related to the magnitude of activation in several fronto-striatal regions (e.g. ACC, frontal regions, putamen, caudate,) and the strength of ACC-caudate functional connectivity during interference inhibition.",27940074,vllm:qwen2.5-7b-instruct,high
pubmed,30705624,trait impulsivity functional connectivity,The Degree of Modulation of Beta Band Activity During Motor Planning Is Related to Trait Impulsivity.,2019,Frontiers in integrative neuroscience,unknown,functional connectivity,impulsivity (general),unknown,correlates_with,lower,,direct,0.85,"Furthermore, high impulsives made more commission and movement errors in the task than low impulsives.",30705624,vllm:qwen2.5-7b-instruct,high
pubmed,28367514,trait impulsivity functional connectivity,Impulsive-antisocial dimension of psychopathy linked to enlargement and abnormal functional connectivity of the striatum.,2017,Biological psychiatry. Cognitive neuroscience and neuroimaging,unknown,functional connectivity,impulsivity (general),psychopathy,associated_with,higher,,direct,0.9,"Furthermore, at many of the striatal areas where volume was positively associated with Factor 2 scores, psychopathy severity was also associated with abnormal functional connectivity with other brain regions, including dorsolateral prefrontal cortex, ventral midbrain and other areas of the striatum.",28367514,vllm:qwen2.5-7b-instruct,high
pubmed,18214718,trait impulsivity functional connectivity,Neurobiological processes in adolescent addictive disorders.,2008,The American journal on addictions,unknown,functional connectivity,impulsivity (general),unknown,unknown,unclear,,background,,,18214718,vllm:qwen2.5-7b-instruct,low
pubmed,31275737,trait impulsivity functional connectivity,Weakened Functional Connectivity Between the Amygdala and the Ventromedial Prefrontal Cortex Is Longitudinally Related to Psychopathic Traits in Low-Income Males During Early Adulthood.,2019,Clinical psychological science : a journal of the Association for Psychological Science,unknown,functional connectivity,impulsivity (general),psychopathic traits,associated_with,higher,,direct,0.85,"Weakened amygdala-vmPFC functional connectivity to fearful, but not neutral or angry, faces at age 20 was related to higher psychopathic traits at age 22.",31275737,vllm:qwen2.5-7b-instruct,high
pubmed,42069879,trait impulsivity functional connectivity,Aberrant cortico-striato-limbic functional connectivity to alcohol cues in co-occurring bipolar disorder and alcohol use disorder.,2026,Neuropsychopharmacology : official publication of the American College of Neuropsychopharmacology,unknown,functional connectivity,impulsivity (general),BD + AUD,associated_with,unclear,,direct,0.7,"Select functional connectivity data were associated with trait characteristics of AUD in BD + AUD (r ≥±0.50, p ≤ 0.026) but not AUD.",42069879,vllm:qwen2.5-7b-instruct,high
pubmed,38451271,trait impulsivity functional connectivity,Trait anxiety and corresponding neuromarkers predict internet addiction: A longitudinal study.,2024,Journal of behavioral addictions,default mode network,functional connectivity,impulsivity (general),internet addiction,predicts,higher,mediated by stressful life events and DMN functional connectivity,direct,0.8,CPM results revealed that the functional connectivity of cognitive control and emotion-regulation circuits and DMN were significantly correlated with TA.,38451271,vllm:qwen2.5-7b-instruct,high
pubmed,31383336,trait impulsivity functional connectivity,Hypothesis: Compulsive hoarding as an atavism.,2019,Medical hypotheses,unknown,unknown,impulsivity (general),unknown,unknown,unclear,,background,,,31383336,vllm:qwen2.5-7b-instruct,low
pubmed,22805501,trait impulsivity functional connectivity,Trait impulsivity as an endophenotype for bipolar I disorder.,2012,Bipolar disorders,unknown,functional connectivity,impulsivity (general),bipolar I disorder,associated_with,higher,,indirect,0.7,Individuals with bipolar I disorder had elevated scores compared to healthy comparison subjects on BIS-11 total score and all three subscales (p < 0.0001).,22805501,vllm:qwen2.5-7b-instruct,medium
pubmed,33246710,trait impulsivity functional connectivity,Abnormal organization of inhibitory control functional networks in future binge drinkers.,2021,Drug and alcohol dependence,unknown,functional connectivity,impulsivity (general),unknown,associated_with,higher,,direct,0.85,"fBD exhibit a distinctive pattern of beta band hyperconnectivity among crucial regions of inhibitory control networks, positively correlated with behavioral traits and future alcohol intake rate.",33246710,vllm:qwen2.5-7b-instruct,high
pubmed,37533885,trait impulsivity functional connectivity,Biopsychosocial factors of gaming disorder: a systematic review employing screening tools with well-defined psychometric properties.,2023,Frontiers in psychiatry,unknown,functional connectivity,impulsivity (general),unknown,unknown,unclear,,unclear,,,37533885,vllm:qwen2.5-7b-instruct,low
pubmed,29946511,trait impulsivity functional connectivity,Abnormal cortical gyrification in criminal psychopathy.,2018,NeuroImage. Clinical,unknown,BOLD variability,impulsivity (general),psychopathy,associated_with,lower,,indirect,0.7,PCL-R scores were negatively associated with LGI measures within the right hemisphere in the midcingulate cortex (MCC) and adjacent regions of the superior frontal gyrus as well as lateral superior parietal cortex.,29946511,vllm:qwen2.5-7b-instruct,medium
pubmed,41099174,trait impulsivity functional connectivity,"Suicidal ideation with and without intention to act: A transdiagnostic network analysis on the interplay between psychopathology, impulsivity, and childhood maltreatment.",2025,Psychological medicine,unknown,functional connectivity,nonplanning impulsivity,suicidal ideation,correlates_with,lower,,direct,0.8,"In the SI without intention to act group, obsessive-compulsive symptoms were central, connecting to depression and anxiety, while negatively correlating with non-planning impulsivity.",41099174,vllm:qwen2.5-7b-instruct,high
pubmed,41590514,trait impulsivity functional connectivity,Connecting the Airways: Current Trends in United Airway Diseases.,2026,Journal of personalized medicine,unknown,unknown,impulsivity (general),unknown,unknown,unclear,,background,,,41590514,vllm:qwen2.5-7b-instruct,low
pubmed,35317338,trait impulsivity functional connectivity,Insights into myelin dysfunction in schizophrenia and bipolar disorder.,2022,World journal of psychiatry,unknown,unknown,impulsivity (general),unknown,unknown,unclear,,background,,,35317338,vllm:qwen2.5-7b-instruct,low
pubmed,40168432,trait impulsivity functional connectivity,Protocol for a Randomized Controlled Trial to Enhance Executive Function via Brief Mindfulness Training in Individuals with Internet Gaming Disorder.,2025,PloS one,unknown,functional connectivity,impulsivity (general),Internet Gaming Disorder,associated_with,unclear,,indirect,0.5,,40168432,vllm:qwen2.5-7b-instruct,medium
pubmed,37884552,trait impulsivity functional connectivity,Neural correlates of aggression in personality disorders from the perspective of DSM-5 maladaptive traits: a systematic review.,2023,Translational psychiatry,unknown,functional connectivity,impulsivity (general),Borderline personality disorder (BPD) and antisocial personality disorder (ASPD),associated_with,unclear,,indirect,0.6,alterations of fronto-temporal-limbic regions and serotonergic and endocannabinoid signaling systems may link impulsivity to aggression in BPD and ASPD,37884552,vllm:qwen2.5-7b-instruct,medium
pubmed,37890532,trait impulsivity functional connectivity,Food go/no-go training alters neural circuits for food evaluation for appetite reduction.,2024,Appetite,unknown,functional connectivity,impulsivity (general),unknown,associated_with,unclear,,indirect,0.7,"The food go/no-go training did not decrease impulsivity traits or increase restrained eating, which are associated with inhibitory control.",37890532,vllm:qwen2.5-7b-instruct,medium
pubmed,22047966,trait impulsivity functional connectivity,Effect of dopamine transporter genotype on intrinsic functional connectivity depends on cognitive state.,2012,"Cerebral cortex (New York, N.Y. : 1991)",unknown,functional connectivity,impulsivity (general),unknown,associated_with,higher,,direct,0.85,This increased cross-network connectivity was associated with increased self-reported measures of impulsivity and inattention traits.,22047966,vllm:qwen2.5-7b-instruct,high
pubmed,34678357,trait impulsivity functional connectivity,Sex-specific static and dynamic functional networks of sub-divisions of striatum linking to the greed personality trait.,2021,Neuropsychologia,unknown,functional connectivity,impulsivity (general),unknown,correlates_with,unclear,,indirect,0.7,GPT was also marginally and negatively correlated with static putamen-occipital pole functional connectivities among males.,34678357,vllm:qwen2.5-7b-instruct,medium
pubmed,38018143,trait impulsivity functional connectivity,Converging Evidence for Frontopolar Cortex as a Target for Neuromodulation in Addiction Treatment.,2024,The American journal of psychiatry,unknown,functional connectivity,impulsivity (general),unknown,associated_with,unclear,,indirect,0.7,"This approach is supported by converging multimodal evidence, including lesion-based maps, functional MRI-based maps, tES studies, TMS studies, and dose-response relationships.",38018143,vllm:qwen2.5-7b-instruct,medium
pubmed,29610548,trait impulsivity functional connectivity,Personality and Neural Correlates of Mentalizing Ability.,2017,European journal of personality,unknown,functional connectivity,impulsivity (general),unknown,associated_with,unclear,,indirect,0.5,"Performance on the theory of mind task was significantly associated with patterns of connectivity between the dorsal medial and core subsystems of the default network, consistent with evidence implicating these regions in mentalization.",29610548,vllm:qwen2.5-7b-instruct,medium
pubmed,25660033,trait impulsivity functional connectivity,Characterizing heterogeneity in children with and without ADHD based on reward system connectivity.,2015,Developmental cognitive neuroscience,unknown,functional connectivity,impulsivity (general),ADHD,correlates_with,unclear,,direct,0.8,"Results also suggested that the differentiation in 'functional' subgroups is related to specific behavioral characteristics, in this case impulsivity.",25660033,vllm:qwen2.5-7b-instruct,high
pubmed,25557777,trait impulsivity functional connectivity,Amygdala subnuclei connectivity in response to violence reveals unique influences of individual differences in psychopathic traits in a nonforensic sample.,2015,Human brain mapping,unknown,functional connectivity,impulsivity (general),unknown,correlates_with,unclear,,indirect,0.6,"Fearless Dominance scores on the psychopathic personality inventory predicted increased coupling between the BLA seed and sensory integration cortices, and increased connectivity between the CE seed and posterior insula.",25557777,vllm:qwen2.5-7b-instruct,medium
pubmed,27240677,trait impulsivity functional connectivity,The Need for Treatment Responsive Translational Biomarkers in Alcoholism Research.,2016,Current topics in behavioral neurosciences,unknown,functional connectivity,impulsivity (general),unknown,unknown,unclear,,background,,,27240677,vllm:qwen2.5-7b-instruct,low
pubmed,14719047,trait impulsivity functional connectivity,"Eating disorders and the serotonin connection: state, trait and developmental effects.",2004,Journal of psychiatry & neuroscience : JPN,unknown,functional connectivity,impulsivity (general),eating disorders,associated_with,unclear,,indirect,0.3,"5-HT anomalies in individuals with eating disorders are believed to have multiple determinants associated with secondary (state-related) effects of their nutritional status, hereditary effects (related to such trait variations as impulsivity or perfectionism) and, possibly, long-term neurobiologic sequelae of developmental stressors (such as childhood abuse).",14719047,vllm:qwen2.5-7b-instruct,medium
pubmed,40376927,trait impulsivity functional connectivity,Classification of internet addiction using machine learning on electroencephalography synchronization and functional connectivity.,2025,Psychological medicine,unknown,EEG connectivity,impulsivity (general),Internet addiction (IA),predicts,higher,,direct,0.8,"Numerous connections were identified within the delta and gamma frequency bands that exhibited significant differences between the two groups, with the IA group manifesting an elevated level of phase synchronization.",40376927,vllm:qwen2.5-7b-instruct,high
pubmed,34993375,trait impulsivity functional connectivity,Brain Networks Associated With COVID-19 Risk: Data From 3662 Participants.,2021,"Chronic stress (Thousand Oaks, Calif.)",unknown,functional connectivity,impulsivity (general),unknown,associated_with,unclear,,indirect,0.7,"Overall, lower integration across the brain modules and increased segregation, as reflected by internal within module connectivity, were associated with higher infection rates.",34993375,vllm:qwen2.5-7b-instruct,medium
pubmed,36270509,trait impulsivity functional connectivity,Investigating a role of orexin and 'cocaine- and amphetamine-regulated transcript' in the nucleus accumbens shell in binge eating of male rats and the relationship with impulsivity.,2022,Physiology & behavior,unknown,functional connectivity,impulsivity (general),binge eating disorder,correlates_with,unclear,,indirect,0.5,The rats were initially ranked for their trait impulsivity based on a screening in the 5-choice serial reaction time task.,36270509,vllm:qwen2.5-7b-instruct,medium
pubmed,27896939,trait impulsivity functional connectivity,"A multimodal study of impulsivity and body weight: Integrating behavioral, cognitive, and neuroimaging approaches.",2017,"Obesity (Silver Spring, Md.)",unknown,functional connectivity,impulsivity (general),unknown,correlates_with,higher,,direct,0.85,"Further, there was a positive association between BMI and functional connectivity between the right inferior frontal gyrus and right middle frontal gyrus during successful response inhibition.",27896939,vllm:qwen2.5-7b-instruct,high
pubmed,24935353,trait impulsivity functional connectivity,Neural and psychological mechanisms underlying compulsive drug seeking habits and drug memories--indications for novel treatments of addiction.,2014,The European journal of neuroscience,unknown,functional connectivity,impulsivity (general),unknown,associated_with,unclear,,indirect,0.5,"Finally, the potential for developing treatments for addiction is considered in light of the neuropsychological advances that are reviewed, including the possibility of targeting drug memory reconsolidation and extinction to reduce Pavlovian influences on drug seeking as a means of promoting abstinence and preventing relapse.",24935353,vllm:qwen2.5-7b-instruct,medium
pubmed,27566121,trait impulsivity functional connectivity,Reduced Default Mode Connectivity in Adolescents With Conduct Disorder.,2016,Journal of the American Academy of Child and Adolescent Psychiatry,default mode network,functional connectivity,impulsivity (general),conduct disorder,correlates_with,lower,,direct,0.8,"Only after adjusting for co-occurring ADHD symptoms, the group with CD showed hypoconnectivity between core DMN regions compared with typically developing controls.",27566121,vllm:qwen2.5-7b-instruct,high
pubmed,11301519,trait impulsivity functional connectivity,"Neurobiology of the structure of personality: dopamine, facilitation of incentive motivation, and extraversion.",1999,The Behavioral and brain sciences,unknown,functional connectivity,impulsivity (general),unknown,unknown,unclear,,unclear,,,11301519,vllm:qwen2.5-7b-instruct,low
pubmed,26690326,trait impulsivity functional connectivity,Interpersonal dependency and online gaming addiction.,2016,Journal of behavioral addictions,unknown,unknown,impulsivity (general),unknown,associated_with,higher,,indirect,0.5,"High scores on subscales measuring dysfunctional detachment and destructive overdependence were positively associated with online gaming addiction, while healthy dependency was negatively correlated with addiction scores.",26690326,vllm:qwen2.5-7b-instruct,medium
pubmed,37058964,trait impulsivity functional connectivity,Impulsivity and self-regulation: A dual-process model of risky driving in young drivers in Iran.,2023,Accident; analysis and prevention,unknown,functional connectivity,impulsivity (general),unknown,mediates,unclear,,indirect,,,37058964,vllm:qwen2.5-7b-instruct,medium
pubmed,35388180,trait impulsivity functional connectivity,Corticolimbic DCC gene co-expression networks as predictors of impulsivity in children.,2022,Molecular psychiatry,unknown,unknown,impulsivity (general),unknown,predicts,higher,,direct,0.9,We found that lower ePRS scores associate with higher measurements of impulsive choice in 6-year-old children tested in the Information Sampling Task and with impulsive action in 6- and 10-year-old children tested in the Stop Signal Task.,35388180,vllm:qwen2.5-7b-instruct,high
pubmed,24128659,trait impulsivity functional connectivity,Examining the link between adolescent brain development and risk taking from a social-developmental perspective.,2013,Brain and cognition,unknown,functional connectivity,impulsivity (general),unknown,unknown,unclear,,background,,,24128659,vllm:qwen2.5-7b-instruct,low
pubmed,9198777,trait impulsivity functional connectivity,[Impulsiveness and impulse control. On the psychological and psychopathological conceptualization].,1997,Der Nervenarzt,unknown,unknown,impulsivity (general),unknown,unknown,unclear,,background,,,9198777,vllm:qwen2.5-7b-instruct,low
pubmed,41769519,trait impulsivity functional connectivity,Evil's Anatomy: Structural Correlates of Violent Behavior.,2026,Cureus,unknown,structural connectivity,impulsivity (general),unknown,associated_with,unclear,,indirect,0.7,"alterations in grey matter volume in key structures, such as the prefrontal cortex (orbitofrontal, ventromedial, and dorsolateral), temporal lobe (amygdala and hippocampus), cingulate cortex, and insula, are associated with impulsivity, a lack of empathy, and aggressiveness.",41769519,vllm:qwen2.5-7b-instruct,medium
pubmed,28900210,trait impulsivity functional connectivity,Alterations of Brain Functional Architecture Associated with Psychopathic Traits in Male Adolescents with Conduct Disorder.,2017,Scientific reports,unknown,functional connectivity,impulsivity (general),conduct disorder,associated_with,higher,,direct,0.85,the heightened intra-network functional connectivity was related to impulsivity traits in CD patients,28900210,vllm:qwen2.5-7b-instruct,high
pubmed,32121585,nonplanning impulsivity functional connectivity,"Random Forest Classification of Alcohol Use Disorder Using EEG Source Functional Connectivity, Neuropsychological Functioning, and Impulsivity Measures.",2020,"Behavioral sciences (Basel, Switzerland)",default mode network,EEG connectivity,nonplanning impulsivity,AUD,associated_with,higher,"hyperconnectivity among 25 of 29 significant connections, indicating aberrant network functioning during resting state suggestive of neural hyperexcitability and impulsivity",direct,0.8,"The AUD group showed a predominant pattern of hyperconnectivity among 25 of 29 significant connections, indicating aberrant network functioning during resting state suggestive of neural hyperexcitability and impulsivity.",32121585,vllm:qwen2.5-7b-instruct,high
pubmed,24781521,nonplanning impulsivity functional connectivity,Compromised frontocerebellar circuitry contributes to nonplanning impulsivity in recovering alcoholics.,2014,Psychopharmacology,default mode network,functional connectivity,nonplanning impulsivity,recovering alcoholics,correlates_with,higher,compromised dACC-cerebellar functional connectivity,direct,0.9,"Compared with the alcoholic group, the control group had lower nonplanning impulsiveness, which correlated with using the option PASS to respond in uncertain conditions.",24781521,vllm:qwen2.5-7b-instruct,high
pubmed,37162878,nonplanning impulsivity functional connectivity,A generalizable functional connectivity signature characterizes brain dysfunction and links to rTMS treatment response in cocaine use disorder.,2023,medRxiv : the preprint server for health sciences,unknown,functional connectivity,nonplanning impulsivity,cocaine use disorder,correlates_with,higher,,direct,0.9,"These abnormal connections correlated significantly with other drug use history and cognitive dysfunctions, e.g., non-planning impulsivity.",37162878,vllm:qwen2.5-7b-instruct,high
pubmed,37030546,nonplanning impulsivity functional connectivity,Disrupted functional networks within white-matter served as neural features in adolescent patients with conduct disorder.,2023,Behavioural brain research,unknown,functional connectivity,nonplanning impulsivity,conduct disorder,associated_with,lower,,direct,0.8,the disrupted FCs between ON and STN and between OFN and CRN were significantly negatively associated with non-planning impulsivity scores in CD,37030546,vllm:qwen2.5-7b-instruct,high
pubmed,24200210,nonplanning impulsivity functional connectivity,An intrinsic connectivity network approach to insula-derived dysfunctions among cocaine users.,2013,The American journal of drug and alcohol abuse,unknown,functional connectivity,nonplanning impulsivity,cocaine users,associated_with,higher,,direct,0.85,The degree of reduced inter-network connectivity was significantly related to greater non-planning impulsivity in cocaine users.,24200210,vllm:qwen2.5-7b-instruct,high
pubmed,38902791,nonplanning impulsivity functional connectivity,Graph analysis uncovers an opposing impact of methylphenidate on connectivity patterns within default mode network sub-divisions.,2024,Behavioral and brain functions : BBF,default mode network,functional connectivity,nonplanning impulsivity,unknown,associated_with,higher,,direct,0.85,Decreased connectivity of the DMN sub-network with the cinguloopercular network following MPH administration was associated with elevated impulsivity and non-planning impulsiveness.,38902791,vllm:qwen2.5-7b-instruct,high
pubmed,32194455,nonplanning impulsivity functional connectivity,Deficient Decision Making in Pathological Gamblers Correlates With Gray Matter Volume in Medial Orbitofrontal Cortex.,2020,Frontiers in psychiatry,unknown,structural connectivity,nonplanning impulsivity,pathological gamblers,correlates_with,lower,,direct,0.8,Results revealed (1) a positive correlation between decision making impairments and non-planning impulsivity but no significant relation to other impulsivity facets.,32194455,vllm:qwen2.5-7b-instruct,high
pubmed,23355606,nonplanning impulsivity functional connectivity,Synchrony of anterior cingulate cortex and insular-striatal activation predicts ambiguity aversion in individuals with low impulsivity.,2014,"Cerebral cortex (New York, N.Y. : 1991)",default mode network,functional connectivity,nonplanning impulsivity,unknown,predicts,higher,,direct,0.85,Stronger activation synchrony between the left dACC and the right anterior insula correlated with greater use of a Pass response option.,23355606,vllm:qwen2.5-7b-instruct,high
pubmed,35126053,nonplanning impulsivity resting-state fMRI,Regional Homogeneity Abnormalities and Its Correlation With Impulsivity in Male Abstinent Methamphetamine Dependent Individuals.,2021,Frontiers in molecular neuroscience,unknown,BOLD variability,nonplanning impulsivity,Methamphetamine dependent individuals,correlates_with,lower,,direct,0.85,"The ReHo values of the left precentral gyrus were negatively correlated with the BIS-attention, BIS-motor, and BIS-nonplanning subscale scores, while the ReHo values of the postcentral gyrus were only negatively correlated with the BIS-motor subscale scores in MADs.",35126053,vllm:qwen2.5-7b-instruct,high
pubmed,29198277,attentional impulsivity resting-state fMRI,Attention-Deficit/Hyperactivity Disorder: A Historical Neuropsychological Perspective.,2017,Journal of the International Neuropsychological Society : JINS,unknown,unknown,attentional impulsivity,unknown,unknown,unclear,,background,,,29198277,vllm:qwen2.5-7b-instruct,low
pubmed,34406053,attentional impulsivity resting-state fMRI,Neuroimaging in Attention-Deficit/Hyperactivity Disorder: Recent Advances.,2022,AJR. American journal of roentgenology,unknown,unknown,attentional impulsivity,unknown,unknown,unclear,,background,,,34406053,vllm:qwen2.5-7b-instruct,low
pubmed,34602972,attentional impulsivity resting-state fMRI,Altered Variability and Concordance of Dynamic Resting-State fMRI Indices in Patients With Attention Deficit Hyperactivity Disorder.,2021,Frontiers in neuroscience,unknown,BOLD variability,nonplanning impulsivity,ADHD,associated_with,lower,,direct,0.8,"Further, lower voxel-wise concordance in ADHD's left middle frontal gyrus was associated with more non-perseverative errors in Wisconsin Card Sorting Test, which reflects worse cognitive control.",34602972,vllm:qwen2.5-7b-instruct,high
pubmed,33484850,attentional impulsivity resting-state fMRI,The neural substrates of subliminal attentional bias and reduced inhibition in individuals with a higher BMI: A VBM and resting state connectivity study.,2021,NeuroImage,unknown,functional connectivity,nonplanning impulsivity,higher BMI,associated_with,lower,,direct,0.8,"individuals with a higher BMI exhibit a specific reduced inhibition to food in the Go/No-Go task [p = 0.02, εp2 = 0.02], which is associated with lower GM density in reward brain regions [orbital gyrus, t = 4.97, p = 0.005, and parietal operculum, t = 5.14, p < 0.001] and lower resting-state connectivity of the orbital gyrus to visual areas [fusiform gyrus, t = -4.64, p < 0.001 and bilateral occipital cortex, t = -4.51, p < 0.001 and t = -4.34, p < 0.001].",33484850,vllm:qwen2.5-7b-instruct,high
pubmed,35859076,attentional impulsivity resting-state fMRI,Centrality and interhemispheric coordination are related to different clinical/behavioral factors in attention deficit/hyperactivity disorder: a resting-state fMRI study.,2022,Brain imaging and behavior,unknown,functional connectivity,attentional impulsivity,ADHD,correlates_with,higher,,direct,0.8,"EC was significantly higher in ADHD compared to neurotypicals in the left inferior Frontal lobe, Lingual gyri, Peri-Calcarine cortex, superior and middle Occipital lobes, right inferior Occipital lobe, right middle Temporal gyrus, Fusiform gyri, bilateral Cuneus, right Precuneus, and Cerebellum (FDR-corrected-p = 0.05).",35859076,vllm:qwen2.5-7b-instruct,high
pubmed,36843348,attentional impulsivity resting-state fMRI,"Construction of Meta-Thinking Educational Program Based on Mental-Brain Simulation (MTMBS) and Evaluating its Effectiveness on Executive Functions, Emotion Regulation, and Impulsivity in Children With ADHD: A Resting-State Functional MRI Study.",2023,Journal of attention disorders,default mode network,BOLD variability,attentional impulsivity,ADHD,suppressed,lower,,direct,0.7,The Meta-Thinking Educational Program had effect on performance of ADHD children and suppressed brain regions related to DMN.,36843348,vllm:qwen2.5-7b-instruct,high
pubmed,40309601,attentional impulsivity resting-state fMRI,Vulnerable brain regions in adolescent attention deficit hyperactivity disorder: An activation likelihood estimation meta-analysis.,2025,World journal of psychiatry,unknown,BOLD variability,attentional impulsivity,adolescent ADHD,associated_with,unclear,,indirect,0.7,,40309601,vllm:qwen2.5-7b-instruct,medium
pubmed,30520697,attentional impulsivity resting-state fMRI,Exploring the Brain Lateralization in ADHD Based on Variability of Resting-State fMRI Signal.,2021,Journal of attention disorders,unknown,BOLD variability,attentional impulsivity,ADHD,correlates_with,unclear,,indirect,0.5,The LI was also found to be related to inattentive and hyper/impulsive scores.,30520697,vllm:qwen2.5-7b-instruct,medium
pubmed,38281353,attentional impulsivity resting-state fMRI,Neurofeedback for alcohol addiction: Changes in resting state network activity✰.,2024,Psychiatry research. Neuroimaging,salience/ventral attention network,BOLD variability,attentional impulsivity,alcohol dependence,associated_with,lower,,direct,0.75,a significant reduction in activated voxels in the ventral attention network area was seen.,38281353,vllm:qwen2.5-7b-instruct,high
pubmed,25928822,attentional impulsivity resting-state fMRI,Altered resting-state frontoparietal control network in children with attention-deficit/hyperactivity disorder.,2015,Journal of the International Neuropsychological Society : JINS,frontoparietal/control network,functional connectivity,attentional impulsivity,children with attention-deficit/hyperactivity disorder,associated_with,unclear,,direct,0.8,"Furthermore, this aberrant connectivity of the frontoparietal control network in ADHD was associated with symptoms of impulsivity and opposition-defiance, as well as impaired response inhibition and attentional control.",25928822,vllm:qwen2.5-7b-instruct,high
pubmed,28193454,attentional impulsivity resting-state fMRI,New developments in brain research of internet and gaming disorder.,2017,Neuroscience and biobehavioral reviews,unknown,structural connectivity,impulsivity (general),Internet Gaming Disorder (IGD),associated_with,lower,,indirect,0.6,"Furthermore, Internet game playing was associated with lower white matter density in brain regions that are involved in decision-making, behavioral inhibition and emotional regulation.",28193454,vllm:qwen2.5-7b-instruct,medium
pubmed,38047402,attentional impulsivity resting-state fMRI,Similarity and difference in large-scale functional network alternations between behavioral addictions and substance use disorder: a comparative meta-analysis.,2024,Psychological medicine,unknown,functional connectivity,nonplanning impulsivity,behavioral addictions and substance use disorder,associated_with,unclear,,indirect,0.5,"The common rs-FC alterations in BA and SUD exhibited the relationship with consistent aberrant behaviors in both addiction groups, such as impaired inhibition control and salience attribution.",38047402,vllm:qwen2.5-7b-instruct,medium
pubmed,37327696,attentional impulsivity resting-state fMRI,"Individual differences in delay discounting are associated with dorsal prefrontal cortex connectivity in children, adolescents, and adults.",2023,Developmental cognitive neuroscience,default mode network,functional connectivity,impulsivity (general),unknown,associated_with,higher,,direct,0.85,"Greater delay discounting was associated with greater functional connectivity between the dorsal prefrontal cortex and other default mode network regions, but reduced connectivity with regions in the dorsal and ventral attention networks.",37327696,vllm:qwen2.5-7b-instruct,high
pubmed,24513387,attentional impulsivity resting-state fMRI,Altered regional homogeneity and efficient response inhibition in restrained eaters.,2014,Neuroscience,unknown,BOLD variability,nonplanning impulsivity,restrained eaters,correlates_with,lower,,direct,0.8,"In addition, ReHo values for the left dlPFC and left anterior insula, respectively, were negatively and positively correlated with SSRT among REs but not UREs.",24513387,vllm:qwen2.5-7b-instruct,high
pubmed,39454714,attentional impulsivity resting-state fMRI,Frequent absent mindedness and the neural mechanism trapped by mobile phone addiction.,2024,Neuroscience,"['default mode network', 'frontoparietal/control network', 'salience/ventral attention network', 'somatomotor network']",functional connectivity,attentional impulsivity,mobile phone addiction,mediates,unclear,FC between brain networks,direct,0.8,"FC among the default mode, motor, frontoparietal, basal ganglia, limbic, medial frontal, visual association, and cerebellar networks formed the neural basis of mind wandering.",39454714,vllm:qwen2.5-7b-instruct,high
pubmed,27467529,attentional impulsivity resting-state fMRI,Resting-state functional MRI of abnormal baseline brain activity in young depressed patients with and without suicidal behavior.,2016,Journal of affective disorders,unknown,BOLD variability,nonplanning impulsivity,young depressed patients with and without suicidal behavior,correlates_with,higher,,direct,0.8,"significantly decreased zALFF values in the L-SFG and L-MFG were found in the SU group compared with the NSU group, which were negatively correlated with BIS scores in the SU group.",27467529,vllm:qwen2.5-7b-instruct,high
pubmed,29048582,attentional impulsivity resting-state fMRI,Salience network dynamics underlying successful resistance of temptation.,2017,Social cognitive and affective neuroscience,salience/ventral attention network,dynamic connectivity,attentional impulsivity,unknown,correlates_with,lower,,direct,0.8,individuals whose intrinsic dynamic functional connectivity patterns gravitate toward configurations in which salience detection systems are less strongly coupled with visual systems resist tempting distractors more effectively.,29048582,vllm:qwen2.5-7b-instruct,high
pubmed,41781648,attentional impulsivity resting-state fMRI,ADBrainNet: a deep neural network for Autism Spectrum Disorder (ASD) and Attention Deficit and Hyperactivity Disorder (ADHD) classification using resting-state fMRI images based on explainable artificial intelligence.,2026,Medical & biological engineering & computing,unknown,unknown,attentional impulsivity,unknown,unknown,unclear,,background,,,41781648,vllm:qwen2.5-7b-instruct,low
pubmed,39592983,attentional impulsivity resting-state fMRI,Abnormal stability of dynamic functional architecture in drug-naïve children with attention-deficit/hyperactivity disorder.,2024,BMC psychiatry,"default mode network, salience/ventral attention network",dynamic connectivity,attentional impulsivity,drug-naïve children with ADHD,correlates_with,unclear,,direct,0.7,This preliminary study provides novel insight into the dynamic brain functional networks in ADHD.,39592983,vllm:qwen2.5-7b-instruct,medium
pubmed,35089635,attentional impulsivity resting-state fMRI,Enduring effect of abuse: Childhood maltreatment links to altered theory of mind network among adults.,2022,Human brain mapping,unknown,functional connectivity,attentional impulsivity,unknown,correlates_with,unclear,,direct,0.7,The FCs of IPL with dACC and SFG were correlated with the anxious and cyclothymic temperament and attentional impulsivity.,35089635,vllm:qwen2.5-7b-instruct,high
pubmed,18824195,attentional impulsivity resting-state fMRI,Default-mode brain dysfunction in mental disorders: a systematic review.,2009,Neuroscience and biobehavioral reviews,default mode network,unknown,attentional impulsivity,unknown,unknown,unclear,,background,,,18824195,vllm:qwen2.5-7b-instruct,low
pubmed,26363140,attentional impulsivity resting-state fMRI,The executive control network and symptomatic improvement in attention-deficit/hyperactivity disorder.,2015,Cortex; a journal devoted to the study of the nervous system and behavior,unknown,functional connectivity,nonplanning impulsivity,"remitting ADHD, persistent ADHD, and healthy controls",associated_with,lower,,direct,0.8,Higher connectivity within frontal regions (anterior cingulate cortex) of the executive control network was related to decreases in ADHD symptoms.,26363140,vllm:qwen2.5-7b-instruct,high
pubmed,26296778,attentional impulsivity resting-state fMRI,Aberrant orbitofrontal connectivity in marijuana smoking adolescents.,2015,Developmental cognitive neuroscience,unknown,functional connectivity,attentional impulsivity,heavy MJ users,associated_with,higher,,direct,0.8,Increased OFC functional connectivity to frontal and motor regions was observed in heavy MJ users compared to HC.,26296778,vllm:qwen2.5-7b-instruct,high
pubmed,30798413,attentional impulsivity resting-state fMRI,Abnormal functional network centrality in drug-naïve boys with attention-deficit/hyperactivity disorder.,2019,European child & adolescent psychiatry,unknown,functional connectivity,attentional impulsivity,drug-naïve boys with attention-deficit/hyperactivity disorder,correlates_with,unclear,,indirect,0.6,"We found that boys with ADHD exhibited (1) decreased centrality in the left superior temporal gyrus (STG) and increased centrality in the left superior occipital lobe (SOL) and right inferior parietal lobe (IPL); (2) decreased FC between the STG and the putamen and thalamus, which belong to the cognitive cortico-striatal-thalamic-cortical (CSTC) loop, and increased FC between the STG and medial/superior frontal gyrus within the affective CSTC loop; and (3) decreased connectivity between the SOL and cuneus within the dorsal attention network.",30798413,vllm:qwen2.5-7b-instruct,medium
pubmed,25959594,attentional impulsivity resting-state fMRI,Neurobiological indicators of disinhibition in posttraumatic stress disorder.,2015,Human brain mapping,unknown,functional connectivity,nonplanning impulsivity,posttraumatic stress disorder,associated_with,higher,,direct,0.75,Resting-state functional magnetic resonance imaging analyses revealed alterations in the functional connectivity of the right frontal cluster.,25959594,vllm:qwen2.5-7b-instruct,high
pubmed,31936471,attentional impulsivity resting-state fMRI,Comparison of Behavioral Changes and Brain Activity between Adolescents with Internet Gaming Disorder and Student Pro-Gamers.,2020,International journal of environmental research and public health,attention network,BOLD variability,attentional impulsivity,Internet Gaming Disorder,associated_with,higher,,direct,0.85,"Compared to pro-gamers, IGD adolescents showed higher brain activity within the left orbitofrontal cortex.",31936471,vllm:qwen2.5-7b-instruct,high
pubmed,30773473,attentional impulsivity resting-state fMRI,An Integrated Analysis of Neural Network Correlates of Categorical and Dimensional Models of Attention-Deficit/Hyperactivity Disorder.,2019,Biological psychiatry. Cognitive neuroscience and neuroimaging,unknown,functional connectivity,attentional impulsivity,ADHD,correlates_with,unclear,,indirect,0.6,"Within the default mode network, we mainly observed categorical ADHD-related functional connectivity abnormalities, unrelated to neurocognitive measures.",30773473,vllm:qwen2.5-7b-instruct,medium
pubmed,37011715,attentional impulsivity resting-state fMRI,Conscientiousness associated with efficiency of the salience/ventral attention network: Replication in three samples using individualized parcellation.,2023,NeuroImage,salience/ventral attention network,functional connectivity,nonplanning impulsivity,unknown,associated_with,unclear,,direct,0.8,Efficiency of a set of parcels in the SVAN was significantly associated with conscientiousness in all samples.,37011715,vllm:qwen2.5-7b-instruct,high
pubmed,23684384,attentional impulsivity resting-state fMRI,Altered regional homogeneity patterns in adults with attention-deficit hyperactivity disorder.,2013,European journal of radiology,unknown,BOLD variability,attentional impulsivity,ADHD,correlates_with,unclear,,indirect,0.5,"Correlation coefficients indicated significant positive correlation of inattentive scores with bilateral cuneus and precuneus, and significant negative correlation of hyperactive/impulsive scores with bilateral insula and claustrum.",23684384,vllm:qwen2.5-7b-instruct,medium
pubmed,27894158,attentional impulsivity resting-state fMRI,Craving behavioral intervention for internet gaming disorder: remediation of functional connectivity of the ventral striatum.,2018,Addiction biology,ventral striatum,functional connectivity,attentional impulsivity,Internet gaming disorder,remediation_of,lower,decrease_in_functional_connectivity,direct,0.8,"Moreover, compared with CBI-, CBI+ showed significantly greater decrease in VS-lIPL connectivity, along with amelioration in addiction severity following the intervention.",27894158,vllm:qwen2.5-7b-instruct,high
pubmed,32114120,attentional impulsivity resting-state fMRI,Estimating individual scores of inattention and impulsivity based on dynamic features of intrinsic connectivity network.,2020,Neuroscience letters,unknown,functional connectivity,nonplanning impulsivity,ADHD,correlates_with,higher,,indirect,0.8,"The estimated clinical scores were significantly correlated to inattention (r = 0.4 ± 0.02, p < 0.01) and impulsivity (r = 0.31 ± 0.02, p < 0.01).",32114120,vllm:qwen2.5-7b-instruct,high
pubmed,30366150,attentional impulsivity resting-state fMRI,Mapping Internet gaming disorder using effective connectivity: A spectral dynamic causal modeling study.,2019,Addictive behaviors,default mode network,dynamic connectivity,nonplanning impulsivity,Internet gaming disorder,reduced_effective_connectivity,lower,,direct,0.85,"Compared with RGU, IGD showed reduced effective connectivity from the mPFC to the PCC and from the left IPL to the mPFC, with reduced self-connection in the PCC and the left IPL.",30366150,vllm:qwen2.5-7b-instruct,high
pubmed,36055063,attentional impulsivity resting-state fMRI,PTSD symptomatology is selectively associated with impaired sustained attention ability and dorsal attention network synchronization.,2022,NeuroImage. Clinical,dorsal attention network,functional connectivity,nonplanning impulsivity,PTSD,associated_with,lower,disrupted proactive engagement of attentional control circuitry,direct,0.8,"PTSD symptoms were selectively associated with reduced sustained attention ability, but not more impulsive response strategies. In Study 2, we utilized task and resting-state fMRI to characterize neural circuitry underlying PTSD-related differences in sustained attention ability. Both PTSD symptomatology and sustained attention ability exhibited converging associations with reduced dorsal attention network (DAN) synchronization to endogeneous attentional fluctuations.",36055063,vllm:qwen2.5-7b-instruct,high
pubmed,27812554,attentional impulsivity resting-state fMRI,Attention-Deficit/Hyperactivity Disorder symptoms coincide with altered striatal connectivity.,2016,Biological psychiatry. Cognitive neuroscience and neuroimaging,unknown,functional connectivity,attentional impulsivity,ADHD,associated_with,higher,,direct,0.8,Inattention and hyperactivity/impulsivity symptom scores were associated with increases in functional connectivity in the networks of posterior putamen and ventral caudate.,27812554,vllm:qwen2.5-7b-instruct,high
pubmed,39551190,attentional impulsivity resting-state fMRI,Attention and emotion in adolescents with ADHD; a time-varying functional connectivity study.,2025,Journal of affective disorders,unknown,dynamic connectivity,impulsivity (general),ADHD,associated_with,lower,,direct,0.8,"adolescents with ADHD had 1) diminished salience network-centered dynamic FNC that was driven by an integrated ADHD phenotype (p < .004, r = 0.57)",39551190,vllm:qwen2.5-7b-instruct,high
pubmed,39147392,attentional impulsivity resting-state fMRI,"Evaluation of potential alterations related to ADHD in the effective connectivity between the default mode network and cerebellum, hippocampus, thalamus, and primary visual cortex.",2024,"Cerebral cortex (New York, N.Y. : 1991)",default mode network,dynamic connectivity,impulsivity (general),ADHD,correlates_with,higher,"an increase in the effective connectivity leads to more inhibition imposition from the right cerebellum to DMN that reduces this network activation. The lower DMN activity makes leaving the resting-state easier, which may be involved in the restlessness symptom.",direct,0.85,Our results demonstrated a positive correlation between ADHD and effective connectivity between the right cerebellum and three DMN nodes (intrinsically inhibitory connections).,39147392,vllm:qwen2.5-7b-instruct,high
pubmed,24615988,attentional impulsivity resting-state fMRI,Network connectivity abnormality profile supports a categorical-dimensional hybrid model of ADHD.,2014,Human brain mapping,unknown,functional connectivity,attentional impulsivity,ADHD,correlates_with,unclear,,unclear,0.7,"Dimensional relationships between symptom severity measures and functional connectivity that did not differ between TDC and children with ADHD were observed for each network, supporting a dimensional characterization of ADHD.",24615988,vllm:qwen2.5-7b-instruct,medium
pubmed,27881961,attentional impulsivity resting-state fMRI,Functional Connectivity of Child and Adolescent Attention Deficit Hyperactivity Disorder Patients: Correlation with IQ.,2016,Frontiers in human neuroscience,frontoparietal/control network,functional connectivity,attentional impulsivity,ADHD,correlates_with,unclear,,direct,0.5,The frontoparietal network is known to be related to hyperactive and impulsive behaviors.,27881961,vllm:qwen2.5-7b-instruct,medium
pubmed,28762756,attentional impulsivity resting-state fMRI,Intranasal Oxytocin Selectively Modulates Large-Scale Brain Networks in Humans.,2017,Brain connectivity,unknown,functional connectivity,attentional impulsivity,unknown,modulates,unclear,by altering connectivity within the ventral attention network,indirect,0.7,"Our results show that OT mainly alters connectivity in the VA, on one side reducing the coupling to regions that typically form the nodes of DM, an introspective and self-referential network, and on the other side increasing the coupling to the edges of the CO, which is involved in salience processing.",28762756,vllm:qwen2.5-7b-instruct,medium
pubmed,36747838,attentional impulsivity resting-state fMRI,Individual Differences in Delay Discounting are Associated with Dorsal Prefrontal Cortex Connectivity in Youth.,2023,bioRxiv : the preprint server for biology,default mode network,functional connectivity,nonplanning impulsivity,unknown,associated_with,higher,,direct,0.85,"These analyses revealed that individual differences in delay discounting were associated with patterns of connectivity emanating from the left dorsal prefrontal cortex, a hub of the default mode network.",36747838,vllm:qwen2.5-7b-instruct,high
pubmed,34732691,attentional impulsivity resting-state fMRI,The sooner the better: clinical and neural correlates of impulsive choice in Tourette disorder.,2021,Translational psychiatry,unknown,unknown,impulsivity (general),Tourette disorder,predicts,higher,,direct,0.85,"Within this network, (i) lower connectivity of pre-supplementary motor area with ventral striatum predicted a higher impulsivity and a steeper reward discounting and (ii) a greater connectivity of pre-supplementary motor area with anterior insular cortex predicted steeper reward discounting and more severe tics.",34732691,vllm:qwen2.5-7b-instruct,high
pubmed,28173729,attentional impulsivity resting-state fMRI,Structural and Functional Abnormalities in Children with Attention-Deficit/Hyperactivity Disorder: A Focus on Subgenual Anterior Cingulate Cortex.,2017,Brain connectivity,unknown,structural connectivity,attentional impulsivity,ADHD-C,correlates_with,unclear,,indirect,0.5,Both the rs-fMRI and DTI ROI-based measures were significantly correlated with clinical measures that examine behavioral capacities of attention and inhibitory control.,28173729,vllm:qwen2.5-7b-instruct,medium
pubmed,29409566,attentional impulsivity resting-state fMRI,Brain-behavior patterns define a dimensional biotype in medication-naïve adults with attention-deficit hyperactivity disorder.,2018,Psychological medicine,unknown,functional connectivity,impulsivity (general),adult ADHD,correlates_with,unclear,,indirect,0.7,"Adults with ADHD showed stronger functional connectivity compared to healthy controls, predominantly between the default-mode, cingulo-opercular and subcortical networks.",29409566,vllm:qwen2.5-7b-instruct,medium
pubmed,36866118,attentional impulsivity resting-state fMRI,"Structural differences among children, adolescents, and adults with attention-deficit/hyperactivity disorder and abnormal Granger causality of the right pallidum and whole-brain.",2023,Frontiers in human neuroscience,unknown,unknown,attentional impulsivity,ADHD,correlates_with,unclear,,indirect,0.7,The right pallidum was positively correlated with disease severity.,36866118,vllm:qwen2.5-7b-instruct,medium
pubmed,31978743,attentional impulsivity resting-state fMRI,Neural correlates and role of medication in reactive motor impulsivity in Tourette disorder.,2020,Cortex; a journal devoted to the study of the nervous system and behavior,unknown,functional connectivity,motor impulsivity,"Tourette disorder, ADHD",associated_with,higher,increased grey matter signal from the right supplementary motor area and inferior frontal gyrus; decreased resting-state spontaneous activity of the left putamen; higher functional connectivity between the inferior frontal gyrus and the superior temporal gyri (bilaterally); lower functional connectivity between the cerebellum and the right subthalamic nucleus,direct,0.85,We found a higher reactive motor impulsivity in TD patients medicated with antipsychotics compared to unmedicated TD patients and controls.,31978743,vllm:qwen2.5-7b-instruct,high
pubmed,37561637,attentional impulsivity resting-state fMRI,Abnormal frontostriatal connectivity and serotonin function in gambling disorder: A preliminary exploratory study.,2023,Journal of behavioral addictions,unknown,functional connectivity,attentional impulsivity,gambling disorder,correlates_with,lower,,direct,0.9,"Right NAcc 11C-MADAM binding potential correlated with attentional impulsivity in individuals with gambling disorder (r = -0.73, p = 0.005).",37561637,vllm:qwen2.5-7b-instruct,high
pubmed,27664824,attentional impulsivity resting-state fMRI,Perceived social isolation is associated with altered functional connectivity in neural networks associated with tonic alertness and executive control.,2017,NeuroImage,cingulo-opercular network,functional connectivity,attentional impulsivity,unknown,associated_with,higher,,direct,0.9,These regions encompassed the bilateral insula/frontoparietal opercula and ACC/pre-SMA.,27664824,vllm:qwen2.5-7b-instruct,high
pubmed,36937718,attentional impulsivity resting-state fMRI,"The clinical, neuropsychological, and brain functional characteristics of the ADHD restrictive inattentive presentation.",2023,Frontiers in psychiatry,unknown,functional connectivity,attentional impulsivity,ADHD restrictive inattentive presentation,correlates_with,lower,,direct,0.8,The ADHD-RI displayed marginally significantly lower FC in the salience network compared to the ADHD-I and the control groups.,36937718,vllm:qwen2.5-7b-instruct,high
pubmed,34294803,attentional impulsivity resting-state fMRI,Functional network topology of the right insula affects emotion dysregulation in hyperactive-impulsive attention-deficit/hyperactivity disorder.,2021,Scientific reports,unknown,functional connectivity,unknown,attention-deficit/hyperactivity disorder,associated_with,higher,,direct,0.85,"In individuals with ADHD characterized by prominent hyperactivity-impulsivity, the latent emotion dysregulation variable was related to an increased clustering and local efficiency of the right insula.",34294803,vllm:qwen2.5-7b-instruct,high
pubmed,28174127,attentional impulsivity resting-state fMRI,Altered functional connectivity in default mode network in Internet gaming disorder: Influence of childhood ADHD.,2017,Progress in neuro-psychopharmacology & biological psychiatry,default mode network,functional connectivity,impulsivity (general),"Internet gaming disorder, childhood ADHD",correlates_with,unclear,,direct,0.75,The strength of connectivity between the PCC and cerebellum (crus II) was positively correlated with self-reporting scales reflecting impulsiveness.,28174127,vllm:qwen2.5-7b-instruct,high
pubmed,38964089,attentional impulsivity resting-state fMRI,Multimodal frontal neuroimaging markers predict longitudinal craving reduction in abstinent individuals with heroin use disorder.,2024,Journal of psychiatric research,unknown,functional connectivity,attentional impulsivity,heroin use disorder,predicts,higher,,direct,0.8,"The multimodal neuroimaging features, primarily converging in frontal regions (e.g., the left superior frontal (LSF) thickness, FA of the LSF-occipital tract, and RSFC of left middle frontal-right superior temporal lobe), collectively contributed to prediction alongside dosage and attention impulsiveness.",38964089,vllm:qwen2.5-7b-instruct,high
pubmed,40334458,attentional impulsivity resting-state fMRI,Temporal variability-based alternations in dynamic functional networks in internet gaming disorder.,2025,Journal of psychiatric research,"default mode network, ventral attention network, sensorimotor network, limbic network",BOLD variability,attentional impulsivity,internet gaming disorder,correlates_with,lower,,direct,0.85,"Compared to RGUs, IGD individuals exhibited decreased within-network variability in the default mode network (DMN)",40334458,vllm:qwen2.5-7b-instruct,high
pubmed,29554302,attentional impulsivity resting-state fMRI,Ventral Striatal D2/3 Receptor Availability Is Associated with Impulsive Choice Behavior As Well As Limbic Corticostriatal Connectivity.,2018,The international journal of neuropsychopharmacology,unknown,functional connectivity,nonplanning impulsivity,unknown,associated_with,lower,,direct,0.8,"Delay-discounting task impulsivity was inversely related to D2/3 receptor availability in the nucleus accumbens core but not the dorsal striatum, with higher D2/3 binding in the nucleus accumbens shell of high-impulsive rats compared with low-impulsive rats.",29554302,vllm:qwen2.5-7b-instruct,high
pubmed,26802508,attentional impulsivity resting-state fMRI,A failure of suppression within the default mode network in depressed adolescents with compulsive internet game play.,2016,Journal of affective disorders,default mode network,unknown,nonplanning impulsivity,"depression, compulsive internet game play",associated_with,unclear,,background,0.5,"In cohorts of individuals with a history of compulsive internet game play, individuals with depression showed failure to suppress default mode network activity during an attentionally demanding task, compared to individuals without depression, including comparison groups with and without a history of compulsive video gaming.",26802508,vllm:qwen2.5-7b-instruct,medium
pubmed,30898336,attentional impulsivity resting-state fMRI,Age-Normative Pathways of Striatal Connectivity Related to Clinical Symptoms in the General Population.,2019,Biological psychiatry,unknown,unknown,attentional impulsivity,unknown,associated_with,unclear,,indirect,0.5,"Attention-deficit/hyperactivity disorder severity was related to age-advanced connectivity across several insula subregions, but to age-delayed connectivity with the nearby inferior frontal gyrus.",30898336,vllm:qwen2.5-7b-instruct,medium
pubmed,39965782,attentional impulsivity resting-state fMRI,MRI-based surrogates of brain clearance in narcolepsy type 1.,2025,Journal of sleep research,unknown,unknown,impulsivity (general),narcolepsy type 1,unknown,unclear,,background,0.0,,39965782,vllm:qwen2.5-7b-instruct,low
pubmed,36511133,attentional impulsivity resting-state fMRI,TTLL11 gene is associated with sustained attention performance and brain networks: A genome-wide association study of a healthy Chinese sample.,2023,"Genes, brain, and behavior",somatomotor network,functional connectivity,nonplanning impulsivity,healthy individuals,associated_with,lower,,direct,0.75,"Specifically, the GG homozygotes showed lower brain activity, weaker brain network connectivity, and non-significant brain-attention association compared to the A allele carriers.",36511133,vllm:qwen2.5-7b-instruct,high
pubmed,29171429,attentional impulsivity resting-state fMRI,Age-related connectivity differences between attention deficit and hyperactivity disorder patients and typically developing subjects: a resting-state functional MRI study.,2017,Neural regeneration research,unknown,functional connectivity,attentional impulsivity,ADHD patients and typically developing subjects,associated_with,unclear,,indirect,0.6,The results of our study suggest that aberrant development in cognitive brain regions might be associated with age-related brain network changes in ADHD patients.,29171429,vllm:qwen2.5-7b-instruct,medium
pubmed,32800380,attentional impulsivity resting-state fMRI,"Estimating the Heritability of Developmental Change in Neural Connectivity, and Its Association With Changing Symptoms of Attention-Deficit/Hyperactivity Disorder.",2021,Biological psychiatry,unknown,structural connectivity,impulsivity (general),ADHD,associated_with,unclear,,indirect,0.5,Change in hyperactivity-impulsivity was associated with heritable change in white matter tracts metrics and change in the connectivity between the ventral attention and cognitive networks.,32800380,vllm:qwen2.5-7b-instruct,medium
pubmed,34851976,attentional impulsivity resting-state fMRI,Differential structure-function network coupling in the inattentive and combined types of attention deficit hyperactivity disorder.,2021,PloS one,unknown,unknown,attentional impulsivity,ADHD subtypes (inattentive and combined),correlates_with,lower,,indirect,0.7,"Children with ADHD had lower structural connectivity and network efficiency in the DMN, without significant group differences in functional networks.",34851976,vllm:qwen2.5-7b-instruct,medium
pubmed,30099805,attentional impulsivity resting-state fMRI,Binge drinking is associated with attenuated frontal and parietal activation during successful response inhibition in fearful context.,2019,The European journal of neuroscience,unknown,functional connectivity,nonplanning impulsivity,unknown,associated_with,lower,alcohol-associated disruption of functional connectivity,direct,0.85,"Similarly, higher binge drinking was associated with attenuated frontopolar activation when choosing a delayed reward over an immediate reward within the fearful, relative to the neutral, context.",30099805,vllm:qwen2.5-7b-instruct,high
pubmed,34497483,attentional impulsivity resting-state fMRI,Abnormal Topological Network in Parkinson's Disease With Impulse Control Disorders: A Resting-State Functional Magnetic Resonance Imaging Study.,2021,Frontiers in neuroscience,"default mode network, control network, dorsal attention network",functional connectivity,impulsivity (general),Parkinson's Disease with Impulse Control Disorders (PD-ICD) and Parkinson's Disease without Impulse Control Disorders (PD-nICD),associated_with,lower,,direct,0.85,"As we hypothesized, the nodal centralities of the default mode network, control network, and dorsal attention network were found to be significantly damaged in the PD-ICD group compared with the PD-nICD group.",34497483,vllm:qwen2.5-7b-instruct,high
pubmed,41572717,attentional impulsivity resting-state fMRI,Machine Learning-driven ADHD Classification: Exploring Medication Effects with VMD Sub-band Analysis.,2026,Current computer-aided drug design,unknown,unknown,attentional impulsivity,unknown,unknown,unclear,,unclear,,,41572717,vllm:qwen2.5-7b-instruct,low
pubmed,35682491,attentional impulsivity functional connectivity,Digital Addiction and Sleep.,2022,International journal of environmental research and public health,unknown,unknown,attentional impulsivity,unknown,unknown,unclear,,unclear,,,35682491,vllm:qwen2.5-7b-instruct,low
pubmed,40525051,attentional impulsivity functional connectivity,"The Role of Sleep and the Effects of Sleep Loss on Cognitive, Affective, and Behavioral Processes.",2025,Cureus,unknown,functional connectivity,attentional impulsivity,unknown,associated_with,higher,"Sleep deprivation increases amygdala reactivity, weakens prefrontal-amygdala connectivity, and contributes to emotional dysregulation, impulsivity, and risk-taking behaviors.",direct,0.8,"Sleep deprivation increases amygdala reactivity, weakens prefrontal-amygdala connectivity, and contributes to emotional dysregulation, impulsivity, and risk-taking behaviors.",40525051,vllm:qwen2.5-7b-instruct,high
pubmed,39339712,attentional impulsivity functional connectivity,Investigating the Impact of Nutrition and Oxidative Stress on Attention Deficit Hyperactivity Disorder.,2024,Nutrients,unknown,functional connectivity,attentional impulsivity,ADHD,associated_with,unclear,,background,,,39339712,vllm:qwen2.5-7b-instruct,low
pubmed,39500949,attentional impulsivity functional connectivity,Exploring the impact of probiotics on adult ADHD management through a double-blind RCT.,2024,Scientific reports,unknown,functional connectivity,attentional impulsivity,ADHD,correlates_with,lower,,indirect,0.7,There was also a negative correlation between FCC and symptoms of attention and impulsivity.,39500949,vllm:qwen2.5-7b-instruct,medium
pubmed,35754775,attentional impulsivity functional connectivity,Intrinsic Functional Connectivity in the Default Mode Network Differentiates the Combined and Inattentive Attention Deficit Hyperactivity Disorder Types.,2022,Frontiers in human neuroscience,default mode network,functional connectivity,nonplanning impulsivity,"ADHD-C, ADHD-I",differentiates,lower,,direct,0.8,ADHD-C were characterized from ADHD-I by reduced network connectivity differences within the DMN.,35754775,vllm:qwen2.5-7b-instruct,high
pubmed,38123729,attentional impulsivity functional connectivity,Inactivation of hypocretin receptor-2 signaling in dopaminergic neurons induces hyperarousal and enhanced cognition but impaired inhibitory control.,2024,Molecular psychiatry,unknown,functional connectivity,attentional impulsivity,unknown,associated_with,higher,,direct,0.8,"DAHcrtr2-deficient mice manifest faster task acquisition and higher choice accuracy under increasingly demanding task contingencies. However, the mice concurrently displayed maladaptive patterns of reward-seeking, with behavioral indices of enhanced impulsivity and compulsivity.",38123729,vllm:qwen2.5-7b-instruct,high
pubmed,24576926,attentional impulsivity functional connectivity,Functional connectivity and temporal variability of brain connections in adults with attention deficit/hyperactivity disorder and bipolar disorder.,2014,Neuropsychobiology,unknown,BOLD variability,attentional impulsivity,ADHD,associated_with,unclear,,direct,0.8,"In the ADHD group, temporal variability of functional connections was associated with executive function and memory deficits.",24576926,vllm:qwen2.5-7b-instruct,high
pubmed,22153589,attentional impulsivity functional connectivity,Abnormal functional connectivity in children with attention-deficit/hyperactivity disorder.,2012,Biological psychiatry,default-mode network,functional connectivity,attentional impulsivity,children with attention-deficit/hyperactivity disorder,associated_with,lower,,direct,0.8,"In ADHD children, the orbitofrontal cortex (region involved in salience attribution) had higher connectivity with reward-motivation regions (striatum and anterior cingulate) and lower connectivity with superior parietal cortex (region involved in attention processing).",22153589,vllm:qwen2.5-7b-instruct,high
pubmed,25936249,attentional impulsivity functional connectivity,The neurobiology of aggression and violence.,2015,CNS spectrums,unknown,functional connectivity,attentional impulsivity,unknown,unknown,unclear,,background,,,25936249,vllm:qwen2.5-7b-instruct,low
pubmed,10570690,attentional impulsivity functional connectivity,What is attention-deficit/hyperactivity disorder?,1999,Pediatric clinics of North America,unknown,unknown,attentional impulsivity,unknown,unknown,unclear,,background,,,10570690,vllm:qwen2.5-7b-instruct,low
pubmed,29033857,attentional impulsivity functional connectivity,An Update Overview on Brain Imaging Studies of Internet Gaming Disorder.,2017,Frontiers in psychiatry,unknown,functional connectivity,attentional impulsivity,Internet gaming disorder,disruption_in,lower,,direct,0.7,"IGD adolescents had also disruption in the functional connectivity in areas responsible for learning memory and executive function, processing of auditory, visual, and somatosensory stimuli and relay of sensory and motor signals.",29033857,vllm:qwen2.5-7b-instruct,high
pubmed,40840870,attentional impulsivity functional connectivity,Comparison of 5-Day Multidaily Neuronavigated Theta-Burst Sessions With 6-Week Standard Repetitive Transcranial Magnetic Stimulation (the Dutch Depression Outcome Trial): Protocol for a Randomized Controlled Trial.,2025,JMIR research protocols,unknown,functional connectivity,attentional impulsivity,major depressive disorder,unclear,unclear,,background,,,40840870,vllm:qwen2.5-7b-instruct,low
pubmed,24023940,attentional impulsivity functional connectivity,Elevated functional connectivity in a striatal-amygdala circuit in pathological gamblers.,2013,PloS one,unknown,functional connectivity,nonplanning impulsivity,pathological gamblers,associated_with,higher,,direct,0.85,we observed reliable increases in functional coupling between striatum and bilateral amygdala in gamblers vs. controls.,24023940,vllm:qwen2.5-7b-instruct,high
pubmed,24926234,attentional impulsivity functional connectivity,Subcircuit-specific neuromodulation in the prefrontal cortex.,2014,Frontiers in neural circuits,unknown,functional connectivity,attentional impulsivity,unknown,associated_with,unclear,,indirect,,,24926234,vllm:qwen2.5-7b-instruct,low
pubmed,32066697,attentional impulsivity functional connectivity,Shared and distinct resting functional connectivity in children and adults with attention-deficit/hyperactivity disorder.,2020,Translational psychiatry,"default mode network, salience/ventral attention network, somatomotor network, dorsal attention network, limbic network",functional connectivity,nonplanning impulsivity,"ADHDchild, ADHDadult",correlated_with,higher,,direct,0.8,"The ADHD-discriminative FCs shared in children and adults lie in the intra-network within default mode network (DMN) and the inter-network between DMN and ventral attention network, positively correlated with total scores of ADHD symptoms.",32066697,vllm:qwen2.5-7b-instruct,high
pubmed,38176941,attentional impulsivity functional connectivity,The Role of the Cerebellum in Drug Reward: A Review.,2023,Journal of integrative neuroscience,unknown,unknown,attentional impulsivity,unknown,unknown,unclear,,background,,,38176941,vllm:qwen2.5-7b-instruct,low
pubmed,18568333,attentional impulsivity functional connectivity,[Legal aspects of hyperkinetic disorders/ADHD].,2008,Der Nervenarzt,unknown,unknown,attentional impulsivity,unknown,unknown,unclear,,background,,,18568333,vllm:qwen2.5-7b-instruct,low
pubmed,32994553,attentional impulsivity functional connectivity,Impulsive prepotent actions and tics in Tourette disorder underpinned by a common neural network.,2021,Molecular psychiatry,unknown,functional connectivity,nonplanning impulsivity,Tourette disorder,correlates_with,higher,,direct,0.8,This effect was mediated by connectivity between the right orbito-frontal cortex with caudate nucleus bilaterally.,32994553,vllm:qwen2.5-7b-instruct,high
pubmed,9571295,attentional impulsivity functional connectivity,Frontal lobe functions and dysfunctions.,1998,Clinical EEG (electroencephalography),unknown,unknown,attentional impulsivity,unknown,unknown,unclear,,unclear,,,9571295,vllm:qwen2.5-7b-instruct,low
pubmed,39284401,attentional impulsivity functional connectivity,"Transcranial Magnetic Stimulation-Induced Plasticity Improving Cognitive Control in Obsessive-Compulsive Disorder, Part II: Task-Based Neural Predictors of Treatment Response.",2025,Biological psychiatry,unknown,functional connectivity,attentional impulsivity,Obsessive-Compulsive Disorder,associated_with,lower,,direct,0.75,Lower precuneus activation with increased planning taskload was correlated with symptom reduction in the dorsolateral prefrontal cortex group.,39284401,vllm:qwen2.5-7b-instruct,high
pubmed,31704786,attentional impulsivity functional connectivity,The Claustrum-Prefrontal Cortex Pathway Regulates Impulsive-Like Behavior.,2019,The Journal of neuroscience : the official journal of the Society for Neuroscience,unknown,functional connectivity,nonplanning impulsivity,unknown,regulates,higher,,direct,0.8,"By using immunofluorescent staining of the c-Fos-positive neurons, we showed that chemogenetic activation and inhibition of the CLA-PFC pathway reduced and increased overall activity of the PFC, respectively.",31704786,vllm:qwen2.5-7b-instruct,high
pubmed,39676699,attentional impulsivity functional connectivity,Early-life IL-4 administration induces long-term changes in microglia in the cerebellum and prefrontal cortex.,2025,Journal of neurochemistry,unknown,functional connectivity,attentional impulsivity,unknown,associated_with,unclear,"elevated IL-4 levels prevent microglia-mediated engulfment of neurons, leading to cerebellar connectivity dysfunction",indirect,0.5,"Mechanistically, elevated IL-4 levels prevented microglia-mediated engulfment of neurons in the cerebellum, resulting in a surplus of granule cells and consequent dysfunction in cerebellar connectivity.",39676699,vllm:qwen2.5-7b-instruct,medium
pubmed,25900066,attentional impulsivity functional connectivity,Impulsivity and aggression in schizophrenia: a neural circuitry perspective with implications for treatment.,2015,CNS spectrums,unknown,functional connectivity,nonplanning impulsivity,schizophrenia,associated_with,unclear,,indirect,0.7,"Many studies have implicated dysfunctional frontotemporal circuitry in impulsivity and aggression in schizophrenia, and pharmacological treatments may act via that circuitry to reduce urgency and aggressive behaviors;",25900066,vllm:qwen2.5-7b-instruct,medium
pubmed,25748775,attentional impulsivity functional connectivity,The role of the thalamus in ADHD symptomatology and treatment.,2015,Applied neuropsychology. Child,unknown,EEG connectivity,attentional impulsivity,ADHD,correlates_with,unclear,,indirect,0.3,Research demonstrates a specific abnormality in the thalamic pulvinar nucleus in ADHD populations.,25748775,vllm:qwen2.5-7b-instruct,medium
pubmed,20374289,attentional impulsivity functional connectivity,Disturbed structural connectivity is related to inattention and impulsivity in adult attention deficit hyperactivity disorder.,2010,The European journal of neuroscience,unknown,structural connectivity,attentional impulsivity,adult attention deficit hyperactivity disorder,correlates_with,unclear,,direct,0.85,measures of impulsivity were correlated with FA in right orbitofrontal fibre tracts.,20374289,vllm:qwen2.5-7b-instruct,high
pubmed,35126772,attentional impulsivity functional connectivity,Functional neuronal networks reveal emotional processing differences in children with ADHD.,2022,Cognitive neurodynamics,unknown,functional connectivity,attentional impulsivity,ADHD,associated_with,higher,,direct,0.8,We find that the functional connectivity of the frontal and occipital lobes in the ADHD group is significantly (P-value < 0.01) higher than in the healthy group.,35126772,vllm:qwen2.5-7b-instruct,high
pubmed,37442497,attentional impulsivity functional connectivity,Possible effects of pair bonds on general cognition: Evidence from shared roles of dopamine.,2023,Neuroscience and biobehavioral reviews,unknown,functional connectivity,attentional impulsivity,unknown,associated_with,unclear,,indirect,0.5,"Highlighting dopamine as a key player in pair bonds and non-social cognition will provide evidence that pair bonding can alter general cognitive processes like attention, working memory, cognitive flexibility, and impulse control.",37442497,vllm:qwen2.5-7b-instruct,medium
pubmed,17184598,attentional impulsivity functional connectivity,Polymorphisms of dopamine-beta-hydroxylase in ADHD children.,2006,Folia biologica,unknown,unknown,attentional impulsivity,ADHD,unknown,unclear,,unclear,,,17184598,vllm:qwen2.5-7b-instruct,low
pubmed,29692743,attentional impulsivity functional connectivity,Bupropion Shows Different Effects on Brain Functional Connectivity in Patients With Internet-Based Gambling Disorder and Internet Gaming Disorder.,2018,Frontiers in psychiatry,default mode network,functional connectivity,attentional impulsivity,Internet gaming disorder (IGD) and internet-based gambling disorder (ibGD),correlates_with,lower,,direct,0.8,"In the IGD group, the functional connectivity (FC) within the posterior DMN as well as the FC between the DMN and the CCN decreased following treatment. Moreover, the FC within the DMN in the IGD group was positively correlated with changes in Young Internet Addiction Scale scores after the bupropion treatment period.",29692743,vllm:qwen2.5-7b-instruct,high
pubmed,38161933,attentional impulsivity functional connectivity,The Impact of Sleep Disorders on Cardiovascular Health: Mechanisms and Interventions.,2023,Cureus,unknown,unknown,attentional impulsivity,unknown,unknown,unclear,,unclear,,,38161933,vllm:qwen2.5-7b-instruct,low
pubmed,38359839,motor impulsivity resting-state fMRI,The resting-state brain activity signatures for addictive disorders.,2024,"Med (New York, N.Y.)",unknown,BOLD variability,nonplanning impulsivity,addictive disorders,associated_with,higher,,direct,0.7,"The overall comparison between addiction cohorts and healthy subjects indicated significantly increased ReHo and ALFF in the right striatum (putamen) and bilateral supplementary motor area, as well as decreased ReHo and ALFF in the bilateral anterior cingulate cortex and ventral medial prefrontal cortex, in the addiction group.",38359839,vllm:qwen2.5-7b-instruct,high
pubmed,39422700,motor impulsivity resting-state fMRI,Evolution of aberrant brain-wide spatiotemporal dynamics of resting-state networks in a Huntington's disease mouse model.,2024,Clinical and translational medicine,unknown,dynamic connectivity,nonplanning impulsivity,Huntington's disease mouse model,correlates_with,unclear,,indirect,0.6,Hyperactivity in the LCN-linked regions within short QPPs observed before motor impairment onset.,39422700,vllm:qwen2.5-7b-instruct,medium
pubmed,37558974,motor impulsivity resting-state fMRI,Static and dynamic changes of intrinsic brain local connectivity in internet gaming disorder.,2023,BMC psychiatry,unknown,BOLD variability,nonplanning impulsivity,internet gaming disorder,associated_with,higher,,direct,0.8,"Compared with HCs, IGDs showed both increased static and dynamic intrinsic local connectivity in bilateral medial superior frontal gyrus (mSFG), superior frontal gyrus (SFG), and supplementary motor area (SMA).",37558974,vllm:qwen2.5-7b-instruct,high
pubmed,27447451,motor impulsivity resting-state fMRI,Altered brain functional networks in people with Internet gaming disorder: Evidence from resting-state fMRI.,2016,Psychiatry research. Neuroimaging,unknown,functional connectivity,impulsivity (general),Internet gaming disorder,associated_with,unclear,,indirect,0.7,"the IGD subjects showed reduced regional centralities in the prefrontal cortex, left posterior cingulate cortex, right amygdala, and bilateral lingual gyrus, and increased functional connectivity in sensory-motor-related brain networks compared to the HC subjects.",27447451,vllm:qwen2.5-7b-instruct,medium
pubmed,28715675,motor impulsivity resting-state fMRI,Resting-state brain networks in patients with Parkinson's disease and impulse control disorders.,2017,Cortex; a journal devoted to the study of the nervous system and behavior,"salience/ventral attention network, default mode network, central executive network",functional connectivity,impulsivity (general),Parkinson's disease with and without impulse control disorders,associated_with,higher,disrupted connectivity within the three core neurocognitive networks,direct,0.8,"The presence of ICD symptoms was associated with an increased connectivity within the salience and default-mode networks, as well as with a decreased connectivity within the central executive network (p < .05 corrected).",28715675,vllm:qwen2.5-7b-instruct,high
pubmed,35567768,motor impulsivity resting-state fMRI,Extracting electrophysiological correlates of functional magnetic resonance imaging data using the canonical polyadic decomposition.,2022,Human brain mapping,unknown,unknown,unknown,unknown,unknown,unclear,,background,,,35567768,vllm:qwen2.5-7b-instruct,low
pubmed,27381822,motor impulsivity resting-state fMRI,Altered resting-state neural activity and changes following a craving behavioral intervention for Internet gaming disorder.,2016,Scientific reports,unknown,functional connectivity,unknown,Internet gaming disorder,associated_with,lower,,direct,0.85,"those receiving CBI demonstrated significantly reduced resting-state functional connectivity between the: (1) orbital frontal cortex with hippocampus/parahippocampal gyrus; and, (2) posterior cingulate cortex with supplementary motor area, precentral gyrus, and postcentral gyrus.",27381822,vllm:qwen2.5-7b-instruct,high
pubmed,27083527,motor impulsivity resting-state fMRI,Dissociated neural substrates underlying impulsive choice and impulsive action.,2016,NeuroImage,unknown,functional connectivity,impulsivity (general),unknown,predicts,unclear,,direct,0.8,"RSFC between the FP and VMPFC was predictive of k, whereas the RSFC between the IFG and pre-SMA was predictive of SSRT.",27083527,vllm:qwen2.5-7b-instruct,high
pubmed,38300175,motor impulsivity resting-state fMRI,Alterations in the brain functional network of abstinent male individuals with methamphetamine use disorder.,2024,"Cerebral cortex (New York, N.Y. : 1991)",unknown,functional connectivity,motor impulsivity,methamphetamine use disorder,associated_with,higher,,direct,0.8,we revealed that the small-word attribute significantly mediated the effect of methamphetamine use frequency on motor impulsivity in the methamphetamine use disorder group.,38300175,vllm:qwen2.5-7b-instruct,high
pubmed,37502837,motor impulsivity resting-state fMRI,Early Life Stress and Body-Mass Index Modulate Brain Connectivity in Alcohol Use Disorder.,2023,Research square,salience/ventral attention network,functional connectivity,impulsivity (general),Alcohol Use Disorder,correlates_with,lower,,indirect,0.7,"For example, the left supramarginal gyrus (SMG) seed exhibited decreased connectivity with emotion regulation and decision-making regions, including the right occipital cortex, posterior cingulate cortex, and precuneus clusters (all |β| < -0.03, |p| < 0.05).",37502837,vllm:qwen2.5-7b-instruct,medium
pubmed,32428984,motor impulsivity resting-state fMRI,Adolescent alcohol use disrupts functional neurodevelopment in sensation seeking girls.,2021,Addiction biology,unknown,functional connectivity,nonplanning impulsivity,unknown,associated_with,unclear,,indirect,0.7,"In particular, girls showed greater within-network connectivity in two motor networks with more alcohol consumption, and these effects were mediated by sensation-seeking only in girls.",32428984,vllm:qwen2.5-7b-instruct,medium
pubmed,22901705,motor impulsivity resting-state fMRI,Alterations in regional homogeneity of resting-state brain activity in internet gaming addicts.,2012,Behavioral and brain functions : BBF,unknown,BOLD variability,motor impulsivity,internet gaming addiction,correlates_with,higher,,direct,0.8,"Comparing to the healthy controls, IGA subjects show enhanced ReHo in brainstem, inferior parietal lobule, left posterior cerebellum, and left middle frontal gyrus. All of these regions are thought related with sensory-motor coordination.",22901705,vllm:qwen2.5-7b-instruct,high
pubmed,28168274,motor impulsivity resting-state fMRI,"Influences of Age, Sex, and Moderate Alcohol Drinking on the Intrinsic Functional Architecture of Adolescent Brains.",2018,"Cerebral cortex (New York, N.Y. : 1991)",unknown,functional connectivity,impulsivity (general),unknown,predicts,higher,,indirect,0.7,"executive-control frontolimbicstriatal connectivity was stronger in older than younger adolescents, particularly boys, and predicted better ability in balance, memory, and impulse control.",28168274,vllm:qwen2.5-7b-instruct,medium
pubmed,36807959,motor impulsivity resting-state fMRI,Internet gaming disorder and tobacco use disorder share neural connectivity patterns between the subcortical and the motor network.,2023,Human brain mapping,unknown,functional connectivity,impulsivity (general),Internet gaming disorder (IGD) and tobacco use disorder (TUD),associated_with,higher,"greater association between rewards and behaviors, inducing addiction behaviors without flexible and complex regulation",direct,0.8,"PIGD and PTUD exhibited common enhanced node strength between the subcortical and motor networks. Additionally, a common enhanced resting-state functional connectivity (RSFC) was found between the right thalamus and right postcentral gyrus in PIGD and PTUD.",36807959,vllm:qwen2.5-7b-instruct,high
pubmed,30914304,motor impulsivity resting-state fMRI,Cognitive variability in bipolar I disorder: A cluster-analytic approach informed by resting-state data.,2019,Neuropharmacology,unknown,unknown,motor impulsivity,bipolar I disorder,associated_with,unclear,,direct,0.7,"Cluster 1 (n = 22) was characterized by deficits in cognitive flexibility and motor inhibition, cluster 2 (n = 12) displayed impulsive decision-making, while cluster 3 (n = 20) showed good visuospatial planning.",30914304,vllm:qwen2.5-7b-instruct,high
pubmed,28462585,motor impulsivity resting-state fMRI,Pramipexole Modulates Interregional Connectivity Within the Sensorimotor Network.,2017,Brain connectivity,sensorimotor network,functional connectivity,motor impulsivity,unknown,modulates,lower,,direct,0.8,"Within the SMN, the connectivity between the right caudate nucleus and other cortical regions was weaker under pramipexole than under placebo.",28462585,vllm:qwen2.5-7b-instruct,high
pubmed,25925985,motor impulsivity resting-state fMRI,Impaired corticostriatal connectivity in impulse control disorders in Parkinson disease.,2015,Neurology,unknown,functional connectivity,nonplanning impulsivity,Parkinson disease with and without impulse control disorders,associated_with,lower,,direct,0.85,"The presence of an ICD in patients with PD was associated with functional disconnection between the left anterior putamen and both the left inferior temporal gyrus and the left anterior cingulate gyrus, as well as a trend toward a functional disconnection between several motor and associative striatal regions and limbic, associative, and motor cortical regions.",25925985,vllm:qwen2.5-7b-instruct,high
pubmed,28265121,motor impulsivity resting-state fMRI,Brain structural and functional signatures of impulsive-compulsive behaviours in Parkinson's disease.,2018,Molecular psychiatry,unknown,functional connectivity,nonplanning impulsivity,Parkinson's disease,associated_with,unclear,,indirect,0.7,"Additionally, PD no-ICB showed increased functional connectivity of bilateral precentral and postcentral gyri within the sensorimotor network compared with controls and PD-ICB.",28265121,vllm:qwen2.5-7b-instruct,medium
pubmed,41932579,motor impulsivity resting-state fMRI,Improvement in Tics and Motor Impulsivity Is Associated with Functional and Receptor-Enriched Connectivity changes in Adolescents with Tourette Disorder.,2026,Biological psychiatry. Cognitive neuroscience and neuroimaging,unknown,functional connectivity,motor impulsivity,Tourette Disorder,associated_with,unclear,,direct,0.8,"Longitudinally, tic reduction (YGTSS/50) was linked to increased connectivity between nucleus accumbens (NAcc) - ventral tegmental area on the left; reduced WI correlated with a higher left caudate - subgenual ACC and bilateral putamen-supplementary motor area (SMA) connectivity.",41932579,vllm:qwen2.5-7b-instruct,high
pubmed,39003410,motor impulsivity resting-state fMRI,Data-driven exploratory method investigation on the effect of dyslexia education at brain connectivity in Turkish children: a preliminary study.,2024,Brain structure & function,unknown,functional connectivity,impulsivity (general),dyslexia,associated_with,unclear,,indirect,0.6,"Our findings confirmed that impulsivity is associated with motor coordination and visuality, and that the dyslexic group has weaknesses in brain connectivity related to these conditions.",39003410,vllm:qwen2.5-7b-instruct,medium
pubmed,28490656,motor impulsivity resting-state fMRI,Role of habenula and amygdala dysfunction in Parkinson disease patients with punding.,2017,Neurology,unknown,functional connectivity,nonplanning impulsivity,Parkinson disease patients with punding,associated_with,higher,,direct,0.8,"PD-punding patients showed higher functional connectivity of habenula and amygdala with thalamus and striatum bilaterally, and lower connectivity between bilateral habenula and left frontal and precentral cortices.",28490656,vllm:qwen2.5-7b-instruct,high
pubmed,28040671,motor impulsivity resting-state fMRI,Decisional impulsivity and the associative-limbic subthalamic nucleus in obsessive-compulsive disorder: stimulation and connectivity.,2017,Brain : a journal of neurology,unknown,functional connectivity,nonplanning impulsivity,obsessive-compulsive disorder,associated_with,higher,,direct,0.9,We show that stimulation of the subthalamic nucleus is causally implicated in increasing decisional impulsivity with less accumulation of evidence during probabilistic uncertainty and in enhancing delay discounting.,28040671,vllm:qwen2.5-7b-instruct,high
pubmed,25864599,motor impulsivity resting-state fMRI,New developments on the neurobiological and pharmaco-genetic mechanisms underlying internet and videogame addiction.,2015,The American journal on addictions,unknown,unknown,motor impulsivity,internet and videogame addiction,associated_with,unclear,faulty inhibitory control and reward mechanisms,indirect,0.7,"Brain imaging studies of the resting state have shown that long-term internet game playing affected brain regions responsible for reward, impulse control and sensory-motor coordination.",25864599,vllm:qwen2.5-7b-instruct,medium
pubmed,26185010,motor impulsivity resting-state fMRI,Jumping the Gun: Mapping Neural Correlates of Waiting Impulsivity and Relevance Across Alcohol Misuse.,2016,Biological psychiatry,subthalamic nucleus,functional connectivity,impulsivity (general),"binge drinkers, individuals with alcohol use disorders",associated_with,lower,,direct,0.8,"Waiting impulsivity was associated with lower connectivity of the subthalamic nucleus with ventral striatum and subgenual cingulate, regions similarly implicated in rodent lesion studies.",26185010,vllm:qwen2.5-7b-instruct,high
pubmed,24223843,motor impulsivity resting-state fMRI,Amplitude of low frequency fluctuation abnormalities in adolescents with online gaming addiction.,2013,PloS one,unknown,BOLD variability,impulsivity (general),online gaming addiction,correlates_with,higher,,direct,0.75,The ALFF values of the left medial OFC were also correlated with the color-word Stroop test performance.,24223843,vllm:qwen2.5-7b-instruct,high
pubmed,41148227,motor impulsivity resting-state fMRI,The alteration of dorsal attention network in internet gaming disorder and tobacco use disorder: an independent component analysis.,2025,"Cerebral cortex (New York, N.Y. : 1991)",dorsal attention network,functional connectivity,nonplanning impulsivity,internet gaming disorder and tobacco use disorder,associated_with,higher,,direct,0.8,"Rs-fMRI revealed increased functional connectivity in the precuneus cortex, left postcentral gyrus, and right superior frontal gyrus in the dorsal attention network (DAN) in the IGD group in contrast to HC group.",41148227,vllm:qwen2.5-7b-instruct,high
pubmed,32169732,motor impulsivity resting-state fMRI,Structural and functional abnormalities within sensori-motor and limbic networks underpin intermittent explosive symptoms in Tourette disorder.,2020,Journal of psychiatric research,unknown,functional connectivity,nonplanning impulsivity,Tourette disorder,correlates_with,lower,"less efficient top-down control on action selection, impairments related to emotional regulation, impulse control and aggressive behaviours",direct,0.85,"using these three nodes as seeds for resting state functional connectivity, we showed a lower connectivity within the sensori-motor cortico-basal ganglia network, and an altered connectivity pattern among the orbito-frontal cortex, amygdala and hippocampus.",32169732,vllm:qwen2.5-7b-instruct,high
pubmed,26689148,motor impulsivity resting-state fMRI,Brain connectivity and psychiatric comorbidity in adolescents with Internet gaming disorder.,2017,Addiction biology,unknown,functional connectivity,nonplanning impulsivity,Internet gaming disorder,associated_with,unclear,,indirect,0.5,"patients with IGD showed an increased functional correlation between seven pairs of regions, all satisfying q < 0.05 False discovery rates in light of multiple statistical tests: left frontal eye field to dorsal anterior cingulate, left frontal eye field to right anterior insula, left dorsolateral prefrontal cortex (DLPFC) to left temporoparietal junction (TPJ), right DLPFC to right TPJ, right auditory cortex to right motor cortex, right auditory cortex to supplementary motor area and right auditory cortex to dorsal anterior cingulate.",26689148,vllm:qwen2.5-7b-instruct,medium
pubmed,31801105,motor impulsivity resting-state fMRI,A preliminary study of disrupted functional network in individuals with Internet gaming disorder: Evidence from the comparison with recreational game users.,2020,Addictive behaviors,unknown,functional connectivity,nonplanning impulsivity,Internet gaming disorder,associated_with,higher,,direct,0.7,"subjects with IGD as compared to those with RGU showed increased nodal centralities in the reward, craving, emotional memory and sensory-motor processing regions.",31801105,vllm:qwen2.5-7b-instruct,high
pubmed,22331588,motor impulsivity resting-state fMRI,Periods of rest in fMRI contain individual spontaneous events which are related to slowly fluctuating spontaneous activity.,2013,Human brain mapping,unknown,unknown,unknown,unknown,unknown,unclear,,background,,,22331588,vllm:qwen2.5-7b-instruct,low
pubmed,41556979,motor impulsivity resting-state fMRI,Connectome-based predictive modelling of problematic gaming in youth from the ABCD study.,2026,Journal of behavioral addictions,unknown,functional connectivity,nonplanning impulsivity,unknown,predicts,unclear,,indirect,0.6,"Predictive networks involved several connections within and between canonical networks implicated in visual processing (visual area 2 and visual association networks), cognitive control and executive functioning (frontoparietal and medial frontal networks), and relevance and motor response (salience and sensorimotor networks).",41556979,vllm:qwen2.5-7b-instruct,medium
pubmed,41612124,motor impulsivity resting-state fMRI,Next Generation 7 Tesla Arterial Spin Labeling With Rotated Spiral Acquisition Enables Mesoscale Resolution in 3D Brain Perfusion and Functional MRI.,2026,Magnetic resonance in medicine,unknown,unknown,unknown,unknown,unknown,unclear,,unclear,,,41612124,vllm:qwen2.5-7b-instruct,low
pubmed,41740634,motor impulsivity resting-state fMRI,Connectome-based prediction of problematic use of social media in adolescents: Findings from the ABCD study.,2026,NeuroImage,unknown,functional connectivity,nonplanning impulsivity,unknown,predicts,unclear,,direct,0.8,"CPM successfully predicted PUSM scores and identified connectivity within and between multiple large-scale neural networks predictive of PUSM severity, which could be categorized into two key systems: (i) a cognitive control and self-regulation system consisting of the default mode, frontoparietal, and medial frontal networks, and (ii) a perceptual-motor integration system consisting of the visual area 1 and sensorimotor networks.",41740634,vllm:qwen2.5-7b-instruct,high
pubmed,41748653,motor impulsivity resting-state fMRI,Serotonergic cortico-limbic and executive network dysfunction in Parkinson's disease impulse control disorders: a PET-fMRI study.,2026,NPJ Parkinson's disease,salience/ventral attention network,functional connectivity,nonplanning impulsivity,Parkinson's disease,associated_with,higher,"increased SMA 5-HT₂ₐ receptor availability was associated with enhanced SMA-amygdala coupling, which in turn was positively associated with ICD symptoms.",direct,0.8,"Critically, aberrant right supplementary motor area-amygdala connectivity was linked to ICD severity and decisional impulsivity.",41748653,vllm:qwen2.5-7b-instruct,high
pubmed,41932505,motor impulsivity resting-state fMRI,Intrinsic functional connectivity alterations in medication-naïve children with combined and inattentive ADHD types: Evidence from cortical surface-based analysis.,2026,Journal of affective disorders,default mode network,functional connectivity,nonplanning impulsivity,"ADHD-C, ADHD-I, HCs",correlates_with,higher,,direct,0.8,The hypo-connectivity linking the DMN (Default-PFC7_L) and SMN (SomMot27_L) was correlated with both higher SNAP-IV Hyperactivity/Impulsivity and Total scores.,41932505,vllm:qwen2.5-7b-instruct,high
pubmed,35302338,motor impulsivity functional connectivity,Involvement of muscle satellite cell dysfunction in neuromuscular disorders: Expanding the portfolio of satellite cell-opathies.,2022,European journal of translational myology,unknown,unknown,unknown,unknown,unknown,unclear,,background,,,35302338,vllm:qwen2.5-7b-instruct,low
pubmed,31003231,motor impulsivity functional connectivity,Convergent neural connectivity in motor impulsivity and high-fat food binge-like eating in male Sprague-Dawley rats.,2019,Neuropsychopharmacology : official publication of the American College of Neuropsychopharmacology,unknown,functional connectivity,motor impulsivity,unknown,associated_with,higher,,direct,0.85,HI rats repeatedly exhibited significantly higher bingeing on HFF vs. LI rats.,31003231,vllm:qwen2.5-7b-instruct,high
pubmed,38842027,motor impulsivity functional connectivity,Cross-Frequency Coupling as a Biomarker for Early Stroke Recovery.,2024,Neurorehabilitation and neural repair,unknown,functional connectivity,motor impulsivity,stroke,associated_with,unclear,,indirect,0.5,Greater baseline coupling was associated with better motor status at admission and discharge and positively related to motor recovery.,38842027,vllm:qwen2.5-7b-instruct,medium
pubmed,21259388,motor impulsivity functional connectivity,Altered motor network activation and functional connectivity in adult Tourette's syndrome.,2011,Human brain mapping,unknown,functional connectivity,motor impulsivity,Tourette's syndrome,correlates_with,unclear,,direct,0.7,"In addition, performance-related functional connectivity of lower- and higher-order motor networks differed between patients and controls.",21259388,vllm:qwen2.5-7b-instruct,high
pubmed,40260305,motor impulsivity functional connectivity,Effective connectivity analysis of response inhibition functional network.,2025,Frontiers in neuroscience,"salience/ventral attention network, frontoparietal/control network, ventral default mode network, somatomotor network",dynamic connectivity,nonplanning impulsivity,unknown,correlates_with,unclear,,direct,0.8,"Finally, correlation analyses between self-reported impulsivity levels and causal network interactions revealed that highly impulsive individuals require greater interhemispheric integration between the right and left ECNs for effective inhibition, as well as a causal excitatory modulation from the right executive control network (rECN) to the vDMN.",40260305,vllm:qwen2.5-7b-instruct,high
pubmed,39341756,motor impulsivity functional connectivity,Imaging of impulse control disorders in Parkinson's disease.,2024,Revue neurologique,limbic and the associative and motor networks,functional connectivity,motor impulsivity,Parkinson's disease,correlates_with,unclear,alterations in reinforcement learning and inhibitory control mechanisms,direct,0.8,"These alterations pinpoint the dysfunction of reinforcement learning in ICD, which is biased toward the overvaluation of reward and underestimation of risk, and the deficit in inhibitory control mechanisms related to abnormal connectivity within and between the limbic and the associative and motor networks.",39341756,vllm:qwen2.5-7b-instruct,high
pubmed,8595027,motor impulsivity functional connectivity,Social and emotional self-regulation.,1995,Annals of the New York Academy of Sciences,unknown,functional connectivity,motor impulsivity,unknown,associated_with,unclear,,indirect,0.2,"The dorsal limbic mechanisms projecting through the cingulate gyrus may be influenced by hedonic evaluations, social attachments, and they may initiate a mode of motor control that is holistic and impulsive.",8595027,vllm:qwen2.5-7b-instruct,medium
pubmed,38772504,motor impulsivity functional connectivity,The association of impulsivity with depression and anxiety symptoms: A transdiagnostic network analysis and replication.,2024,Journal of affective disorders,unknown,functional connectivity,nonplanning impulsivity,unknown,associated_with,unclear,,direct,0.8,The motor impulsivity dimension was revealed to be closely connected with individual symptoms of depression and anxiety regardless of whether they were in separate disorder forms or comorbid forms.,38772504,vllm:qwen2.5-7b-instruct,high
pubmed,20174620,motor impulsivity functional connectivity,On the similarity of functional connectivity between neurons estimated across timescales.,2010,PloS one,unknown,functional connectivity,motor impulsivity,unknown,correlates_with,unclear,common-input related to stimuli or movement,indirect,0.3,"Moreover, there is a weak correlation for physiological filters such as hemodynamic or Ca2+ impulse responses and filters based on local field potentials.",20174620,vllm:qwen2.5-7b-instruct,medium
pubmed,20728878,motor impulsivity functional connectivity,Prefrontal cortex and impulsive decision making.,2011,Biological psychiatry,unknown,functional connectivity,motor impulsivity,unknown,associated_with,unclear,,indirect,0.5,"Despite this heterogeneous nature, the prefrontal cortex and its connected areas, such as the basal ganglia, play an important role in gating impulsive actions in a variety of behavioral tasks.",20728878,vllm:qwen2.5-7b-instruct,medium
pubmed,34274404,motor impulsivity functional connectivity,Exploring cortico-cortical interactions during action preparation by means of dual-coil transcranial magnetic stimulation: A systematic review.,2021,Neuroscience and biobehavioral reviews,unknown,functional connectivity,motor impulsivity,unknown,associated_with,unclear,,indirect,0.5,,34274404,vllm:qwen2.5-7b-instruct,medium
pubmed,39218589,motor impulsivity functional connectivity,[A review of functional electrical stimulation based on brain-computer interface].,2024,Sheng wu yi xue gong cheng xue za zhi = Journal of biomedical engineering = Shengwu yixue gongchengxue zazhi,unknown,unknown,unknown,unknown,unknown,unclear,,unclear,,,39218589,vllm:qwen2.5-7b-instruct,low
pubmed,36579893,motor impulsivity functional connectivity,A circuit-based approach to modulate hypersexuality in Parkinson's disease.,2023,Psychiatry and clinical neurosciences,unknown,functional connectivity,nonplanning impulsivity,Parkinson's disease,associated_with,higher,,direct,0.8,"Compared with their nonhypersexual peers, patients with hypersexuality recruited caudate, pre-supplementary motor area, ventral tegmental area, and anterior cingulate cortex while on medication.",36579893,vllm:qwen2.5-7b-instruct,high
pubmed,36836613,motor impulsivity functional connectivity,Application of Repetitive Transcranial Magnetic Stimulation in Neuropathic Pain: A Narrative Review.,2023,"Life (Basel, Switzerland)",unknown,unknown,unknown,unknown,unknown,unclear,,unclear,,,36836613,vllm:qwen2.5-7b-instruct,low
pubmed,35277392,motor impulsivity functional connectivity,Prefrontal Cortical Connectivity Mediates Locus Coeruleus Noradrenergic Regulation of Inhibitory Control in Older Adults.,2022,The Journal of neuroscience : the official journal of the Society for Neuroscience,unknown,functional connectivity,nonplanning impulsivity,unknown,mediates,unclear,,direct,0.8,"We confirm that better response inhibition is correlated with locus coeruleus integrity and stronger connectivity between presupplementary motor area (preSMA) and right inferior frontal gyrus (rIFG), but not volumes of the prefrontal cortical regions.",35277392,vllm:qwen2.5-7b-instruct,high
pubmed,36754503,motor impulsivity functional connectivity,V to VII Nerve Transfer for Smile Reanimation.,2023,Atlas of the oral and maxillofacial surgery clinics of North America,unknown,unknown,unknown,unknown,unknown,unclear,,background,0.0,,36754503,vllm:qwen2.5-7b-instruct,low
pubmed,41281564,motor impulsivity functional connectivity,Associations between structural injury and task-based corticomuscular connectivity after stroke.,2025,Frontiers in neurology,unknown,structural connectivity,motor impulsivity,stroke,correlates_with,unclear,,indirect,0.5,"greater injury correlated with higher coherence between electrodes overlying the supplementary motor area and affected extensor digitorum (high beta: ρ = 0.83, p = 0.001).",41281564,vllm:qwen2.5-7b-instruct,medium
pubmed,33441433,motor impulsivity functional connectivity,"Motor Interference, But Not Sensory Interference, Increases Midfrontal Theta Activity and Brain Synchronization during Reactive Control.",2021,The Journal of neuroscience : the official journal of the Society for Neuroscience,unknown,functional connectivity,motor impulsivity,unknown,predicts,higher,,direct,0.85,"Independent of the type of conflict, theta power was predictive of motor slowing.",33441433,vllm:qwen2.5-7b-instruct,high
pubmed,31421156,motor impulsivity functional connectivity,"Nicotinic acetylcholine receptor at vertebrate motor endplates: Endocytosis, recycling, and degradation.",2019,Neuroscience letters,unknown,unknown,unknown,unknown,unknown,unclear,,unclear,,,31421156,vllm:qwen2.5-7b-instruct,low
pubmed,23074304,motor impulsivity functional connectivity,Are ASD and ADHD a Continuum? A Comparison of Pathophysiological Similarities Between the Disorders.,2015,Journal of attention disorders,unknown,functional connectivity,motor impulsivity,ASD and ADHD,correlates_with,unclear,,background,,,23074304,vllm:qwen2.5-7b-instruct,low
pubmed,10349031,motor impulsivity functional connectivity,An fMRI study of Stroop word-color interference: evidence for cingulate subregions subserving multiple distributed attentional systems.,1999,Biological psychiatry,anterior cingulate,functional connectivity,motor impulsivity,unknown,associated_with,unclear,,direct,0.7,Interregional correlation analyses suggested that the anterior cingulate is coupled functionally with multiple regions throughout the cerebrum.,10349031,vllm:qwen2.5-7b-instruct,high
pubmed,40088861,motor impulsivity functional connectivity,"Phenotypic clusters of narcolepsy type 1: Insights from age of onset, weight gain, sleep patterns, and impulsivity.",2025,Sleep medicine,unknown,functional connectivity,motor impulsivity,unknown,associated_with,higher,,direct,0.7,"Patients with teenage onset and greater weight gain showed shorter sleep latency, more obvious disturbed nocturnal sleep (DNS), the highest proportion of hallucination and sleep paralysis, as well as the highest motor impulsivity score, but minimum volumes in the left para-hippocampal gyrus (PHG) and right precuneus.",40088861,vllm:qwen2.5-7b-instruct,high
pubmed,39453553,motor impulsivity functional connectivity,Behavioral disorders in Parkinson disease: current view.,2025,"Journal of neural transmission (Vienna, Austria : 1996)",unknown,functional connectivity,motor impulsivity,unknown,associated_with,unclear,,indirect,0.5,,39453553,vllm:qwen2.5-7b-instruct,medium
pubmed,25307575,motor impulsivity functional connectivity,Methods of association and dissociation for establishing selective brain-behavior relations.,2014,Handbook of clinical neurology,unknown,unknown,motor impulsivity,unknown,unknown,unclear,,background,,,25307575,vllm:qwen2.5-7b-instruct,low
pubmed,38504872,motor impulsivity functional connectivity,Neurocomputational mechanisms underlying perception and sentience in the neocortex.,2024,Frontiers in computational neuroscience,unknown,unknown,unknown,unknown,unknown,unclear,,background,,,38504872,vllm:qwen2.5-7b-instruct,low
pubmed,19344685,motor impulsivity functional connectivity,How not to study spontaneous activity.,2009,NeuroImage,unknown,unknown,unknown,unknown,unknown,unclear,,unclear,,,19344685,vllm:qwen2.5-7b-instruct,low
pubmed,38246283,motor impulsivity functional connectivity,Impulsivity and neural correlates of response inhibition in bipolar disorder and their unaffected relatives: A MEG study.,2024,Journal of affective disorders,unknown,functional connectivity,motor impulsivity,bipolar disorder,related_to,higher,hypoactivity in rIFG and impaired dominant role of rIFG in the prefrontal control network,direct,0.85,"Furthermore, increased motor impulsiveness in BD was related to abnormal alterations in beta oscillatory activity of rIFG and functional connectivity between rIFG and pre-SMA.",38246283,vllm:qwen2.5-7b-instruct,high
pubmed,28193688,motor impulsivity functional connectivity,Compulsive Social Behavior Emerges after Selective Ablation of Striatal Cholinergic Interneurons.,2017,The Journal of neuroscience : the official journal of the Society for Neuroscience,unknown,functional connectivity,nonplanning impulsivity,unknown,associated_with,higher,,direct,0.85,"SCIN ablation also leads to an increase in other spontaneously emitted repetitive behaviors without alteration of motor coordination, balance, or locomotion.",28193688,vllm:qwen2.5-7b-instruct,high
pubmed,37113158,motor impulsivity functional connectivity,Brain motion networks predict head motion during rest- and task-fMRI.,2023,Frontiers in neuroscience,unknown,functional connectivity,unknown,unknown,unknown,unclear,,background,0.2,The cerebellum and default-mode network (DMN) regions that forecasted individual differences in d and Δd during six different tasks- and two rest-fMRI sessions were consistently prone to the deleterious effect of head motion.,37113158,vllm:qwen2.5-7b-instruct,medium
pubmed,29992242,motor impulsivity functional connectivity,Reorganization of cortical oscillatory dynamics underlying disinhibition in frontotemporal dementia.,2018,Brain : a journal of neurology,unknown,functional connectivity,motor impulsivity,behavioural variant frontotemporal dementia,associated_with,higher,"disruption of frequency-specific connectivity of the prefrontal cortex, hyper-synchronous reorganization of connectivity among preSMA and motor regions",direct,0.85,"beta power was associated with increased impulsivity, as measured by the Cambridge Behavioural Inventory, a carer-based questionnaire of changes in everyday behaviour.",29992242,vllm:qwen2.5-7b-instruct,high
pubmed,28826495,motor impulsivity functional connectivity,Anatomical and functional organization of the human substantia nigra and its connections.,2017,eLife,unknown,functional connectivity,motor impulsivity,unknown,associated_with,unclear,,direct,0.8,the salience-coding ventral SN network was associated with motor impulsivity,28826495,vllm:qwen2.5-7b-instruct,high
pubmed,36185399,motor impulsivity functional connectivity,Geometric basis of action potential of skeletal muscle cells and neurons.,2022,Open life sciences,unknown,unknown,unknown,unknown,unknown,unclear,,background,,,36185399,vllm:qwen2.5-7b-instruct,low
pubmed,38676689,motor impulsivity functional connectivity,[Associations of serum neuromarkers with clinical features of Parkinson's disease].,2024,Zhurnal nevrologii i psikhiatrii imeni S.S. Korsakova,unknown,unknown,nonplanning impulsivity,Parkinson's disease,correlates_with,unclear,,indirect,,"There were correlations between BDNF concentration and the severity of impulsive behavioral disorders (r=0.500, p<0.001).",38676689,vllm:qwen2.5-7b-instruct,medium
pubmed,19048104,motor impulsivity functional connectivity,Functional connectivity in tactile object discrimination: a principal component analysis of an event related fMRI-Study.,2008,PloS one,unknown,functional connectivity,motor impulsivity,unknown,associated_with,unclear,,indirect,0.2,"Tactile object discrimination is an essential human skill that relies on functional connectivity between the neural substrates of motor, somatosensory and supramodal areas.",19048104,vllm:qwen2.5-7b-instruct,medium
pubmed,33022684,motor impulsivity functional connectivity,Anatomy of Trigeminal Neuromodulation Targets: From Periphery to the Brain.,2020,Progress in neurological surgery,unknown,unknown,unknown,unknown,unknown,unclear,,background,,,33022684,vllm:qwen2.5-7b-instruct,low
pubmed,40767014,motor impulsivity functional connectivity,Functional and Diffusion-Based Microstructural Correlates in Cortical and Subcortical Substrates of Motor Performance of a Complex Visuomotor Task in Middle-Aged Adults.,2025,Journal of integrative neuroscience,unknown,unknown,motor impulsivity,unknown,unknown,unclear,,background,,,40767014,vllm:qwen2.5-7b-instruct,low
pubmed,29773045,motor impulsivity functional connectivity,A Review on Functional Electrical Stimulation in Tetraplegic Patients to Restore Hand Function.,2017,Journal of long-term effects of medical implants,unknown,unknown,unknown,unknown,unknown,unclear,,background,,,29773045,vllm:qwen2.5-7b-instruct,low
pubmed,26190986,motor impulsivity functional connectivity,Mindful movement and skilled attention.,2015,Frontiers in human neuroscience,unknown,functional connectivity,motor impulsivity,unknown,associated_with,unclear,,indirect,0.3,"Bodily movement has long been employed as a foundation for cultivating mental skills such as attention, self-control or mindfulness, with recent studies documenting the positive impacts of mindful movement training, such as yoga and tai chi.",26190986,vllm:qwen2.5-7b-instruct,medium
pubmed,27343257,motor impulsivity functional connectivity,Atomoxetine restores the response inhibition network in Parkinson's disease.,2016,Brain : a journal of neurology,unknown,functional connectivity,nonplanning impulsivity,Parkinson's disease,restores,unclear,increases sensitivity of the inferior frontal gyrus to afferent inputs from the pre-supplementary motor cortex; enhances downstream modulation of frontal-subcortical connections for response inhibition,direct,0.8,"We found that the normal interaction between pre-supplementary motor cortex and the inferior frontal gyrus was absent in Parkinson's disease patients on placebo (despite dopaminergic therapy), but this connection was restored by atomoxetine.",27343257,vllm:qwen2.5-7b-instruct,high
pubmed,19940844,motor impulsivity functional connectivity,"Probing compulsive and impulsive behaviors, from animal models to endophenotypes: a narrative review.",2010,Neuropsychopharmacology : official publication of the American College of Neuropsychopharmacology,unknown,functional connectivity,motor impulsivity,unknown,associated_with,unclear,,indirect,0.7,Failures in cortical control of fronto-striatal neural circuits may underpin impulsive and compulsive acts.,19940844,vllm:qwen2.5-7b-instruct,medium
pubmed,37190759,motor impulsivity functional connectivity,Connectome-based prediction of craving in gambling disorder and cocaine use disorder.,2023,Dialogues in clinical neuroscience,unknown,functional connectivity,impulsivity (general),gambling disorder and cocaine use disorder,predicts,unclear,,indirect,0.6,Craving was predicted by neural connectivity across disorders.,37190759,vllm:qwen2.5-7b-instruct,medium
pubmed,31907881,motor impulsivity functional connectivity,Human Brain Imaging Links Dopaminergic Systems to Impulsivity.,2020,Current topics in behavioral neurosciences,unknown,functional connectivity,motor impulsivity,unknown,correlates_with,lower,,direct,0.85,striatal D2-type receptor availability shows positive correlation with motor response inhibition and cognitive flexibility.,31907881,vllm:qwen2.5-7b-instruct,high
pubmed,18803315,motor impulsivity functional connectivity,Biology and pathology of nonmyelinating Schwann cells.,2008,Glia,unknown,unknown,unknown,unknown,unknown,unclear,,background,0.0,,18803315,vllm:qwen2.5-7b-instruct,low
pubmed,23206930,ADHD impulsivity resting-state fMRI connectivity,Reward circuit connectivity relates to delay discounting in children with attention-deficit/hyperactivity disorder.,2013,European neuropsychopharmacology : the journal of the European College of Neuropsychopharmacology,unknown,functional connectivity,impulsivity (general),ADHD,associated_with,higher,"atypical signaling of the NAcc to the prefrontal cortex in ADHD may lead to excessive approach and failure in estimating future consequences; thus, leading to impulsive behavior",direct,0.85,the ADHD-related increased connectivity between NAcc and the prefrontal cortex was associated with greater impulsivity (steeper delayed-reward discounting),23206930,vllm:qwen2.5-7b-instruct,high
pubmed,28938222,ADHD impulsivity resting-state fMRI connectivity,Inter-hemispherical asymmetry in default-mode functional connectivity and BAIAP2 gene are associated with anger expression in ADHD adults.,2017,Psychiatry research. Neuroimaging,default mode network,functional connectivity,unknown,ADHD,associated_with,higher,,direct,0.85,"Further, when combining FC asymmetry and the presence of the rs8079626 variant, we successfully predicted increased externalization of anger in ADHD.",28938222,vllm:qwen2.5-7b-instruct,high
pubmed,30374665,ADHD impulsivity resting-state fMRI connectivity,"Peer influence, Frontostriatal connectivity, and delay discounting in African American emerging adults.",2020,Brain imaging and behavior,frontostriatal,functional connectivity,impulsivity (general),ADHD,associated_with,lower,,direct,0.85,"Greater (i.e., more positive) frontostriatal rsFC was associated with decreased delay discounting (i.e., less impulsive decision making).",30374665,vllm:qwen2.5-7b-instruct,high
pubmed,33304251,ADHD impulsivity resting-state fMRI connectivity,Neural Basis of Increased Cognitive Control of Impulsivity During the Mid-Luteal Phase Relative to the Late Follicular Phase of the Menstrual Cycle.,2020,Frontiers in human neuroscience,unknown,functional connectivity,nonplanning impulsivity,attention deficit hyperactivity disorder,correlates_with,lower,cyclical gonadal hormones affect cognitive control of impulsive behavior via DS-dlPFC circuitry,direct,0.8,"DS-dlPFC functional connectivity magnitude correlated negatively with psychometric impulsivity scores during the late FP, consistent with our behavioral data and further indicating that relative estradiol levels may play an important role in augmenting cognitive control.",33304251,vllm:qwen2.5-7b-instruct,high
