record_id,pmid,title,year,journal,query,extracted_brain_system,extracted_feature_type,extracted_phenotype,extracted_diagnostic_context,extracted_relationship,extracted_direction,extracted_mechanism,extracted_directness,evidence_strength,supporting_sentence,schema_valid,schema_issues,citation_valid,sentence_present,sentence_anchored,semantic_support_score,phenotype_correct,feature_type_correct,relationship_correct,direction_correct,overclaiming_flag,hallucination_flag,review_decision,review_notes,verifier_model,verifier_support_score,verifier_decision,verifier_phenotype_supported,verifier_feature_supported,verifier_relationship_supported,verifier_direction_supported,verifier_directness_supported,verifier_overclaiming,verifier_corrected_phenotype,verifier_corrected_feature_type,verifier_corrected_direction,verifier_rationale,verifier_error
1,35619620,How Impulsiveness Influences Obesity: The Mediating Effect of Resting-State Brain Activity in the dlPFC.,2022,Frontiers in psychiatry,Barratt Impulsiveness Scale resting-state fMRI,dlPFC,BOLD variability,nonplanning impulsivity,obesity,correlates_with,higher,downregulates spontaneous activity,direct,0.8,"In addition, non-planning impulsiveness was positively correlated with BMI.",yes,,yes,yes,yes,,,,,,,,,,llama-3.1-8b-instruct,1,revise,yes,no,yes,yes,no,no,nonplanning impulsivity,BMI,higher,"The sentence does not mention BOLD variability, so feature_supported is false. directness_supported is false because the sentence does not name both phenotype and feature. The corrected fields are based on the extracted claim.",
2,34427375,Changes in ALFF and ReHo values in methamphetamine abstinent individuals based on the Harvard-Oxford atlas: A longitudinal resting-state fMRI study.,2022,Addiction biology,Barratt Impulsiveness Scale resting-state fMRI,unknown,BOLD variability,impulsivity (general),methamphetamine abstinent individuals,associated_with,higher,,direct,0.85,"The changes in ALFF and ReHo in the right middle frontal gyrus were significantly associated with BIS total scores, BIS attention scores, and BIS nonplanning scores.",yes,,yes,yes,yes,,,,,,,,,,llama-3.1-8b-instruct,2,keep,yes,yes,yes,yes,yes,no,impulsivity (general),BOLD variability,higher,"The sentence directly supports the association between impulsivity (general) and BOLD variability, with a higher direction, in methamphetamine abstinent individuals.",
3,39315326,Resting-state brain networks alterations in adolescents with Internet Gaming Disorder associate with cognitive control impairments.,2024,Frontiers in psychiatry,Barratt Impulsiveness Scale resting-state fMRI,"Salience Network, Executive Control Network, Dorsal Attention Network",functional connectivity,impulsivity (general),Internet Gaming Disorder,correlates_with,higher,alterations in resting-state brain networks,direct,0.8,"impulsivity in adolescent IGD subjects showed a positive correlation with the severity of IGD (r=0.6350, p < 0.001), linked to impairments in the Executive Control Network (ECN) and a decrease in functional connectivity between the Salience Network (SN) and ECN (r=0.4307, p=0.0021; r=-0.5147, p=0.0034).",yes,,yes,yes,yes,,,,,,,,,,llama-3.1-8b-instruct,2,keep,yes,yes,yes,yes,yes,no,impulsivity (general),functional connectivity,higher,"The sentence clearly supports the extracted claim, mentioning impulsivity as the phenotype, functional connectivity as the feature type, a correlation as the relationship, higher as the direction, and direct as the directness. The brain systems mentioned (Salience Network, Executive Control Network, Dorsal Attention Network) match the extracted brain system, and the diagnostic context (Internet Gaming Disorder) matches the extracted diagnostic context.",
4,38991286,Neural correlates of impulsivity in amphetamine use disorder.,2024,Psychiatry research. Neuroimaging,Barratt Impulsiveness Scale resting-state fMRI,unknown,functional connectivity,impulsivity (general),amphetamine use disorder,correlates_with,higher,,direct,0.85,These findings highlight the importance of aberrant prefrontal function in severe addiction.,yes,,yes,yes,yes,,,,,,,,,,llama-3.1-8b-instruct,0,drop,no,no,no,unclear,unclear,unclear,,,,"The sentence does not mention impulsivity, functional connectivity, or any relationship between them.",
5,29454934,Time scale properties of task and resting-state functional connectivity: Detrended partial cross-correlation analysis.,2018,NeuroImage,Barratt Impulsiveness Scale resting-state fMRI,default mode network,functional connectivity,impulsivity (general),unknown,correlates_with,higher,,direct,0.8,the within-network connectivity time scale of the pre-supplementary motor area - a medial prefrontal cortical structure of the task network and critical to proactive inhibitory control - correlated inversely with Barratt impulsivity and stop signal reaction time.,yes,,yes,yes,yes,,,,,,,,,,llama-3.1-8b-instruct,2,keep,yes,yes,yes,yes,yes,no,impulsivity (general),functional connectivity,lower,"The sentence directly supports the claim by stating a correlation between the within-network connectivity time scale and Barratt impulsivity, which is a measure of impulsivity. The direction of the correlation is inverse, which means that higher within-network connectivity time scale is associated with lower impulsivity, supporting the direction of the claim. The feature type is also supported as it is mentioned as functional connectivity. The directness of the claim is supported as both phenotype and feature are named in the sentence.",
6,38002468,Insula Connectivity Abnormalities Predict Impulsivity in Chronic Heroin Use Disorder: A Cross-Sectional Resting-State fMRI Study.,2023,Brain sciences,Barratt Impulsiveness Scale resting-state fMRI,unknown,functional connectivity,impulsivity (general),heroin use disorder,predicts,higher,,direct,0.9,"Changes in FC between the right insula and the lateral occipital cortex and the right angular gyrus were significantly positively correlated with total trait impulsivity scores, motor impulsivity, and nonplanning impulsivity.",yes,,yes,yes,no,,,,,,,,,,llama-3.1-8b-instruct,2,keep,yes,yes,yes,yes,yes,no,impulsivity (general),functional connectivity,higher,"The sentence clearly supports the extracted claim, mentioning a direct relationship between the phenotype (impulsivity) and the feature (functional connectivity), with a specific direction (higher) and a clear association with a brain region (right insula).",
7,39469891,Functional Brain Network of Trait Impulsivity: Whole-Brain Functional Connectivity Predicts Self-Reported Impulsivity.,2024,Human brain mapping,Barratt Impulsiveness Scale resting-state fMRI,unknown,functional connectivity,impulsivity (general),unknown,predicts,unclear,,direct,0.7,Our findings revealed a widespread neural network associated with trait impulsivity and a notable correlation between predicted and observed scores.,yes,,yes,yes,yes,,,,,,,,,,llama-3.1-8b-instruct,1,revise,yes,no,yes,no,yes,no,impulsivity (general),functional connectivity,,"The sentence partially supports the claim, but the feature type is not explicitly mentioned as 'functional connectivity' in the sentence. The direction is also unclear.",
8,37579016,"Resting-State Functional Connectivity of the Dorsal and Ventral Striatum, Impulsivity, and Severity of Use in Recently Abstinent Cocaine-Dependent Individuals.",2023,The international journal of neuropsychopharmacology,Barratt Impulsiveness Scale resting-state fMRI,unknown,functional connectivity,impulsivity (general),cocaine-dependent individuals,correlates_with,higher,,direct,0.85,"In CDs, VS-left IFC and VS-hippocampus connectivity was positively and negatively correlated with average monthly cocaine use in the prior year, respectively.",yes,,yes,yes,yes,,,,,,,,,,llama-3.1-8b-instruct,2,keep,yes,yes,yes,yes,yes,no,impulsivity (general),functional connectivity,higher,"The sentence clearly supports the extracted claim, mentioning a direct relationship between impulsivity and functional connectivity in the brain, specifically in cocaine-dependent individuals.",
9,39313561,Motor impulsivity and spicy food craving: A mediation analysis of insula-based resting state functional connectivity.,2024,Brain imaging and behavior,Barratt Impulsiveness Scale resting-state fMRI,unknown,functional connectivity,motor impulsivity,unknown,mediated_by,higher,insula-middle occipital gyrus rsFC strength,direct,0.85,"Specifically, the insula-middle occipital gyrus rsFC strength mediated the relationship between the motor impulsivity and spicy food craving.",yes,,yes,yes,yes,,,,,,,,,,llama-3.1-8b-instruct,2,keep,yes,yes,yes,yes,yes,no,motor impulsivity,functional connectivity,higher,,
10,32670033,Trait Impulsivity Associated With Altered Resting-State Functional Connectivity Within the Somatomotor Network.,2020,Frontiers in behavioral neuroscience,Barratt Impulsiveness Scale resting-state fMRI,somatomotor network,functional connectivity,impulsivity (general),unknown,associated_with,lower,,direct,0.85,"greater self-reported impulsivity was associated with decreased connectivity of the right lateral occipital cortex (peak mm 46/-70/16, FWE 1-p = 0.981) with the somatomotor network.",yes,,yes,yes,yes,,,,,,,,,,llama-3.1-8b-instruct,2,keep,yes,yes,yes,yes,yes,no,impulsivity (general),functional connectivity,lower,"The sentence clearly supports the extracted claim, mentioning a direct association between impulsivity and altered functional connectivity within the somatomotor network, with a specific direction (lower) and feature type (functional connectivity).",
11,22645253,Impulsivity and the modular organization of resting-state neural networks.,2013,"Cerebral cortex (New York, N.Y. : 1991)",Barratt Impulsiveness Scale resting-state fMRI,unknown,functional connectivity,impulsivity (general),unknown,associated_with,unclear,,direct,0.8,"Using graph theory analyses, we characterized the relationship between impulsivity and the functional segregation ('modularity') of the whole-brain network architecture derived from resting-state functional magnetic resonance imaging (fMRI) data.",yes,,yes,yes,no,,,,,,,,,,llama-3.1-8b-instruct,1,revise,yes,yes,yes,no,yes,no,impulsivity (general),functional connectivity,,"The sentence partially supports the claim as it mentions the relationship between impulsivity and functional connectivity, but the direction of the relationship is unclear. The directness of the relationship is supported as it directly relates impulsivity to functional connectivity.",
12,23555827,Altered default network resting-state functional connectivity in adolescents with Internet gaming addiction.,2013,PloS one,Barratt Impulsiveness Scale resting-state fMRI,unknown,functional connectivity,impulsivity (general),Internet gaming addiction,correlates_with,unclear,,direct,0.7,"Connectivity with the PCC was positively correlated with CIAS scores in the right precuneus, posterior cingulate gyrus, thalamus, caudate, nucleus accumbens, supplementary motor area, and lingual gyrus. It was negatively correlated with the right cerebellum anterior lobe and left superior parietal lobule.",yes,,yes,yes,yes,,,,,,,,,,llama-3.1-8b-instruct,2,keep,yes,yes,yes,yes,yes,no,impulsivity (general),functional connectivity,positive,"The sentence clearly supports the claim by stating a direct association between impulsivity (general) and functional connectivity in the default network in the context of Internet gaming addiction. The corrected fields include the brain system (default network), direction (positive), and relationship (correlates_with).",
13,39577688,Resting-state voxel-wise dynamic effective connectivity predicts risky decision-making in patients with bipolar disorder type I.,2025,Neuroscience,Barratt Impulsiveness Scale resting-state fMRI,unknown,dynamic connectivity,nonplanning impulsivity,bipolar disorder type I,predicts,lower,,direct,0.85,"Furthermore, this model successfully predicted non-planning impulsiveness, motor impulsiveness, and BIS total score, but failed for attentional impulsiveness in BD-I.",yes,,yes,yes,yes,,,,,,,,,,llama-3.1-8b-instruct,1,revise,yes,no,yes,no,yes,no,nonplanning impulsivity,dynamic connectivity,lower,"The sentence partially supports the claim because it mentions the phenotype (non-planning impulsiveness) but not the feature type (dynamic connectivity) correctly. The relationship (predicts) and direction (lower) are also mentioned, but the direction is not supported because the sentence does not specify the relevant part exactly. The directness is supported because the sentence names both phenotype and feature.",
14,30178423,Sex differences in resting-state cerebral activity alterations in internet gaming disorder.,2019,Brain imaging and behavior,Barratt Impulsiveness Scale resting-state fMRI,unknown,BOLD variability,nonplanning impulsivity,Internet gaming disorder,correlates_with,lower,,direct,0.85,"The ALFF values in the orbital part of the left superior frontal gyrus (SFG) were lower in IGDm than in HCm, which were negatively correlated with BIS-11 scores.",yes,,yes,yes,no,,,,,,,,,,llama-3.1-8b-instruct,2,keep,yes,yes,yes,yes,yes,no,nonplanning impulsivity,BOLD variability,lower,"The sentence directly supports the claim by mentioning a specific brain region (orbital part of the left superior frontal gyrus) and a correlation with BIS-11 scores, which is a measure of nonplanning impulsivity.",
15,26040546,Model-free functional connectivity and impulsivity correlates of alcohol dependence: a resting-state study.,2017,Addiction biology,Barratt Impulsiveness Scale resting-state fMRI,"default mode network, frontoparietal/control network, salience/ventral attention network, somatomotor network",functional connectivity,impulsivity (general),alcohol dependence,correlates_with,unclear,,direct,0.8,"Using probabilistic independent component analysis on resting-state functional magnetic resonance imaging (rs-fMRI) data from 25 alcohol-dependent (AD) and 26 healthy control (HC) participants, we compared the within- and between-network FC between AD and HC.",yes,,yes,yes,yes,,,,,,,,,,llama-3.1-8b-instruct,0,drop,no,no,no,no,no,no,,,,"The sentence does not mention a phenotype-feature association, it only describes a comparison between groups.",
16,33519558,Impulsivity and Response Inhibition Related Brain Networks in Adolescents With Internet Gaming Disorder: A Preliminary Study Utilizing Resting-State fMRI.,2020,Frontiers in psychiatry,Barratt Impulsiveness Scale resting-state fMRI,unknown,functional connectivity,impulsivity (general),Internet Gaming Disorder,associated_with,higher,,direct,0.8,"We found significant differences in impulsivity between the IGD group and RGU group, with members of the IGD group exhibiting higher impulsivity.",yes,,yes,yes,yes,,,,,,,,,,llama-3.1-8b-instruct,0,drop,yes,no,no,no,unclear,no,,behavioral trait,higher,The sentence does not support the feature type (functional connectivity) and relationship (associated_with) of the claim. It also does not directly support the direction (higher) as it only mentions a group difference in impulsivity.,
17,31264888,Striatal functional connectivity in chronic ketamine users: a pilot study.,2020,The American journal of drug and alcohol abuse,Barratt Impulsiveness Scale resting-state fMRI,unknown,functional connectivity,impulsivity (general),chronic ketamine users,correlates_with,higher,,direct,0.85,"In ketamine users, putamen showed higher connectivity with the left orbitofrontal cortex (OFC) in association with both BIS-11 score and months of ketamine use.",yes,,yes,yes,yes,,,,,,,,,,llama-3.1-8b-instruct,1,revise,yes,yes,yes,yes,no,no,impulsivity (general),functional connectivity,higher,"The sentence partially supports the claim because it mentions a specific brain region (putamen) and its association with a phenotype (impulsivity), but it does not directly support the claim's directness as it does not name both phenotype and feature. The corrected phenotype, feature type, and direction are based on the extracted claim.",
18,33528803,Impulsivity in heroin-dependent individuals: structural and functional abnormalities within frontostriatal circuits.,2021,Brain imaging and behavior,Barratt Impulsiveness Scale resting-state fMRI,unknown,functional connectivity,motor impulsivity,heroin-dependent individuals,correlates_with,higher,,direct,0.85,"Higher motor impulsivity (t = 2.347, p = 0.0253) and larger right NAc volume (F (1,38) = 4.719, p = 0.036) was observed in HDI.",yes,,yes,yes,yes,,,,,,,,,,llama-3.1-8b-instruct,2,keep,yes,yes,yes,yes,yes,no,motor impulsivity,functional connectivity,higher,The sentence directly states that higher motor impulsivity correlates with a specific brain feature (larger right NAc volume) in a particular group (HDI).,
19,32651411,Increased large-scale inter-network connectivity in relation to impulsivity in Parkinson's disease.,2020,Scientific reports,Barratt Impulsiveness Scale resting-state fMRI,unknown,functional connectivity,nonplanning impulsivity,Parkinson's disease,associated_with,higher,,direct,0.9,FC between the right frontoparietal network (FPN) and medial visual network (MVN) was significantly higher in PD-HI patients than PD-LI patients (false discovery rate [FDR]-adjusted p = 0.0315).,yes,,yes,yes,yes,,,,,,,,,,llama-3.1-8b-instruct,2,keep,yes,yes,yes,yes,yes,no,nonplanning impulsivity,functional connectivity,higher,"The sentence directly supports the claim by mentioning a higher functional connectivity between two brain networks in PD-HI patients compared to PD-LI patients, which is associated with nonplanning impulsivity in Parkinson's disease.",
20,35385563,A single-arm open-label pilot study of brief mindfulness meditation to control impulsivity in Parkinson's disease.,2022,PloS one,Barratt Impulsiveness Scale resting-state fMRI,"default mode network, frontoparietal/control network",functional connectivity,impulsivity (general),Parkinson's disease,associated_with,lower,,direct,0.85,"After the intervention, the BIS-11 score was decreased from 59.5 [55.6, 63.3] (mean [95% confidence interval]) to 55.2 [50.3, 60.1] (ΔBIS-11: -4.2, [-7.5, -0.9]).",yes,,yes,yes,yes,,,,,,,,,,llama-3.1-8b-instruct,0,drop,no,no,no,unclear,unclear,no,,,,"The sentence does not mention impulsivity or functional connectivity, and it does not establish an association between the two.",
21,34012386,Association of Disinhibited Eating and Trait of Impulsivity With Insula and Amygdala Responses to Palatable Liquid Consumption.,2021,Frontiers in systems neuroscience,Barratt Impulsiveness Scale resting-state fMRI,unknown,functional connectivity,impulsivity (general),unknown,associated_with,unclear,,direct,0.8,"the resting-state fMRI experiment showed that increased disinhibited eating was positively correlated with strengthened intrinsic functional connectivity between the insula and the amygdala, adjusting for sex (estimates of the beta coefficients = 0.146, standard error = 0.068, p = 0.040)",yes,,yes,yes,no,,,,,,,,,,llama-3.1-8b-instruct,2,keep,yes,yes,yes,yes,yes,no,impulsivity (general),functional connectivity,positive,"The sentence clearly supports the extracted claim, mentioning a direct association between impulsivity and functional connectivity between the insula and amygdala.",
22,38914808,Association between sleep problems and impulsivity mediated through regional homogeneity abnormalities in male methamphetamine abstainers.,2024,Brain imaging and behavior,Barratt Impulsiveness Scale resting-state fMRI,unknown,BOLD variability,impulsivity (general),male methamphetamine abstainers,mediated_through,unclear,reduced ReHo values in the left precentral gyrus,direct,0.85,Mediation analysis indicated that reduced ReHo values in the left precentral gyrus mediated the association between impulsivity and the need for sleep medications.,yes,,yes,yes,yes,,,,,,,,,,llama-3.1-8b-instruct,1,revise,yes,yes,yes,no,no,no,impulsivity (general),need for sleep medications,,"The sentence partially supports the claim, but the feature type and direction need revision. The sentence mentions 'need for sleep medications' which is not the same as 'BOLD variability'. Also, the direction is not clear from the sentence.",
23,37086305,"Emotion dysregulation, impulsivity and anger rumination in borderline personality disorder: the role of amygdala and insula.",2024,European archives of psychiatry and clinical neuroscience,Barratt Impulsiveness Scale resting-state fMRI,unknown,structural connectivity,impulsivity (general),BPD,correlates_with,lower,,direct,0.7,BPD patients showed a lower cortical thickness of the left insula (p = 0.027) that negatively correlated with the Anger Rumination Scale (p = 0.019; r = - 0.450).,yes,,yes,yes,yes,,,,,,,,,,llama-3.1-8b-instruct,2,keep,yes,yes,yes,yes,yes,no,impulsivity (general),structural connectivity,lower,"The sentence directly supports the claim by stating a lower cortical thickness of the left insula in BPD patients, which correlates with the Anger Rumination Scale. The phenotype (impulsivity) is implied by the diagnostic context (BPD), and the feature type (structural connectivity) is supported by the mention of cortical thickness.",
24,29101492,Intrinsic Network Connectivity Patterns Underlying Specific Dimensions of Impulsiveness in Healthy Young Adults.,2018,Brain topography,Barratt Impulsiveness Scale resting-state fMRI,unknown,functional connectivity,nonplanning impulsivity,unknown,associated_with,unclear,,direct,0.8,There were significant relationships between right frontoparietal network function and all three BIS domains.,yes,,yes,yes,yes,,,,,,,,,,llama-3.1-8b-instruct,1,revise,yes,yes,yes,no,yes,no,nonplanning impulsivity,functional connectivity,positive,"The sentence supports the phenotype and feature, but the direction is unclear. The corrected direction is assumed to be positive based on the context of 'significant relationships'.",
25,26364127,Neurobiological underpinnings of sensation seeking trait in heroin abusers.,2015,European neuropsychopharmacology : the journal of the European College of Neuropsychopharmacology,Barratt Impulsiveness Scale resting-state fMRI,"ventromedial prefrontal cortex, dorsolateral prefrontal cortex",functional connectivity,impulsivity (general),heroin abusers,correlates_with,unclear,,direct,0.8,there was stronger coupling between the midbrain and ventromedial prefrontal cortex and weaker coupling between the midbrain and dorsolateral prefrontal cortex in heroin users.,yes,,yes,yes,yes,,,,,,,,,,llama-3.1-8b-instruct,2,keep,yes,yes,yes,yes,yes,no,impulsivity (general),functional connectivity,positive,"The sentence directly states a correlation between functional connectivity in the brain and a phenotype, and the direction of the correlation is clear (stronger coupling is positive).",
26,33158664,Delta resting-state functional connectivity in the cognitive control network as a prognostic factor for maintaining abstinence: An eLORETA preliminary study.,2021,Drug and alcohol dependence,Barratt Impulsiveness Scale resting-state fMRI,cognitive control network,functional connectivity,impulsivity (general),alcohol-dependent patients,predicts,higher,,direct,0.9,Regression analysis showed that the increased left frontoparietal delta connectivity in the early period of abstinence significantly predicted maintaining abstinence over the ensuing 12 months.,yes,,yes,yes,yes,,,,,,,,,,llama-3.1-8b-instruct,2,keep,yes,yes,yes,yes,yes,no,impulsivity (general),functional connectivity,higher,"The sentence clearly supports the extracted claim, mentioning a direct relationship between increased left frontoparietal delta connectivity and maintaining abstinence in alcohol-dependent patients.",
27,28185093,Altered spontaneous brain activity in adolescent boys with pure conduct disorder revealed by regional homogeneity analysis.,2017,European child & adolescent psychiatry,Barratt Impulsiveness Scale resting-state fMRI,unknown,BOLD variability,impulsivity (general),conduct disorder,correlates_with,higher,,direct,0.8,"In the CD group, mean ReHo values in the left and the right insula correlated positively with Barratt Impulsivity Scale (BIS) total scores.",yes,,yes,yes,yes,,,,,,,,,,llama-3.1-8b-instruct,2,keep,yes,yes,yes,yes,yes,no,impulsivity (general),BOLD variability,higher,The sentence directly supports the claim by stating a positive correlation between ReHo values in the insula and impulsivity scores.,
28,25944613,Nature of functional links in valuation networks differentiates impulsive behaviors between abstinent heroin-dependent subjects and nondrug-using subjects.,2015,NeuroImage,Barratt Impulsiveness Scale resting-state fMRI,unknown,functional connectivity,impulsivity (general),abstinent heroin-dependent subjects and nondrug-using subjects,associated_with,higher,imbalanced functional connectivity between β- and δ-networks,direct,0.85,"the functional link between the β- and δ-networks is imbalanced, with stronger β-network connectivity and weaker δ-network connectivity. The imbalanced link is associated with impulsivity",yes,,yes,yes,no,,,,,,,,,,llama-3.1-8b-instruct,2,keep,yes,yes,yes,yes,yes,no,impulsivity (general),functional connectivity,higher,,
29,23937918,Voxel-level comparison of arterial spin-labeled perfusion magnetic resonance imaging in adolescents with internet gaming addiction.,2013,Behavioral and brain functions : BBF,Barratt Impulsiveness Scale resting-state fMRI,unknown,unknown,impulsivity (general),internet gaming addiction,correlates_with,unclear,,background,0.2,,yes,,yes,no,unclear,,,,,,,,,,llama-3.1-8b-instruct,1,revise,yes,no,yes,no,no,no,impulsivity (general),unknown,,"The sentence partially supports the claim, but the feature type is unknown and the direction is unclear.",
30,24971323,A functional polymorphism of the MAOA gene modulates spontaneous brain activity in pons.,2014,BioMed research international,Barratt Impulsiveness Scale resting-state fMRI,unknown,BOLD variability,impulsivity (general),unknown,correlates_with,lower,,direct,0.8,"Compared with the MAOA-H group, the MAOA-L group showed significantly lower ALFFs in the pons. There was a significant correlation between the BIS scores and the ALFF values in the pons for MAOA-L group, but not for the MAOA-H group.",yes,,yes,yes,yes,,,,,,,,,,llama-3.1-8b-instruct,2,keep,yes,yes,yes,yes,yes,no,impulsivity (general),BOLD variability,lower,"The sentence directly supports the claim by stating a correlation between BIS scores and ALFF values in the pons for the MAOA-L group, which is associated with lower impulsivity.",
31,26830141,Midbrain functional connectivity and ventral striatal dopamine D2-type receptors: link to impulsivity in methamphetamine users.,2016,Molecular psychiatry,Barratt Impulsiveness Scale resting-state fMRI,unknown,functional connectivity,impulsivity (general),methamphetamine-dependent individuals,correlates_with,unclear,,direct,0.75,"In Study 2, an interaction of the group with RSFC on impulsivity was observed. Methamphetamine-dependent users exhibited a positive relationship of midbrain RSFC to the left ventral striatum with cognitive impulsivity, whereas a negative relationship was observed in healthy controls.",yes,,yes,yes,yes,,,,,,,,,,llama-3.1-8b-instruct,2,keep,yes,yes,yes,yes,yes,no,impulsivity (cognitive),functional connectivity,positive,"The sentence clearly supports the extracted claim. The phenotype is 'impulsivity (cognitive)', which is a specific type of impulsivity. The feature type is 'functional connectivity', which matches the sentence. The relationship is 'correlates_with', which is supported by the sentence. The direction is 'positive', which is supported by the sentence. The directness is 'direct', which is supported by the sentence naming both phenotype and feature. There is no overclaiming as the sentence mentions a group difference and a phenotype-feature association.",
32,24200212,Striatal-insula circuits in cocaine addiction: implications for impulsivity and relapse risk.,2013,The American journal of drug and alcohol abuse,Barratt Impulsiveness Scale resting-state fMRI,unknown,functional connectivity,impulsivity (general),cocaine addiction,associated_with,higher,reduced connectivity in putamen-posterior insula/postcentral gyrus circuits,direct,0.85,"Impulsivity (BIS-11a) was higher in cocaine-addicted participants, an effect that was partially mediated by reduced putamen-posterior insula connectivity in this group.",yes,,yes,yes,yes,,,,,,,,,,llama-3.1-8b-instruct,2,keep,yes,yes,yes,yes,yes,no,impulsivity (general),functional connectivity,higher,,
33,32093319,"Random Forest Classification of Alcohol Use Disorder Using fMRI Functional Connectivity, Neuropsychological Functioning, and Impulsivity Measures.",2020,Brain sciences,Barratt Impulsiveness Scale resting-state fMRI,default mode network,functional connectivity,impulsivity (general),Alcohol Use Disorder,associated_with,higher,,direct,0.85,Individuals with AUD also showed poorer memory performance and increased impulsivity compared to CTL individuals.,yes,,yes,yes,yes,,,,,,,,,,llama-3.1-8b-instruct,1,revise,yes,no,yes,yes,no,no,impulsivity (general),neuropsychological functioning,higher,"The sentence mentions impulsivity, but it also mentions memory performance, which is a different feature. The feature type should be corrected to 'neuropsychological functioning' to match the claim. The directness is also not fully supported because the sentence does not name both phenotype and feature.",
34,27688124,Association between abnormal default mode network activity and suicidality in depressed adolescents.,2016,BMC psychiatry,Barratt Impulsiveness Scale resting-state fMRI,default mode network,functional connectivity,impulsivity (general),depressed adolescents,associated_with,unclear,,direct,0.7,"Compared with the healthy controls, all of the evaluated depressed patients showed increased functional connectivity in select DMN regions.",yes,,yes,yes,yes,,,,,,,,,,llama-3.1-8b-instruct,1,revise,yes,yes,yes,no,yes,no,impulsivity (general),functional connectivity,increased,"The sentence partially supports the claim because it mentions a group difference (depressed patients vs. healthy controls) and a feature (increased functional connectivity), but the direction is not explicitly stated as associated with the phenotype. The corrected direction is 'increased' based on the sentence.",
35,28602816,Neurobiological correlates of impulsivity in healthy adults: Lower prefrontal gray matter volume and spontaneous eye-blink rate but greater resting-state functional connectivity in basal ganglia-thalamo-cortical circuitry.,2017,NeuroImage,Barratt Impulsiveness Scale resting-state fMRI,unknown,functional connectivity,impulsivity (general),unknown,associated_with,higher,,direct,0.9,"greater resting-state functional connectivity between the basal ganglia and thalamus, motor cortices, and prefrontal cortex was associated with worse no-go trial accuracy on the task and with higher BIS-11 motor impulsivity scores",yes,,yes,yes,no,,,,,,,,,,llama-3.1-8b-instruct,2,keep,yes,yes,yes,yes,yes,no,impulsivity (general),functional connectivity,higher,"The sentence clearly supports the extracted claim, mentioning a direct association between higher functional connectivity and higher impulsivity scores.",
36,20851718,Identification of hyperactive intrinsic amygdala network connectivity associated with impulsivity in abstinent heroin addicts.,2011,Behavioural brain research,Barratt Impulsiveness Scale resting-state fMRI,unknown,functional connectivity,impulsivity (general),abstinent heroin dependent,associated_with,higher,,direct,0.9,"In the HD group, higher impulsivity scores and significantly enhanced iAFC network activity were found, especially in bilateral thalamus, right insula, and inferior frontal gyrus.",yes,,yes,yes,yes,,,,,,,,,,llama-3.1-8b-instruct,2,keep,yes,yes,yes,yes,yes,no,,,,The sentence clearly supports the extracted claim by stating a direct association between higher impulsivity scores and enhanced iAFC network activity in specific brain regions.,
37,39756804,Altered Functional Connectivity of Prefrontal Cortex-Related Circuitry and Trait Impulsivity in Patients With Bipolar Disorder and History of Suicide Attempts.,2025,Acta psychiatrica Scandinavica,Barratt Impulsiveness Scale resting-state fMRI,unknown,functional connectivity,impulsivity (general),Bipolar Disorder,associated_with,higher,,direct,0.85,BDSA had higher trait impulsivity than BDNS and the controls.,yes,,yes,yes,yes,,,,,,,,,,llama-3.1-8b-instruct,2,keep,yes,yes,yes,yes,yes,no,impulsivity (general),trait level,higher,"The sentence clearly supports the extracted claim by stating that BDSA had higher trait impulsivity, which is a direct association between impulsivity (general) and a feature of trait level, in the context of Bipolar Disorder.",
38,29988765,Abnormal degree centrality in chronic users of codeine-containing cough syrups: A resting-state functional magnetic resonance imaging study.,2018,NeuroImage. Clinical,Barratt Impulsiveness Scale resting-state fMRI,unknown,unknown,impulsivity (general),chronic users of codeine-containing cough syrups,correlated_with,unclear,,direct,0.8,"The degree centrality (DC) changes were correlated to the Barratt Impulsiveness Scale (BIS-11) total score, dose, duration of CCS use, and the age at first use of cough syrups.",yes,,yes,yes,no,,,,,,,,,,llama-3.1-8b-instruct,2,keep,yes,yes,yes,yes,yes,no,impulsivity (general),unknown,correlated_with,"The sentence clearly supports the extracted claim by stating a correlation between degree centrality changes and the Barratt Impulsiveness Scale (BIS-11) total score, which is a measure of impulsivity.",
39,41207270,Sex-specific alterations in brain network topology in methamphetamine use disorder: A graph theory-based fMRI study.,2025,Drug and alcohol dependence,Barratt Impulsiveness Scale resting-state fMRI,unknown,functional connectivity,impulsivity (general),methamphetamine use disorder,correlates_with,unclear,,indirect,0.7,"Furthermore, significant sex-related main effects were observed in widespread brain areas, involving key nodal metrics such as degree centrality, local efficiency, clustering coefficient, and nodal efficiency. Female patients with MUD demonstrated higher global network measures and showed more extensive nodal metric differences compared to males.",yes,,yes,yes,yes,,,,,,,,,,llama-3.1-8b-instruct,1,revise,yes,yes,yes,no,no,no,impulsivity (general),functional connectivity,unclear,"The sentence partially supports the claim, but the direction and directness are unclear. The phenotype and feature are supported, but the relationship is not explicitly stated as 'correlates_with'.",
40,24223847,Reduced regional homogeneity in bilateral frontostriatal system relates to higher impulsivity behavior in codeine-containing cough syrups dependent individuals.,2013,PloS one,Barratt Impulsiveness Scale resting-state fMRI,unknown,BOLD variability,impulsivity (general),codeine-containing cough syrups dependence,correlates_with,higher,,direct,0.8,"There were negative correlations between mean ReHo in the bilateral medial OFC, left dorsal striatum and duration of CCS use, BIS.11 total scores, and the subscale of attentional impulsivity in CCS-dependent individuals.",yes,,yes,yes,yes,,,,,,,,,,llama-3.1-8b-instruct,2,keep,yes,yes,yes,yes,yes,no,impulsivity (general),BOLD variability,higher,"The sentence clearly supports the extracted claim by mentioning a correlation between BOLD variability (ReHo) in specific brain regions and impulsivity behavior in CCS-dependent individuals. The direction of the correlation is also clearly stated as negative, which corresponds to the extracted direction of 'higher'.",
41,26908392,Association of ventral striatum monoamine oxidase-A binding and functional connectivity in antisocial personality disorder with high impulsivity: A positron emission tomography and functional magnetic resonance imaging study.,2016,European neuropsychopharmacology : the journal of the European College of Neuropsychopharmacology,Barratt Impulsiveness Scale resting-state fMRI,unknown,functional connectivity,impulsivity (general),antisocial personality disorder,correlates_with,lower,,direct,0.85,"Additionally, VSs-DMPFC FC was negatively correlated with NEO Personality Inventory-Revised impulsivity (r=-0.49, p=0.03), as was VSi-hippocampus FC with Barratt Impulsiveness Scale-11 motor impulsiveness (r=-0.50, p=0.03).",yes,,yes,yes,yes,,,,,,,,,,llama-3.1-8b-instruct,2,keep,yes,yes,yes,yes,yes,no,,,,"The sentence directly supports the association between impulsivity and functional connectivity in the brain, with a specific direction (lower) and a direct relationship.",
42,25008351,Altered intrinsic hippocmapus declarative memory network and its association with impulsivity in abstinent heroin dependent subjects.,2014,Behavioural brain research,Barratt Impulsiveness Scale resting-state fMRI,unknown,functional connectivity,impulsivity (general),abstinent heroin dependent subjects,correlates_with,higher,"enhanced coherence between hippocampus and non-declarative reward-guided learning memory system, and attenuated intrinsic functional link between hippocampus and top-down control system",direct,0.9,This alteration was furthered found to have behavioral significance over the behavioral index 'impulsivity' measured with Barratt Impulsiveness Scale (BIS).,yes,,yes,yes,yes,,,,,,,,,,llama-3.1-8b-instruct,2,keep,yes,yes,yes,yes,yes,no,impulsivity (general),behavioral index,higher,"The sentence clearly supports the phenotype, feature, relationship, and direction when stated. The phenotype is 'impulsivity' which is a behavioral index measured with Barratt Impulsiveness Scale (BIS). The feature is a behavioral index which is a type of functional connectivity. The relationship is 'correlates_with' which is supported by the sentence. The direction is 'higher' which is also supported by the sentence. The directness is 'direct' which is supported by the sentence as it names both phenotype and feature.",
43,25496980,Abnormal regional homogeneity in young adult suicide attempters with no diagnosable psychiatric disorder: a resting state functional magnetic imaging study.,2015,Psychiatry research,Barratt Impulsiveness Scale resting-state fMRI,unknown,BOLD variability,impulsivity (general),suicide attempters without a psychiatric diagnosis,correlates_with,higher,,direct,0.8,The SA group also had significantly higher total Barratt Impulsiveness Scale scores compared with the HC group.,yes,,yes,yes,yes,,,,,,,,,,llama-3.1-8b-instruct,2,keep,yes,yes,yes,yes,yes,no,impulsivity (general),Barratt Impulsiveness Scale scores,higher,The sentence directly supports the claim by stating a higher impulsivity score in the SA group compared to the HC group.,
44,41104323,Effect of Precision-based HD-tDCS Over Conventional HD-tDCS in Young-onset Mania: Protocol for an Active Comparison fMRI and TMS Study.,2026,Indian journal of psychological medicine,Barratt Impulsiveness Scale resting-state fMRI,unknown,unknown,impulsivity (general),young-onset mania,correlates_with,unclear,,indirect,0.5,"By correlating perturbation-induced changes in cortical inhibition paradigms and functional connectivity of cerebral circuits, we aim to introduce a more objective measure of therapeutic efficacy and response, as opposed to relying solely on subjective clinical scales.",yes,,yes,yes,yes,,,,,,,,,,llama-3.1-8b-instruct,0,drop,no,no,no,no,no,no,,,,"The sentence does not mention impulsivity or any other phenotype, and does not support a relationship between any phenotype and a feature.",
45,35040662,Role of White Matter Microstructure in Impulsive Behavior.,2022,The Journal of neuropsychiatry and clinical neurosciences,Barratt Impulsiveness Scale fMRI,unknown,structural connectivity,nonplanning impulsivity,unknown,correlates_with,lower,,direct,0.85,"Whole-brain total average FA was inversely correlated with motor impulsiveness (r=-0.32, p=0.007) and positively correlated with nonplanning impulsiveness (r=0.29, p=0.02); these correlations were significant after correction for multiple comparisons.",yes,,yes,yes,yes,,,,,,,,,,llama-3.1-8b-instruct,2,keep,yes,yes,yes,yes,yes,no,nonplanning impulsivity,structural connectivity,lower,"The sentence clearly supports the extracted claim, mentioning both nonplanning impulsivity and structural connectivity, and stating a direct correlation.",
46,37137256,Transdiagnostic brain correlates of self-reported trait impulsivity: A dimensional structure-symptom investigation.,2023,NeuroImage. Clinical,Barratt Impulsiveness Scale fMRI,unknown,structural connectivity,impulsivity (general),"healthy controls, opioid use disorder, cocaine use disorder, borderline personality disorder, schizophrenia",negatively correlated,lower,,direct,0.8,"Volume of the left opercular part of the inferior frontal gyrus (IFG) was negatively related to global impulsivity across the entire sample and specifically to motor impulsivity in the subsample of HCs, OUD and BPD patients.",yes,,yes,yes,yes,,,,,,,,,,llama-3.1-8b-instruct,2,keep,yes,yes,yes,yes,yes,no,impulsivity (general),structural connectivity,lower,"The sentence clearly supports the extracted claim, mentioning a direct relationship between the volume of the left opercular part of the inferior frontal gyrus and impulsivity, both globally and specifically to motor impulsivity in a subsample of healthy controls and patients with opioid use disorder and borderline personality disorder.",
47,37004979,Chronic cannabis use alters dACC-striatal glutamatergic balance.,2023,"Pharmacology, biochemistry, and behavior",Barratt Impulsiveness Scale fMRI,unknown,unknown,impulsivity (general),chronic cannabis use disorder,correlates_with,unclear,,direct,0.8,"Self-reported BIS and its subscales were significantly altered among the users compared to the controls across the study timeline (total F(1,28) = 7.0, p = 0.013; non-planning F(1,28) = 16.1, p < 0.0005; motor F(1,28) = 5.9, p = 0.022; cognitive F(1,28) = 6.1, p = 0.019).",yes,,yes,yes,yes,,,,,,,,,,llama-3.1-8b-instruct,2,keep,yes,yes,yes,yes,yes,no,impulsivity (general),behavioral,increased,"The sentence directly supports the claim by stating that self-reported BIS and its subscales were significantly altered among the users compared to the controls, which implies a correlation between chronic cannabis use disorder and impulsivity. The direction of the correlation is implied to be increased, as the users showed significant alterations in the subscales, which are related to impulsivity. The directness of the claim is also supported, as the sentence names both the phenotype (impulsivity) and the feature (BIS subscales).",
48,37556131,Alcohol Cue Processing in Co-Occurring Bipolar Disorder and Alcohol Use Disorder.,2023,JAMA psychiatry,Barratt Impulsiveness Scale fMRI,unknown,unknown,impulsivity (general),"BD + AUD, AUD alone, BD alone, healthy controls",associated_with,higher,,direct,0.8,These hypoactivations were associated with increased impulsivity and obsessive-compulsive alcohol craving exclusively among individuals with BD + AUD.,yes,,yes,yes,yes,,,,,,,,,,llama-3.1-8b-instruct,2,keep,yes,yes,yes,yes,yes,no,impulsivity (general),alcohol craving,higher,"The sentence clearly supports the extracted claim, mentioning a direct association between hypoactivations and increased impulsivity and obsessive-compulsive alcohol craving in individuals with BD + AUD.",
49,34175744,Brain morphometry in adults with gambling disorder.,2021,Journal of psychiatric research,Barratt Impulsiveness Scale fMRI,unknown,unknown,impulsivity (general),Gambling Disorder,correlates_with,unclear,,indirect,,,no,evidence_strength not a number,yes,no,unclear,,,,,,,,,,llama-3.1-8b-instruct,1,revise,yes,no,yes,no,no,unclear,impulsivity (general),brain morphometry,,"The sentence partially supports the claim, but the feature type is not specified. The relationship is supported, but the direction is unclear.",
50,40630648,Identifying a Biological Signature of Trauma-Related Neurodegeneration Following Repeated Traumatic Brain Injuries Compared with Healthy Controls.,2025,Neurotrauma reports,Barratt Impulsiveness Scale fMRI,unknown,unknown,impulsivity (general),unknown,correlates_with,unclear,,indirect,0.2,"Within the TBI group, amygdala normative percentile and/or amygdala asymmetry index were included in the final models for NSI, SWLS, PCL5, BIS, BPAQ, and ISI.",yes,,yes,yes,yes,,,,,,,,,,llama-3.1-8b-instruct,1,revise,yes,yes,yes,no,no,no,impulsivity (general),behavioral,positive,"The sentence supports the phenotype (impulsivity) and relationship (correlates_with), but the direction is unclear. The feature type is behavioral, and the direction should be corrected to positive. The directness is indirect, and the brain system is not mentioned, so directness_supported is false.",
51,37080490,Brain structural abnormalities and trait impulsivity in suicidal and non-suicidal patients with bipolar disorder.,2023,Journal of affective disorders,Barratt Impulsiveness Scale fMRI,unknown,structural connectivity,impulsivity (general),bipolar disorder,associated_with,higher,,direct,0.85,"In patients with SA history, higher BIS scores were associated with greater GMV in the left pars triangularis and greater surface area in left pars opercularis (all p < 0.01).",yes,,yes,yes,yes,,,,,,,,,,llama-3.1-8b-instruct,2,keep,yes,yes,yes,yes,yes,no,impulsivity (general),structural connectivity,higher,"The sentence clearly supports the extracted claim, mentioning a direct association between impulsivity (general) and structural connectivity in the brain, specifically in the left pars triangularis and left pars opercularis, with a higher BIS score indicating higher impulsivity.",
52,15309395,Negative correlation between right prefrontal activity during response inhibition and impulsiveness: a fMRI study.,2004,European archives of psychiatry and clinical neuroscience,Barratt Impulsiveness Scale fMRI,unknown,functional connectivity,motor impulsivity,unknown,correlates_with,lower,,direct,0.8,A negative correlation was observed between the motor impulsiveness of BIS-11 and No-Go-related activation in the right dorsolateral prefrontal cortex (RDLPFC).,yes,,yes,yes,yes,,,,,,,,,,llama-3.1-8b-instruct,2,keep,yes,yes,yes,yes,yes,no,motor impulsivity,functional connectivity,lower,"The sentence directly supports the claim by stating a correlation between motor impulsiveness and activation in the right dorsolateral prefrontal cortex, which is a specific brain region.",
53,33360853,Novel circuit biomarker of impulsivity and craving in male heroin-dependent individuals.,2021,Drug and alcohol dependence,Barratt Impulsiveness Scale fMRI,unknown,structural connectivity,impulsivity (general),heroin-dependent individuals,correlates_with,lower,,direct,0.85,"HDI showed significantly weaker tract strength of the left striatum-medial orbitofrontal cortex (mOFC) (Bonferroni corrected, p < 0.05/20 = 0.0025) and significantly higher BIS total, attention, motor, and non-planning scores (Bonferroni corrected, p < 0.05/4 = 0.0125) than controls.",yes,,yes,yes,no,,,,,,,,,,llama-3.1-8b-instruct,2,keep,yes,yes,yes,yes,yes,no,impulsivity (general),structural connectivity,lower,"The sentence directly supports the claim by stating a correlation between impulsivity and weaker tract strength in a specific brain region, and also mentions higher impulsivity scores in HDI compared to controls.",
54,38627081,Neural Correlates of Trait Impulsivity among Adult Healthy Individuals.,2024,Clinical psychopharmacology and neuroscience : the official scientific journal of the Korean College of Neuropsychopharmacology,Barratt Impulsiveness Scale fMRI,unknown,structural connectivity,impulsivity (general),unknown,associated_with,lower,,direct,0.9,Total BIS scores were significantly and negatively correlated with mean CT values in the left lateral occipital cortex (OC) and LGIs in the inferior frontal gyrus (IFG).,yes,,yes,yes,yes,,,,,,,,,,llama-3.1-8b-instruct,2,keep,yes,yes,yes,yes,yes,no,impulsivity (general),structural connectivity,lower,"The sentence clearly supports the extracted claim, mentioning a direct association between impulsivity (general) and structural connectivity in the brain, specifically in the left lateral occipital cortex and inferior frontal gyrus, with a lower direction.",
55,35181384,"Rethinking ""aggression"" and impulsivity in bipolar disorder: Risk, clinical and brain circuitry features.",2022,Journal of affective disorders,Barratt Impulsiveness Scale fMRI,unknown,structural connectivity,impulsivity (general),Bipolar Disorder,associated_with,lower,,direct,0.8,"BGA scores were increased by items corresponding to dysregulation of emotional and social behavior and associated with elevated mood states and suicide ideation and GMV decreases in bilateral orbitofrontal cortex and left posterior insula brain regions, previously associated with these behaviors and clinical features.",yes,,yes,yes,yes,,,,,,,,,,llama-3.1-8b-instruct,1,revise,yes,no,yes,no,no,no,impulsivity (general),behavioral,higher,"The sentence mentions impulsivity as a clinical feature, but the feature type is not structural connectivity. The direction is mixed, as GMV decreases are associated with impulsivity, but BGA scores are increased. The directness is also not clear, as it does not name both phenotype and feature. The corrected phenotype and feature type are based on the information in the sentence, and the corrected direction is based on the association between GMV decreases and impulsivity.",
56,35247193,Cerebellar Grey Matter Volumes in Reactive Aggression and Impulsivity in Healthy Volunteers.,2023,"Cerebellum (London, England)",Barratt Impulsiveness Scale fMRI,unknown,structural connectivity,impulsivity (general),unknown,associated_with,higher,,direct,0.85,Results showed that impulsivity was positively associated with grey matter volumes of the cerebellar vermis and inversely correlated with grey matter volumes of the right posterior lobule.,yes,,yes,yes,yes,,,,,,,,,,llama-3.1-8b-instruct,2,keep,yes,yes,yes,yes,yes,no,impulsivity (general),structural connectivity,higher,"The sentence clearly supports the extracted claim, mentioning a direct association between impulsivity and grey matter volumes in the cerebellum, with a specific direction (higher) and feature type (structural connectivity).",
57,26911382,Impulsivity in abstinent alcohol and polydrug dependence: a multidimensional approach.,2016,Psychopharmacology,Barratt Impulsiveness Scale fMRI,unknown,unknown,impulsivity (general),abstinent substance-dependent individuals,correlates_with,higher,,indirect,0.7,"All participants completed self-report measures of impulsivity: Barratt Impulsiveness Scale, UPPS Impulsive Behaviour Scale, Behaviour Inhibition/Activation System and Obsessive-Compulsive Inventory.",yes,,yes,yes,yes,,,,,,,,,,llama-3.1-8b-instruct,0,drop,no,no,no,unclear,unclear,unclear,,,,"The sentence does not mention impulsivity in relation to any feature or relationship, it only describes the measurement tools used to assess impulsivity.",
58,21827861,Cortical thickness correlates with impulsiveness in healthy adults.,2012,NeuroImage,Barratt Impulsiveness Scale fMRI,unknown,unknown,impulsivity (general),unknown,correlates_with,lower,,direct,0.9,"We observed a significant negative correlation between left middle frontal gyrus (MFG) CT and the attention BIS score (FDR p<.05), motor, nonplanning and total BIS score (each p<0.001 uncorrected).",yes,,yes,yes,yes,,,,,,,,,,llama-3.1-8b-instruct,2,keep,yes,yes,yes,yes,yes,no,impulsivity (general),behavioral score,lower,"The sentence clearly supports the extracted claim, mentioning a specific brain region (left middle frontal gyrus) and a feature (attention BIS score, motor, nonplanning, and total BIS score) associated with the phenotype (impulsivity). The relationship is 'correlates_with' and the direction is 'lower', which matches the extracted claim.",
59,29751017,Differential contributions of cortical thickness and surface area to trait impulsivity in healthy young adults.,2018,Behavioural brain research,Barratt Impulsiveness Scale fMRI,unknown,unknown,impulsivity (general),unknown,associated_with,lower,,direct,0.85,"Higher BIS-11 total scores were negatively associated with cortical thickness variations in the left lingual gyrus, left superior temporal gyrus, right cuneus, and right superior parietal gyrus (p < 0.05 cluster-wise probability [CWP] corrected).",yes,,yes,yes,yes,,,,,,,,,,llama-3.1-8b-instruct,2,keep,yes,yes,yes,yes,yes,no,impulsivity (general),cortical thickness variations,lower,"The sentence clearly supports the extracted claim, mentioning a specific association between impulsivity (general) and cortical thickness variations in several brain regions.",
60,37952300,Positive schizotypy and Motor Impulsivity correlate with response aberrations in ventral attention network during inhibitory control.,2023,Cortex; a journal devoted to the study of the nervous system and behavior,Barratt Impulsiveness Scale fMRI,ventral attention network,BOLD variability,motor impulsivity,schizotypy,correlate_with,lower,,direct,0.8,"Additionally, higher Impulsive Nonconformity was associated with lower activity in the caudate nucleus and anterior cingulate during No-Go compared to Go stimuli reactions.",yes,,yes,yes,yes,,,,,,,,,,llama-3.1-8b-instruct,2,keep,yes,yes,yes,yes,yes,no,motor impulsivity,BOLD variability,lower,"The sentence directly supports the claim by stating a correlation between motor impulsivity and lower activity in the ventral attention network, which is consistent with the extracted claim.",
61,31427669,The Effect of Mindfulness Meditation on Impulsivity and its Neurobiological Correlates in Healthy Adults.,2019,Scientific reports,Barratt Impulsiveness Scale fMRI,unknown,unknown,impulsivity (general),unknown,unclear,unclear,,background,0.5,"However, LTMs self-reported lower attentional impulsivity, but higher motor and non-planning impulsivity on the BIS-11 than MNPs.",yes,,yes,yes,yes,,,,,,,,,,llama-3.1-8b-instruct,2,keep,yes,yes,yes,yes,yes,no,impulsivity (general),unknown,unclear,"The sentence clearly supports the phenotype (impulsivity) and feature (unknown), and the relationship is unclear. The direction is also unclear, but the sentence does not overclaim. The directness is background, which matches the extracted directness.",
62,34463411,"Cocaine cue-induced mesocorticolimbic activation in cocaine users: Effects of personality traits, lifetime drug use, and acute stimulant ingestion.",2022,Addiction biology,Barratt Impulsiveness Scale fMRI,unknown,functional connectivity,nonplanning impulsivity,cocaine users,correlates_with,higher,,direct,0.85,"Among the cocaine users, larger drug cue-induced responses during the placebo session were correlated with higher Barratt Impulsiveness Scale (BIS-11) nonplanning scores (associative striatum) and greater lifetime use of stimulant drugs (limbic, associative, and sensorimotor striatum).",yes,,yes,yes,yes,,,,,,,,,,llama-3.1-8b-instruct,2,keep,yes,yes,yes,yes,yes,no,nonplanning impulsivity,functional connectivity,higher,"The sentence clearly supports the extracted claim, mentioning a direct correlation between drug cue-induced responses and nonplanning impulsivity in cocaine users, as well as a correlation with lifetime use of stimulant drugs.",
63,34792871,How Interpersonal Psychotherapy Changes the Brain: A Study of fMRI in Borderline Personality Disorder.,2021,The Journal of clinical psychiatry,Barratt Impulsiveness Scale fMRI,unknown,unknown,impulsivity (general),Borderline Personality Disorder (BPD),correlates_with,lower,,direct,0.8,A significant between-subject effect was found in favor of the IPT-BPD-R-treated group (BIS-11: P = .033).,yes,,yes,yes,no,,,,,,,,,,llama-3.1-8b-instruct,0,drop,no,no,no,no,no,no,,,,"The sentence does not mention the phenotype or feature, and it does not establish a relationship between them. It only mentions a group difference in a specific test (BIS-11).",
64,21763642,Neural substrates of time perception and impulsivity.,2011,Brain research,Barratt Impulsiveness Scale fMRI,unknown,functional connectivity,impulsivity (general),unknown,correlates_with,higher,,direct,0.8,"Activation in the core control network, thus, may form a biological marker for cognitive time management and for impulsiveness.",yes,,yes,yes,yes,,,,,,,,,,llama-3.1-8b-instruct,1,revise,yes,no,yes,yes,no,no,impulsiveness,functional connectivity,,"The sentence mentions impulsiveness, which is a specific aspect of impulsivity. However, it does not explicitly mention functional connectivity as the feature. Also, directness is not fully supported because the sentence does not name both phenotype and feature.",
65,32464339,Investigation of structure-function correlation among the young offspring of patients with bipolar disorder.,2020,Psychiatry research. Neuroimaging,Barratt Impulsiveness Scale fMRI,unknown,structural connectivity,impulsivity (general),young offspring of patients with bipolar disorder,correlates_with,higher,,direct,0.75,MD values in the cingulum were inversely correlated with the Child and Youth Resilience Measure and positively correlated with higher scores on the Barratt Impulsiveness Scale-Attentional.,yes,,yes,yes,yes,,,,,,,,,,llama-3.1-8b-instruct,1,revise,yes,yes,yes,no,no,no,impulsivity (general),structural connectivity,lower,"The sentence supports the phenotype and feature, but the direction is mixed (inverse correlation and positive correlation). The directness is also not fully supported as the sentence does not name both phenotype and feature explicitly. The corrected direction should be 'lower' to match the inverse correlation.",
66,25241087,Response inhibition and its relation to multidimensional impulsivity.,2014,NeuroImage,Barratt Impulsiveness Scale fMRI,unknown,unknown,impulsivity (general),unknown,correlates_with,unclear,,indirect,0.6,"In contrast, UPPS subdomain Urgency best explained inter-individual variability in SSRT scores and was further negatively correlated to right IFG/aI activation in 'Stop>Go' trials - a key region for response inhibition.",yes,,yes,yes,yes,,,,,,,,,,llama-3.1-8b-instruct,2,keep,yes,yes,yes,yes,yes,no,impulsivity (general),response inhibition,negative,"The sentence clearly supports the claim by stating a correlation between impulsivity (general) and response inhibition, with a specific direction (negative) and directness (indirect).",
67,27095357,Sex differences in impulsivity and brain morphometry in methamphetamine users.,2017,Brain structure & function,Barratt Impulsiveness Scale fMRI,unknown,unknown,impulsivity (general),methamphetamine users,associated_with,higher,,direct,0.85,"METH users had higher impulsivity scores, on both the Cognitive and Behavioral Factors from the BIS (p < 0.0001-0.0001).",yes,,yes,yes,yes,,,,,,,,,,llama-3.1-8b-instruct,2,keep,yes,yes,yes,yes,yes,no,impulsivity (general),scores on the Cognitive and Behavioral Factors from the BIS,higher,"The sentence clearly supports the extracted claim, mentioning a direct association between methamphetamine use and higher impulsivity scores.",
68,37909379,Changes in aspartate metabolism in the medial-prefrontal cortex of nicotine addicts based on J-edited magnetic resonance spectroscopy.,2023,Human brain mapping,Barratt Impulsiveness Scale fMRI,unknown,unknown,impulsivity (general),nicotine addiction,unclear,unclear,,background,,,no,evidence_strength not a number,yes,no,unclear,,,,,,,,,,llama-3.1-8b-instruct,2,keep,yes,yes,yes,yes,yes,no,impulsivity (general),unknown,unclear,"The sentence clearly supports the phenotype, feature, relationship, and direction/directness when stated.",
69,27743376,Cortical folding patterns are associated with impulsivity in healthy young adults.,2017,Brain imaging and behavior,Barratt Impulsiveness Scale fMRI,unknown,BOLD variability,impulsivity (general),unknown,associated_with,higher,,direct,0.85,"Total and attention scores were positively correlated with LGI in the left postcentral gyrus, cingulate gyrus, precentral gyrus, pars opercularis of the inferior frontal gyrus, right middle temporal gyrus, superior parietal gyrus, pericalcarine gyrus, and lateral occipital gyrus (each p < 0.05 CWP corr.).",yes,,yes,yes,yes,,,,,,,,,,llama-3.1-8b-instruct,2,keep,yes,yes,yes,yes,yes,no,impulsivity (general),BOLD variability,higher,"The sentence clearly supports the extracted claim by stating a positive correlation between impulsivity and BOLD variability in various brain regions, which aligns with the relationship 'associated_with' and direction 'higher'.",
70,33951944,Distinct clinical manifestations of obsessive-compulsive disorder are associated with cortical thickness alteration.,2022,The Australian and New Zealand journal of psychiatry,Barratt Impulsiveness Scale fMRI,unknown,unknown,attentional impulsivity,OCD patients,associated_with,lower,,direct,0.8,"OCD patients with more obsessive beliefs and attentional impulsivity (OCD_OB_AT) had reduced cortical thickness at the inferior parietal gyrus, the superior and middle temporal gyrus and the insula compared with OCD patients with higher score on the non-planning impulsivity (OCD_NP, corrected p < 0.05).",yes,,yes,yes,yes,,,,,,,,,,llama-3.1-8b-instruct,2,keep,yes,yes,yes,yes,yes,no,attentional impulsivity,behavioral trait,lower,"The sentence clearly supports the extracted claim, mentioning a direct association between attentional impulsivity and reduced cortical thickness in OCD patients.",
71,35852565,Neural correlates of risky decision making in Parkinson's disease patients with impulse control disorders.,2022,Experimental brain research,Barratt Impulsiveness Scale fMRI,unknown,unknown,impulsivity (general),Parkinson's disease patients with impulse control disorders,associated_with,higher,,direct,0.8,"Patients with ICDs showed greater urn choice-specific activation in the right middle frontal gyrus, overlapping the dorsal premotor cortex.",yes,,yes,yes,yes,,,,,,,,,,llama-3.1-8b-instruct,2,keep,yes,yes,yes,yes,yes,no,impulsivity (general),behavioral response (specific),higher,"The sentence directly supports the association between impulsivity and greater activation in the right middle frontal gyrus, which is a specific behavioral response.",
72,32645662,Differential brain responses for perception of pain during empathic response in binge drinkers compared to non-binge drinkers.,2020,NeuroImage. Clinical,Barratt Impulsiveness Scale fMRI,unknown,unknown,impulsivity (general),binge drinkers compared to non-binge drinkers,associated_with,unclear,,indirect,0.5,"Binge drinkers compared to non-binge drinkers also took longer to respond when viewing pictures depicting pain, in particular when adopting the perspective of self.",yes,,yes,yes,yes,,,,,,,,,,llama-3.1-8b-instruct,1,revise,yes,no,yes,no,no,no,impulsivity (general),delayed response to pain,increased,"The sentence partially supports the claim by mentioning a group difference, but it does not directly associate the phenotype with the feature. The direction is also unclear, but it can be inferred that the response time is increased. The directness is indirect because it does not name both phenotype and feature.",
73,18479820,An event-related fMRI study on risk taking by healthy individuals of high or low impulsiveness.,2008,Neuroscience letters,Barratt Impulsiveness Scale fMRI,unknown,functional connectivity,impulsivity (general),unknown,associated_with,higher,,direct,0.85,a stronger activation in the insula-orbitofrontal-parietal regions was found in the high impulsiveness group compared to the low impulsiveness group,yes,,yes,yes,yes,,,,,,,,,,llama-3.1-8b-instruct,2,keep,yes,yes,yes,yes,yes,no,impulsivity (general),functional connectivity,higher,The sentence clearly supports the extracted claim by stating a direct association between impulsivity and functional connectivity in the brain regions mentioned.,
74,21783257,Is cerebellar volume related to bipolar disorder?,2011,Journal of affective disorders,Barratt Impulsiveness Scale fMRI,unknown,unknown,impulsivity (general),bipolar disorder,unknown,unclear,,background,,,no,evidence_strength not a number,yes,no,unclear,,,,,,,,,,llama-3.1-8b-instruct,1,revise,yes,no,no,no,no,no,impulsivity (general),cognitive/behavioral,positive,"The sentence does not clearly state a relationship between cerebellar volume and impulsivity, but it does mention a potential association between the two. The direction of the association is not clear, and the feature type is not specified. The corrected fields reflect the information provided in the sentence.",
75,39796107,The Relationship Between Impulsivity Traits and In Vivo Cerebral Serotonin Transporter and Serotonin 2A Receptor Binding in Healthy Individuals: A Double-Tracer PET Study with C-11 DASB and C-11 MDL100907.,2024,International journal of molecular sciences,Barratt Impulsiveness Scale fMRI,unknown,unknown,nonplanning impulsivity,unknown,correlates_with,higher,,direct,0.8,"the region of interest (ROI)-based partial correlation analysis with age, sex, and temperament traits as covariates revealed a significant positive correlation between non-planning impulsiveness and [11C]MDL100907 BPND in the caudate (CAU) at Bonferroni-corrected p < 0.0045.",yes,,yes,yes,no,,,,,,,,,,llama-3.1-8b-instruct,2,keep,yes,yes,yes,yes,yes,no,nonplanning impulsivity,receptor binding,higher,"The sentence clearly supports the extracted claim, mentioning a direct correlation between non-planning impulsivity and a specific feature (receptor binding) in a particular brain region (caudate).",
76,26189512,Abnormalities of cortical structures in adolescent-onset conduct disorder.,2015,Psychological medicine,Barratt Impulsiveness Scale fMRI,unknown,unknown,impulsivity (general),adolescent-onset conduct disorder,negatively correlated_with,lower,,direct,0.8,"cortical thickness of the paralimbic structures was found to be negatively correlated with impulsivity and antisocial behaviors measured by the BIS and APSD, respectively.",yes,,yes,yes,yes,,,,,,,,,,llama-3.1-8b-instruct,1,revise,yes,no,yes,yes,no,no,impulsivity (general),behavior,lower,"The sentence does not name the feature type, which should be 'behavior' based on the context. Additionally, the directness is not fully supported because the sentence does not name both phenotype and feature.",
77,30105203,Increased efficiency of brain connectivity networks in veterans with suicide attempts.,2018,NeuroImage. Clinical,Barratt Impulsiveness Scale fMRI,unknown,structural connectivity,nonplanning impulsivity,suicide attempt,correlates_with,higher,,direct,0.85,The nonplanning subscale of BIS correlated with the weighted degrees of the left PCC within SA.,yes,,yes,yes,no,,,,,,,,,,llama-3.1-8b-instruct,2,keep,yes,yes,yes,yes,yes,no,nonplanning impulsivity,structural connectivity,higher,"The sentence clearly supports the extracted claim, mentioning a direct correlation between nonplanning impulsivity and higher structural connectivity in the left PCC within the context of suicide attempt.",
78,35434889,Distinct neural signatures of schizotypy and psychopathy during visual word-nonword recognition.,2022,Human brain mapping,Barratt Impulsiveness Scale fMRI,unknown,functional connectivity,impulsivity (general),unknown,associated_with,lower,,indirect,0.7,"Higher Motor Impulsivity was associated with lower activity in the fusiform (bilaterally), inferior frontal (right-sided), and temporal gyri (bilaterally) across all stimuli-types over resting baseline.",yes,,yes,yes,yes,,,,,,,,,,llama-3.1-8b-instruct,2,keep,yes,yes,yes,yes,yes,no,impulsivity (general),functional connectivity,lower,"The sentence clearly supports the extracted claim, mentioning a specific brain region (fusiform, inferior frontal, and temporal gyri) associated with impulsivity, which is a general aspect of the phenotype. The direction of the association (lower activity) matches the extracted direction.",
79,26079873,Barratt Impulsivity and Neural Regulation of Physiological Arousal.,2015,PloS one,Barratt Impulsiveness Scale fMRI,ventromedial prefrontal cortex,functional connectivity,impulsivity (general),unknown,associated_with,higher,diminished control of physiological arousal,direct,0.85,"Across subjects, higher impulsivity is associated with greater SCR to stop trials.",yes,,yes,yes,yes,,,,,,,,,,llama-3.1-8b-instruct,2,keep,yes,yes,yes,yes,yes,no,impulsivity (general),functional connectivity,higher,"The sentence clearly supports the extracted claim, mentioning a direct association between impulsivity and functional connectivity in the context of physiological arousal.",
80,35131529,Examination of gamma-aminobutyric acid and glutamate-glutamine levels in association with impulsive behavior in adolescent marijuana users.,2022,Drug and alcohol dependence,Barratt Impulsiveness Scale fMRI,unknown,unknown,impulsivity (general),unknown,unknown,unclear,,background,,,no,evidence_strength not a number,yes,no,unclear,,,,,,,,,,llama-3.1-8b-instruct,2,keep,yes,yes,yes,yes,yes,no,impulsivity (general),,,,
81,25269835,Caudate asymmetry is related to attentional impulsivity and an objective measure of ADHD-like attentional problems in healthy adults.,2016,Brain structure & function,Barratt Impulsiveness Scale fMRI,unknown,structural connectivity,attentional impulsivity,ADHD-like attentional problems,correlates_with,higher,differential passage of information through frontal-striatal networks may produce instability leading to attentional problems,direct,0.8,We found that larger right relative to left caudate volumes correlated with both higher attentional impulsiveness and worse ADHD scores on the TOVA.,yes,,yes,yes,yes,,,,,,,,,,llama-3.1-8b-instruct,2,keep,yes,yes,yes,yes,yes,no,attentional impulsivity,structural connectivity,higher,,
82,19560123,Ventral striatal activation during reward anticipation correlates with impulsivity in alcoholics.,2009,Biological psychiatry,Barratt Impulsiveness Scale fMRI,ventral striatum,unknown,impulsivity (general),alcoholics,correlates_with,higher,,direct,0.8,"Low activation of the ventral striatum and anterior cingulate during gain anticipation was correlated with high impulsivity only in alcoholics, not in control subjects.",yes,,yes,yes,yes,,,,,,,,,,llama-3.1-8b-instruct,1,revise,yes,no,yes,no,no,no,impulsivity (general),reward anticipation,lower,"The sentence mentions a correlation between low activation of the ventral striatum and high impulsivity, but it does not directly support the claim. The corrected phenotype and feature type are provided, and the direction is corrected to 'lower' to match the sentence.",
83,14572528,Response inhibition and impulsivity: an fMRI study.,2003,Neuropsychologia,Barratt Impulsiveness Scale fMRI,unknown,BOLD variability,impulsivity (general),unknown,correlates_with,higher,,direct,0.8,"Subjects with greater scores on impulsivity scales and who made more errors had greater activation of paralimbic areas during response inhibition, while less impulsive individuals and those with least errors activated higher order association areas.",yes,,yes,yes,yes,,,,,,,,,,llama-3.1-8b-instruct,1,revise,yes,yes,yes,no,no,no,impulsivity (general),BOLD variability,greater,"The sentence partially supports the claim, but the direction and directness need correction. The sentence states that subjects with greater scores on impulsivity scales had greater activation, which implies greater activation is associated with higher impulsivity, not lower. Additionally, the sentence does not name both phenotype and feature explicitly, but the extracted claim captures the relevant parts.",
84,33872964,Diffusion tensor imaging of corpus callosum in adolescent females with borderline personality disorder.,2021,Journal of psychiatric research,Barratt Impulsiveness Scale fMRI,unknown,structural connectivity,impulsivity (general),Borderline Personality Disorder,correlates_with,unclear,,indirect,0.7,There was a negative correlation between FA values in the genu and body of CC and impulsivity.,yes,,yes,yes,yes,,,,,,,,,,llama-3.1-8b-instruct,2,keep,yes,yes,yes,yes,yes,no,impulsivity (general),structural connectivity,negative,"The sentence clearly supports the extracted claim, mentioning a specific phenotype (impulsivity), feature type (structural connectivity), relationship (correlates_with), and direction (negative correlation).",
85,31688973,Volumetric Prefrontal Cortex Alterations in Patients With Alcohol Dependence and the Involvement of Self-Control.,2019,"Alcoholism, clinical and experimental research",Barratt Impulsiveness Scale fMRI,unknown,structural connectivity,impulsivity (general),alcohol dependence,associated_with,lower,,direct,0.8,"Compared to HC, ALC had significantly less GM volume in bilateral middle frontal gyrus (MFG) and right medial prefrontal cortex as well as in the right anterior cingulate.",yes,,yes,yes,yes,,,,,,,,,,llama-3.1-8b-instruct,2,keep,yes,yes,yes,yes,yes,no,impulsivity (general),structural connectivity,lower,"The sentence directly supports the association between impulsivity (general) and lower structural connectivity in the brain, specifically in the bilateral middle frontal gyrus and right medial prefrontal cortex and right anterior cingulate, which are relevant brain regions.",
86,30549328,Impulsivity trait and proactive cognitive control: An fMRI study.,2019,The European journal of neuroscience,Barratt Impulsiveness Scale fMRI,unknown,unknown,motor impulsivity,unknown,associated_with,higher,diminished reactivity threshold and reduced control over covert urges,direct,0.85,We found a positive significant correlation between motor impulsivity scores and the activation of left sensorimotor cortices.,yes,,yes,yes,yes,,,,,,,,,,llama-3.1-8b-instruct,2,keep,yes,yes,yes,yes,yes,no,motor impulsivity,brain activity in left sensorimotor cortices,higher,"The sentence directly supports the association between motor impulsivity and brain activity in left sensorimotor cortices, with a positive correlation indicating higher activation.",
87,23274773,Morphometric correlation of impulsivity in medial prefrontal cortex.,2013,Brain topography,Barratt Impulsiveness Scale fMRI,unknown,structural connectivity,impulsivity (general),unknown,correlates_with,unclear,,direct,0.8,The VBM analysis showed that impulsivity appears to be reliant on a network of cortical (medial prefrontal cortex and dorsolateral prefrontal cortex) and subcortical (ventral striatum) structures,yes,,yes,yes,yes,,,,,,,,,,llama-3.1-8b-instruct,1,revise,yes,yes,yes,no,yes,no,impulsivity (general),structural connectivity,positive,"The sentence partially supports the claim as it mentions a correlation between impulsivity and brain structures, but the direction of the correlation is not explicitly stated. The corrected phenotype, feature type, and direction are provided based on the extracted claim.",
88,34461353,Impulsivity is related to overhasty risk learning in attention-deficit/hyperactivity disorder: A computational psychiatric approach.,2021,Journal of psychiatric research,Barratt Impulsiveness Scale fMRI,unknown,functional connectivity,impulsivity (general),attention-deficit/hyperactivity disorder,associated_with,higher,,direct,0.85,"The degree of overhasty learning in ADHD patients was significantly correlated with the BIS score (r = 0.424, p = 0.009).",yes,,yes,yes,yes,,,,,,,,,,llama-3.1-8b-instruct,1,revise,yes,no,yes,yes,no,no,impulsivity (general),behavioral,higher,The sentence does not directly support the feature type 'functional connectivity' as it mentions a correlation with a behavioral score (BIS). The directness is also not fully supported as it does not name both phenotype and feature.,
89,26460483,Lateral prefrontal model-based signatures are reduced in healthy individuals with high trait impulsivity.,2015,Translational psychiatry,Barratt Impulsiveness Scale fMRI,unknown,functional connectivity,impulsivity (general),unknown,associated_with,lower,,direct,0.9,Right lateral prefrontal model-based signatures were reduced in high-impulsive individuals.,yes,,yes,yes,yes,,,,,,,,,,llama-3.1-8b-instruct,2,keep,yes,yes,yes,yes,yes,no,impulsivity (general),functional connectivity,lower,"The sentence directly states that high-impulsive individuals have reduced lateral prefrontal model-based signatures, which matches the extracted claim.",
90,26393430,Subtypes of trait impulsivity differentially correlate with neural responses to food choices.,2016,Behavioural brain research,Barratt Impulsiveness Scale fMRI,unknown,unknown,nonplanning impulsivity,unknown,correlates_with,higher,,direct,0.85,both measures correlated positively with striatum activation during high versus low energy choices,yes,,yes,yes,yes,,,,,,,,,,llama-3.1-8b-instruct,2,keep,yes,yes,yes,yes,yes,no,nonplanning impulsivity,unknown,higher,"The sentence clearly supports the phenotype, feature, relationship, and direction when stated.",
91,27766203,A negative relationship between ventral striatal loss anticipation response and impulsivity in borderline personality disorder.,2016,NeuroImage. Clinical,Barratt Impulsiveness Scale fMRI,ventral striatal,functional connectivity,impulsivity (general),borderline personality disorder,correlates_with,lower,,direct,0.85,"BPD patients, on the other hand, exhibited a significantly negative correlation between ventral striatal loss anticipation responses and BIS-11 scores, whereas this correlation was significantly positive in healthy controls.",yes,,yes,yes,yes,,,,,,,,,,llama-3.1-8b-instruct,2,keep,yes,yes,yes,yes,yes,no,impulsivity (general),functional connectivity,lower,"The sentence clearly supports the extracted claim by stating a negative correlation between ventral striatal loss anticipation responses and impulsivity in BPD patients, which matches the phenotype-feature association in the claim. The direction of the correlation is also correctly captured as 'lower'.",
92,24909828,Attentional impulsivity in binge eating disorder modulates response inhibition performance and frontal brain networks.,2015,International journal of obesity (2005),Barratt Impulsiveness Scale fMRI,prefrontal control network,functional connectivity,attentional impulsivity,binge eating disorder,related_to,lower,attentional impulsiveness-related attenuation in response inhibition performance,direct,0.8,"Specifically, increased attentional impulsiveness (a subscale of the BIS-11) in BED was related to decreased response inhibition performance and hypoactivity in the prefrontal control network, which was activated when response inhibition was required.",yes,,yes,yes,yes,,,,,,,,,,llama-3.1-8b-instruct,2,keep,yes,yes,yes,yes,yes,no,attentional impulsiveness,response inhibition performance,lower,,
93,30991086,A search for cortical correlates of trait impulsivity in Parkinson´s disease.,2019,Behavioural brain research,Barratt Impulsiveness Scale fMRI,unknown,unknown,nonplanning impulsivity,Parkinson's disease,predicts,higher,,direct,0.8,"Using a multiple regression model, CT in inferior and superior frontal, anterior cingulate and precentral regions significantly predicted BIS attentional subscores (p = 0.041).",yes,,yes,yes,yes,,,,,,,,,,llama-3.1-8b-instruct,2,keep,yes,yes,yes,yes,yes,no,nonplanning impulsivity,behavioral,higher,"The sentence clearly supports the claim by stating a direct relationship between CT in specific brain regions and BIS attentional subscores, which is associated with nonplanning impulsivity.",
94,38078981,Cortical thickness of the inferior parietal lobule as a potential predictor of relapse in men with alcohol dependence.,2024,Brain imaging and behavior,Barratt Impulsiveness Scale fMRI,unknown,unknown,nonplanning impulsivity,alcohol dependence,predicts,lower,,direct,0.85,The cortical thicknesses of the inferior-parietal lobules were significantly higher in abstainers compared with those in relapsers.,yes,,yes,yes,yes,,,,,,,,,,llama-3.1-8b-instruct,0,drop,no,no,no,no,no,yes,,,,"The sentence does not support the claim because it mentions a group difference (abstainers vs. relapsers) but not a phenotype-feature association. Additionally, the direction of the relationship is the opposite of what is claimed in the extracted claim.",
95,36945425,Cortical thickness of the inferior parietal lobule as a potential predictor of relapse in men with alcohol dependence.,2023,Research square,Barratt Impulsiveness Scale fMRI,unknown,unknown,nonplanning impulsivity,alcohol dependence,predicts,higher,,direct,0.85,"Compared to abstainers, relapsers showed higher inattention and non-planning impulsivity on the 11th version of the Barratt Impulsive Scale.",yes,,yes,yes,yes,,,,,,,,,,llama-3.1-8b-instruct,2,keep,yes,yes,yes,yes,yes,no,nonplanning impulsivity,behavioral,higher,"The sentence clearly supports the claim by stating a direct association between the phenotype (nonplanning impulsivity) and a feature (behavioral, as indicated by the Barratt Impulsive Scale) in the context of alcohol dependence, with a higher direction.",
96,27862593,Serotonergic modulation of orbitofrontal activity and its relevance for decision making and impulsivity.,2017,Human brain mapping,Barratt Impulsiveness Scale fMRI,unknown,BOLD variability,impulsivity (general),unknown,correlates_with,higher,,direct,0.8,Orbitofrontal activity was also related to the Barratt Impulsivity Scale.,yes,,yes,yes,yes,,,,,,,,,,llama-3.1-8b-instruct,1,revise,yes,yes,yes,no,no,no,impulsivity (general),BOLD variability,null,"The sentence supports the phenotype and feature, but the direction is not specified. The relationship is also supported, but the directness is not clear as it does not name both phenotype and feature.",
97,32571005,"Cortical Volumetric Correlates of Childhood Trauma, Anxiety, and Impulsivity in Bipolar Disorder.",2020,Psychiatry investigation,Barratt Impulsiveness Scale fMRI,unknown,structural connectivity,impulsivity (general),bipolar disorder,correlates_with,lower,,direct,0.8,BD patients revealed significant inverse correlations between the GMV in the right precentral gyrus and BIS scores; between the GMV in the left middle frontal gyrus and CTQ scores.,yes,,yes,yes,no,,,,,,,,,,llama-3.1-8b-instruct,2,keep,yes,yes,yes,yes,yes,no,impulsivity (general),structural connectivity,lower,"The sentence directly supports the claim by stating a correlation between GMV in specific brain regions and impulsivity (BIS scores) and childhood trauma (CTQ scores), with the direction of the correlation being inverse, indicating lower GMV is associated with higher impulsivity and trauma.",
98,26245713,"Association of COMT and SLC6A3 polymorphisms with impulsivity, response inhibition and brain function.",2015,Cortex; a journal devoted to the study of the nervous system and behavior,Barratt Impulsiveness Scale fMRI,fronto-striatal,BOLD variability,impulsivity (general),unknown,associated_with,higher,reduced striatal dopamine transporter expression leading to increased extracellular dopamine levels,direct,0.8,Homozygosity of the 10R allele was associated with greater fronto-striatal BOLD response than genotypes with at least one 9R allele.,yes,,yes,yes,yes,,,,,,,,,,llama-3.1-8b-instruct,2,keep,yes,yes,yes,yes,yes,no,impulsivity (general),BOLD variability,higher,,
99,16890410,Impulsivity and BOLD fMRI activation in MDMA users and healthy control subjects.,2006,Psychiatry research,Barratt Impulsiveness Scale fMRI,unknown,BOLD variability,impulsivity (general),unknown,correlates_with,higher,,direct,0.8,"A significant correlation between BIS scores and DLPFC activation was found, supporting a role for the DLPFC in BIS-measured impulsivity.",yes,,yes,yes,yes,,,,,,,,,,llama-3.1-8b-instruct,1,revise,yes,yes,yes,no,no,no,impulsivity (general),BOLD variability,positive correlation,"The sentence supports the phenotype and feature, but the direction is not explicitly stated as 'higher'. The directness is also not fully supported because the sentence does not name both phenotype and feature, but it does name the brain region (DLPFC) which is related to the feature.",
100,31071323,Brain structure and trait impulsivity: A comparative VBM study contrasting neural correlates of traditional and alternative concepts in healthy subjects.,2019,Neuropsychologia,Barratt Impulsiveness Scale fMRI,unknown,unknown,impulsivity (general),unknown,associated_with,higher,,direct,0.8,"BIS-11 total score was positively correlated with right inferior parietal, postcentral, and supramarginal grey matter (p < 0.05, FWE cluster-level corrected).",yes,,yes,yes,yes,,,,,,,,,,llama-3.1-8b-instruct,2,keep,yes,yes,yes,yes,yes,no,impulsivity (general),trait impulsivity,higher,The sentence clearly supports the extracted claim by stating a positive correlation between BIS-11 total score (a measure of impulsivity) and grey matter in specific brain regions.,
101,29876253,Pedophilic sex offenders are characterised by reduced GABA concentration in dorsal anterior cingulate cortex.,2018,NeuroImage. Clinical,Barratt Impulsiveness Scale fMRI,unknown,BOLD variability,impulsivity (general),pedophilic sex offenders,correlates_with,lower,,direct,0.85,"In a region related to cognitive control and salience mapping, pedophilic sex offenders showed reduction of the inhibitory neurotransmitter GABA which may be seen as a neuronal correlate of inhibition and behavioral control.",yes,,yes,yes,yes,,,,,,,,,,llama-3.1-8b-instruct,1,revise,yes,no,yes,yes,no,no,impulsivity (general),GABA concentration,lower,"The sentence partially supports the claim, but the feature type is not explicitly mentioned as BOLD variability. The corrected feature type is GABA concentration, which is mentioned in the sentence. The phenotype and direction are supported, but the directness is not fully supported because the sentence does not name both phenotype and feature.",
102,17994474,Diffusion tensor imaging in MDMA users and controls: association with decision making.,2007,The American journal of drug and alcohol abuse,Barratt Impulsiveness Scale fMRI,unknown,structural connectivity,nonplanning impulsivity,MDMA users,correlates_with,higher,,direct,0.85,There was a significant positive correlation between lambda(1) in the rostral body of the corpus callosum and advantageous choices on the IGT.,yes,,yes,yes,yes,,,,,,,,,,llama-3.1-8b-instruct,1,revise,yes,yes,yes,yes,no,no,nonplanning impulsivity,structural connectivity,higher,"The sentence supports the phenotype, feature, and relationship, but does not directly support the directness of the claim. The phenotype 'nonplanning impulsivity' is not explicitly mentioned in the sentence, but it can be inferred from the context. The feature 'structural connectivity' is supported by the mention of lambda(1) in the corpus callosum. The relationship 'correlates_with' is supported by the positive correlation mentioned in the sentence. The direction 'higher' is supported by the positive correlation. However, the directness 'direct' is not supported because the sentence does not name both phenotype and feature.",
103,29322397,Overlapping and distinct neural metabolic patterns related to impulsivity and hypomania in Parkinson's disease.,2019,Brain imaging and behavior,Barratt Impulsiveness Scale fMRI,unknown,functional connectivity,impulsivity (general),Parkinson's disease,associated_with,higher,,direct,0.8,We observed a positive association between BIS-11 and SRMI scores and neural metabolism only in the prefrontal areas.,yes,,yes,yes,yes,,,,,,,,,,llama-3.1-8b-instruct,0,drop,no,no,no,no,no,no,,neural metabolism,,"The sentence does not support the claim because it does not mention impulsivity, and the feature type mentioned in the claim is 'functional connectivity' which is not present in the sentence. The sentence also does not mention a direct association between impulsivity and neural metabolism.",
104,39875081,Exploratory structural neuroimaging examination of impulsivity in severe alcohol use disorder: Persistent implication of the ventral striatum.,2025,Behavioural brain research,Barratt Impulsiveness Scale fMRI,ventral striatum,structural connectivity,impulsivity (general),severe AUD,correlates_with,unclear,,direct,0.7,In the sAUD group there were significant positive correlations between certain impulsivity measures and gray matter volume of the nucleus accumbens.,yes,,yes,yes,yes,,,,,,,,,,llama-3.1-8b-instruct,2,keep,yes,yes,yes,yes,yes,no,,,,"The sentence clearly supports the claim by stating a significant positive correlation between impulsivity measures and gray matter volume in the nucleus accumbens, which is part of the ventral striatum.",
105,30739462,"Differentiation between young adult Internet addicts, smokers, and healthy controls by the interaction between impulsivity and temporal lobe thickness.",2019,Journal of behavioral addictions,Barratt Impulsiveness Scale fMRI,unknown,unknown,impulsivity (general),"Internet addiction, smokers, healthy controls",correlates_with,unclear,,direct,0.7,Internet addicts had a thinner left superior temporal cortex than controls.,yes,,yes,yes,yes,,,,,,,,,,llama-3.1-8b-instruct,2,keep,yes,yes,yes,yes,yes,no,impulsivity (general),brain structure,decreases,"The sentence directly supports the claim that impulsivity correlates with a thinner left superior temporal cortex, which is a brain structure. The direction is supported as it implies a decrease in brain structure thickness in Internet addicts compared to controls.",
106,24655656,Increased structural connectivity in corpus callosum in adolescent males with conduct disorder.,2014,Journal of the American Academy of Child and Adolescent Psychiatry,Barratt Impulsiveness Scale fMRI,unknown,structural connectivity,impulsivity (general),conduct disorder,associated_with,higher,,direct,0.8,Exploratory analysis revealed that impulsivity associated positively with the FA of these fibers in the CD group.,yes,,yes,yes,yes,,,,,,,,,,llama-3.1-8b-instruct,2,keep,yes,yes,yes,yes,yes,no,impulsivity (general),structural connectivity,higher,"The sentence clearly supports the extracted claim, mentioning impulsivity as the phenotype, structural connectivity as the feature type, association as the relationship, higher as the direction, and directness is also supported as the sentence names both phenotype and feature.",
107,28423021,Trait impulsivity components correlate differently with proactive and reactive control.,2017,PloS one,Barratt Impulsiveness Scale fMRI,frontoparietal/control network,functional connectivity,nonplanning impulsivity,unknown,correlates_with,higher,,direct,0.9,Higher motor impulsiveness was associated with a larger proactive control effect in the inferior parietal lobule and a smaller reactive control effect in the right dorsolateral prefrontal cortex (DLPFC) and anterior cingulate contex.,yes,,yes,yes,no,,,,,,,,,,llama-3.1-8b-instruct,1,revise,yes,no,yes,yes,no,no,impulsiveness,functional connectivity,higher,"The sentence does not directly support the feature type 'functional connectivity' as it is mentioned as 'associated with a larger proactive control effect' and 'a smaller reactive control effect', which are more specific than functional connectivity. The phenotype 'nonplanning impulsivity' is supported, but the corrected phenotype is 'impulsiveness' as it is mentioned in the sentence. The relationship 'correlates_with' is supported, and the direction 'higher' is supported. However, the directness 'direct' is not supported as the sentence does not name both phenotype and feature.",
108,24582821,Differential associations between impulsivity and risk-taking and brain activations underlying working memory in adolescents.,2014,Addictive behaviors,Barratt Impulsiveness Scale fMRI,unknown,unknown,impulsivity (general),unknown,associated_with,unclear,,direct,0.7,"The BIS-11A evidenced that motor impulsivity was associated with activity in regions recruited during all stages of working memory, while attention and non-planning impulsivity was only associated with activity in regions recruited during recognition.",yes,,yes,yes,yes,,,,,,,,,,llama-3.1-8b-instruct,2,keep,yes,yes,yes,yes,yes,no,impulsivity (general),working memory,positive,"The sentence clearly supports the extracted claim, mentioning a direct association between impulsivity and working memory. The sentence also specifies the type of impulsivity (motor, attention, and non-planning) and the brain regions involved, which supports the claim's phenotype and feature. The relationship is clearly stated as 'associated with', and the direction can be inferred as positive since activity in regions recruited during working memory is mentioned. The directness is also supported since both phenotype and feature are named. There is no overclaiming as the sentence does not mention a group difference without a phenotype-feature association.",
109,40037660,Impulse control deficits among patients with nonsuicidal self-injury: a mediation analysis based on structural imaging.,2025,Journal of psychiatry & neuroscience : JPN,Barratt Impulsiveness Scale fMRI,unknown,structural connectivity,nonplanning impulsivity,patients with nonsuicidal self-injury,associated_with,higher,,direct,0.8,"Patients with NSSI exhibited decreased grey matter volume and increased white matter volume, with no significant difference in cortical thickness.",yes,,yes,yes,no,,,,,,,,,,llama-3.1-8b-instruct,1,revise,yes,no,yes,yes,no,no,nonplanning impulsivity,grey matter volume,lower,"The sentence mentions grey matter volume, which is a different feature than structural connectivity. The direction is also opposite, as 'decreased' implies lower, not higher.",
110,27199831,Altered Gray Matter Volume and White Matter Integrity in College Students with Mobile Phone Dependence.,2016,Frontiers in psychology,Barratt Impulsiveness Scale fMRI,unknown,structural connectivity,impulsivity (general),Mobile Phone Dependence,correlates_with,lower,,direct,0.85,"In light of underlying trait impulsivity, results revealed decreased GMV in the MPD group relative to controls in regions such as the right superior frontal gyrus (sFG), right inferior frontal gyrus (iFG), and bilateral thalamus (Thal).",yes,,yes,yes,yes,,,,,,,,,,llama-3.1-8b-instruct,2,keep,yes,yes,yes,yes,yes,no,impulsivity (general),structural connectivity,lower,The sentence clearly supports the extracted claim by stating a correlation between impulsivity and decreased gray matter volume in specific brain regions.,
111,33316716,Cingulate white matter volume and associated cognitive and behavioral impulsivity in Veterans with a history of suicide behavior.,2021,Journal of affective disorders,Barratt Impulsiveness Scale fMRI,unknown,structural connectivity,nonplanning impulsivity,Veterans with a history of suicide behavior,correlates_with,lower,,direct,0.85,"non-planning on the BIS was negatively correlated with left rACC WMV for Veterans with a history of SA, p = .04.",yes,,yes,yes,yes,,,,,,,,,,llama-3.1-8b-instruct,2,keep,yes,yes,yes,yes,yes,no,nonplanning impulsivity,structural connectivity,lower,"The sentence clearly supports the extracted claim, mentioning non-planning impulsivity, structural connectivity, correlation, lower direction, and directness.",
112,26483645,"fMRI investigation of response inhibition, emotion, impulsivity, and clinical high-risk behavior in adolescents.",2015,Frontiers in systems neuroscience,Barratt Impulsiveness Scale fMRI,unknown,functional connectivity,impulsivity (general),unknown,associated_with,higher,,direct,0.8,ARBS risk scores correlated highly (0.78) with impulsivity scores from the Barratt Impulsivity scale (BIS).,yes,,yes,yes,yes,,,,,,,,,,llama-3.1-8b-instruct,2,keep,yes,yes,yes,yes,yes,no,impulsivity (general),behavioral score,higher,"The sentence directly supports the association between impulsivity and a behavioral score, with a higher correlation indicating a higher association.",
113,29034964,Hemispheric asymmetry of the frontolimbic cortex in young adults with borderline personality disorder.,2017,Acta psychiatrica Scandinavica,Barratt Impulsiveness Scale fMRI,unknown,unknown,nonplanning impulsivity,borderline personality disorder,correlates_with,higher,,direct,0.8,greater asymmetry of AI&ACC correlated with a higher score in attention subscale of Barratt Impulsiveness Scale.,yes,,yes,yes,yes,,,,,,,,,,llama-3.1-8b-instruct,2,keep,yes,yes,yes,yes,yes,no,nonplanning impulsivity,cognitive,higher,"The sentence clearly supports the claim, mentioning a direct correlation between greater asymmetry of AI&ACC and higher scores in the attention subscale of Barratt Impulsiveness Scale, which is related to nonplanning impulsivity.",
114,18465751,A voxel-based morphometry study of frontal gray matter correlates of impulsivity.,2009,Human brain mapping,Barratt Impulsiveness Scale fMRI,unknown,structural connectivity,impulsivity (general),unknown,inversely correlated,lower,,direct,0.85,"GM volumes of the left and right OFC were inversely correlated with the BIS total score (P = 0.04 and 0.02, respectively).",yes,,yes,yes,yes,,,,,,,,,,llama-3.1-8b-instruct,2,keep,yes,yes,yes,yes,yes,no,impulsivity (general),structural connectivity,lower,"The sentence directly supports the claim by stating an inverse correlation between GM volumes of the OFC and impulsivity, as measured by the BIS total score.",
115,26711526,"Impulsivity across the psychosis spectrum: Correlates of cortical volume, suicidal history, and social and global function.",2016,Schizophrenia research,Barratt Impulsiveness Scale fMRI,unknown,unknown,impulsivity (general),"schizophrenia, schizoaffective disorder, psychotic bipolar disorder",associated_with,higher,,direct,0.8,"BIS scores were found to differ significantly between participant groups, with SZA and PBP exhibiting significantly higher impulsivity than SZ, which exhibited significantly higher impulsivity than HC.",yes,,yes,yes,yes,,,,,,,,,,llama-3.1-8b-instruct,2,keep,yes,yes,yes,yes,yes,no,impulsivity (general),unknown,higher,"The sentence clearly supports the extracted claim by stating that different groups exhibit varying levels of impulsivity, with some groups showing higher impulsivity than others. The sentence directly names the phenotype (impulsivity) and implies a direct relationship between the groups and the phenotype. The direction of the relationship is also clearly stated as 'higher'.",
116,25142098,Dopamine D(2/3) receptor availability and human cognitive impulsivity: a high-resolution positron emission tomography imaging study with [¹¹C]raclopride.,2014,Acta neuropsychiatrica,Barratt Impulsiveness Scale fMRI,unknown,unknown,nonplanning impulsivity,unknown,associated_with,higher,,direct,0.85,The analysis revealed that the non-planning (p = 0.004) and attentional (p = 0.007) impulsiveness subscale scores on the BIS-11 had significant positive correlations with D(2/3) receptor availability in the pre-commissural dorsal caudate.,yes,,yes,yes,yes,,,,,,,,,,llama-3.1-8b-instruct,2,keep,yes,yes,yes,yes,yes,no,nonplanning impulsivity,impulsiveness,higher,"The sentence clearly supports the extracted claim, mentioning a direct association between nonplanning impulsivity and higher D(2/3) receptor availability.",
117,28695069,Morphological connectivity correlates with trait impulsivity in healthy adults.,2017,PeerJ,Barratt Impulsiveness Scale fMRI,unknown,functional connectivity,impulsivity (general),unknown,correlates_with,unclear,,direct,0.8,"The BIS total score was found to correlate with the MCs between the ACC and two other brain regions in the right hemisphere: the inferior frontal gyrus (IFG), a well-established structure for inhibition control; the inferior temporal gyrus (ITG), which has been previously shown to be associated with hyperactive/impulsivity symptoms.",yes,,yes,yes,yes,,,,,,,,,,llama-3.1-8b-instruct,2,keep,yes,yes,yes,yes,yes,no,impulsivity (general),functional connectivity,positive,"The sentence clearly supports the extracted claim by stating a correlation between impulsivity and functional connectivity between the ACC and other brain regions. The direction of the correlation is implied to be positive, as the regions mentioned are associated with inhibition control and impulsivity symptoms. The directness of the claim is also supported, as both phenotype and feature are named in the sentence.",
118,26187551,Self-reported impulsivity is negatively correlated with amygdalar volumes in cocaine dependence.,2015,Psychiatry research,Barratt Impulsiveness Scale fMRI,unknown,structural connectivity,nonplanning impulsivity,cocaine-dependent individuals,correlates_with,lower,,direct,0.9,"Cocaine-dependent individuals showed significant negative correlations between amygdalar volumes and scores on the BIS-11 Attentional subscale, and this relationship differed significantly from the non-significant relationship in healthy comparison subjects.",yes,,yes,yes,yes,,,,,,,,,,llama-3.1-8b-instruct,2,keep,yes,yes,yes,yes,yes,no,nonplanning impulsivity,structural connectivity,lower,"The sentence clearly supports the extracted claim, mentioning a direct relationship between amygdalar volumes and nonplanning impulsivity (measured by the BIS-11 Attentional subscale) in cocaine-dependent individuals.",
119,32428790,Higher impulsivity and lower grey matter volume in the bilateral prefrontal cortex in long-term abstinent individuals with severe methamphetamine use disorder.,2020,Drug and alcohol dependence,Barratt Impulsiveness Scale fMRI,unknown,BOLD variability,impulsivity (general),severe methamphetamine use disorder,correlates_with,lower,,direct,0.85,We observed significantly higher BIS-11 impulsivity scores and lower GMV in the bilateral superior frontal cortex of SMUD-A individuals than in those of control subjects.,yes,,yes,yes,yes,,,,,,,,,,llama-3.1-8b-instruct,2,keep,yes,yes,yes,yes,yes,no,impulsivity (general),BOLD variability,lower,The sentence directly supports the claim by stating a correlation between impulsivity and lower GMV in the bilateral superior frontal cortex.,
120,36036413,[Low doses of quetiapine (Seroquel) as an impulsivity corrector in patients with bipolar affective disorder in remission].,2022,Zhurnal nevrologii i psikhiatrii imeni S.S. Korsakova,Barratt Impulsiveness Scale fMRI,unknown,functional connectivity,impulsivity (general),bipolar affective disorders in remission,correlates_with,higher,,direct,0.8,"The data of fMRI showed an increase in the connectivity of the cortex of the central and parietal tegmentum of the left hemisphere with other areas of the brain, which correlated with the changes in psychometric and test parameters.",yes,,yes,yes,yes,,,,,,,,,,llama-3.1-8b-instruct,1,revise,yes,no,yes,yes,no,no,impulsivity (general),functional connectivity in the cortex of the central and parietal tegmentum of the left hemisphere,higher,The sentence partially supports the claim but needs revision or is indirect because it does not directly mention the feature type as 'functional connectivity' but rather as a change in connectivity. It also does not specify the brain system.,
121,30658245,"A preliminary investigation of impulsivity, aggression and white matter in patients with bipolar disorder and a suicide attempt history.",2019,Journal of affective disorders,Barratt Impulsiveness Scale fMRI,unknown,structural connectivity,impulsivity (general),bipolar disorder with a suicide attempt history,correlates_with,higher,,direct,0.7,"In patients with BD+S, however, higher FA in the anterior (but not the posterior) brain regions correlated with greater overall impulsivity on the UPPS-P Impulsive Behavior Scale.",yes,,yes,yes,yes,,,,,,,,,,llama-3.1-8b-instruct,2,keep,yes,yes,yes,yes,yes,no,impulsivity (general),structural connectivity,higher,"The sentence clearly supports the extracted claim, mentioning impulsivity as the phenotype, structural connectivity as the feature type, a correlation as the relationship, higher as the direction, and directness is also supported as both phenotype and feature are named in the sentence.",
122,40845440,"A multimethod examination of impulsivity and its association with gamma-aminobutyric acid (GABA), glutamate, and other neurometabolite levels in youth who do and do not use alcohol.",2025,Addictive behaviors,Barratt Impulsiveness Scale fMRI,unknown,unknown,impulsivity (general),youth who use alcohol vs. healthy controls,associated_with,higher,,direct,0.7,"Compared to controls, youth who use alcohol had higher impulsivity on the BIS-11 attentional, non-planning, and motor subscales.",yes,,yes,yes,yes,,,,,,,,,,llama-3.1-8b-instruct,2,keep,yes,yes,yes,yes,yes,no,impulsivity (general),behavioral,higher,"The sentence clearly supports the extracted claim by stating a direct association between alcohol use and higher impulsivity in youth, as measured by the BIS-11 subscales.",
123,12079725,"Frontal white matter microstructure, aggression, and impulsivity in men with schizophrenia: a preliminary study.",2002,Biological psychiatry,Barratt Impulsiveness Scale fMRI,unknown,structural connectivity,impulsivity (general),schizophrenia,associated_with,higher,,direct,0.8,Lower fractional anisotropy in right inferior frontal white matter was associated with higher motor impulsiveness.,yes,,yes,yes,yes,,,,,,,,,,llama-3.1-8b-instruct,2,keep,yes,yes,yes,yes,yes,no,impulsivity (general),structural connectivity,higher,"The sentence directly states a relationship between a phenotype (impulsivity) and a feature (fractional anisotropy in white matter), with a clear direction (higher impulsivity associated with lower fractional anisotropy).",
124,20406530,Impulsivity and neural correlates of response inhibition in schizophrenia.,2011,Psychological medicine,Barratt Impulsiveness Scale fMRI,unknown,functional connectivity,impulsivity (general),schizophrenia,associated_with,higher,,direct,0.85,"This correlation involves a unique cluster localized within the right ventrolateral prefrontal cortex (VLPFC), a key node of the brain network subserving response inhibition.",yes,,yes,yes,yes,,,,,,,,,,llama-3.1-8b-instruct,0,drop,no,no,no,unclear,unclear,unclear,,,,"The sentence does not mention impulsivity or functional connectivity, and does not establish an association between them.",
125,21480730,Why so impulsive? White matter alterations are associated with impulsivity in chronic marijuana smokers.,2011,Experimental and clinical psychopharmacology,Barratt Impulsiveness Scale fMRI,unknown,structural connectivity,impulsivity (general),chronic marijuana smokers,associated_with,higher,,direct,0.9,"MJ smokers also had significantly higher BIS total and motor subscale scores relative to NS, which were positively correlated with left frontal FA values.",yes,,yes,yes,yes,,,,,,,,,,llama-3.1-8b-instruct,2,keep,yes,yes,yes,yes,yes,no,impulsivity (general),structural connectivity,higher,"The sentence clearly supports the extracted claim by stating a direct association between impulsivity (general) and higher structural connectivity in the brain, specifically in left frontal white matter, in chronic marijuana smokers.",
126,19019636,Structural brain abnormalities in borderline personality disorder: a voxel-based morphometry study.,2008,Psychiatry research,Barratt Impulsiveness Scale fMRI,unknown,unknown,impulsivity (general),borderline personality disorder,correlates_with,unclear,,indirect,0.5,"Covarying for impulsivity, as determined by the Barratt Impulsiveness Scale, rendered all previously noted voxel-level group differences non-significant.",yes,,yes,yes,no,,,,,,,,,,llama-3.1-8b-instruct,0,drop,no,no,no,no,no,no,,,,"The sentence does not support the phenotype, feature, relationship, or direction of the claim. It mentions impulsivity, but it is used as a covariate rather than a phenotype-feature association.",
127,25104290,Abnormal white matter integrity in chronic users of codeine-containing cough syrups: a tract-based spatial statistics study.,2015,AJNR. American journal of neuroradiology,Barratt Impulsiveness Scale fMRI,unknown,structural connectivity,impulsivity (general),chronic codeine-containing syrup users,correlates_with,lower,,direct,0.8,"There were significant negative correlations among fractional anisotropy values of the right frontal region of the inferior fronto-occipital fasciculus and the right superior corona radiata WM and Barratt Impulsiveness Scale total scores, and between the right frontal region of the inferior fronto-occipital fasciculus and nonplan impulsivity scores in chronic codeine-containing syrup users.",yes,,yes,yes,yes,,,,,,,,,,llama-3.1-8b-instruct,2,keep,yes,yes,yes,yes,yes,no,impulsivity (general),structural connectivity,lower,"The sentence clearly supports the extracted claim, mentioning a direct correlation between white matter integrity and impulsivity scores in chronic codeine-containing syrup users.",
128,22336565,Diminished frontostriatal activity during processing of monetary rewards and losses in pathological gambling.,2012,Biological psychiatry,Barratt Impulsiveness Scale fMRI,ventral striatum,unknown,impulsivity (general),pathological gambling,correlates_with,lower,,direct,0.8,"Activity in the ventral striatum correlated inversely with levels of impulsivity in PG participants, consistent with prior findings in alcohol dependence.",yes,,yes,yes,yes,,,,,,,,,,llama-3.1-8b-instruct,2,keep,yes,yes,yes,yes,yes,no,impulsivity (general),unknown,lower,"The sentence clearly supports the extracted claim, mentioning a direct correlation between activity in the ventral striatum and levels of impulsivity in pathological gambling participants.",
129,24177988,Neural substrates of inhibitory control deficits in 22q11.2 deletion syndrome.,2015,"Cerebral cortex (New York, N.Y. : 1991)",Barratt Impulsiveness Scale fMRI,unknown,unknown,impulsivity (general),22q11.2 deletion syndrome,associated_with,higher,,indirect,0.7,RI-related activity within left middle frontal gyrus and basal ganglia was associated with severity of self-reported cognitive impulsivity.,yes,,yes,yes,yes,,,,,,,,,,llama-3.1-8b-instruct,2,keep,yes,yes,yes,yes,yes,no,impulsivity (general),cognitive,higher,"The sentence clearly supports the extracted claim by stating a relationship between brain activity and impulsivity, with a specific direction and directness. The phenotype and feature are also clearly supported, and there is no overclaiming.",
130,27738995,The relationship of impulsivity and cortical thickness in depressed and non-depressed adolescents.,2017,Brain imaging and behavior,Barratt Impulsiveness Scale fMRI,unknown,unknown,impulsivity (general),MDD,moderates,unclear,,direct,0.8,"For the middle frontal gyrus, non-MDD participants showed a strong positive association between cortical thickness and BIS-11 Motor scores, while MDD-diagnosed participants showed a negative association.",yes,,yes,yes,yes,,,,,,,,,,llama-3.1-8b-instruct,1,revise,yes,yes,yes,no,no,no,impulsivity (general),cortical thickness,positive,"The sentence partially supports the claim, but the direction and directness need correction. The phenotype is impulsivity, the feature is cortical thickness, and the relationship is a positive association in non-MDD participants.",
131,24656768,"Impulsivity, aggression and brain structure in high and low lethality suicide attempters with borderline personality disorder.",2014,Psychiatry research,Barratt Impulsiveness Scale fMRI,unknown,unknown,impulsivity (general),borderline personality disorder,related_to,unclear,,indirect,0.7,Effects of impulsivity and aggression on gray matter volumes discriminated High from Low Lethality attempters and differed markedly within lethality groups.,yes,,yes,yes,yes,,,,,,,,,,llama-3.1-8b-instruct,2,keep,yes,yes,yes,yes,yes,no,impulsivity (general),volume of gray matter,related to,"The sentence clearly supports the claim by stating a relationship between impulsivity and gray matter volumes, which is a specific feature. The direction is also supported as it implies a relationship between impulsivity and gray matter volumes, which is related to lethality groups.",
132,26772668,"High trait aggression in men is associated with low 5-HT levels, as indexed by 5-HT4 receptor binding.",2016,Social cognitive and affective neuroscience,Barratt Impulsiveness Scale fMRI,unknown,unknown,impulsivity (general),unknown,associated_with,higher,,indirect,0.8,"Among male subjects, there was a positive correlation between global 5-HT4R and BPAQ total score (P = 0.037) as well as BPAQ physical aggression (P = 0.025).",yes,,yes,yes,yes,,,,,,,,,,llama-3.1-8b-instruct,1,revise,yes,yes,yes,yes,no,no,impulsivity (general),aggression (physical),higher,"The sentence partially supports the claim, but the feature type should be corrected to 'aggression (physical)' and the directness is not fully supported because it does not name both phenotype and feature.",
133,31718806,Confirmatory factor analysis of the Barratt Impulsiveness Scale-short form (BIS-15) in patients with mental disorders.,2020,Psychiatry research,Barratt Impulsiveness Scale neuroimaging,unknown,unknown,impulsivity (general),patients with mental disorders,unknown,unclear,,background,,,no,evidence_strength not a number,yes,no,unclear,,,,,,,,,,llama-3.1-8b-instruct,1,revise,yes,no,no,no,no,no,impulsivity (general),unknown,unclear,"The sentence partially supports the claim, but the feature and relationship are unknown. The direction is also unclear.",
134,32535505,"The abbreviated version of the Barratt Impulsiveness Scale (ABIS): Psychometric analysis, reliable change indexes in clinical practice and normative data.",2020,Psychiatry research,Barratt Impulsiveness Scale neuroimaging,unknown,unknown,impulsivity (general),unknown,unknown,unclear,,background,,,no,evidence_strength not a number,yes,no,unclear,,,,,,,,,,llama-3.1-8b-instruct,2,keep,yes,yes,yes,yes,yes,no,impulsivity (general),unknown,unclear,"The sentence directly supports the claim by mentioning impulsivity, which is the phenotype in question. The feature type is unknown, but it is mentioned in the sentence. The relationship is also unknown, but it is mentioned. The direction is unclear, but it is mentioned. The directness is background, which matches the extracted directness. There is no overclaiming as the sentence does not mention a group difference without a phenotype-feature association.",
135,17365120,Normative data and a short form of the Barratt Impulsiveness Scale.,2007,The International journal of neuroscience,Barratt Impulsiveness Scale neuroimaging,unknown,unknown,impulsivity (general),unknown,unknown,unclear,,background,,,no,evidence_strength not a number,yes,no,unclear,,,,,,,,,,llama-3.1-8b-instruct,2,keep,yes,yes,yes,yes,yes,no,impulsivity (general),,,,
136,30832195,"Thai adaptation and reliability of three versions of the Barratt Impulsiveness Scale (BIS 11, BIS-15, and BIS-Brief).",2019,Psychiatry research,Barratt Impulsiveness Scale neuroimaging,unknown,unknown,impulsivity (general),unknown,unknown,unclear,,background,,,no,evidence_strength not a number,yes,no,unclear,,,,,,,,,,llama-3.1-8b-instruct,1,revise,yes,no,no,no,no,no,impulsivity (general),unknown,unclear,"The sentence does not mention a specific feature, relationship, or direction, but it does mention a phenotype. The decision is 'revise' because the sentence is useful evidence but needs revision or is indirect.",
137,30504061,Relationship between quality of life in young adults and impulsivity/compulsivity✰.,2019,Psychiatry research,Barratt Impulsiveness Scale neuroimaging,unknown,unknown,impulsivity (general),unknown,associated_with,lower,,background,0.8,"Worse quality of life was also significantly explained by higher impulsiveness on the Barratt scale,",yes,,yes,yes,yes,,,,,,,,,,llama-3.1-8b-instruct,2,keep,yes,yes,yes,yes,yes,no,impulsivity (general),unknown,lower,"The sentence clearly supports the extracted claim, mentioning a relationship between impulsivity and quality of life, with a specific direction (lower quality of life with higher impulsiveness).",
138,40706276,"Low-grade inflammation, cognitive dysfunction, impulsivity, and appetite hormone dysregulation in adolescents with attention deficit hyperactivity disorder.",2025,Psychiatry research,Barratt Impulsiveness Scale neuroimaging,unknown,unknown,impulsivity (general),ADHD,associated_with,higher,,indirect,0.8,"Among the adolescents with ADHD, 16 (18.2 %) were categorized into the low-grade inflammation group. Generalized linear models, adjusted for age, sex, and SNAP-IV scores, revealed that adolescents with ADHD and low-grade inflammation had the highest self-reported overall impulsiveness (BIS total scores; p = 0.006), inattention (BIS-attention subscale scores; p = 0.005), and poor self-control (BIS-self-control subscale scores; p = 0.006).",yes,,yes,yes,yes,,,,,,,,,,llama-3.1-8b-instruct,2,keep,yes,yes,yes,yes,yes,no,impulsivity (general),behavioral,higher,"The sentence clearly supports the extracted claim, mentioning impulsivity as a phenotype and providing a specific association with low-grade inflammation in adolescents with ADHD.",
139,37969475,Evaluation of Optical Coherence Tomography Findings in Antisocial Personality Disorder Patients.,2023,Alpha psychiatry,Barratt Impulsiveness Scale neuroimaging,unknown,unknown,impulsivity (general),antisocial personality disorder,associated_with,higher,,direct,0.8,"The Barratt Impulsivity Scale-motor (P < .001), Barratt Impulsivity Scale-non-planning dimension (P < .001), and Barratt Impulsivity Scale-total scores (P < .001) of the patients were significantly higher when compared to the controls.",yes,,yes,yes,no,,,,,,,,,,llama-3.1-8b-instruct,2,keep,yes,yes,yes,yes,yes,no,impulsivity (general),behavioral,higher,The sentence directly supports the association between impulsivity and higher scores on the Barratt Impulsivity Scale in patients with antisocial personality disorder.,
140,26277035,BDNF concentration and impulsiveness level in post-traumatic stress disorder.,2015,Psychiatry research,Barratt Impulsiveness Scale neuroimaging,unknown,unknown,impulsivity (general),post-traumatic stress disorder,associated_with,higher,,direct,0.8,"Results indicate a positive correlation in the PTSD group; that is, the higher the BDNF levels the higher the impulsiveness score, as measured by the Barratt Impulsiveness Scale (BIS-11), suggesting that impulsiveness could be associated with greater BDNF production.",yes,,yes,yes,yes,,,,,,,,,,llama-3.1-8b-instruct,2,keep,yes,yes,yes,yes,yes,no,impulsivity (general),unknown,higher,"The sentence clearly supports the extracted claim, mentioning a direct association between impulsiveness and BDNF levels in the PTSD group.",
141,15541779,Nicotine use in schizophrenia and disinhibition.,2004,Psychiatry research,Barratt Impulsiveness Scale neuroimaging,unknown,unknown,nonplanning impulsivity,schizophrenia or schizoaffective disorder,correlates_with,higher,,indirect,0.8,The differences were found exclusively with the 'disinhibition' subscale. No significant difference was found for impulsivity and physical anhedonia mean scores.,yes,,yes,yes,no,,,,,,,,,,llama-3.1-8b-instruct,0,drop,no,no,no,unclear,unclear,no,,,,"The sentence does not mention nonplanning impulsivity, which is the phenotype in the extracted claim. It also does not mention a correlation or association, which is the relationship in the extracted claim.",
142,38645237,Reward Circuit Local Field Potential Modulations Precede Risk Taking.,2024,bioRxiv : the preprint server for biology,Barratt Impulsiveness Scale neuroimaging,unknown,unknown,impulsivity (general),unknown,associated_with,unclear,,direct,0.8,Insula risky decision power was associated with orbitofrontal cortex high-gamma reward prediction error signal ( p =0.0048) and with patient impulsivity ( p =0.00478).,yes,,yes,yes,yes,,,,,,,,,,llama-3.1-8b-instruct,1,revise,yes,yes,yes,no,yes,no,impulsivity (general),behavioral trait,positive,"The sentence partially supports the claim, but the direction is unclear and should be corrected to positive. The feature type is also unclear and should be corrected to a behavioral trait.",
143,30920937,"Interpersonal Problems in Borderline Personality Disorder: Associations With Mentalizing, Emotion Regulation, and Impulsiveness.",2021,Journal of personality disorders,Barratt Impulsiveness Scale neuroimaging,unknown,unknown,impulsivity (general),borderline personality disorder,predicts,higher,,indirect,0.85,"attentional impulsiveness predicted interpersonal problems directly, whereas hypomentalizing predicted interpersonal problems only indirectly throughout emotion dysregulation and attentional impulsiveness.",yes,,yes,yes,yes,,,,,,,,,,llama-3.1-8b-instruct,2,keep,yes,yes,yes,yes,yes,no,impulsivity (general),interpersonal problems,higher,"The sentence clearly supports the extracted claim, mentioning impulsivity as a predictor of interpersonal problems, with a higher direction. The directness is also supported as the sentence explicitly states 'directly'.",
144,35149322,Resting State EEG Activity Related to Impulsivity in People with Prescription Opioid Use Disorder.,2022,Psychiatry research. Neuroimaging,Barratt Impulsiveness Scale neuroimaging,unknown,EEG connectivity,impulsivity (general),prescription OUD,associated_with,higher,,direct,0.85,"In patients, β1, β2, and δ activity was positively associated with disorder severity.",yes,,yes,yes,yes,,,,,,,,,,llama-3.1-8b-instruct,1,revise,yes,no,yes,yes,no,no,impulsivity (general),EEG activity,higher,The sentence does not directly support the feature type 'EEG connectivity' but rather 'EEG activity'. The directness of the sentence is also not fully supported as it does not name both phenotype and feature.,
145,27667777,Networks underlying trait impulsivity: Evidence from voxel-based lesion-symptom mapping.,2017,Human brain mapping,Barratt Impulsiveness Scale neuroimaging,unknown,unknown,impulsivity (general),unknown,associated_with,higher,,direct,0.8,"Heightened global impulsivity was associated with damage to multiple areas in bilateral prefrontal cortex (PFC), left superior, middle and inferior temporal gyrus, and left hippocampus.",yes,,yes,yes,yes,,,,,,,,,,llama-3.1-8b-instruct,2,keep,yes,yes,yes,yes,yes,no,impulsivity (general),unknown,higher,The sentence clearly supports the extracted claim by stating a direct association between heightened impulsivity and damage to specific brain areas.,
146,23603064,Neural correlate of impulsivity in subjects at ultra-high risk for psychosis.,2013,Progress in neuro-psychopharmacology & biological psychiatry,Barratt Impulsiveness Scale neuroimaging,unknown,unknown,impulsivity (general),ultra-high risk for psychosis,correlates_with,higher,,direct,0.8,"The gray matter volume of the ACC was negatively correlated with the motor (r = -0.472, p<0.01) and non-planning (r = -0.354, p = 0.04) scores of the BIS-11 in UHR subjects.",yes,,yes,yes,yes,,,,,,,,,,llama-3.1-8b-instruct,0,drop,no,no,no,no,no,no,,planning,lower,The sentence does not support the claim because it mentions a different phenotype (impulsivity) and feature (planning) than the extracted claim. The direction of the correlation is also opposite to the extracted claim.,
147,33440292,Childhood Trauma increases suicidal behaviour in a treatment-resistant depression population: a FACE-DR report.,2021,Journal of psychiatric research,Barratt Impulsiveness Scale neuroimaging,unknown,unknown,impulsivity (general),Treatment-Resistant Depression,mediated_by,unclear,,indirect,0.7,"we found an association with the total CTQ scores mediated by the intensity of the current episode in a model adjusted for age and sex (total effect: β = 0.171; p = 0.011, direct effect: β = 0.135; p = 0.043; indirect effect: β = 0.036; p = 0.048).",yes,,yes,yes,yes,,,,,,,,,,llama-3.1-8b-instruct,1,revise,yes,no,yes,no,no,no,impulsivity (general),unknown,positive,"The sentence supports the phenotype but not the feature. The relationship is supported, but the direction is not. The directness is not supported because the sentence does not name both phenotype and feature. The corrected direction is positive because the beta value is positive.",
148,25071497,A model-based analysis of impulsivity using a slot-machine gambling paradigm.,2014,Frontiers in human neuroscience,Barratt Impulsiveness Scale neuroimaging,unknown,unknown,impulsivity (general),unknown,correlates_with,higher,,direct,0.8,"we found that impulsivity, as measured independently by the 11th revision of the Barratt Impulsiveness Scale (BIS-11), correlated significantly with an aggregate read-out of the following gambling responses: bet increases (BIs), machines switches (MS), casino switches (CS), and double-ups (DUs).",yes,,yes,yes,yes,,,,,,,,,,llama-3.1-8b-instruct,2,keep,yes,yes,yes,yes,yes,no,impulsivity (general),unknown,higher,The sentence clearly supports the extracted claim by stating a direct correlation between impulsivity and gambling responses.,
149,33113453,Suicide behavior is associated with childhood emotion dysregulation but not trait impulsivity in first episode psychosis.,2020,Psychiatry research,Barratt Impulsiveness Scale neuroimaging,unknown,unknown,impulsivity (general),first episode psychosis,associated_with,unclear,,background,0.7,"However, other impulsivity types, and interactions were not associated with a history of SI or SB.",yes,,yes,yes,yes,,,,,,,,,,llama-3.1-8b-instruct,0,drop,yes,no,no,no,no,no,,specific impulsivity types,not associated,"The sentence does not support the feature type, relationship, or direction of the claim. It mentions specific impulsivity types, which is a more specific feature than the extracted claim. The sentence also states that these types are not associated with a history of SI or SB, which is the opposite of the claim's relationship.",
150,30071388,Sleep and circadian rhythm function and trait impulsivity: An actigraphy study.,2018,Psychiatry research,Barratt Impulsiveness Scale neuroimaging,unknown,unknown,impulsivity (general),unknown,associated_with,unclear,,background,0.6,"High impulsive individuals displayed phase-delayed patterns of sleep, a decreased total sleep time and sleep efficiency, and disrupted circadian function.",yes,,yes,yes,yes,,,,,,,,,,llama-3.1-8b-instruct,2,keep,yes,yes,yes,yes,yes,no,impulsivity (general),sleep patterns,positive,"The sentence clearly supports the association between impulsivity and sleep patterns, with a specific direction (phase-delayed patterns) and directness (displayed).",
151,19758706,Are self-injurers impulsive?: Results from two behavioral laboratory studies.,2009,Psychiatry research,Barratt Impulsiveness Scale neuroimaging,unknown,unknown,impulsivity (general),self-injurers,correlates_with,higher,,indirect,0.5,"In both studies, self-injurers reported greater impulsiveness;",yes,,yes,yes,yes,,,,,,,,,,llama-3.1-8b-instruct,2,keep,yes,yes,yes,yes,yes,no,impulsivity (general),unknown,higher,"The sentence clearly supports the extracted claim, mentioning self-injurers and their reported impulsiveness, which matches the phenotype and direction of the claim.",
152,34274904,Dimensions of impulsivity related to psychopathic traits and homicidal behavior among incarcerated male youth offenders.,2021,Psychiatry research,Barratt Impulsiveness Scale neuroimaging,unknown,unknown,impulsivity (general),"psychopathic traits, Psychopathy Checklist: Youth Version (PCL:YV), Barratt Impulsiveness Scale (BIS-11)",correlated_with,higher,,indirect,0.85,"Correlational analyses indicated PCL:YV total, Factor 2, Facet 3, and Facet 4 scores were significantly positively correlated with BIS-11 total scores.",yes,,yes,yes,yes,,,,,,,,,,llama-3.1-8b-instruct,2,keep,yes,yes,yes,yes,yes,no,impulsivity (general),psychopathic traits,higher,The sentence clearly supports the extracted claim by indicating a positive correlation between impulsivity (general) and psychopathic traits.,
153,29649673,The relationship between impulsivity and panic disorder-agoraphobia: The role of affective temperament.,2018,Psychiatry research,Barratt Impulsiveness Scale neuroimaging,unknown,unknown,impulsivity (general),panic disorder (PD),correlates_with,unclear,,indirect,0.7,"Positive and negative correlations were found between some PAS and BIS-11 scores as well as correlations between especially cyclothymic, hyperthymic, irritable and anxious subscale scores of the TEMPS-A and the BIS-11 scores in the patient group.",yes,,yes,yes,yes,,,,,,,,,,llama-3.1-8b-instruct,1,revise,yes,no,yes,no,no,no,impulsivity (general),affective temperament,positive and negative,"The sentence partially supports the claim by mentioning a correlation between impulsivity and affective temperament, but the feature type is not clearly stated as a phenotype-feature association. The direction is mixed and the directness is indirect.",
154,29677623,Cerebrospinal fluid FGF23 levels correlate with a measure of impulsivity.,2018,Psychiatry research,Barratt Impulsiveness Scale neuroimaging,unknown,unknown,impulsivity (general),unknown,correlates_with,unclear,,direct,0.8,"Negative correlations were found between CSF FGF23 concentrations and BIS non-planning, BIS cognition and BIS total score (all p < 0.05).",yes,,yes,yes,yes,,,,,,,,,,llama-3.1-8b-instruct,2,keep,yes,yes,yes,yes,yes,no,impulsivity (general),behavioral,negative,"The sentence clearly supports the extracted claim, mentioning a direct correlation between CSF FGF23 concentrations and impulsivity measures (BIS non-planning, cognition, and total score).",
155,37731603,Dual-site beta tACS over rIFG and M1 enhances response inhibition: A parallel multiple control and replication study.,2023,International journal of clinical and health psychology : IJCHP,Barratt Impulsiveness Scale neuroimaging,unknown,EEG connectivity,unknown,unknown,enhances,higher,,direct,0.85,"In Experiment 1, 70 healthy participants were randomly assigned to three dual-site beta-tACS groups, including in-phase, anti-phase or sham stimulation. During and after stimulation, participants were required to complete the stop-signal task, and electroencephalography (EEG) was collected before and after stimulation.",yes,,yes,yes,yes,,,,,,,,,,llama-3.1-8b-instruct,1,revise,yes,yes,yes,no,no,no,response inhibition,EEG connectivity,unknown,"The sentence partially supports the claim because it mentions the stop-signal task, which is related to response inhibition, and EEG, which is related to EEG connectivity. However, the direction of the relationship is not specified. Additionally, the sentence does not name both phenotype and feature directly, so directness_supported is false.",
156,30384282,CSF glutamate level decreases in heavy smokers and negatively correlates with BDI scores.,2018,Psychiatry research,Barratt Impulsiveness Scale neuroimaging,unknown,unknown,impulsivity (general),unknown,correlates_with,higher,,indirect,0.75,"BIS action scores, total scores and BDI scores were significantly different between the groups.",yes,,yes,yes,yes,,,,,,,,,,llama-3.1-8b-instruct,0,drop,no,no,no,no,no,no,,,,"The sentence does not mention impulsivity, which is the phenotype in the extracted claim. It also does not mention a feature or a relationship with impulsivity.",
157,37992775,Indirect effect of impulsivity on suicide risk through self-esteem and depressive symptoms in a population with treatment-resistant depression: A FACE-DR study.,2024,Journal of affective disorders,Barratt Impulsiveness Scale neuroimaging,unknown,unknown,impulsivity (general),treatment-resistant depression,associated_with,unclear,mediated by self-esteem and depressive symptoms,indirect,0.6,"There was no direct link to suicide risk. However, impulsivity was associated with self-esteem (coefficient: -0.24; p value 0.043) and depressive symptom severity (coefficient: 0.; p value 0.045).",yes,,yes,yes,yes,,,,,,,,,,llama-3.1-8b-instruct,1,revise,yes,yes,yes,no,no,no,impulsivity (general),self-esteem and depressive symptoms,"positive association with self-esteem, positive association with depressive symptom severity","The sentence partially supports the claim but needs revision or is indirect. The direction of association is unclear and needs to be specified. The directness of the relationship is also unclear as it is stated that impulsivity is associated with self-esteem and depressive symptom severity, but it is not clear if this is a direct or indirect relationship.",
158,39116689,Impulsivity as a predictor of clinical and psychological outcomes in a naturalistic prospective cohort of subjects at ultra-high risk (UHR) for psychosis from Tunisia.,2024,Psychiatry research,Barratt Impulsiveness Scale neuroimaging,unknown,unknown,impulsivity (general),Ultra High Risk (UHR) for psychosis,predicts,higher,,indirect,0.75,higher baseline BIS-11 motor impulsivity significantly predicted more severe positive psychotic symptoms at 12 months of follow-up.,yes,,yes,yes,yes,,,,,,,,,,llama-3.1-8b-instruct,2,keep,yes,yes,yes,yes,yes,no,impulsivity (general),psychotic symptoms,higher,"The sentence clearly supports the extracted claim, mentioning impulsivity as the phenotype, psychotic symptoms as the feature, predicting as the relationship, higher as the direction, and indirect as the directness.",
159,15996748,Correlates of trait impulsiveness in performance measures and neuropsychological tests.,2005,Psychiatry research,Barratt Impulsiveness Scale neuroimaging,unknown,unknown,impulsivity (general),unknown,correlates_with,unclear,,background,,,no,evidence_strength not a number,yes,no,unclear,,,,,,,,,,llama-3.1-8b-instruct,2,keep,yes,yes,yes,yes,yes,no,impulsivity (general),unknown,unclear,"The sentence clearly supports the extracted claim, mentioning impulsivity as the phenotype and correlating it with other measures and tests, without specifying the direction or feature type.",
160,35170659,Relationship between optical coherence tomography findings and clinical variables in patients with opiate use disorder.,2023,Arquivos brasileiros de oftalmologia,Barratt Impulsiveness Scale neuroimaging,unknown,unknown,impulsivity (general),opiate use disorder,correlates_with,unclear,,background,,,no,evidence_strength not a number,yes,no,unclear,,,,,,,,,,llama-3.1-8b-instruct,1,revise,yes,no,yes,no,no,no,impulsivity (general),unknown,,"The sentence partially supports the claim, but the feature type is unknown and needs revision. The direction is unclear and cannot be supported.",
161,29337234,Electrophysiological Activity Prior to Self-initiated Movements is Related to Impulsive Personality Traits.,2018,Neuroscience,Barratt Impulsiveness Scale neuroimaging,unknown,EEG connectivity,impulsivity (general),unknown,correlates_with,higher,,direct,0.85,"In particular, the RP showed an earlier negative rising phase and a greater amplitude, with the increasing of BIS-11 scores.",yes,,yes,yes,yes,,,,,,,,,,llama-3.1-8b-instruct,1,revise,yes,yes,yes,yes,no,no,impulsivity (general),EEG amplitude,greater,"The sentence supports the phenotype, feature, and relationship, but does not name the feature type directly. The corrected feature type is 'EEG amplitude' and the corrected direction is 'greater'.",
162,32977054,Impulsivity as a multifactorial construct and its relationship to PTSD severity and threat sensitivity.,2020,Psychiatry research,Barratt Impulsiveness Scale neuroimaging,unknown,unknown,impulsivity (general),PTSD,associated_with,higher,,unclear,0.8,PTSD severity was significantly associated with greater overall impulsivity and behavioral impulsivity.,yes,,yes,yes,yes,,,,,,,,,,llama-3.1-8b-instruct,2,keep,yes,yes,yes,yes,yes,no,impulsivity (general),behavioral,higher,"The sentence clearly supports the extracted claim, mentioning a specific type of impulsivity (behavioral) and a clear direction (higher).",
163,23122556,Decision-making and impulsivity in eating disorder patients.,2013,Psychiatry research,Barratt Impulsiveness Scale neuroimaging,unknown,unknown,impulsivity (general),eating disorder patients,correlates_with,lower,,indirect,0.7,"impulsivity was negatively correlated with decision-making, but only in the binge/purging group.",yes,,yes,yes,yes,,,,,,,,,,llama-3.1-8b-instruct,1,revise,yes,no,yes,no,no,no,impulsivity (general),decision-making,lower,"The sentence partially supports the claim, but the feature type is not specified. The direction is mixed in the sentence, but the extracted direction captures the relevant part exactly.",
164,32554185,Adult attention-deficit hyperactivity disorder and clinical correlates of delayed sleep phase disorder.,2020,Psychiatry research,Barratt Impulsiveness Scale neuroimaging,unknown,unknown,impulsivity (general),ADHD,associated_with,unclear,,background,,,no,evidence_strength not a number,yes,no,unclear,,,,,,,,,,llama-3.1-8b-instruct,1,revise,yes,no,yes,no,no,no,impulsivity (general),sleep phase,,"The sentence partially supports the claim about impulsivity being associated with something, but it does not specify what feature is associated with it. The direction is also unclear.",
165,33426970,Add-on repetitive transcranial magnetic stimulation in patients with opioid use disorder undergoing methadone maintenance therapy.,2021,The American journal of drug and alcohol abuse,Barratt Impulsiveness Scale neuroimaging,unknown,unknown,impulsivity (general),OUD participants undergoing MMT,correlates_with,lower,,direct,0.8,"However, HDRS scores, BIS-11 attentional subscales, and CPTs commission T-scores (C-TS) were significantly lower in the active rTMS group (P = .003, 0.04, and 0.02, respectively) than in the sham group.",yes,,yes,yes,yes,,,,,,,,,,llama-3.1-8b-instruct,2,keep,yes,yes,yes,yes,yes,no,impulsivity (general),unknown,lower,"The sentence directly supports the claim by stating that HDRS scores, BIS-11 attentional subscales, and CPTs commission T-scores were significantly lower in the active rTMS group, which matches the extracted phenotype of impulsivity (general) and the direction of lower.",
166,25819744,Distinct domains of impulsivity are impaired in juvenile myoclonic epilepsy but not in temporal lobe epilepsy.,2015,Epilepsy & behavior : E&B,Barratt Impulsiveness Scale neuroimaging,unknown,unknown,impulsivity (general),"juvenile myoclonic epilepsy, temporal lobe epilepsy",associated_with,higher,,direct,0.8,"Patients with JME showed higher scores than patients with TLE and controls in all domains: motor (JME vs TLE: 28.60 vs 13.25 (mean score), p<0.001 and JME vs controls: 28.60 vs 14.12, p<0.001), attentional (JME vs TLE: 21.55 vs 13.45, p<0.001 and JME vs controls: 21.55 vs 14.88, p<0.001) and nonplanning (JME vs TLE: 28.05 vs 13.10, p<0.001 and JME vs controls: 28.05 vs 16.15, p<0.001).",yes,,yes,yes,yes,,,,,,,,,,llama-3.1-8b-instruct,2,keep,yes,yes,yes,yes,yes,no,impulsivity (general),unknown,higher,"The sentence clearly supports the extracted claim, mentioning higher impulsivity scores in patients with JME compared to TLE and controls in all domains.",
167,32450451,"Problematic Internet use (PIU), personality profiles and emotion dysregulation in a cohort of young adults: trajectories from risky behaviors to addiction.",2020,Psychiatry research,Barratt Impulsiveness Scale neuroimaging,unknown,unknown,impulsivity (general),unknown,unknown,unclear,,background,,,no,evidence_strength not a number,yes,no,unclear,,,,,,,,,,llama-3.1-8b-instruct,1,revise,yes,no,no,no,no,no,impulsivity (general),behavior,positive,"The sentence partially supports the claim by mentioning impulsivity, but it does not specify the feature type or relationship. The direction is unclear, and the directness is background. The corrected fields are based on the assumption that the feature type is 'behavior' and the direction is 'positive'.",
168,10359481,Etiology of the impulsivity/aggression relationship: genes or environment?,1999,Psychiatry research,Barratt Impulsiveness Scale neuroimaging,unknown,unknown,impulsivity (general),unknown,associated_with,unclear,,background,0.5,,yes,,yes,no,unclear,,,,,,,,,,llama-3.1-8b-instruct,1,revise,yes,no,yes,no,no,no,impulsivity (general),behavior,positive,"The sentence partially supports the claim, but the feature type and direction need to be corrected.",
169,20478631,Relationship between impulsivity and decision making in cocaine dependence.,2010,Psychiatry research,Barratt Impulsiveness Scale neuroimaging,unknown,unknown,impulsivity (general),cocaine-dependent subjects,correlates_with,unclear,,background,0.5,,yes,,yes,no,unclear,,,,,,,,,,llama-3.1-8b-instruct,1,revise,yes,no,yes,no,no,no,impulsivity (general),decision making,positive,"The sentence partially supports the claim but needs revision or is indirect. The phenotype is supported, but the feature type is not. The relationship is supported, but the direction is unclear. The directness is background, which does not match the extracted directness. The corrected feature type is 'decision making' and the corrected direction is 'positive'.",
170,21665292,Impulsivity and internalizing disorders in childhood.,2011,Psychiatry research,Barratt Impulsiveness Scale neuroimaging,unknown,unknown,impulsivity (general),"internalizing disorders, depression, anxiety",correlates_with,unclear,,background,0.7,"Impulsivity was related to measures of anxiety, depression and aggressive behavior, and showed higher relationships with measures of internalizing symptoms than with aggression.",yes,,yes,yes,yes,,,,,,,,,,llama-3.1-8b-instruct,1,revise,yes,no,yes,no,no,no,impulsivity (general),internalizing symptoms,positive,"The sentence partially supports the claim by mentioning a relationship between impulsivity and internalizing symptoms, but it does not clearly state the direction of the relationship. The feature type is also not explicitly stated, but can be inferred as internalizing symptoms. The phenotype is correctly identified as impulsivity. The relationship is correctly identified as correlates_with. The directness is background, which does not match the directness of the claim. The direction is unclear, which does not match the direction of the claim. The sentence also implies a relationship with aggression, which is not mentioned in the claim.",
171,28783574,Go/No-Go task performance predicts differences in compulsivity but not in impulsivity personality traits.,2017,Psychiatry research,Barratt Impulsiveness Scale neuroimaging,unknown,unknown,impulsivity (general),unknown,predicts,higher,,indirect,0.7,"Surprisingly, no relation was found between the Go/No-Go task and the BIS-11 scale.",yes,,yes,yes,yes,,,,,,,,,,llama-3.1-8b-instruct,0,drop,no,no,no,unclear,unclear,no,,,,"The sentence does not support the extracted claim as it mentions no relation between the Go/No-Go task and impulsivity, which is the phenotype in the claim.",
172,20832123,Platelet [³H] paroxetine binding in female patients with borderline personality disorder and their sisters.,2011,Psychiatry research,Barratt Impulsiveness Scale neuroimaging,unknown,unknown,impulsivity (general),borderline personality disorder,associated_with,unclear,,background,0.2,There were no differences on B(max). Neither B(max) nor K(d) was related to most trait or symptomatic measures.,yes,,yes,yes,no,,,,,,,,,,llama-3.1-8b-instruct,0,drop,no,no,no,no,no,no,,,,"The sentence does not mention impulsivity or any other phenotype-feature association, and instead discusses B(max) and K(d) in relation to trait or symptomatic measures.",
173,30616125,A multi-dimensional evaluation of craving and impulsivity among people admitted for alcohol-related problems in emergency department.,2019,Psychiatry research,Barratt Impulsiveness Scale neuroimaging,unknown,unknown,impulsivity (general),alcohol misuse,associated_with,unclear,,background,,,no,evidence_strength not a number,yes,no,unclear,,,,,,,,,,llama-3.1-8b-instruct,1,revise,yes,no,yes,no,no,no,impulsivity (general),unknown,,"The sentence partially supports the claim, but the feature type is unknown and needs revision. The direction is unclear and cannot be supported.",
174,28675825,The association between in vivo central noradrenaline transporter availability and trait impulsivity.,2017,Psychiatry research. Neuroimaging,Barratt Impulsiveness Scale neuroimaging,unknown,unknown,impulsivity (general),unknown,correlates_with,lower,,direct,0.8,"applying both voxel-wise and volume-of-interest (VOI) based analyses, we found that distribution volume ratios (DVR) used as PET outcome measures negatively correlated with BIS-11 total scores in the orbitofrontal cortex (OFC) and in the hippocampus as well as in parts of the cerebellar cortex.",yes,,yes,yes,no,,,,,,,,,,llama-3.1-8b-instruct,2,keep,yes,yes,yes,yes,yes,no,impulsivity (general),unknown,lower,"The sentence clearly supports the extracted claim by stating a correlation between the phenotype (impulsivity) and a feature in specific brain regions (orbitofrontal cortex, hippocampus, and cerebellar cortex). The direction of the correlation is also correctly stated as lower.",
175,24608747,Trait impulsivity is associated with the risk of falls in Parkinson's disease.,2014,PloS one,Barratt Impulsiveness Scale neuroimaging,unknown,unknown,impulsivity (general),Parkinson's disease,associated_with,higher,,indirect,0.8,Total impulsivity scores were higher for recurrent fallers (59.5) compared to non-fallers (56.8; p = .012).,yes,,yes,yes,yes,,,,,,,,,,llama-3.1-8b-instruct,2,keep,yes,yes,yes,yes,yes,no,impulsivity (general),trait,higher,The sentence clearly supports the extracted claim by stating that total impulsivity scores were higher for recurrent fallers compared to non-fallers.,
176,27371803,Risk-taking behavior and impulsivity among HCV-infected patients.,2016,Psychiatry research,Barratt Impulsiveness Scale neuroimaging,unknown,unknown,impulsivity (general),HCV-infected patients,associated_with,higher,,indirect,0.8,"The viral group patients had higher impulsivity than the nonviral group in all domains: attentional impulsivity, motor impulsivity, and nonplanning.",yes,,yes,yes,yes,,,,,,,,,,llama-3.1-8b-instruct,2,keep,yes,yes,yes,yes,yes,no,,,,,
177,22766012,"Neuropsychological performance, impulsivity, ADHD symptoms, and novelty seeking in compulsive buying disorder.",2012,Psychiatry research,Barratt Impulsiveness Scale neuroimaging,unknown,unknown,impulsivity (general),compulsive buying disorder,correlates_with,higher,,indirect,0.8,"Compulsive buyers had elevated levels of self-reported depression, ADHD symptoms, trait impulsivity, and novelty seeking.",yes,,yes,yes,no,,,,,,,,,,llama-3.1-8b-instruct,1,revise,yes,no,yes,yes,no,no,impulsivity (general),trait,higher,"The sentence partially supports the claim, but the feature type is not specified. The corrected feature type is 'trait' based on the context of the sentence.",
178,28391138,Associations between serotonin transporter and behavioral traits and diagnoses related to anxiety.,2017,Psychiatry research,Barratt Impulsiveness Scale neuroimaging,unknown,unknown,impulsivity (general),unknown,associated_with,higher,,direct,0.85,"High (but not low)-risk offspring with two risk (short, s) alleles had higher impulsivity (+13%).",yes,,yes,yes,no,,,,,,,,,,llama-3.1-8b-instruct,2,keep,yes,yes,yes,yes,yes,no,impulsivity (general),unknown,higher,"The sentence clearly supports the extracted claim, mentioning a direct association between the serotonin transporter and impulsivity in high-risk offspring.",
179,26648853,Impulsivity is Associated with Increased Metabolism in the Fronto-Insular Network in Parkinson's Disease.,2015,Frontiers in behavioral neuroscience,Barratt Impulsiveness Scale neuroimaging,unknown,BOLD variability,impulsivity (general),Parkinson's disease,associated_with,higher,,direct,0.9,"Voxel-wise group comparison revealed higher FDG-metabolism in the orbitofrontal cortex (OFC), anterior cingulate cortex (ACC), and right insula in patients with higher impulsivity scores.",yes,,yes,yes,yes,,,,,,,,,,llama-3.1-8b-instruct,2,keep,yes,yes,yes,yes,yes,no,,,,"The sentence directly supports the association between impulsivity and increased metabolism in the specified brain regions, which matches the extracted claim.",
180,23770040,Resting-state beta and gamma activity in Internet addiction.,2013,International journal of psychophysiology : official journal of the International Organization of Psychophysiology,Barratt Impulsiveness Scale neuroimaging,unknown,BOLD variability,impulsivity (general),Internet addiction,correlates_with,lower,,direct,0.85,"The Internet addiction group showed lower absolute power on the beta band than did the control group (estimate = -3.370, p < 0.01).",yes,,yes,yes,no,,,,,,,,,,llama-3.1-8b-instruct,2,keep,yes,yes,yes,yes,yes,no,impulsivity (general),BOLD variability,lower,"The sentence directly states that the Internet addiction group has lower beta band activity than the control group, which matches the extracted claim.",
181,23158972,Impulsivity is related to striatal dopamine transporter availability in healthy males.,2013,Psychiatry research,Barratt Impulsiveness Scale neuroimaging,unknown,unknown,impulsivity (general),unknown,associated_with,higher,,direct,0.85,greater dopamine transporter availability was associated with higher BIS impulsivity,yes,,yes,yes,yes,,,,,,,,,,llama-3.1-8b-instruct,2,keep,yes,yes,yes,yes,yes,no,impulsivity (general),unknown,higher,"The sentence clearly supports the extracted claim, with a direct association between dopamine transporter availability and impulsivity.",
182,22749228,Behavioral and cognitive impulsivity in obsessive-compulsive disorder and eating disorders.,2012,Psychiatry research,Barratt Impulsiveness Scale neuroimaging,unknown,unknown,impulsivity (general),"obsessive-compulsive disorder, eating disorder",associated_with,higher,,indirect,0.75,"Compared to controls, both clinical groups reported higher levels of impulsivity on the BIS-11",yes,,yes,yes,yes,,,,,,,,,,llama-3.1-8b-instruct,2,keep,yes,yes,yes,yes,yes,no,impulsivity (general),unknown,higher,The sentence clearly supports the extracted claim by stating that both clinical groups reported higher levels of impulsivity compared to controls.,
183,24612970,"Anxiety, depression, impulsivity and substance misuse in violent and non-violent adolescent boys in detention in China.",2014,Psychiatry research,Barratt Impulsiveness Scale neuroimaging,unknown,unknown,impulsivity (general),unknown,predicts,higher,,indirect,0.8,"Violent offenders had significantly higher BIS-11 total scores, and attention and nonplanning subscale scores (p<0.05).",yes,,yes,yes,yes,,,,,,,,,,llama-3.1-8b-instruct,2,keep,yes,yes,yes,yes,yes,no,impulsivity (general),behavioral,higher,"The sentence directly supports the claim by stating that violent offenders had higher impulsivity scores, which is a clear association between the phenotype and feature.",
184,31616015,Subjective estimates of uncertainty during gambling and impulsivity after subthalamic deep brain stimulation for Parkinson's disease.,2019,Scientific reports,Barratt Impulsiveness Scale neuroimaging,unknown,unknown,impulsivity (general),Parkinson's disease,associated_with,higher,subjective estimates of uncertainty (environmental volatility),direct,0.85,"Moreover, changes in these parameter estimates were significantly associated with the maximum post-operative change in impulsivity over a six month follow up period.",yes,,yes,yes,yes,,,,,,,,,,llama-3.1-8b-instruct,2,keep,yes,yes,yes,yes,yes,no,impulsivity (general),unknown,higher,"The sentence clearly supports the extracted claim, mentioning a significant association between changes in parameter estimates and the maximum post-operative change in impulsivity.",
185,27449004,"The association of Internet addiction symptoms with impulsiveness, loneliness, novelty seeking and behavioral inhibition system among adults with attention-deficit/hyperactivity disorder (ADHD).",2016,Psychiatry research,Barratt Impulsiveness Scale neuroimaging,unknown,unknown,impulsivity (general),attention-deficit/hyperactivity disorder (ADHD),predicts,higher,,indirect,0.85,"Adults with high impulsiveness, loneliness, and BIS should be treated with caution for preventing Internet addiction.",yes,,yes,yes,yes,,,,,,,,,,llama-3.1-8b-instruct,0,drop,no,no,no,no,no,no,,,,"The sentence does not support the claim because it does not mention Internet addiction, which is the phenotype in the claim. It also does not mention a relationship between impulsiveness and Internet addiction.",
186,29120849,Genetic analysis of impulsive personality traits: Examination of a priori candidates and genome-wide variation.,2018,Psychiatry research,Barratt Impulsiveness Scale neuroimaging,unknown,unknown,impulsivity (general),unknown,unknown,unclear,,background,,,no,evidence_strength not a number,yes,no,unclear,,,,,,,,,,llama-3.1-8b-instruct,1,revise,yes,no,yes,no,no,no,impulsivity (general),unknown,,"The sentence partially supports the claim, but the feature type and direction are not specified.",
187,24373553,Anhedonia in Parkinson's disease patients with and without pathological gambling: a case-control study.,2014,Psychiatry research,Barratt Impulsiveness Scale neuroimaging,unknown,unknown,impulsivity (general),Pathological Gambling (PG) and other Impulse Control Disorders (ICDs),correlates_with,higher,,indirect,0.8,"The PG-group, compared to the ICDs-group and PD-controls, reported a significantly higher incidence of anhedonia (45% vs. 9% vs. 14% respectively), higher Snaith-Hamilton Pleasure Scale (SHAPS) scores (2.0±1.3 vs. 1.0±1.1 vs. 1.0±1.2), higher levels of impulsivity traits as measured by the Barratt Impulsiveness Scale (70.0±10.6 vs. 64.8±11 vs. 60.9±9.3) and more severe frontal dysfunctions (Frontal Assessment Battery, FAB: 12.4±4.9 vs. 15.5±1.6 vs. 14.4±3).",yes,,yes,yes,yes,,,,,,,,,,llama-3.1-8b-instruct,2,keep,yes,yes,yes,yes,yes,no,impulsivity (general),unknown,higher,"The sentence clearly supports the extracted claim, mentioning higher levels of impulsivity traits in the PG-group compared to the ICDs-group and PD-controls.",
188,27614152,"Impulsivity, implicit attitudes and explicit cognitions, and alcohol dependence as predictors of pathological gambling.",2016,Psychiatry research,Barratt Impulsiveness Scale neuroimaging,unknown,unknown,impulsivity (general),"pathological gamblers, alcohol dependent",predicts,higher,,indirect,0.8,"Impulsivity (BIS-11) and changes in implicit attitudes (IAT) were able to discriminate between pathological gamblers and controls, the latter being less impulsive and having fewer implicit attitudes towards gambling.",yes,,yes,yes,yes,,,,,,,,,,llama-3.1-8b-instruct,1,revise,yes,no,yes,yes,no,no,impulsivity (general),unknown,lower,"The sentence partially supports the claim, but the feature is not specified. The corrected feature type is unknown because the sentence does not provide enough information to determine the feature type. The direction is corrected to lower because the sentence states that controls are less impulsive.",
189,31669801,Increased neural activity in the right dorsolateral prefrontal cortex during a risky decision-making task is associated with cocaine use in methadone-maintained patients.,2019,Drug and alcohol dependence,Barratt Impulsiveness Scale neuroimaging,unknown,functional connectivity,impulsivity (general),methadone-maintained patients,associated_with,higher,,direct,0.8,"MMPs who used cocaine versus those who did not reported increased trait impulsivity on the BIS-11 Total Score (t=-2.28, p = 0.031).",yes,,yes,yes,yes,,,,,,,,,,llama-3.1-8b-instruct,2,keep,yes,yes,yes,yes,yes,no,impulsivity (general),self-reported trait,higher,The sentence clearly supports the extracted claim by stating a direct association between cocaine use and higher impulsivity in MMPs.,
190,29580652,"Gambling behavior in Parkinson's Disease: Impulsivity, reward mechanism and cortical brain oscillations.",2018,Psychiatry research,Barratt Impulsiveness Scale neuroimaging,unknown,unknown,impulsivity (general),Parkinson's Disease,correlated_with,higher,,direct,0.8,Higher BAS (Behavioral Activation System) and BIS-11 (Barratt Impulsiveness Scale) personality components were correlated to groups' behavioral response.,yes,,yes,yes,no,,,,,,,,,,llama-3.1-8b-instruct,1,revise,yes,no,yes,yes,no,no,impulsivity (general),personality components,higher,"The sentence partially supports the claim, but the feature type needs to be corrected to 'personality components' and the directness is not fully supported because it does not name both phenotype and feature.",
191,14675743,Neurobiological correlates of diagnosis and underlying traits in patients with borderline personality disorder compared with normal controls.,2004,Psychiatry research,Barratt Impulsiveness Scale neuroimaging,unknown,unknown,impulsivity (general),unknown,associated_with,higher,,direct,0.8,Borderline subjects with high BIS scores showed prolactin blunting.,yes,,yes,yes,yes,,,,,,,,,,llama-3.1-8b-instruct,1,revise,yes,no,yes,yes,no,no,impulsivity (general),unknown,higher,"The sentence does not name the feature, and the directness is not fully supported because it does not name both phenotype and feature.",
192,12860356,"Impulsivity, gender, and response to fenfluramine challenge in borderline personality disorder.",2003,Psychiatry research,Barratt Impulsiveness Scale neuroimaging,unknown,unknown,impulsivity (general),borderline personality disorder,predicts,higher,,indirect,0.8,Impulsivity and aggression each predicted prolactin responses.,yes,,yes,yes,yes,,,,,,,,,,llama-3.1-8b-instruct,0,drop,no,no,no,no,no,no,,,,"The sentence does not mention impulsivity as a predictor of prolactin responses, but rather as a predictor that is associated with another predictor (aggression).",
193,26803778,Dysfunctional decision-making related to white matter alterations in bipolar I disorder.,2016,Journal of affective disorders,Barratt Impulsiveness Scale neuroimaging,unknown,structural connectivity,impulsivity (general),bipolar I disorder,correlates_with,unclear,,indirect,0.7,They also showed more risk-taking behavior and reported increased trait-impulsivity.,yes,,yes,yes,yes,,,,,,,,,,llama-3.1-8b-instruct,2,keep,yes,yes,yes,yes,yes,no,impulsivity (general),behavioral,increases,"The sentence directly supports the claim by stating that the individuals showed more risk-taking behavior and reported increased trait-impulsivity, which is a clear association between impulsivity and a specific behavioral feature.",
194,26660886,Functional Connectivity and Quantitative EEG in Women with Alcohol Use Disorders: A Resting-State Study.,2016,Brain topography,Barratt Impulsiveness Scale neuroimaging,unknown,functional connectivity,nonplanning impulsivity,Alcohol Use Disorders,correlates_with,lower,,direct,0.85,We also found that impaired functional connectivity particularly in alpha band at fronto-central areas was negative correlated with non-planning dimension of impulsivity.,yes,,yes,yes,yes,,,,,,,,,,llama-3.1-8b-instruct,2,keep,yes,yes,yes,yes,yes,no,nonplanning impulsivity,functional connectivity,lower,"The sentence clearly supports the extracted claim, mentioning a direct relationship between nonplanning impulsivity and impaired functional connectivity in a specific brain area.",
195,40467551,Common neural patterns of substance use disorder: a seed-based resting-state functional connectivity meta-analysis.,2025,Translational psychiatry,BIS-11 fMRI impulsivity,unknown,functional connectivity,impulsivity (general),substance use disorder,correlates_with,lower,,direct,0.85,"Notably, the total score of the BIS-11 in SUD patients was significantly negatively correlated with reduced rsFC between the striatum and MCG.",yes,,yes,yes,yes,,,,,,,,,,llama-3.1-8b-instruct,2,keep,yes,yes,yes,yes,yes,no,impulsivity (general),functional connectivity,lower,"The sentence clearly supports the extracted claim, mentioning a direct correlation between impulsivity (general) and reduced functional connectivity between the striatum and MCG in SUD patients.",
196,38092841,White matter-based brain network topological properties associated with individual impulsivity.,2023,Scientific reports,BIS-11 fMRI impulsivity,unknown,structural connectivity,impulsivity (general),unknown,associated_with,unclear,,indirect,0.7,"Though DD was associated with the BIS-11 motor impulsiveness subscale, this subscale was linked to topological properties different from DD;",yes,,yes,yes,yes,,,,,,,,,,llama-3.1-8b-instruct,1,revise,yes,yes,yes,no,yes,no,impulsivity (general),structural connectivity,unclear,"The sentence partially supports the claim, but the direction is unclear and should be corrected to 'unclear'.",
197,36320407,White matter integrity and functional connectivity in adolescents with a parental history of substance use disorder.,2021,Neuroimage. Reports,BIS-11 fMRI impulsivity,unknown,structural connectivity,impulsivity (general),parental history of substance use disorder,associated_with,higher,,direct,0.8,"However, we did not find significant differences between the FH+ and FH- groups when comparing associations of BIS-11 scores and white matter integrity or functional connectivity measures.",yes,,yes,yes,yes,,,,,,,,,,llama-3.1-8b-instruct,0,drop,no,no,no,unclear,unclear,no,,,,"The sentence does not support the claim because it states that no significant differences were found, which is the opposite of the claim that impulsivity is associated with higher structural connectivity.",
198,32889355,Functional connectome-based biomarkers predict chronic codeine-containing cough syrup dependent.,2020,Journal of psychiatric research,BIS-11 fMRI impulsivity,unknown,functional connectivity,impulsivity (general),CCSD,predicts,higher,,direct,0.8,"The abnormal global properties (Cp and Eloc) and node properties of the prefrontal cortex were significantly correlated with clinical characteristics (BIS-11 scores, CCS abuse duration) in CCSD.",yes,,yes,yes,yes,,,,,,,,,,llama-3.1-8b-instruct,1,revise,yes,yes,yes,no,no,no,impulsivity (general),functional connectivity,null,"The sentence partially supports the claim, but the direction and directness are not explicitly stated. The phenotype 'impulsivity (general)' is mentioned in the paper title, and the feature type 'functional connectivity' is also mentioned. However, the relationship is not exactly 'predicts', but rather 'correlated with'. The direction is not explicitly stated, and the directness is not explicitly stated either. The corrected phenotype, feature type, and direction are set to null, as no correction is needed or possible.",
199,40945612,Diffusion tensor imaging-based evaluation of white-matter tract alterations in schizophrenic patients with personality-related comorbidities.,2026,Behavioural brain research,BIS-11 fMRI impulsivity,unknown,structural connectivity,impulsivity (general),schizophrenia,correlates_with,higher,,indirect,0.7,"These abnormalities were significantly correlated with heightened impulsivity, impaired self-regulation, and increased psychosis proneness.",yes,,yes,yes,yes,,,,,,,,,,llama-3.1-8b-instruct,2,keep,yes,yes,yes,yes,yes,no,impulsivity (general),behavioral,higher,"The sentence clearly supports the extracted claim, mentioning a correlation between abnormalities and heightened impulsivity, which is a specific instance of the general phenotype 'impulsivity (general)'. The feature type is not explicitly mentioned as 'structural connectivity', but it can be inferred that the abnormalities in white-matter tract alterations are related to the brain's structural connectivity. The relationship is 'correlates_with', and the direction is 'higher', which matches the extracted claim. The directness is 'indirect', as the sentence does not directly state the relationship between the abnormalities and impulsivity, but rather mentions a correlation. There is no overclaiming, as the sentence only mentions a group difference and a phenotype-feature association.",
200,24885073,Trait impulsivity and impaired prefrontal impulse inhibition function in adolescents with internet gaming addiction revealed by a Go/No-Go fMRI study.,2014,Behavioral and brain functions : BBF,BIS-11 fMRI impulsivity,unknown,functional connectivity,impulsivity (general),Internet gaming addiction,associated_with,higher,,direct,0.8,Activation of the left superior medial frontal gyrus was positively associated with BIS-11 and Chen Internet Addiction Scale (CIAS) total score across IGA participants.,yes,,yes,yes,yes,,,,,,,,,,llama-3.1-8b-instruct,2,keep,yes,yes,yes,yes,yes,no,impulsivity (general),functional connectivity,higher,The sentence clearly supports the extracted claim by stating a direct association between activation of the left superior medial frontal gyrus and impulsivity (measured by BIS-11 and CIAS total score) in IGA participants.,
201,26658924,Citicoline Treatment Improves Measures of Impulsivity and Task Performance in Chronic Marijuana Smokers: A Pilot BOLD fMRI Study.,2015,International journal of neurology and neurotherapy,BIS-11 fMRI impulsivity,unknown,unknown,impulsivity (general),unknown,improves,lower,,direct,0.8,"Following the 8 week trial, MJ smokers treated with citicoline demonstrated significantly lower levels of behavioral impulsivity,",yes,,yes,yes,yes,,,,,,,,,,llama-3.1-8b-instruct,2,keep,yes,yes,yes,yes,yes,no,impulsivity (general),behavioral,lower,"The sentence clearly supports the extracted claim, mentioning a direct improvement in impulsivity, a specific phenotype-feature association, and the correct direction.",
202,36124350,[The value of MR diffusion tensor imaging in assessing white matter changes in short-term methamphetamine withdrawal].,2022,Zhonghua yi xue za zhi,BIS-11 fMRI impulsivity,unknown,structural connectivity,impulsivity (general),short-term methamphetamine (MA) abstinence,correlates_with,unclear,,indirect,0.7,"There were significant differences in BIS total score(P<0.001), BIS motivational impulsivity(P<0.001) and BIS attentional impulsivity(P=0.003) between MA group and healthy control group in short-term withdrawal.",yes,,yes,yes,yes,,,,,,,,,,llama-3.1-8b-instruct,2,keep,yes,yes,yes,yes,yes,no,impulsivity (general),behavioral,unclear,The sentence supports the claim by mentioning significant differences in impulsivity scores between the MA group and the healthy control group. The phenotype 'impulsivity (general)' is supported as it is related to the mentioned impulsivity scores. The feature type 'behavioral' is supported as the sentence describes behavioral aspects of impulsivity. The relationship 'correlates_with' is supported as the sentence describes a correlation between the MA group and the healthy control group. The direction 'unclear' is supported as the sentence does not specify the direction of the correlation. The directness 'indirect' is supported as the sentence describes a correlation between groups rather than a direct effect on a specific feature.,
203,22858213,Reduced posterior corpus callosum area in suicidal and non-suicidal patients with bipolar disorder.,2012,Journal of affective disorders,BIS-11 fMRI impulsivity,unknown,structural connectivity,nonplanning impulsivity,bipolar disorder,associated_with,higher,,direct,0.7,"In the BP-S group, the BIS-11 total (p=0.01), attention (p=0.001) and non-planning (p=0.02) impulsivity scores were significantly higher than in the BP-NS and HC groups.",yes,,yes,yes,yes,,,,,,,,,,llama-3.1-8b-instruct,1,revise,yes,yes,yes,yes,no,no,nonplanning impulsivity,behavioral trait,higher,"The sentence supports the phenotype and feature, but the feature type is behavioral trait, not structural connectivity. Also, directness is not fully supported because the sentence does not name both phenotype and feature.",
204,32124022,Abnormal white matter within brain structural networks is associated with high-impulse behaviour in codeine-containing cough syrup dependent users.,2021,European archives of psychiatry and clinical neuroscience,BIS-11 fMRI impulsivity,unknown,structural connectivity,impulsivity (general),codeine-containing cough syrup dependent users,associated_with,unclear,,direct,0.8,"Structural networks of the CCSD group demonstrated lower small-world properties than those of the HC group. Abnormal changes in nodal properties among CCSD users were located mainly in the frontal gyrus, inferior parietal lobe and olfactory cortex. NBS analysis further indicated disrupted structural connections between the frontal gyrus and multiple brain regions.",yes,,yes,yes,yes,,,,,,,,,,llama-3.1-8b-instruct,2,keep,yes,yes,yes,yes,yes,no,impulsivity (general),structural connectivity,unclear,"The sentence clearly supports the phenotype (impulsivity), feature type (structural connectivity), relationship (associated_with), and direction (unclear) when stated. The phenotype and feature type match the extracted claim, and the relationship is clearly stated. The direction is unclear, but the extracted direction captures the relevant part exactly.",
205,23562867,Decreased caudate response to milkshake is associated with higher body mass index and greater impulsivity.,2013,Physiology & behavior,BIS-11 fMRI impulsivity,unknown,BOLD variability,impulsivity (general),unknown,associated_with,higher,,direct,0.9,self-reported impulsivity was negatively associated with caudate response to milkshake.,yes,,yes,yes,yes,,,,,,,,,,llama-3.1-8b-instruct,2,keep,yes,yes,yes,yes,yes,no,impulsivity (general),BOLD variability,lower,"The sentence directly states a relationship between impulsivity and caudate response to milkshake, with a clear direction of association.",
206,29567425,Association between self-reported impulsiveness and gray matter volume in healthy adults. An exploratory MRI study.,2018,Neuroscience letters,BIS-11 fMRI impulsivity,unknown,structural connectivity,impulsivity (general),unknown,correlates_with,unclear,,direct,0.7,"Firstly, we found negative and positive correlations between fronto-temporal and occipital areas respectively and BIS.",yes,,yes,yes,yes,,,,,,,,,,llama-3.1-8b-instruct,1,revise,yes,no,yes,no,yes,no,impulsivity (general),gray matter volume,negatively correlates with,"The sentence mentions a correlation between gray matter volume and impulsivity, but the feature type is structural connectivity, which is not directly related to gray matter volume. The direction is mixed, but the corrected direction captures the relevant part.",
207,22885245,Decreased saliency processing as a neural measure of Barratt impulsivity in healthy adults.,2012,NeuroImage,BIS-11 fMRI impulsivity,unknown,functional connectivity,impulsivity (general),unknown,associated_with,lower,,direct,0.8,"Using the generalized form of psychophysiological interaction (gPPI), we showed that functional connectivity of the right insula and MFC with the left dorsolateral prefrontal cortex and bilateral visual areas were also negatively correlated with impulsivity.",yes,,yes,yes,yes,,,,,,,,,,llama-3.1-8b-instruct,2,keep,yes,yes,yes,yes,yes,no,impulsivity (general),functional connectivity,lower,The sentence clearly supports the extracted claim by mentioning a direct association between impulsivity and functional connectivity in the brain. The direction of the association is also clearly stated as lower.,
208,41671767,Hippocampus in the symptom architecture of schizophrenia spectrum disorders: A network analysis approach.,2026,Schizophrenia research,BIS-11 fMRI impulsivity,unknown,unknown,impulsivity (general),schizophrenia spectrum disorders,associated_with,unclear,,indirect,0.2,"Total hippocampal volume was negatively associated with PANSS (edge weight [ew] = -0.08), reversed GAF scores (ew = -0.04) and B-CATS (ew = -0.03), but showed no association with BIS-11 or NSS scores.",yes,,yes,yes,yes,,,,,,,,,,llama-3.1-8b-instruct,1,revise,yes,yes,yes,no,no,no,impulsivity (general),behavioral score,negative,"The sentence partially supports the claim, but the direction and directness need to be revised. The phenotype is impulsivity (general), which is supported. The feature is behavioral scores, which is partially supported as it includes PANSS, GAF, B-CATS, BIS-11, and NSS scores. The relationship is associated_with, which is supported. The direction is unclear in the sentence, but the corrected direction is negative based on the negative association. The directness is indirect, but the sentence does not name both phenotype and feature, so it needs to be revised.",
209,28828225,Quantifying absolute glutamate concentrations in nucleus accumbens of prescription opioid addicts by using 1H MRS.,2017,Brain and behavior,BIS-11 fMRI impulsivity,unknown,unknown,impulsivity (general),unknown,correlates_with,higher,,direct,0.8,"The glutamate concentrations correlated positively with BIS-11 scores in prescription opiate addicts (r = .671, p = .001), but not with SAS score and ASI index.",yes,,yes,yes,yes,,,,,,,,,,llama-3.1-8b-instruct,1,revise,yes,no,yes,yes,no,no,impulsivity (general),glutamate concentrations,higher,"The sentence partially supports the claim because it mentions a correlation between glutamate concentrations and impulsivity (general), but it does not specify the feature type. The relationship and direction are supported, but the directness is not because the sentence does not name both phenotype and feature. The corrected phenotype, feature type, and direction are based on the information provided in the sentence.",
210,31599080,Prefrontal GABA and glutamate levels correlate with impulsivity and cognitive function of prescription opioid addicts: A 1 H-magnetic resonance spectroscopy study.,2020,Psychiatry and clinical neurosciences,BIS-11 fMRI impulsivity,unknown,unknown,impulsivity (general),prescription opioid addiction,correlates_with,lower,,direct,0.7,GABA+ levels correlated negatively with BIS-11 scores but correlated positively with MoCA scores.,yes,,yes,yes,yes,,,,,,,,,,llama-3.1-8b-instruct,2,keep,yes,yes,yes,yes,yes,no,impulsivity (general),cognitive function,lower,"The sentence clearly supports the extracted claim, mentioning a direct correlation between GABA+ levels and impulsivity (general) as measured by BIS-11 scores, and a correlation between GABA+ levels and cognitive function as measured by MoCA scores.",
211,25456522,Obsessive-compulsivity and working memory are associated with differential prefrontal cortex and insula activation in adolescents with a recent diagnosis of an eating disorder.,2014,Psychiatry research,BIS-11 fMRI impulsivity,unknown,unknown,impulsivity (general),adolescent females with eating disorder not otherwise specified (EDNOS),associated_with,unclear,,indirect,0.7,"We found that EDNOS subjects had significantly higher scores on the BIS 11, EDE-Q and OCI-R scales.",yes,,yes,yes,yes,,,,,,,,,,llama-3.1-8b-instruct,0,drop,no,no,no,unclear,unclear,no,,,,"The sentence does not mention a phenotype-feature association, but rather reports group differences in scores on various scales.",
212,27329520,Larger corpus callosum and reduced orbitofrontal cortex homotopic connectivity in codeine cough syrup-dependent male adolescents and young adults.,2017,European radiology,BIS-11 fMRI impulsivity,unknown,functional connectivity,impulsivity (general),codeine-containing cough syrup dependence,correlates_with,unclear,,direct,0.7,"Moreover, impairment of VMHC was associated with the impulsive behaviour and correlated with the duration of CCS abuse in CCS-dependent male adolescents and young adults.",yes,,yes,yes,yes,,,,,,,,,,llama-3.1-8b-instruct,2,keep,yes,yes,yes,yes,yes,no,impulsivity (general),functional connectivity,correlates_with,"The sentence clearly supports the extracted claim by stating a correlation between VMHC impairment and impulsive behavior, which is a type of impulsivity, and also mentions a correlation with the duration of CCS abuse, which is related to the diagnostic context of codeine-containing cough syrup dependence.",
213,41612591,Hippocampal subfield differences in people with and without recreational ketamine use: Insights from multi-modal neuroimaging.,2026,"Addiction (Abingdon, England)",BIS-11 fMRI impulsivity,unknown,functional connectivity,impulsivity (general),unknown,correlates_with,unclear,,direct,0.7,"KUs also showed increased FC between left HATA and frontal, cingulate, temporal, subcortical, insular and cerebellar regions (P < 0.05, AlphaSim corrected), which correlated with NMDA-receptor distributions (z = 0.30, P = 0.005, false discovery rate corrected).",yes,,yes,yes,yes,,,,,,,,,,llama-3.1-8b-instruct,1,revise,yes,yes,yes,no,yes,no,impulsivity (general),functional connectivity,increased,"The sentence supports the phenotype and feature, but the direction is unclear. The corrected direction is 'increased' based on the increased FC between left HATA and other regions.",
214,26578922,Decreased modulation by the risk level on the brain activation during decision making in adolescents with internet gaming disorder.,2015,Frontiers in behavioral neuroscience,BIS-11 fMRI impulsivity,unknown,functional connectivity,impulsivity (general),internet gaming disorder,correlates_with,lower,,direct,0.8,"In the IGD group, there was a significant negative correlation between the risk-related DLPFC activation during the active BART and the Barratt impulsivity scale (BIS-11) scores, which were significantly higher in IGD group compared with the HCs.",yes,,yes,yes,yes,,,,,,,,,,llama-3.1-8b-instruct,2,keep,yes,yes,yes,yes,yes,no,impulsivity (general),functional connectivity,lower,"The sentence clearly supports the extracted claim by stating a correlation between brain activation and impulsivity scores in the IGD group, which is consistent with the claim's relationship and direction. The sentence also directly mentions the phenotype (impulsivity) and feature (functional connectivity), and the direction is clearly stated as lower. The diagnostic context is also correctly identified as internet gaming disorder.",
215,15637640,Reduced anterior corpus callosum white matter integrity is related to increased impulsivity and reduced discriminability in cocaine-dependent subjects: diffusion tensor imaging.,2005,Neuropsychopharmacology : official publication of the American College of Neuropsychopharmacology,BIS-11 fMRI impulsivity,unknown,structural connectivity,impulsivity (general),cocaine-dependent subjects,correlates_with,higher,,direct,0.9,"Within cocaine dependent subjects there was a significant negative correlation between FA in the anterior corpus callosum and behavioral laboratory measured impulsivity, and there was a positive correlation between FA and discriminability.",yes,,yes,yes,yes,,,,,,,,,,llama-3.1-8b-instruct,2,keep,yes,yes,yes,yes,yes,no,,,,"The sentence directly supports the claim by stating a significant negative correlation between FA in the anterior corpus callosum and impulsivity, and a positive correlation between FA and discriminability in cocaine-dependent subjects.",
216,35754100,Electrophysiological resting-state hyperconnectivity and poorer behavioural regulation as predisposing profiles of adolescent binge drinking.,2022,Addiction biology,BIS-11 resting-state connectivity,unknown,functional connectivity,impulsivity (general),adolescent binge drinking,correlates_with,higher,,direct,0.8,"Furthermore, they showed higher impulsivity, dysexecutive behaviours and sensation seeking, positively correlated with functional connectivity (FC).",yes,,yes,yes,yes,,,,,,,,,,llama-3.1-8b-instruct,2,keep,yes,yes,yes,yes,yes,no,impulsivity (general),functional connectivity,higher,"The sentence clearly supports the extracted claim, mentioning impulsivity as a phenotype, functional connectivity as a feature type, a correlation as a relationship, higher as a direction, and a direct association.",
217,30123144,Resting-State Activity of Prefrontal-Striatal Circuits in Internet Gaming Disorder: Changes With Cognitive Behavior Therapy and Predictors of Treatment Response.,2018,Frontiers in psychiatry,BIS-11 resting-state connectivity,unknown,BOLD variability,impulsivity (general),Internet gaming disorder,correlates_with,higher,,direct,0.75,the FC values of IGD group were negatively associated with the BIS-11 scores before treatment,yes,,yes,yes,yes,,,,,,,,,,llama-3.1-8b-instruct,0,drop,no,no,no,no,no,yes,,,,"The sentence mentions a group difference but not a phenotype-feature association, and the direction is mixed.",
218,24286968,Reduced ventral medial prefrontal cortex (vmPFC) volume and impaired vmPFC-default mode network integration in codeine-containing cough syrups users.,2014,Drug and alcohol dependence,BIS-11 resting-state connectivity,default mode network,structural connectivity,impulsivity (general),codeine-containing cough syrups users,associated_with,higher,,direct,0.85,Significantly decreased GM volume was observed in CCS users in bilateral ventral medial prefrontal cortex (vmPFC) which was related to greater impulsivity in CCS users.,yes,,yes,yes,yes,,,,,,,,,,llama-3.1-8b-instruct,2,keep,yes,yes,yes,yes,yes,no,impulsivity (general),structural connectivity,higher,"The sentence clearly supports the extracted claim, mentioning a direct association between reduced vmPFC volume and higher impulsivity in CCS users.",
219,41098388,Functional connectivity in resting-state fMRI (rs-fMRI) in opioid use disorder.,2025,The European physical journal. Special topics,impulsivity resting-state fMRI functional connectivity,"default mode network, salience/ventral attention network",functional connectivity,impulsivity (general),opioid use disorder,correlates_with,unclear,,indirect,0.6,Our preliminary rs-fMRI findings reveal significant disruptions in functional connectivity in individuals with opioid addiction within DMN and SN networks involved in cognitive functions such as decision-making and impulse control.,yes,,yes,yes,yes,,,,,,,,,,llama-3.1-8b-instruct,1,revise,yes,yes,yes,no,no,no,impulsivity (general),functional connectivity,decreases,"The sentence partially supports the claim, but the direction is unclear. The corrected direction is 'decreases' based on the context of 'disruptions' and 'impulse control'. The feature type is 'functional connectivity' which is correct. The phenotype is 'impulsivity (general)' which is correct. The relationship is 'correlates_with' which is correct. The directness is 'indirect' which is correct. There is no overclaiming.",
220,41106487,Resting-state functional connectivity alterations in intermet gaming disorder: A fMRI study combining voxel-based morphometry meta-analysis.,2025,Brain research bulletin,impulsivity resting-state fMRI functional connectivity,unknown,functional connectivity,impulsivity (general),IGD,correlates_with,unclear,,indirect,0.5,"Rs-FC analysis showed enhanced connectivity between the middle cingulate cortex and prefrontal, cingulate and Supplementary motor area in IGD, with functional connectivity values correlating with duration of illness;",yes,,yes,yes,yes,,,,,,,,,,llama-3.1-8b-instruct,1,revise,yes,yes,yes,no,no,no,impulsivity (general),functional connectivity,positive,"The sentence partially supports the claim, but the direction is unclear in the sentence and should be corrected to positive. The directness is also indirect and should be revised to direct.",
221,31473543,Resting-state fMRI dynamic functional network connectivity and associations with psychopathy traits.,2019,NeuroImage. Clinical,impulsivity resting-state fMRI functional connectivity,unknown,dynamic connectivity,impulsivity (general),psychopathy traits,associated_with,unclear,,direct,0.8,individuals with higher Factor 2 scores (impulsive and antisocial behaviors) showed more dynamism (changes to and from different states) than those with lower scores.,yes,,yes,yes,yes,,,,,,,,,,llama-3.1-8b-instruct,2,keep,yes,yes,yes,yes,yes,no,impulsivity (general),dynamic connectivity,more,"The sentence clearly supports the extracted claim, mentioning a direct association between impulsivity (general) and dynamic connectivity, with a clear direction (more dynamism in individuals with higher Factor 2 scores).",
222,31868249,Characterizing impulsivity and resting-state functional connectivity in normal-weight binge eaters.,2020,The International journal of eating disorders,impulsivity resting-state fMRI functional connectivity,unknown,functional connectivity,impulsivity (general),normal-weight binge eaters,associated_with,higher,,direct,0.85,The BE group was characterized by a higher degree of trait impulsivity.,yes,,yes,yes,yes,,,,,,,,,,llama-3.1-8b-instruct,2,keep,yes,no,no,yes,no,no,impulsivity (general),trait,higher,"The sentence supports the phenotype but does not mention a feature type. The relationship is not explicitly stated, but it can be inferred as 'associated_with' based on the context. The direction is supported, but the directness is not supported because the sentence does not name both phenotype and feature.",
223,36911119,Executive control network resting state fMRI functional and effective connectivity and delay discounting in cocaine dependent subjects compared to healthy controls.,2023,Frontiers in psychiatry,impulsivity resting-state fMRI functional connectivity,unknown,dynamic connectivity,impulsivity (general),cocaine dependent subjects compared to healthy controls,correlates_with,unclear,,direct,0.8,DCM analysis showed strong evidence for a positive association between delay discounting and effective connectivity for the RECN to LECN pathway and for the DMN to DMN self-connection.,yes,,yes,yes,yes,,,,,,,,,,llama-3.1-8b-instruct,1,revise,yes,yes,yes,no,yes,no,impulsivity (general),dynamic connectivity,positive,"The sentence supports the phenotype, feature, and relationship, but the direction is unclear in the claim and the sentence specifies a positive association. The directness is supported as the sentence names both phenotype and feature.",
224,39129375,Triple network resting-state functional connectivity patterns of alcohol heavy drinking.,2024,"Alcohol and alcoholism (Oxford, Oxfordshire)",impulsivity resting-state fMRI functional connectivity,unknown,functional connectivity,impulsivity (general),AUD,associated_with,unclear,,direct,0.7,"Connectivity in the left LPFC was correlated with monetary delay discounting (r = .25, p = .03).",yes,,yes,yes,yes,,,,,,,,,,llama-3.1-8b-instruct,2,keep,yes,yes,yes,yes,yes,no,impulsivity (general),functional connectivity,positive,The sentence clearly supports the claim by stating a direct association between a specific brain region (left LPFC) and a specific feature (monetary delay discounting) in a positive direction.,
225,23486959,Resting-state functional connectivity predicts impulsivity in economic decision-making.,2013,The Journal of neuroscience : the official journal of the Society for Neuroscience,impulsivity resting-state fMRI functional connectivity,unknown,functional connectivity,impulsivity (general),unknown,predicts,higher,,direct,0.9,"Moreover, we found that the resting-state functional connectivity of the brain regions in these networks was significantly correlated with participants' discounting rate, a behavioral index of impulsivity during the DDT.",yes,,yes,yes,yes,,,,,,,,,,llama-3.1-8b-instruct,1,revise,yes,yes,yes,no,no,no,impulsivity (general),functional connectivity,higher,"The sentence partially supports the claim, but the direction and directness need to be revised. The sentence does not explicitly state the direction of the relationship, and it does not name both phenotype and feature.",
226,40800818,Functional cerebello-cortico-limbic connectivity in aggression: A resting-state 7T fMRI study in healthy volunteers.,2025,"Imaging neuroscience (Cambridge, Mass.)",impulsivity resting-state fMRI functional connectivity,unknown,functional connectivity,impulsivity (general),unknown,correlates_with,higher,,direct,0.85,Associations between cortisol and FN-hypothalamus functional connectivity and between testosterone and cerebellum-sgACC functional connectivity were observed.,yes,,yes,yes,yes,,,,,,,,,,llama-3.1-8b-instruct,1,revise,yes,yes,yes,no,no,no,impulsivity (general),functional connectivity,higher,"The sentence partially supports the claim by mentioning a relationship between cortisol/testosterone and functional connectivity, but the phenotype is not explicitly mentioned. The direction is also not directly stated, and the directness is not clear as it does not name both phenotype and feature.",
227,28402539,Associating resting-state connectivity with trait impulsivity.,2017,Social cognitive and affective neuroscience,impulsivity resting-state fMRI functional connectivity,unknown,functional connectivity,impulsivity (general),unknown,correlates_with,unclear,,direct,0.8,"Results demonstrate a novel correlation between BAS-fun seeking and resting-state connectivity between middle OFC and putamen, implying that spontaneous synchrony between reward-processing regions may play a role in defining personality characteristics related to impulsivity.",yes,,yes,yes,yes,,,,,,,,,,llama-3.1-8b-instruct,2,keep,yes,yes,yes,yes,yes,no,impulsivity (general),functional connectivity,positive,"The sentence clearly supports the claim by stating a correlation between BAS-fun seeking and resting-state connectivity, implying a positive relationship between impulsivity and functional connectivity.",
228,37270396,Sleep mediates the effect of stressful environments on youth development of impulsivity: The moderating role of within default mode network resting-state functional connectivity.,2023,Sleep health,impulsivity resting-state fMRI functional connectivity,default mode network,functional connectivity,impulsivity (general),unknown,moderates,unclear,,direct,0.85,Youth with elevated within-DMN resting-state functional connectivity showed intensified associations between stressful environments and impulsivity via shorter sleep duration.,yes,,yes,yes,yes,,,,,,,,,,llama-3.1-8b-instruct,2,keep,yes,yes,yes,yes,yes,no,impulsivity (general),functional connectivity,positive,"The sentence clearly supports the claim by stating a direct relationship between within-DMN resting-state functional connectivity and impulsivity, moderated by sleep duration in stressful environments. The direction is supported as the sentence implies a positive association between functional connectivity and impulsivity.",
229,37759837,Task and Resting-State Functional Connectivity Predict Driving Violations.,2023,Brain sciences,impulsivity resting-state fMRI functional connectivity,unknown,functional connectivity,impulsivity (general),unknown,unclear,unclear,,indirect,0.6,Neither impulsivity nor sensation-seeking was associated with functional connectivity.,yes,,yes,yes,no,,,,,,,,,,llama-3.1-8b-instruct,1,revise,yes,yes,no,no,no,no,impulsivity (general),functional connectivity,,"The sentence partially supports the claim by mentioning the phenotype and feature, but the relationship and direction are unclear. The directness is also indirect, as it does not name both phenotype and feature.",
230,34393836,The Association Between Resting State Functional Connectivity and the Trait of Impulsivity and Suicidal Ideation in Young Depressed Patients With Suicide Attempts.,2021,Frontiers in psychiatry,impulsivity resting-state fMRI functional connectivity,unknown,functional connectivity,impulsivity (general),young depressed patients with suicide attempts,associated_with,higher,,direct,0.85,"Furthermore, the left prefrontal-parietal connectivity was associated with suicidal ideation and levels of impulsivity, but RSFC of the left prefrontal cortex with the rACC was correlated exclusively with impulsivity levels and was not related to suicidal ideation in the ATT group.",yes,,yes,yes,yes,,,,,,,,,,llama-3.1-8b-instruct,1,revise,yes,yes,yes,no,no,no,impulsivity (general),functional connectivity,higher,"The sentence partially supports the claim because it mentions the association between left prefrontal-parietal connectivity and impulsivity, but it does not clearly support the association between left prefrontal-parietal connectivity and impulsivity in the direction of 'higher'. Additionally, the sentence does not name both phenotype and feature for the direct relationship, so directness_supported is false.",
231,38083173,Functional Connectivity Dynamics show Resting-State Instability and Rightward Parietal Dysfunction in ADHD.,2023,Annual International Conference of the IEEE Engineering in Medicine and Biology Society. IEEE Engineering in Medicine and Biology Society. Annual International Conference,impulsivity resting-state fMRI functional connectivity,unknown,BOLD variability,impulsivity (general),ADHD,correlates_with,higher,,indirect,0.8,"Results showed that ADHD patients exhibited significantly higher variability in dFC than TD children in the cingulo-temporal, cingulo-parietal, fronto-temporal, and fronto-parietal networks ( pFW E < 0.05).",yes,,yes,yes,yes,,,,,,,,,,llama-3.1-8b-instruct,1,revise,yes,yes,yes,yes,no,no,impulsivity (general),BOLD variability,higher,"The sentence partially supports the claim because it mentions a specific brain network (cingulo-temporal, cingulo-parietal, fronto-temporal, and fronto-parietal networks) which is not captured in the extracted claim. The corrected phenotype, feature type, and direction are provided.",
232,35621425,"Differentiating Individuals with and without Alcohol Use Disorder Using Resting-State fMRI Functional Connectivity of Reward Network, Neuropsychological Performance, and Impulsivity Measures.",2022,"Behavioral sciences (Basel, Switzerland)",impulsivity resting-state fMRI functional connectivity,unknown,functional connectivity,impulsivity (general),Alcohol use disorder,associated_with,higher,,direct,0.9,"Impulsivity scores were the topmost predictors, followed by twelve rsFC features involving seventeen key reward regions in the brain, such as the ventral tegmental area, nucleus accumbens, anterior insula, anterior cingulate cortex, and other cortical and subcortical structures.",yes,,yes,yes,yes,,,,,,,,,,llama-3.1-8b-instruct,1,revise,yes,yes,yes,no,no,no,impulsivity (general),functional connectivity,higher,"The sentence partially supports the claim, but the direction and directness need to be revised. The sentence does not explicitly state the direction of the association, and it does not name both phenotype and feature.",
233,34289458,Resting state dynamic functional connectivity in children with attention deficit/hyperactivity disorder.,2021,Journal of neural engineering,impulsivity resting-state fMRI functional connectivity,unknown,dynamic connectivity,impulsivity (general),ADHD,associated_with,unclear,,indirect,0.7,"Attention deficit/hyperactivity disorder (ADHD) is characterized by inattention, hyperactivity and impulsivity.",yes,,yes,yes,yes,,,,,,,,,,llama-3.1-8b-instruct,0,drop,no,no,no,unclear,unclear,unclear,,,,"The sentence does not mention a specific feature type or relationship with impulsivity, and it does not support the claim about impulsivity being associated with dynamic connectivity in ADHD.",
234,37526227,Gender-specific resting-state rDMPFC-centric functional connectivity underpinnings of intertemporal choice.,2023,"Cerebral cortex (New York, N.Y. : 1991)",impulsivity resting-state fMRI functional connectivity,unknown,functional connectivity,impulsivity (general),unknown,correlates_with,unclear,,direct,0.8,"In women, log k was found to be positively correlated with the rsFC between rDMPFC and anterior cingulate cortex/right orbitofrontal cortex. In contrast, in men, log k was negatively correlated with rsFC between rDMPFC and left orbitofrontal cortex/right precuneus.",yes,,yes,yes,no,,,,,,,,,,llama-3.1-8b-instruct,2,keep,yes,yes,yes,yes,yes,no,impulsivity (general),functional connectivity,positive,"The sentence clearly supports the claim by stating a correlation between impulsivity and functional connectivity in women and men, with a clear direction of the correlation.",
235,37673288,Resting-state functional magnetic resonance imaging alterations in borderline personality disorder: A systematic review.,2023,Journal of affective disorders,impulsivity resting-state fMRI functional connectivity,unknown,functional connectivity,impulsivity (general),Borderline personality disorder,associated_with,unclear,,indirect,0.5,"aberrant resting-state functional connectivity (rs-FC) within and between default mode network (DMN), salience network (SN), and central executive network (CEN) were observed in BPD compared to healthy controls",yes,,yes,yes,yes,,,,,,,,,,llama-3.1-8b-instruct,1,revise,yes,yes,yes,no,no,no,impulsivity (general),functional connectivity,unclear,"The sentence partially supports the claim, but the direction and directness need to be revised to match the extracted claim. The sentence does not explicitly state the direction of the association, and the directness is indirect, but it does not name both phenotype and feature.",
236,35225192,Dissociation of basolateral and central amygdala effective connectivity predicts the stability of emotion-related impulsivity in adolescents and emerging adults with borderline personality symptoms: a resting-state fMRI study.,2023,Psychological medicine,impulsivity resting-state fMRI functional connectivity,unknown,functional connectivity,impulsivity (general),borderline personality symptoms,predicts,lower,,direct,0.85,"Further, higher EC of R CeN to other regions in controls was associated with stronger within-person decreases in emotion-related impulsivity.",yes,,yes,yes,yes,,,,,,,,,,llama-3.1-8b-instruct,1,revise,yes,yes,yes,no,yes,no,emotion-related impulsivity,functional connectivity,lower,"The sentence partially supports the claim because it mentions a decrease in impulsivity, but the direction is mixed (higher EC associated with stronger decreases) and does not directly state that higher EC predicts lower impulsivity. The phenotype and feature type are correct, and the relationship is correct but indirect. The directness is supported because both phenotype and feature are mentioned.",
237,31284029,Genetic contribution to the phenotypic correlation between trait impulsivity and resting-state functional connectivity of the amygdala and its subregions.,2019,NeuroImage,impulsivity resting-state fMRI functional connectivity,unknown,functional connectivity,impulsivity (general),unknown,correlates_with,higher,,direct,0.9,trait impulsivity was positively correlated with the rsFC between the left full amygdala and the right dorsolateral prefrontal cortex (DLPFC),yes,,yes,yes,yes,,,,,,,,,,llama-3.1-8b-instruct,2,keep,yes,yes,yes,yes,yes,no,impulsivity (general),functional connectivity,higher,"The sentence clearly supports the extracted claim by stating a positive correlation between impulsivity and the functional connectivity between the amygdala and the DLPFC, which matches the extracted direction of 'higher'.",
238,30391836,Reward and executive control network resting-state functional connectivity is associated with impulsivity during reward-based decision making for cocaine users.,2019,Drug and alcohol dependence,impulsivity resting-state fMRI functional connectivity,unknown,functional connectivity,impulsivity (general),cocaine users,associated_with,lower,,direct,0.85,"Higher impulsivity on the Balloon Analogue Risk Task (BART) was associated with inverse resting-state connectivity between the left cognitive control and subgenual anterior cingulate extended reward networks for cocaine users, while the opposite was found for controls.",yes,,yes,yes,yes,,,,,,,,,,llama-3.1-8b-instruct,2,keep,yes,yes,yes,yes,yes,no,impulsivity (general),functional connectivity,lower,"The sentence clearly supports the extracted claim, mentioning impulsivity as the phenotype, functional connectivity as the feature type, association as the relationship, lower direction, and directness. The sentence also specifies the brain system (cognitive control and subgenual anterior cingulate extended reward networks) and diagnostic context (cocaine users).",
239,30683074,Hyperactivity/restlessness is associated with increased functional connectivity in adults with ADHD: a dimensional analysis of resting state fMRI.,2019,BMC psychiatry,impulsivity resting-state fMRI functional connectivity,unknown,functional connectivity,impulsivity (general),ADHD,associated_with,higher,,direct,0.85,"More severe hyperactivity was associated with increased functional connectivity in the left putamen, right caudate nucleus, right central operculum and a portion of the right postcentral gyrus within the auditory/sensorimotor network.",yes,,yes,yes,yes,,,,,,,,,,llama-3.1-8b-instruct,2,keep,yes,yes,yes,yes,yes,no,hyperactivity,functional connectivity,higher,,
240,33615095,Static and dynamic aspects of cerebro-cerebellar functional connectivity are associated with self-reported measures of impulsivity: A resting-state fMRI study.,2020,"Network neuroscience (Cambridge, Mass.)",impulsivity resting-state fMRI functional connectivity,unknown,functional connectivity,impulsivity (general),unknown,associated_with,unclear,,direct,0.8,"We observed evidence linking BIS, BAS, sensation seeking, and lack of premeditation to the total strength and temporal variability of FC within networks connecting regions of the prefrontal cortex, precuneus, posterior cingulate cortex, basal ganglia, and thalamus with the cerebellum.",yes,,yes,yes,yes,,,,,,,,,,llama-3.1-8b-instruct,2,keep,yes,yes,yes,yes,yes,no,impulsivity (general),functional connectivity,unclear,"The sentence clearly supports the extracted claim by mentioning the association between impulsivity and functional connectivity within specific brain networks. The direction of the association is unclear, but the sentence does not overclaim by mentioning a group difference. The directness of the association is also supported as the sentence names both phenotype and feature.",
241,29355588,Resting-state functional connectivity of neurotransmitter producing sites in female patients with borderline personality disorder.,2018,Progress in neuro-psychopharmacology & biological psychiatry,impulsivity resting-state fMRI functional connectivity,unknown,functional connectivity,motor impulsivity,borderline personality disorder,associated_with,higher,noradrenergic dysfunction in the neural inhibitory control network,direct,0.85,Functional connectivity between the LC and ACC was positively associated with the degree of motor impulsivity in the total group.,yes,,yes,yes,yes,,,,,,,,,,llama-3.1-8b-instruct,2,keep,yes,yes,yes,yes,yes,no,motor impulsivity,functional connectivity,higher,,
242,36799331,Alcohol-induced changes in mesostriatal resting-state functional connectivity are linked to sensation seeking in young adults.,2023,"Alcohol, clinical & experimental research",impulsivity resting-state fMRI functional connectivity,mesostriatal,functional connectivity,impulsivity (general),unknown,linked_to,higher,alcohol-induced changes in VTA-striatal connectivity,direct,0.85,"However, young adults exhibiting smaller alcohol-induced decreases or increases in VTA-left caudate connectivity reported greater sensation seeking.",yes,,yes,yes,yes,,,,,,,,,,llama-3.1-8b-instruct,1,revise,yes,yes,yes,no,yes,no,impulsivity (general),functional connectivity,lower,"The sentence partially supports the claim, but the direction is mixed (decreases or increases) and the extracted direction is 'higher', which is the opposite. The corrected direction should be 'lower' to match the evidence sentence.",
243,36089824,Subgroups of internet gaming disorder based on addiction-related resting-state functional connectivity.,2023,"Addiction (Abingdon, England)",impulsivity resting-state fMRI functional connectivity,unknown,functional connectivity,impulsivity (general),internet gaming disorder,associated_with,unclear,,indirect,0.5,Subgroups 1 and 2 showed largely opposite functional-connectivity patterns in overlapping networks.,yes,,yes,yes,yes,,,,,,,,,,llama-3.1-8b-instruct,0,drop,no,no,no,no,no,no,,,,"The sentence does not mention a specific phenotype or feature, and the relationship is not clearly stated.",
244,32948139,Aberrant functional connectivity in resting state networks of ADHD patients revealed by independent component analysis.,2020,BMC neuroscience,impulsivity resting-state fMRI functional connectivity,default mode network | frontoparietal/control network | salience/ventral attention network | somatomotor network,functional connectivity,impulsivity (general),ADHD,associated_with,unclear,,direct,0.7,"In comparison with the TD-C group, the ADHD-C group showed clusters of decreased functional connectivity in the left inferior occipital gyrus (p = 0.0041) and right superior occipital gyrus (p = 0.0011) of the dorsal attention network (DAN), supplementary motor area (p = 0.0036) of the executive control network (ECN), left supramarginal gyrus (p = 0.0081) of the salience network (SN), middle temporal gyrus (p = 0.0041), and superior medial frontal gyrus (p = 0.0055) of the default mode network (DMN), while the ADHD-I group showed decreased functional connectivity in the right superior parietal gyrus (p = 0.0017) of the DAN and left middle temporal gyrus (p = 0.0105) of the DMN.",yes,,yes,yes,yes,,,,,,,,,,llama-3.1-8b-instruct,1,revise,yes,yes,yes,no,no,no,impulsivity (general),functional connectivity,decreased,"The sentence partially supports the claim, but the direction and directness need to be revised. The sentence describes a group difference, but the phenotype-feature association is not explicitly stated.",
245,26825495,Characterising resting-state functional connectivity in a large sample of adults with ADHD.,2016,Progress in neuro-psychopharmacology & biological psychiatry,impulsivity resting-state fMRI functional connectivity,default mode network,functional connectivity,impulsivity (general),adults with ADHD,correlates_with,unclear,,indirect,0.7,"This study provides important insights for studies on the neurobiology of adult ADHD; it shows that resting-state functional connectivity differences between adult patients and controls exist, but have smaller effect sizes than existing literature suggested.",yes,,yes,yes,yes,,,,,,,,,,llama-3.1-8b-instruct,0,drop,no,no,no,no,no,no,,,,"The sentence does not mention impulsivity or any other phenotype, and it does not mention a feature related to functional connectivity in the default mode network. It also does not establish a correlation between the phenotype and the feature.",
246,29040723,Resting-state functional connectivity in combat veterans suffering from impulsive aggression.,2017,Social cognitive and affective neuroscience,impulsivity resting-state fMRI functional connectivity,unknown,functional connectivity,impulsivity (general),combat veterans,associated_with,lower,weakened functional connectivity between the amygdala and prefrontal regions,direct,0.85,"In exploratory cluster analyses, we observed reduced functional connectivity between the (bilateral) BLA and left dorsolateral prefrontal cortex in the impulsive aggression group, relative to combat controls.",yes,,yes,yes,yes,,,,,,,,,,llama-3.1-8b-instruct,2,keep,yes,yes,yes,yes,yes,no,impulsivity (general),functional connectivity,lower,"The sentence directly supports the claim by mentioning a specific group (impulsive aggression group) and a comparison to a control group (combat controls), and it names both the phenotype (impulsivity) and the feature (functional connectivity). The direction of the association (lower) is also clearly stated.",
247,40297839,"Hippocampus Functional Connectivity, Impulsivity, and Subsequent Substance Use.",2025,Journal of cellular neuroscience,impulsivity resting-state fMRI functional connectivity,default mode network,functional connectivity,impulsivity (general),unknown,mediates,higher,,direct,0.85,"hippocampal rsFC was significantly associated with impulsivity, which, in turn, predicted higher substance use at follow-up.",yes,,yes,yes,yes,,,,,,,,,,llama-3.1-8b-instruct,1,revise,yes,yes,yes,yes,no,no,impulsivity (general),functional connectivity,higher,"The sentence partially supports the claim, but the directness is not fully supported because it does not name both phenotype and feature. The corrected fields are phenotype, feature type, and direction.",
248,30829454,Resting-state fMRI effective connectivity between the bed nucleus of the stria terminalis and amygdala nuclei.,2019,Human brain mapping,impulsivity resting-state fMRI functional connectivity,unknown,dynamic connectivity,impulsivity (general),unknown,associated_with,unclear,,indirect,0.7,"Moreover, the BNST-LB and BNST-CM EC parameters were less negative in males.",yes,,yes,yes,yes,,,,,,,,,,llama-3.1-8b-instruct,0,drop,no,no,no,no,no,no,,,,"The sentence does not mention impulsivity, dynamic connectivity, association, or any direction. It only mentions EC parameters and their values in males.",
249,29723554,Decreased resting-state BOLD regional homogeneity and the intrinsic functional connectivity within dorsal striatum is associated with greater impulsivity in food-related decision-making and BMI change at 6-month follow up.,2018,Appetite,impulsivity resting-state fMRI functional connectivity,unknown,BOLD variability,nonplanning impulsivity,unknown,associated_with,higher,,direct,0.85,"Results on rs-fMRI showed that greater impulsivity in food-related decision-making was inversely correlated with spontaneous regional homogeneity in the dorsal striatum (dorsal caudate), as well as the resting-state functional connectivity (rs-FC) between the dorsal caudate seed and the rostral putamen.",yes,,yes,yes,yes,,,,,,,,,,llama-3.1-8b-instruct,2,keep,yes,yes,yes,yes,yes,no,nonplanning impulsivity,BOLD variability,lower,"The sentence clearly supports the phenotype, feature, relationship, and direction when stated. The corrected phenotype, feature type, and direction are provided as per the evidence sentence.",
250,33625381,Differences in resting-state functional connectivity according to the level of impulsiveness in patients with internet gaming disorder.,2021,Journal of behavioral addictions,impulsivity resting-state fMRI functional connectivity,unknown,functional connectivity,impulsivity (general),Internet gaming disorder,correlates_with,lower,,direct,0.8,"Connectivity of the vmPFC with the left temporo-parietal junction (TPJ) and NAcc-left insula connectivity were significantly decreased in the patients with high impulsivity, compared with the patients with low impulsivity and healthy controls.",yes,,yes,yes,yes,,,,,,,,,,llama-3.1-8b-instruct,2,keep,yes,yes,yes,yes,yes,no,impulsivity (general),functional connectivity,lower,"The sentence clearly supports the extracted claim, mentioning a direct association between impulsivity and decreased functional connectivity in specific brain regions.",
251,35193713,Enhanced resting-state EEG source functional connectivity within the default mode and reward-salience networks in internet gaming disorder.,2022,Psychological medicine,impulsivity resting-state fMRI functional connectivity,"default mode network, reward/salience network",EEG connectivity,impulsivity (general),internet gaming disorder,associated_with,higher,,direct,0.8,"Patients with IGD showed increased theta, alpha, and beta connectivity within the DMN between the orbitofrontal cortex and parietal regions compared with HCs.",yes,,yes,yes,yes,,,,,,,,,,llama-3.1-8b-instruct,2,keep,yes,yes,yes,yes,yes,no,impulsivity (general),EEG connectivity,higher,"The sentence clearly supports the extracted claim, mentioning a specific brain system (default mode network) and a direct association between the phenotype (impulsivity) and the feature (EEG connectivity).",
252,31640464,Resting-State fMRI Study of ADHD and Internet Gaming Disorder.,2021,Journal of attention disorders,impulsivity resting-state fMRI functional connectivity,unknown,functional connectivity,impulsivity (general),ADHD and Internet gaming disorder,correlates_with,lower,,direct,0.8,The functional connectivity (FC) from the cortex to subcortex in both groups was decreased relative to that in age-matched healthy participants.,yes,,yes,yes,yes,,,,,,,,,,llama-3.1-8b-instruct,1,revise,yes,yes,yes,no,no,no,impulsivity (general),functional connectivity,lower,"The sentence does not directly support the direction of the claim, as it states 'decreased relative to that in age-matched healthy participants', which could imply a comparison to a control group rather than a direct correlation. Additionally, the directness of the claim is not fully supported as the sentence does not explicitly mention both phenotype and feature.",
253,31611841,Altered Resting-State Functional Connectivity in Wernicke's Encephalopathy With Vestibular Impairment.,2019,Frontiers in neurology,impulsivity resting-state fMRI functional connectivity,unknown,functional connectivity,unknown,Wernicke's encephalopathy,unknown,unclear,,background,,,no,evidence_strength not a number,yes,no,unclear,,,,,,,,,,llama-3.1-8b-instruct,2,keep,yes,yes,yes,yes,yes,no,Wernicke's encephalopathy,functional connectivity,altered,The sentence clearly supports the claim by stating a specific association between Wernicke's encephalopathy and altered functional connectivity.,
254,25899520,Altered resting-state functional connectivity of the insula in young adults with Internet gaming disorder.,2016,Addiction biology,impulsivity resting-state fMRI functional connectivity,unknown,functional connectivity,impulsivity (general),Internet gaming disorder,associated_with,higher,,direct,0.85,"IGDs also demonstrated significantly stronger rsFC between the posterior insula and postcentral gyrus, precentral gyrus, supplemental motor area, and superior temporal gyrus (STG), which are involved in interoception, movement control, and auditory processing.",yes,,yes,yes,yes,,,,,,,,,,llama-3.1-8b-instruct,1,revise,yes,yes,yes,yes,no,no,impulsivity (general),functional connectivity,higher,"The sentence supports the phenotype, feature, and relationship, but it does not directly support the directness of the claim because it does not name both phenotype and feature. The corrected phenotype, feature type, and direction are already present in the claim, so no further correction is needed.",
255,27394716,Double-dissociation between the mechanism leading to impulsivity and inattention in Attention Deficit Hyperactivity Disorder: A resting-state functional connectivity study.,2017,Cortex; a journal devoted to the study of the nervous system and behavior,impulsivity resting-state fMRI functional connectivity,unknown,functional connectivity,impulsivity (general),ADHD,associated_with,higher,,direct,0.85,"particularly, the hyperactive-impulsive subtype was associated with increased connectivity in cortico-striatal network",yes,,yes,yes,no,,,,,,,,,,llama-3.1-8b-instruct,2,keep,yes,yes,yes,yes,yes,no,impulsivity (general),functional connectivity,higher,"The sentence clearly supports the extracted claim, mentioning a direct association between impulsivity and increased connectivity in a specific brain network.",
256,30366001,Habenula-prefrontal resting-state connectivity in reactive aggressive men - A pilot study.,2019,Neuropharmacology,impulsivity resting-state fMRI functional connectivity,default mode network,functional connectivity,impulsivity (general),intermittent-explosive disorder (IED),correlates_with,lower,,direct,0.85,"In the reactive aggressive group, high levels of trait aggression were linked to lower global efficiency of the left habenula, and to lower rsFC between the left habenula and the left ventro-lateral prefrontal cortex, a core region involved in inhibitory control.",yes,,yes,yes,yes,,,,,,,,,,llama-3.1-8b-instruct,2,keep,yes,yes,yes,yes,yes,no,impulsivity (general),functional connectivity,lower,"The sentence clearly supports the extracted claim by stating a correlation between high levels of trait aggression and lower global efficiency of the left habenula, as well as lower functional connectivity between the left habenula and the left ventro-lateral prefrontal cortex. The phenotype 'impulsivity (general)' is supported as it is related to trait aggression. The feature type 'functional connectivity' is supported as it is mentioned in the sentence. The relationship 'correlates_with' is supported as the sentence states a correlation. The direction 'lower' is supported as it is mentioned in the sentence. The directness 'direct' is supported as the sentence names both the phenotype and feature.",
257,38521138,Large-scale network abnormality in behavioral addiction.,2024,Journal of affective disorders,impulsivity resting-state fMRI functional connectivity,unknown,functional connectivity,impulsivity (general),behavioral addiction,associated_with,unclear,,indirect,0.6,"The present study indicate that individuals with BAs exhibit (1) hypo-connectivity within the fronto-parietal network (FN) and hypo- and hyper-connectivity within the ventral attention network (VAN); (2) hypo-connectivity between the FN and regions of the VAN, hypo-connectivity between the VAN and regions of the FN and default mode network (DMN), hyper-connectivity between the DMN and regions of the FN; (3) hypo-connectivity between the reward system and regions of the sensorimotor network (SS), DMN and VAN; (4) hypo-connectivity between the FN and regions of the SS, hyper-connectivity between the VAN and regions of the SS.",yes,,yes,yes,yes,,,,,,,,,,llama-3.1-8b-instruct,1,revise,yes,yes,yes,no,no,no,impulsivity (general),functional connectivity,unclear,"The sentence partially supports the claim but needs revision or is indirect. The phenotype 'impulsivity (general)' is supported, but the feature type 'functional connectivity' is only partially supported as it is mentioned in the context of specific brain networks. The relationship 'associated_with' is supported, but the direction 'unclear' is not captured exactly. The directness 'indirect' is also not captured exactly as the sentence does not name both phenotype and feature.",
258,34728230,Resting-state functional connectivity within orbitofrontal cortex and inferior frontal gyrus modulates the relationship between reflection level and risk-taking behavior in internet gaming disorder.,2022,Brain research bulletin,impulsivity resting-state fMRI functional connectivity,unknown,functional connectivity,impulsivity (general),internet gaming disorder,modulates,unclear,mediated by rsFC between OFC and IFG,direct,0.85,"Moreover, IGD participants' risk-taking behavior was positively correlated with their reflection level. As for fMRI results, IGD participants showed stronger rsFC between orbitofrontal cortex (OFC) and inferior frontal gyrus (IFG) than healthy controls. Additionally, the mediation analyses revealed that, among IGD participants, the rsFC between OFC and IFG fully mediated the relationship between reflection level and risk-taking behavior.",yes,,yes,yes,yes,,,,,,,,,,llama-3.1-8b-instruct,2,keep,yes,yes,yes,yes,yes,no,impulsivity (general),functional connectivity,positive,"The sentence clearly supports the phenotype (impulsivity), feature (functional connectivity), relationship (modulates), and direction (positive) when stated.",
259,41257054,Ventral Attention Network Resting State Functional Connectivity: Psychosocial Correlates among US Adolescents.,2025,Journal of biomedical and life sciences,impulsivity resting-state fMRI functional connectivity,salience/ventral attention network,functional connectivity,impulsivity (general),unknown,associated_with,lower,,direct,0.8,"Greater VAN connectivity was negatively associated with impulsive reward-driven trait (drive), prodromal symptoms, BMI, and marijuana and alcohol use.",yes,,yes,yes,yes,,,,,,,,,,llama-3.1-8b-instruct,2,keep,yes,yes,yes,yes,yes,no,impulsivity (general),functional connectivity,lower,"The sentence clearly supports the extracted claim, mentioning a direct association between lower VAN connectivity and impulsivity, as well as other related traits.",
260,36963562,Youth Screen Media Activity Patterns and Associations With Behavioral Developmental Measures and Resting-state Brain Functional Connectivity.,2023,Journal of the American Academy of Child and Adolescent Psychiatry,impulsivity resting-state fMRI functional connectivity,unknown,functional connectivity,impulsivity (general),unknown,associated_with,higher,,direct,0.85,"The video-centric higher-frequency SMA pattern group demonstrated higher impulsivity, more sensitivity to punishment/reward, and altered resting-state brain functional connectivity among brain areas implicated previously in cognitive processes.",yes,,yes,yes,yes,,,,,,,,,,llama-3.1-8b-instruct,1,revise,yes,yes,yes,yes,no,no,impulsivity (general),functional connectivity,higher,"The sentence partially supports the claim because it directly mentions the phenotype (impulsivity), feature type (functional connectivity), and relationship (associated with), but it does not directly mention the directness of the relationship between impulsivity and functional connectivity. The sentence also mentions a group difference (video-centric higher-frequency SMA pattern group) but not a phenotype-feature association, which could be considered overclaiming. However, since the claim is about impulsivity and the sentence does mention impulsivity, we will not mark overclaiming as true. The corrected fields are phenotype, feature type, and direction.",
261,24818075,Altered resting-state functional connectivity in patients with chronic bilateral vestibular failure.,2014,NeuroImage. Clinical,impulsivity resting-state fMRI functional connectivity,unknown,functional connectivity,impulsivity (general),chronic bilateral vestibular failure,unclear,unclear,,indirect,0.3,BVF patients showed lower bilateral connectivity in the posterior insula and parietal operculum but higher connectivity in the posterior cerebellum compared to controls.,yes,,yes,yes,yes,,,,,,,,,,llama-3.1-8b-instruct,2,keep,yes,yes,yes,yes,yes,no,impulsivity (general),functional connectivity,lower,"The sentence clearly supports the phenotype (impulsivity), feature (functional connectivity), relationship (association), direction (lower), and directness (indirect) when stated. The brain system is specified as posterior insula and parietal operculum, which is a more specific system than 'unknown'.",
262,38889552,"Disrupted dynamic brain functional connectivity in male cocaine use disorder: Hyperconnectivity, strongly-connected state tendency, and links to impulsivity and borderline traits.",2024,Journal of psychiatric research,impulsivity resting-state fMRI functional connectivity,default mode network,dynamic connectivity,impulsivity (general),cocaine use disorder,correlates_with,higher,,direct,0.85,"Furthermore, after adjustment for multiple comparisons, we found significant correlations between these altered dynamic FCs and clinical measures of impulsivity and borderline personality disorder.",yes,,yes,yes,yes,,,,,,,,,,llama-3.1-8b-instruct,1,revise,yes,yes,yes,yes,no,no,impulsivity (general),dynamic connectivity,higher,"The sentence partially supports the claim because it mentions the phenotype (impulsivity) and feature (dynamic connectivity), but it does not explicitly state the direct relationship between the default mode network and impulsivity. The direction is supported as 'higher'.",
263,37131072,The functional connectome in obsessive-compulsive disorder: resting-state mega-analysis and machine learning classification for the ENIGMA-OCD consortium.,2023,Molecular psychiatry,impulsivity resting-state fMRI functional connectivity,unknown,functional connectivity,impulsivity (general),OCD patients vs healthy controls,unclear,unclear,,background,0.2,These findings provide partial support for existing pathophysiological models of OCD and highlight the important role of the sensorimotor network in OCD.,yes,,yes,yes,yes,,,,,,,,,,llama-3.1-8b-instruct,0,drop,no,no,no,unclear,no,no,,,,"The sentence does not mention impulsivity (general) or functional connectivity, and it does not support the relationship between OCD and impulsivity (general) or functional connectivity.",
264,39424632,Enhanced ADHD classification through deep learning and dynamic resting state fMRI analysis.,2024,Scientific reports,impulsivity resting-state fMRI functional connectivity,unknown,functional connectivity,impulsivity (general),ADHD classification,associated_with,unclear,,direct,0.85,"Resting-state functional connectivity analysis has emerged as a promising approach for ADHD classification using resting-state functional magnetic resonance imaging (rs-fMRI), although with limited accuracy.",yes,,yes,yes,yes,,,,,,,,,,llama-3.1-8b-instruct,0,drop,no,no,no,unclear,unclear,unclear,,,,"The sentence does not mention a specific phenotype-feature association, making it unsupported for the extracted claim.",
265,26311395,Abnormal prefrontal cortex resting state functional connectivity and severity of internet gaming disorder.,2016,Brain imaging and behavior,impulsivity resting-state fMRI functional connectivity,unknown,functional connectivity,impulsivity (general),Internet Gaming Disorder,associated_with,lower,,indirect,0.7,"We chose these regions as the seeding areas for the resting-state analysis and found that IGD subjects showed decreased functional connectivity between several cortical regions and our seeds, including the insula, and temporal and occipital cortices.",yes,,yes,yes,yes,,,,,,,,,,llama-3.1-8b-instruct,1,revise,yes,yes,yes,yes,no,no,impulsivity (general),functional connectivity,lower,"The sentence partially supports the claim, but the directness is not fully captured as it does not name both phenotype and feature. The corrected fields are the phenotype, feature type, and direction.",
266,40766121,Resting-state functional connectivity alterations in obsessive-compulsive disorder: relationships between connectivity and clinical profiles in the Global OCD study.,2025,medRxiv : the preprint server for health sciences,impulsivity resting-state fMRI functional connectivity,unknown,functional connectivity,impulsivity (general),OCD,associated_with,unclear,,indirect,0.5,"In particular, anxiety symptoms were linked to widespread stronger FC while sexual/religious symptoms were linked to stronger sensorimotor FC.",yes,,yes,yes,yes,,,,,,,,,,llama-3.1-8b-instruct,1,revise,yes,yes,yes,no,no,no,anxiety symptoms,functional connectivity,increased,"The sentence partially supports the claim but needs revision or is indirect. The phenotype and feature are supported, but the direction is unclear and the directness is indirect. The corrected phenotype is 'anxiety symptoms', the corrected feature type is 'functional connectivity', and the corrected direction is 'increased'.",
267,34272398,Abnormal interhemispheric resting state functional connectivity in Parkinson's disease patients with impulse control disorders.,2021,NPJ Parkinson's disease,impulsivity resting-state fMRI functional connectivity,unknown,functional connectivity,impulsivity (general),Parkinson's disease with impulse control disorders,correlates_with,lower,"reduced VMHC values in MFG, OFG, IFG and caudate",direct,0.85,The severity of impulsivity was negatively correlated with the mean VMHC values of MFG in PD-ICD group.,yes,,yes,yes,yes,,,,,,,,,,llama-3.1-8b-instruct,2,keep,yes,yes,yes,yes,yes,no,impulsivity (general),functional connectivity,lower,,
268,35091540,Brain network dysfunctions in addiction: a meta-analysis of resting-state functional connectivity.,2022,Translational psychiatry,impulsivity resting-state fMRI functional connectivity,unknown,functional connectivity,impulsivity (general),substance use disorder (SUD) and behavioral addictions (BA),associated_with,unclear,dysregulated affective and cognitive control-related networks,indirect,0.7,"Altered connectivity in salience or emotion-processing areas may be related to dysregulated affective and cognitive control-related networks, such as deficits in regulating elevated sensitivity to drug-related stimuli.",yes,,yes,yes,yes,,,,,,,,,,llama-3.1-8b-instruct,1,revise,yes,yes,yes,no,no,no,impulsivity (general),functional connectivity,unclear,"The sentence partially supports the claim, but the direction and directness are not clearly stated. The phenotype and feature are supported, but the relationship is not explicitly stated as 'associated_with'.",
269,31500674,Impairments of large-scale functional networks in attention-deficit/hyperactivity disorder: a meta-analysis of resting-state functional connectivity.,2019,Psychological medicine,impulsivity resting-state fMRI functional connectivity,"default mode network, frontoparietal/control network, salience/ventral attention network, somatomotor network",functional connectivity,impulsivity (general),attention-deficit/hyperactivity disorder (ADHD),associated_with,unclear,hyperconnectivity between the FPN and regions of the DMN and AN as well as hypoconnectivity between the FPN and regions of the VAN and SSN,direct,0.8,The results showed that ADHD was characterized by hyperconnectivity between the FPN and regions of the DMN and AN as well as hypoconnectivity between the FPN and regions of the VAN and SSN.,yes,,yes,yes,yes,,,,,,,,,,llama-3.1-8b-instruct,2,keep,yes,yes,yes,yes,yes,no,impulsivity (general),functional connectivity,unclear,The sentence directly supports the claim by stating the specific brain systems involved in the relationship between ADHD and functional connectivity.,
270,35710854,Resting-state functional connectivity and socioemotional processes in male perpetrators of intimate partner violence against women.,2022,Scientific reports,impulsivity resting-state fMRI functional connectivity,unknown,functional connectivity,impulsivity (general),male perpetrators of intimate partner violence against women,correlates_with,higher,,direct,0.8,"Male perpetrators in comparison to other offenders and non-offenders, presented higher rsFC between prefrontal, limbic, brainstem, temporal and basal ganglia areas.",yes,,yes,yes,yes,,,,,,,,,,llama-3.1-8b-instruct,1,revise,yes,yes,yes,yes,no,no,impulsivity (general),functional connectivity,higher,"The sentence partially supports the claim because it mentions a group difference and a phenotype-feature association, but it does not name the phenotype directly. The phenotype 'impulsivity (general)' can be inferred from the context, but it would be more accurate to name it directly. The feature type 'functional connectivity' is also mentioned, but the direction 'higher' is supported. The directness is not fully supported because the sentence does not name both phenotype and feature directly.",
271,33229018,Impaired cortico-striatal functional connectivity is related to trait impulsivity in unmedicated patients with obsessive-compulsive disorder.,2021,Journal of affective disorders,impulsivity resting-state fMRI functional connectivity,unknown,functional connectivity,impulsivity (general),obsessive-compulsive disorder,correlates_with,unclear,,direct,0.75,"Furthermore, the putamen-DLPFC connectivity was negatively correlated with attentional impulsivity in the OCD group, but showed a positive correlation in HCs.",yes,,yes,yes,yes,,,,,,,,,,llama-3.1-8b-instruct,1,revise,yes,yes,yes,no,yes,no,impulsivity (attentional),functional connectivity,negatively correlates with,"The sentence partially supports the claim, but the phenotype and direction need revision. The sentence specifically mentions attentional impulsivity, not general impulsivity. Additionally, the direction of the correlation is mixed in the sentence, but the extracted direction captures the relevant part exactly.",
272,34425489,Prospective study on resting state functional connectivity in adolescents with major depressive disorder after antidepressant treatment.,2021,Journal of psychiatric research,impulsivity resting-state fMRI functional connectivity,unknown,functional connectivity,impulsivity (general),major depressive disorder,associated_with,higher,,indirect,0.6,The positive rsFC between the right DLPFC and the left putamen/right frontal operculum were shown to be higher in patients than in the controls.,yes,,yes,yes,yes,,,,,,,,,,llama-3.1-8b-instruct,2,keep,yes,yes,yes,yes,yes,no,impulsivity (general),functional connectivity,higher,"The sentence directly supports the claim by stating a higher positive rsFC in patients than in controls, which is associated with impulsivity (general) and functional connectivity.",
273,21406160,Aberrant connectivity of resting-state networks in borderline personality disorder.,2011,Journal of psychiatry & neuroscience : JPN,impulsivity resting-state fMRI functional connectivity,unknown,functional connectivity,impulsivity (general),borderline personality disorder,correlates_with,unclear,,direct,0.8,We found correlations between functional connectivity of the FPC and measures of impulsivity as well as between connectivity of the insula/cuneus and dissociation tension.,yes,,yes,yes,yes,,,,,,,,,,llama-3.1-8b-instruct,1,revise,yes,yes,yes,no,yes,no,impulsivity (general),functional connectivity,positive,"The sentence partially supports the claim, but the direction is unclear in the sentence. However, based on the extracted claim, we can infer that the direction is likely positive. The sentence directly names both phenotype and feature, so directness_supported is true.",
274,39446154,Functional connectivity density of brain in children with primary nocturnal enuresis: results from a resting-state fMRI study.,2025,European child & adolescent psychiatry,impulsivity resting-state fMRI functional connectivity,unknown,functional connectivity,impulsivity (general),primary nocturnal enuresis,correlates_with,lower,,direct,0.8,The FCD values in these regions were negatively correlated with the scores of hyperactivity/impulsivity in the children with PNE.,yes,,yes,yes,yes,,,,,,,,,,llama-3.1-8b-instruct,2,keep,yes,yes,yes,yes,yes,no,impulsivity (general),functional connectivity,lower,"The sentence clearly supports the extracted claim, mentioning a direct correlation between FCD values and impulsivity scores in children with PNE.",
275,21709236,Premotor functional connectivity predicts impulsivity in juvenile offenders.,2011,Proceedings of the National Academy of Sciences of the United States of America,impulsivity resting-state fMRI functional connectivity,default mode network,functional connectivity,impulsivity (general),juvenile offenders,predicts,higher,"increased functional connectivity of motor-planning regions with networks subserving unconstrained, self-referential cognition",direct,0.85,"In more-impulsive juveniles, these same regions correlated with the default-mode network, a constellation of brain areas associated with spontaneous, unconstrained, self-referential cognition.",yes,,yes,yes,yes,,,,,,,,,,llama-3.1-8b-instruct,2,keep,yes,yes,yes,yes,yes,no,impulsivity (general),functional connectivity,higher,"The sentence clearly supports the phenotype, feature, relationship, and direction when stated. The phenotype 'impulsivity (general)' is mentioned, the feature 'functional connectivity' is implied, the relationship 'predicts' is supported by the word 'correlated', and the direction 'higher' is supported by the description of more-impulsive juveniles.",
276,32912593,Resting-state functional connectivity in drug-naive pediatric patients with Tourette syndrome and obsessive-compulsive disorder.,2020,Journal of psychiatric research,impulsivity resting-state fMRI functional connectivity,unknown,functional connectivity,impulsivity (general),"TS, TS + OCD, pure OCD, controls",correlates_with,unclear,,indirect,0.7,"Tic severity negatively correlated with FC in CBN and FPN in the TS group, while the compulsiveness scores positively correlated with the same two networks in OCD patients.",yes,,yes,yes,yes,,,,,,,,,,llama-3.1-8b-instruct,1,revise,yes,yes,yes,no,no,no,impulsivity (general),functional connectivity,negative,"The sentence supports the phenotype and feature, but the direction is mixed and not clearly stated as negative. The directness is also not clearly stated as the sentence does not name both phenotype and feature. The corrected phenotype and feature type are the same as the extracted claim.",
277,37423204,The Moderating Role of Sex in the Relation between Cue-Induced Craving and Resting-State Functional Connectivity in the Salience Network of Non-Clinically Diagnosed Drinkers.,2023,European addiction research,impulsivity resting-state fMRI functional connectivity,salience/ventral attention network,functional connectivity,impulsivity (general),non-clinically diagnosed drinkers,associated_with,unclear,,indirect,0.1,Previous research indicates a relation between craving and increased connectivity in the resting-state salience network.,yes,,yes,yes,yes,,,,,,,,,,llama-3.1-8b-instruct,1,revise,yes,yes,yes,no,no,no,impulsivity (general),functional connectivity,unclear,"The sentence partially supports the claim, but the direction and directness are not explicitly stated. The phenotype and feature are mentioned, but the relationship is not explicitly stated as 'associated_with'. The corrected fields are based on the extracted claim.",
278,24834038,Brain functional connectivity changes in children that differ in impulsivity temperamental trait.,2014,Frontiers in behavioral neuroscience,impulsivity resting-state fMRI functional connectivity,default mode network,functional connectivity,impulsivity (general),unknown,correlates_with,lower,,direct,0.9,We found two DMN clusters located at the posterior cingulate cortex and the right angular gyrus which were negatively correlated with impulsivity scores.,yes,,yes,yes,yes,,,,,,,,,,llama-3.1-8b-instruct,2,keep,yes,yes,yes,yes,yes,no,impulsivity (general),functional connectivity,lower,"The sentence clearly supports the extracted claim, mentioning a direct association between impulsivity and functional connectivity in the default mode network.",
279,31898088,Sex-specific effects of cigarette smoking on caudate and amygdala volume and resting-state functional connectivity.,2021,Brain imaging and behavior,impulsivity resting-state fMRI functional connectivity,unknown,functional connectivity,impulsivity (general),female smokers,negatively correlated_with,lower,,direct,0.8,The right amygdala volume was negatively correlated with the impulsivity score in female but not male smokers.,yes,,yes,yes,no,,,,,,,,,,llama-3.1-8b-instruct,2,keep,yes,yes,yes,yes,yes,no,impulsivity (general),functional connectivity,lower,"The sentence clearly supports the extracted claim, mentioning a direct relationship between the right amygdala volume and impulsivity score in female smokers.",
280,26769234,"Frontostriatal circuits, resting state functional connectivity and cognitive control in internet gaming disorder.",2017,Addiction biology,impulsivity resting-state fMRI functional connectivity,unknown,functional connectivity,impulsivity (general),internet gaming disorder,correlates_with,lower,,direct,0.85,The caudate volume and DLPFC-caudate RSFC was correlated with the impaired cognitive control (more incongruent errors in Stroop task) in IGD.,yes,,yes,yes,yes,,,,,,,,,,llama-3.1-8b-instruct,2,keep,yes,yes,yes,yes,yes,no,impulsivity (general),functional connectivity,lower,"The sentence clearly supports the extracted claim by stating a correlation between caudate volume and DLPFC-caudate RSFC with impaired cognitive control in IGD, which matches the phenotype of impulsivity (general), feature type of functional connectivity, and direction of lower. The directness is also supported as both phenotype and feature are named in the sentence.",
281,26863028,Altered Functional Connectivity of the Insula and Nucleus Accumbens in Internet Gaming Disorder: A Resting State fMRI Study.,2016,European addiction research,impulsivity resting-state fMRI functional connectivity,unknown,functional connectivity,impulsivity (general),Internet gaming disorder,associated_with,higher,,direct,0.85,The inter-hemispheric insula connectivity positively correlated with impulsivity.,yes,,yes,yes,yes,,,,,,,,,,llama-3.1-8b-instruct,2,keep,yes,yes,yes,yes,yes,no,impulsivity (general),functional connectivity,higher,"The sentence directly states a positive correlation between inter-hemispheric insula connectivity and impulsivity, which matches the extracted claim.",
282,40800313,"Charting the brain networks of impulsivity: Meta-analytic synthesis, functional connectivity modelling, and neurotransmitter associations.",2024,"Imaging neuroscience (Cambridge, Mass.)",impulsivity resting-state fMRI functional connectivity,unknown,functional connectivity,impulsivity (general),unknown,associated_with,unclear,,direct,0.75,"Resting-state functional connectivity revealed the two systems were organised into four specialised communities of default-mode, cingulo-insular, fronto-parietal, and temporal regions.",yes,,yes,yes,yes,,,,,,,,,,llama-3.1-8b-instruct,0,drop,no,no,no,unclear,no,no,,functional connectivity,,"The sentence does not mention impulsivity, and it describes functional connectivity, but it does not establish a relationship between the two.",
283,26767373,Serotonergic modulation of resting state default mode network connectivity in healthy women.,2016,Amino acids,impulsivity resting-state fMRI functional connectivity,default mode network,functional connectivity,impulsivity (general),unknown,correlates_with,unclear,,indirect,0.7,Right medial frontal gyrus and left superior frontal gyrus connectivity differences with the DMN were inversely correlated with trait impulsivity.,yes,,yes,yes,yes,,,,,,,,,,llama-3.1-8b-instruct,2,keep,yes,yes,yes,yes,yes,no,impulsivity (general),functional connectivity,negatively correlates with,"The sentence clearly supports the extracted claim by stating a correlation between impulsivity and functional connectivity differences in the DMN. The direction of the correlation is also clear, as it is described as 'inversely correlated', which implies a negative correlation.",
284,41092314,Time-varying brain state dynamics in trait impulsivity and anxiety: An HSMM analysis of resting-state fMRI.,2025,Social cognitive and affective neuroscience,impulsivity resting-state fMRI functional connectivity,"default mode network, salience/ventral attention network",functional connectivity,impulsivity (general),"High Impulsivity (HI), High Anxiety (HA), High Impulsivity & High Anxiety (HIHA)",associated_with,unclear,,direct,0.8,"Notably, the HI group spent more time in a state with an inverse pattern between the default mode network and the salience/ventral attention network, with anticorrelated connectivity and opposing activation, compared with the HA and HIHA groups.",yes,,yes,yes,yes,,,,,,,,,,llama-3.1-8b-instruct,2,keep,yes,yes,yes,yes,yes,no,impulsivity (general),functional connectivity,unclear,"The sentence clearly supports the phenotype (impulsivity), feature (functional connectivity), relationship (associated_with), and direction (unclear) when stated. The directness is also supported as the sentence names both phenotype and feature.",
285,29926324,12-h abstinence-induced functional connectivity density changes and craving in young smokers: a resting-state study.,2019,Brain imaging and behavior,impulsivity resting-state fMRI functional connectivity,unknown,functional connectivity,impulsivity (general),young smokers,correlates_with,higher,,direct,0.85,We also found higher lFCD during smoking abstinence (vs satiety) in bilateral thalamus.,yes,,yes,yes,yes,,,,,,,,,,llama-3.1-8b-instruct,0,drop,no,no,no,no,no,no,,functional connectivity density,higher,"The sentence does not mention impulsivity, and the feature mentioned is functional connectivity density, not functional connectivity. The direction is also not directly related to impulsivity.",
286,33434637,Large-scale network dysfunction in youths with Internet gaming disorder: a meta-analysis of resting-state functional connectivity studies.,2021,Progress in neuro-psychopharmacology & biological psychiatry,impulsivity resting-state fMRI functional connectivity,"default mode network, ventral attention network, somatomotor regions, limbic network, frontoparietal network",functional connectivity,impulsivity (general),Internet gaming disorder,associated_with,unclear,network dysfunction,direct,0.8,"Compared to healthy control groups, individuals with IGD exhibited significant hypoconnectivity within the default mode network, and enhanced connectivity between the default mode network and insula within the ventral attention network.",yes,,yes,yes,yes,,,,,,,,,,llama-3.1-8b-instruct,2,keep,yes,yes,yes,yes,yes,no,impulsivity (general),functional connectivity,hypoconnectivity,The sentence clearly supports the claim by stating a specific association between impulsivity (general) and functional connectivity in the default mode network and ventral attention network.,
287,25727574,Abnormal gray matter volume and resting-state functional connectivity in former heroin-dependent individuals abstinent for multiple years.,2016,Addiction biology,impulsivity resting-state fMRI functional connectivity,"default mode network, visual network, task positive network",functional connectivity,impulsivity (general),former heroin-dependent individuals,correlates_with,unclear,,direct,0.8,"Moreover, the altered functional connectivity was correlated with self-reported impulsivity scores in the FHD subjects.",yes,,yes,yes,yes,,,,,,,,,,llama-3.1-8b-instruct,2,keep,yes,yes,yes,yes,yes,no,impulsivity (general),functional connectivity,correlates_with,"The sentence clearly supports the extracted claim, mentioning a direct correlation between altered functional connectivity and self-reported impulsivity scores in former heroin-dependent individuals.",
288,25506057,Different resting-state functional connectivity alterations in smokers and nonsmokers with Internet gaming addiction.,2014,BioMed research international,impulsivity resting-state fMRI functional connectivity,unknown,functional connectivity,impulsivity (general),Internet gaming addiction,associated_with,unclear,,indirect,0.5,The PCC connectivity with the right rectus gyrus was found to be negatively correlated with the CIAS scores in the smokers with IGA before correction.,yes,,yes,yes,yes,,,,,,,,,,llama-3.1-8b-instruct,1,revise,yes,yes,yes,no,no,no,impulsivity (general),functional connectivity,negative,"The sentence partially supports the claim, but the direction and directness need to be corrected.",
289,23968837,Resting-state striato-frontal functional connectivity is sensitive to DAT1 genotype and predicts executive function.,2015,"Cerebral cortex (New York, N.Y. : 1991)",impulsivity resting-state fMRI functional connectivity,unknown,functional connectivity,impulsivity (general),unknown,predicts,lower,,direct,0.85,stronger ventral striatum-seeded connectivity predicted reduced impulsivity in everyday life.,yes,,yes,yes,yes,,,,,,,,,,llama-3.1-8b-instruct,2,keep,yes,yes,yes,yes,yes,no,impulsivity (general),functional connectivity,lower,"The sentence clearly supports the extracted claim, with a direct association between reduced functional connectivity and lower impulsivity.",
290,34606774,Resting state predicts neural activity during reward-guided decision making: An fMRI study on Balloon Analogue Risk Task.,2022,Behavioural brain research,impulsivity resting-state fMRI functional connectivity,unknown,BOLD variability,impulsivity (general),unknown,associated_with,higher,,direct,0.9,"Specifically, ALFF is positively associated with the activity of both the right inferior parietal lobule and the left caudate.",yes,,yes,yes,yes,,,,,,,,,,llama-3.1-8b-instruct,0,drop,no,no,no,no,no,no,,,,"The sentence does not mention impulsivity, BOLD variability, or any relationship between them.",
291,36899209,Internet addiction-induced brain structure and function alterations: a systematic review and meta-analysis of voxel-based morphometry and resting-state functional connectivity studies.,2023,Brain imaging and behavior,impulsivity resting-state fMRI functional connectivity,unknown,functional connectivity,impulsivity (general),Internet addiction,associated_with,unclear,,indirect,0.7,The ALE analysis of rsFC studies showed stronger rsFC from posterior cingulate cortex (PCC) (880 mm3) or insula (712 mm3) to the whole brain in subjects with IA;,yes,,yes,yes,yes,,,,,,,,,,llama-3.1-8b-instruct,1,revise,yes,yes,yes,no,no,no,impulsivity (general),functional connectivity,increased,"The sentence partially supports the claim, but the direction is unclear in the sentence. The corrected direction is 'increased' based on the context of 'stronger' rsFC. The directness is also 'indirect' as it does not name both phenotype and feature.",
292,40230597,"Resting-State Sensory-Motor Connectivity between Hand and Mouth as a Neural Marker of Socioeconomic Disadvantage, Psychosocial Stress, Cognitive Difficulties, Impulsivity, Depression, and Substance Use in Children.",2025,Journal of cellular neuroscience,impulsivity resting-state fMRI functional connectivity,unknown,functional connectivity,impulsivity (general),unknown,correlates_with,higher,,direct,0.8,"Higher rsFC between the sensory-motor mouth and hand regions was linked to greater impulsivity, lower cognitive function, an increased likelihood of MDD, and future marijuana use.",yes,,yes,yes,yes,,,,,,,,,,llama-3.1-8b-instruct,2,keep,yes,yes,yes,yes,yes,no,impulsivity (general),functional connectivity,higher,"The sentence clearly supports the extracted claim, mentioning a direct association between higher rsFC between the sensory-motor mouth and hand regions and greater impulsivity.",
293,39054810,Food insecurity and adolescent impulsivity: The mediating role of functional connectivity in the context of family flexibility.,2024,Developmental science,impulsivity resting-state fMRI functional connectivity,"salience/ventral attention network, frontoparietal/control network",functional connectivity,impulsivity (general),unknown,associated_with,higher,,direct,0.85,High T1 left-to-left rsFC between the AI and MFG was associated with increased impulsivity at T2.,yes,,yes,yes,no,,,,,,,,,,llama-3.1-8b-instruct,2,keep,yes,yes,yes,yes,yes,no,impulsivity (general),functional connectivity,higher,"The sentence clearly supports the extracted claim, mentioning a direct association between increased impulsivity and high T1 left-to-left rsFC between the AI and MFG.",
294,31553999,Amygdala Resting State Connectivity Differences between Bipolar II and Borderline Personality Disorders.,2019,Neuropsychobiology,impulsivity resting-state fMRI functional connectivity,unknown,functional connectivity,impulsivity (general),BPD vs BD II,associated_with,higher,,direct,0.85,"lower amygdala-middle frontal gyrus RSFC was associated with greater impulsivity, trait anxiety, affective shifts, interpersonal affective reactivity, and functional impairment.",yes,,yes,yes,no,,,,,,,,,,llama-3.1-8b-instruct,2,keep,yes,yes,yes,yes,yes,no,impulsivity (general),functional connectivity,lower,"The sentence clearly supports the extracted claim, mentioning a direct association between lower amygdala-middle frontal gyrus resting state functional connectivity and greater impulsivity.",
295,38847535,The mediating role of trait impulsivity in the relation between cue-induced craving and functional connectivity within the salience network among abstinent patients with methamphetamine use disorder.,2024,"Cerebral cortex (New York, N.Y. : 1991)",impulsivity resting-state fMRI functional connectivity,salience/ventral attention network,functional connectivity,impulsivity (general),methamphetamine use disorder,mediates,higher,,direct,0.85,Impulsivity was positively correlated with FC within the SN and played a completely mediating role between METH craving and FC within the SN in MUDs.,yes,,yes,yes,yes,,,,,,,,,,llama-3.1-8b-instruct,2,keep,yes,yes,yes,yes,yes,no,impulsivity (general),functional connectivity,higher,"The sentence clearly supports the extracted claim, mentioning impulsivity as the phenotype, functional connectivity as the feature type, mediation as the relationship, higher as the direction, and the salience network as the brain system. The diagnostic context is also correctly mentioned as methamphetamine use disorder.",
296,32815053,Dissociable fronto-striatal functional networks predict choice impulsivity.,2020,Brain structure & function,impulsivity resting-state fMRI functional connectivity,unknown,functional connectivity,impulsivity (general),unknown,predicts,higher,,direct,0.85,"Results revealed that both the functional coupling between the NAcc and the limbic/dorsolateral prefrontal cortex, and between the caudate and the dorsal prefrontal cortex, including the dorsomedial prefrontal cortex (DMPFC), successfully predicted the delay-discounting rate.",yes,,yes,yes,yes,,,,,,,,,,llama-3.1-8b-instruct,2,keep,yes,yes,yes,yes,yes,no,impulsivity (general),functional connectivity,higher,,
297,27814639,Dopamine homeostasis: brain functional connectivity in reward deficiency syndrome.,2017,Frontiers in bioscience (Landmark edition),impulsivity resting-state fMRI functional connectivity,unknown,functional connectivity,impulsivity (general),reward deficiency syndrome,associated_with,unclear,,indirect,0.5,,yes,,yes,no,unclear,,,,,,,,,,llama-3.1-8b-instruct,1,revise,yes,yes,yes,no,no,no,impulsivity (general),functional connectivity,,The sentence partially supports the claim but needs revision or is indirect. The direction and directness are unclear.,
298,37887440,"Neurophysiological, Neuroimaging, and Neuropsychological Predictors of Human Alcoholism and Risk.",2023,"Behavioral sciences (Basel, Switzerland)",impulsivity resting-state fMRI functional connectivity,unknown,unknown,impulsivity (general),unknown,unknown,unclear,,background,,,no,evidence_strength not a number,yes,no,unclear,,,,,,,,,,llama-3.1-8b-instruct,1,revise,yes,no,no,no,no,no,impulsivity (general),behavioral,positive,"The sentence partially supports the claim but needs revision or is indirect. The phenotype is supported, but the feature type is not specified. The relationship is not mentioned. The direction is unclear. The directness is background, but the sentence does not name both phenotype and feature.",
299,38334691,Connectome-based predictive modeling of Internet addiction symptomatology.,2024,Social cognitive and affective neuroscience,impulsivity resting-state fMRI functional connectivity,unknown,functional connectivity,impulsivity (general),Internet addiction disorder (IAD),predicts,higher,,direct,0.85,The findings showed that IAS could be predicted by the functional connectivity between prefrontal cortex with the cerebellum and limbic lobe and connections of the occipital lobe with the limbic lobe and insula lobe.,yes,,yes,yes,yes,,,,,,,,,,llama-3.1-8b-instruct,1,revise,yes,yes,yes,no,no,no,impulsivity (general),functional connectivity,higher,"The sentence partially supports the claim, but the direction and directness need to be revised. The sentence does not explicitly state the direction of the relationship, and it does not name both phenotype and feature.",
300,37331972,Altered intrinsic functional network connectivity is associated with impulsivity and emotion dysregulation in drug-naïve young patients with borderline personality disorder.,2023,Borderline personality disorder and emotion dysregulation,impulsivity resting-state fMRI functional connectivity,default mode network,functional connectivity,nonplanning impulsivity,borderline personality disorder,associated_with,lower,impaired intra-network FC,direct,0.85,Intra-network FC of right angular gyrus in the anterior DMN was significantly negatively correlated with attention impulsivity in BPD.,yes,,yes,yes,yes,,,,,,,,,,llama-3.1-8b-instruct,2,keep,yes,yes,yes,yes,yes,no,nonplanning impulsivity,functional connectivity,lower,,
301,35134490,Abnormal Anatomical and Functional Connectivity of the Thalamo-sensorimotor Circuit in Chronic Low Back Pain: Resting-state Functional Magnetic Resonance Imaging and Diffusion Tensor Imaging Study.,2022,Neuroscience,impulsivity resting-state fMRI functional connectivity,unknown,functional connectivity,impulsivity (general),chronic low back pain,unclear,unclear,,indirect,0.5,"Moreover, there was significantly altered resting-state functional connectivity (rsFC) of bilateral thalamo-motor/somatosensory pathways in patients with cLBP as compared to healthy controls.",yes,,yes,yes,yes,,,,,,,,,,llama-3.1-8b-instruct,2,keep,yes,yes,yes,yes,yes,no,impulsivity (general),functional connectivity,decreased/increased,"The sentence clearly supports the phenotype (impulsivity), feature (functional connectivity), relationship (association), direction (altered), and directness (comparing patients to healthy controls).",
302,24793833,Bipolar and borderline patients display differential patterns of functional connectivity among resting state networks.,2014,NeuroImage,impulsivity resting-state fMRI functional connectivity,unknown,functional connectivity,impulsivity (general),Bipolar disorder (BD) and borderline personality (BPD) disorder,correlates_with,higher,,direct,0.85,Impaired FNC displayed an association with impulsivity in BPD.,yes,,yes,yes,no,,,,,,,,,,llama-3.1-8b-instruct,1,revise,yes,yes,yes,no,no,no,impulsivity (general),functional connectivity,lower,"The sentence does not support the direction 'higher' as stated in the claim. It also does not name the brain system, which is required for directness to be fully supported.",
303,31880365,Amisulpride and l-DOPA modulate subcortical brain nuclei connectivity in resting-state pharmacologic magnetic resonance imaging.,2020,Human brain mapping,impulsivity resting-state fMRI functional connectivity,unknown,functional connectivity,impulsivity (general),unknown,correlates_with,higher,,direct,0.8,"In an exploratory analysis, we demonstrated that higher self-rated impulsivity goes together with a significant increase in VTA-mid-cingulate gyrus FC during l -DOPA-challenge.",yes,,yes,yes,yes,,,,,,,,,,llama-3.1-8b-instruct,2,keep,yes,yes,yes,yes,yes,no,impulsivity (general),functional connectivity,higher,The sentence clearly supports the extracted claim by stating a direct relationship between impulsivity and increased functional connectivity in the VTA-mid-cingulate gyrus during an l-DOPA challenge.,
304,36971664,Identifying individuals with attention-deficit/hyperactivity disorder based on multisite resting-state functional magnetic resonance imaging: A radiomics analysis.,2023,Human brain mapping,impulsivity resting-state fMRI functional connectivity,unknown,BOLD variability,impulsivity (general),ADHD,predicts,unclear,,indirect,0.7,The rs-fMRI-based radiomics features have the potential to be neuroimaging biomarkers for ADHD.,yes,,yes,yes,yes,,,,,,,,,,llama-3.1-8b-instruct,0,drop,no,no,no,unclear,unclear,no,,,,"The sentence does not mention a specific phenotype-feature association, making it unsupported for the extracted claim.",
305,37874642,Alterations in voxel based morphometry and resting state functional connectivity in men with compulsive sexual behavior disorder in the Sex@Brain study.,2023,Journal of behavioral addictions,impulsivity resting-state fMRI functional connectivity,unknown,functional connectivity,impulsivity (general),Compulsive Sexual Behavior Disorder (CSBD),correlates_with,unclear,,indirect,0.5,"In contrast, literature based rs-FC analysis revealed decreased rs-FC between the right orbital middle frontal cortex (mOFC) and the right gyrus rectus, as well as between left pallidum and right post/precentral gyrus in men with CSBD. In the left amygdala we observed increased rs-FC with precuneus in this group. In addition, most of these measures correlated with symptom severity.",yes,,yes,yes,yes,,,,,,,,,,llama-3.1-8b-instruct,2,keep,yes,yes,yes,yes,yes,no,impulsivity (general),functional connectivity,unclear,"The sentence clearly supports the extracted claim, mentioning a correlation between brain regions and functional connectivity in men with CSBD, which is related to impulsivity.",
306,30108525,"Borderline Personality Disorder With Cocaine Dependence: Impulsivity, Emotional Dysregulation and Amygdala Functional Connectivity.",2018,Frontiers in psychiatry,impulsivity resting-state fMRI functional connectivity,unknown,functional connectivity,impulsivity (general),dual pathology,correlates_with,unclear,,direct,0.75,The significant functional connectivity clusters were correlated with impulsivity and emotional dysregulation.,yes,,yes,yes,yes,,,,,,,,,,llama-3.1-8b-instruct,1,revise,yes,yes,yes,no,yes,no,impulsivity (general),functional connectivity,unclear,"The sentence partially supports the claim, but the direction is unclear and should be corrected to 'unclear'.",
307,37575566,Preliminary evidence for changes in frontoparietal network connectivity in the early abstinence period in alcohol use disorder: a longitudinal resting-state functional magnetic resonance imaging study.,2023,Frontiers in psychiatry,impulsivity resting-state fMRI functional connectivity,frontoparietal network,functional connectivity,impulsivity (general),alcohol use disorder,correlates_with,unclear,,indirect,0.5,"This suggests that the FPN might be involved in top-down control of impulsivity and anxiety, which are important risk factors for relapse.",yes,,yes,yes,yes,,,,,,,,,,llama-3.1-8b-instruct,1,revise,yes,no,yes,no,no,no,impulsivity (general),behavioral trait,,"The sentence partially supports the claim by mentioning the phenotype, but it does not directly support the feature type (functional connectivity) and the relationship (correlates_with) is not explicitly stated. The direction is unclear and the directness is indirect.",
308,41888807,Risk classification of internet gaming disorder based on neurobiological subtyping from impulsivity-linked resting-state functional connectivity: a longitudinal design study.,2026,BMC medicine,impulsivity resting-state fMRI functional connectivity,unknown,functional connectivity,impulsivity (general),Internet gaming disorder,associated_with,unclear,orbitofrontal-occipital circuit imbalance,direct,0.85,High-risk individuals exhibited reduced orbitofrontal RSFC and increased occipital RSFC; the former was negatively and the latter positively associated with impulsivity.,yes,,yes,yes,yes,,,,,,,,,,llama-3.1-8b-instruct,2,keep,yes,yes,yes,yes,yes,no,impulsivity (general),functional connectivity,negatively associated,"The sentence clearly supports the extracted claim, mentioning both phenotype (impulsivity) and feature (functional connectivity), and specifying the relationship (associated with) and direction (negatively and positively associated). The directness is also supported as both phenotype and feature are named.",
309,29277650,"Macroscale variation in resting-state neuronal activity and connectivity assessed by simultaneous calcium imaging, hemodynamic imaging and electrophysiology.",2018,NeuroImage,impulsivity resting-state fMRI functional connectivity,unknown,functional connectivity,impulsivity (general),unknown,unclear,unclear,,background,,,no,evidence_strength not a number,yes,no,unclear,,,,,,,,,,llama-3.1-8b-instruct,0,drop,no,no,no,no,no,no,,,,"The sentence does not mention impulsivity or functional connectivity, and does not provide any information about a relationship or direction.",
310,33037577,Identification of internet gaming disorder individuals based on ventral tegmental area resting-state functional connectivity.,2021,Brain imaging and behavior,impulsivity resting-state fMRI functional connectivity,unknown,functional connectivity,unknown,clinical diagnosis,associated_with,higher,,direct,0.8,"Our results demonstrated that the VTA RSFC circuits successfully identified IGD individuals (mean accuracy: 86.1%, mean sensitivity: 84.5%, mean specificity: 86.6%, the mean area under the receiver operating characteristic curve: 0.91).",yes,,yes,yes,yes,,,,,,,,,,llama-3.1-8b-instruct,2,keep,yes,yes,yes,yes,yes,no,internet gaming disorder,functional connectivity,higher,"The sentence clearly supports the claim by stating that the VTA RSFC circuits identified IGD individuals with high accuracy, sensitivity, and specificity, indicating a higher functional connectivity in IGD individuals.",
311,29636704,Altered Gray Matter Volume and Resting-State Connectivity in Individuals With Internet Gaming Disorder: A Voxel-Based Morphometry and Resting-State Functional Magnetic Resonance Imaging Study.,2018,Frontiers in psychiatry,impulsivity resting-state fMRI functional connectivity,unknown,functional connectivity,impulsivity (general),Internet Gaming Disorder,associated_with,unclear,,indirect,0.7,"negatively associated with functional connectivity between the left caudate and the right middle frontal gyrus (p < 0.05, corrected for multiple comparisons).",yes,,yes,yes,yes,,,,,,,,,,llama-3.1-8b-instruct,2,keep,yes,yes,yes,yes,yes,no,impulsivity (general),functional connectivity,negatively associated,"The sentence directly states a negative association between impulsivity and functional connectivity between the left caudate and the right middle frontal gyrus, which matches the extracted claim.",
312,25757797,Differential relations between juvenile psychopathic traits and resting state network connectivity.,2015,Human brain mapping,impulsivity resting-state fMRI functional connectivity,"default mode network, frontoparietal/control network",functional connectivity,impulsivity (general),juvenile psychopathic traits,associated_with,unclear,,direct,0.8,Impulsive-irresponsible traits were associated with altered connectivity patterns in the frontoparietal cognitive control networks.,yes,,yes,yes,yes,,,,,,,,,,llama-3.1-8b-instruct,2,keep,yes,yes,yes,yes,yes,no,impulsivity (general),functional connectivity,unclear,"The sentence clearly supports the extracted claim, mentioning impulsivity (general) as the phenotype, functional connectivity as the feature type, associated_with as the relationship, unclear as the direction, and direct as the directness. The brain system mentioned in the sentence matches the extracted brain system.",
313,28377176,Short- and long-range functional connectivity density alterations in adolescents with pure conduct disorder at resting-state.,2017,Neuroscience,impulsivity resting-state fMRI functional connectivity,default mode network,functional connectivity,impulsivity (general),conduct disorder,correlates_with,higher,,direct,0.9,"increased short-range FCD values in the bilateral PCC, the bilateral PCUN, and increased long-range FCD values in the left MCC showed significant correlations with the impulsivity.",yes,,yes,yes,yes,,,,,,,,,,llama-3.1-8b-instruct,2,keep,yes,yes,yes,yes,yes,no,,,,The sentence clearly supports the extracted claim by stating a direct correlation between increased functional connectivity density values in specific brain regions and impulsivity in adolescents with conduct disorder.,
314,32113043,Brain functional connectome-based prediction of individual decision impulsivity.,2020,Cortex; a journal devoted to the study of the nervous system and behavior,impulsivity resting-state fMRI functional connectivity,unknown,functional connectivity,impulsivity (general),unknown,predicts,higher,,direct,0.85,"Moreover, different feature selection thresholds, parcellation strategies and cross-validation approaches did not significantly influence the prediction results.",yes,,yes,yes,yes,,,,,,,,,,llama-3.1-8b-instruct,0,drop,no,no,no,unclear,unclear,unclear,,,,"The sentence does not mention the phenotype, feature, relationship, or direction, so it does not support the claim.",
315,37505987,Abnormal structural alterations and disrupted functional connectivity in behavioral addiction: A meta-analysis of VBM and fMRI studies.,2023,Journal of behavioral addictions,impulsivity resting-state fMRI functional connectivity,unknown,structural connectivity,impulsivity (general),behavioral addiction,associated_with,unclear,,indirect,0.6,"The rs-FC findings illustrated that BA were characterized as abnormal networks in response to inhibition, salience attribution, self-referential mental process, and reward-driven behaviors.",yes,,yes,yes,yes,,,,,,,,,,llama-3.1-8b-instruct,1,revise,yes,yes,yes,no,no,no,impulsivity (general),functional connectivity,unclear,"The sentence partially supports the claim, but the feature type should be corrected to 'functional connectivity' and the direction should be corrected to 'unclear'. The directness is also not fully supported as the sentence does not name both phenotype and feature.",
316,25738502,Decreased prefrontal lobe interhemispheric functional connectivity in adolescents with internet gaming disorder: a primary study using resting-state FMRI.,2015,PloS one,impulsivity resting-state fMRI functional connectivity,prefrontal lobe,functional connectivity,impulsivity (general),Internet gaming disorder,associated_with,lower,,direct,0.8,"Compared to healthy controls, IGD participants showed decreased VMHC between the left and right superior frontal gyrus (orbital part), inferior frontal gyrus (orbital part), middle frontal gyrus and superior frontal gyrus.",yes,,yes,yes,yes,,,,,,,,,,llama-3.1-8b-instruct,2,keep,yes,yes,yes,yes,yes,no,impulsivity (general),functional connectivity,lower,"The sentence directly compares IGD participants to healthy controls, showing a decrease in functional connectivity between specific brain regions, which is consistent with the extracted claim.",
317,27252633,Reduced Functional Connectivity within the Mesocorticolimbic System in Substance Use Disorders: An fMRI Study of Puerto Rican Young Adults.,2016,Frontiers in behavioral neuroscience,impulsivity resting-state fMRI functional connectivity,mesocorticolimbic system,functional connectivity,impulsivity (general),substance use disorders,associated_with,higher,chronically promoting reward seeking behaviors,direct,0.9,Reduced connectivity within the MCLS was also associated with higher self-reported levels of impulsivity.,yes,,yes,yes,yes,,,,,,,,,,llama-3.1-8b-instruct,2,keep,yes,yes,yes,yes,yes,no,impulsivity (general),functional connectivity,higher,"The sentence clearly supports the extracted claim, mentioning a direct association between reduced functional connectivity in the mesocorticolimbic system and higher levels of impulsivity.",
318,40722851,Understanding the Borderline Brain: A Review of Neurobiological Findings in Borderline Personality Disorder (BPD).,2025,Biomedicines,impulsivity resting-state fMRI functional connectivity,default mode network,functional connectivity,impulsivity (general),Borderline Personality Disorder (BPD),associated_with,unclear,,direct,0.6,"Consistent disruptions are observed across the prefrontal-amygdala circuitry, the default mode network (DMN), and mentalization-related regions.",yes,,yes,yes,yes,,,,,,,,,,llama-3.1-8b-instruct,1,revise,yes,no,yes,no,yes,no,impulsivity (general),functional connectivity,unclear,"The sentence mentions disruptions in the default mode network, which matches the brain system in the claim. However, it does not directly mention impulsivity or functional connectivity. The relationship is mentioned as 'consistent disruptions', which can be interpreted as 'associated_with'. The direction is unclear, but the extracted direction is 'unclear', so it matches. The directness is direct, so it matches. The corrected phenotype and feature type are based on the extracted claim, and the corrected direction is based on the sentence's unclear direction.",
319,27341655,Intrinsic brain network abnormalities in codeine-containing cough syrup-dependent male individuals revealed in resting-state fMRI.,2017,Journal of magnetic resonance imaging : JMRI,impulsivity resting-state fMRI functional connectivity,unknown,functional connectivity,impulsivity (general),CCS-dependent individuals,correlates_with,higher,,direct,0.9,"Intrinsic network FC also correlated with higher impulsivity in CCS-dependent individuals (P < 0.05, AlphaSim corrected).",yes,,yes,yes,yes,,,,,,,,,,llama-3.1-8b-instruct,2,keep,yes,yes,yes,yes,yes,no,impulsivity (general),functional connectivity,higher,"The sentence clearly supports the extracted claim, mentioning a direct correlation between intrinsic network FC and higher impulsivity in CCS-dependent individuals.",
320,33047425,Resting-state connectome-based support-vector-machine predictive modeling of internet gaming disorder.,2021,Addiction biology,impulsivity resting-state fMRI functional connectivity,default mode network,functional connectivity,impulsivity (general),internet gaming disorder,predicts,higher,,direct,0.8,"A comparison of whole-brain and network-based analyses showed that the default-mode network (DMN) is the most informative network in predicting IGD both in classification (individual identification accuracy = 78.76%) and regression (correspondence between predicted and actual psychometric scale score: r = 0.44, P < 0.001).",yes,,yes,yes,yes,,,,,,,,,,llama-3.1-8b-instruct,2,keep,yes,yes,yes,yes,yes,no,impulsivity (general),functional connectivity,higher,"The sentence clearly supports the extracted claim by stating that the default-mode network (DMN) is the most informative network in predicting IGD, which is associated with impulsivity (general).",
321,24746086,[Functional connectivity of temporal parietal junction in online game addicts:a resting-state functional magnetic resonance imaging study].,2014,Zhonghua yi xue za zhi,impulsivity resting-state fMRI functional connectivity,unknown,functional connectivity,impulsivity (general),online game addiction,associated_with,unclear,,indirect,0.7,Altered functional connectivity of TPJ reflected its dysfunction in online game addicts.,yes,,yes,yes,yes,,,,,,,,,,llama-3.1-8b-instruct,2,keep,yes,yes,yes,yes,yes,no,impulsivity (general),functional connectivity,associated_with,"The sentence clearly supports the extracted claim, mentioning a specific brain region (TPJ) and its altered functional connectivity, which is related to the phenotype of impulsivity in online game addicts.",
322,36963236,Decision-making and frontoparietal resting-state functional connectivity among impulsive-compulsive diagnoses. Insights from a Bayesian approach.,2023,Addictive behaviors,impulsivity resting state functional connectivity,unknown,functional connectivity,impulsivity (general),impulsive-compulsive spectrum patients,associated_with,unclear,,indirect,0.2,Resting-state functional connectivity (rsFC) has been proposed as a promising biomarker of decision-making.,yes,,yes,yes,yes,,,,,,,,,,llama-3.1-8b-instruct,0,drop,no,no,no,unclear,unclear,no,,,,"The sentence does not mention impulsivity or functional connectivity in the context of impulsive-compulsive spectrum patients, making it irrelevant to the extracted claim.",
323,23294010,Phenotypic variability in resting-state functional connectivity: current status.,2013,Brain connectivity,impulsivity resting state functional connectivity,unknown,unknown,impulsivity (general),unknown,associated_with,unclear,,indirect,0.7,"associations were also widespread between the cingulo-opercular network and both cognitive and affective behaviors, while the frontoparietal network was associated primarily with cognitive functions.",yes,,yes,yes,yes,,,,,,,,,,llama-3.1-8b-instruct,0,drop,no,no,no,no,no,no,,,,"The sentence does not mention impulsivity, and the relationship between brain networks and behaviors is not a direct association with a specific phenotype-feature pair.",
324,41005016,Resting-state functional connectivity insights: dorsolateral prefrontal cortex and superior parietal lobule in self-control and cognitive reappraisal.,2025,Brain and cognition,impulsivity resting state functional connectivity,unknown,functional connectivity,unknown,unknown,associated_with,higher,mediating role,direct,0.9,"Moreover, neuroimaging results revealed the functional connectivity between the dorsolateral prefrontal cortex (dlPFC) and superior parietal lobule (SPL) was associated with self-control and played a mediating role in the association with cognitive reappraisal.",yes,,yes,yes,yes,,,,,,,,,,llama-3.1-8b-instruct,2,keep,yes,yes,yes,yes,yes,no,self-control,functional connectivity,higher,,
325,30844604,Altered topological connectivity of internet addiction in resting-state EEG through network analysis.,2019,Addictive behaviors,impulsivity resting state functional connectivity,unknown,functional connectivity,impulsivity (general),internet addiction,correlates_with,unclear,,direct,0.7,Correlation analysis demonstrated that the observed regional alterations were significantly correlated with the severity of IA.,yes,,yes,yes,yes,,,,,,,,,,llama-3.1-8b-instruct,1,revise,yes,yes,yes,no,yes,no,impulsivity (general),functional connectivity,positively correlates with,"The sentence supports the phenotype and feature, but the direction is unclear. The corrected direction should be 'positively correlates with' to accurately reflect the relationship.",
326,31073695,Binge drinking is associated with altered resting state functional connectivity of reward-salience and top down control networks.,2020,Brain imaging and behavior,impulsivity resting state functional connectivity,"salience/ventral attention network, frontoparietal/control network",functional connectivity,impulsivity (general),"binge drinking, light drinking",associated_with,higher,dysregulation of neurofunctional networks,direct,0.8,BDs demonstrated lower connectivity between the IFC and hippocampus which was associated with higher craving.,yes,,yes,yes,yes,,,,,,,,,,llama-3.1-8b-instruct,1,revise,yes,yes,yes,no,no,no,impulsivity (general),functional connectivity,lower,The sentence does not directly support the claim's direction (higher) and directness (direct).,
327,42146757,Resting-State Functional Connectivity Alterations in Pediatric Survivors of Severe COVID-19: An Exploratory Case-Control Study.,2026,Sage open pediatrics,impulsivity resting state functional connectivity,unknown,functional connectivity,impulsivity (general),severe COVID-19,correlates_with,unclear,,indirect,0.5,"In an exploratory subset (8 post-COVID, 12 controls), 50% of post-COVID children had abnormally low Timeliness and 25% low Impulsivity MOXO-d-CPT z-scores, whereas no controls were abnormal.",yes,,yes,yes,yes,,,,,,,,,,llama-3.1-8b-instruct,1,revise,yes,yes,yes,no,no,no,impulsivity (specific to MOXO-d-CPT),behavioral test score,decreases,"The sentence partially supports the claim by mentioning a group difference in impulsivity, but the relationship is not explicitly stated as a correlation. The direction is unclear, and the feature type is not functional connectivity but rather a behavioral test score. The phenotype should be revised to be more specific to the MOXO-d-CPT test.",
328,31197580,Relationship of negative urgency to cingulo-insular and cortico-striatal resting state functional connectivity in tobacco use.,2020,Brain imaging and behavior,impulsivity resting state functional connectivity,unknown,functional connectivity,unknown,tobacco use,correlates_with,unclear,,direct,0.8,"In the whole sample, negative urgency was positively correlated with rsFC between the left insula and right dorsal anterior cingulate cortex (dACC).",yes,,yes,yes,yes,,,,,,,,,,llama-3.1-8b-instruct,2,keep,yes,yes,yes,yes,yes,no,negative urgency,functional connectivity,positive,The sentence clearly supports the claim with a direct and positive correlation between negative urgency and functional connectivity between the left insula and right dorsal anterior cingulate cortex.,
329,40305882,"Functional connectivity anomalies in medication-naive children with ADHD: Diagnostic potential, symptoms interpretation, and a mediation model.",2025,Clinical neurophysiology : official journal of the International Federation of Clinical Neurophysiology,impulsivity resting state functional connectivity,unknown,EEG connectivity,impulsivity (general),ADHD,correlates_with,unclear,compensatory,indirect,0.89,Left parietal θ band hyper-connectivity (C3-P7) correlated with both inattention and hyperactivity/impulsivity and mediated their interrelationship.,yes,,yes,yes,yes,,,,,,,,,,llama-3.1-8b-instruct,2,keep,yes,yes,yes,yes,yes,no,impulsivity (general),EEG connectivity,positive,"The sentence clearly supports the extracted claim, mentioning a specific brain region (left parietal) and frequency band (θ band) that correlates with impulsivity, which is a feature of the phenotype. The relationship is also clearly stated as correlation, and the direction can be inferred as positive. The directness is also supported as the sentence mentions both the phenotype and feature.",
330,35831231,Functional Connectivity in Compulsive Sexual Behavior Disorder - Systematic Review of Literature and Study on Heterosexual Males.,2022,The journal of sexual medicine,impulsivity resting state functional connectivity,unknown,functional connectivity,impulsivity (general),Compulsive Sexual Behavior Disorder (CSBD),correlates_with,unclear,,indirect,0.5,No significant correlations between psychological questionnaires assessing CSBD symptoms and resting-state functional connectivity were observed.,yes,,yes,yes,yes,,,,,,,,,,llama-3.1-8b-instruct,0,drop,no,no,no,unclear,unclear,no,,,,"The sentence does not support the claim because it mentions a lack of correlation, which is the opposite of the 'correlates_with' relationship.",
331,25237118,Resting state functional magnetic resonance imaging reveals distinct brain activity in heavy cannabis users - a multi-voxel pattern analysis.,2014,"Journal of psychopharmacology (Oxford, England)",impulsivity resting state functional connectivity,unknown,functional connectivity,impulsivity (general),unknown,correlates_with,unclear,,indirect,0.6,High correlations were also found between the overall classification accuracy and Barrett Barrett Impulsiveness Scale factor scores of attention and motor.,yes,,yes,yes,yes,,,,,,,,,,llama-3.1-8b-instruct,1,revise,yes,yes,yes,no,no,no,impulsivity (general),behavioral score,positive,"The sentence supports the phenotype and feature, but the direction is unclear. The relationship is also supported, but the directness is indirect. The corrected phenotype, feature type, and direction are based on the extracted claim.",
332,26582309,Decreased functional connectivity between ventral tegmental area and nucleus accumbens in Internet gaming disorder: evidence from resting state functional magnetic resonance imaging.,2015,Behavioral and brain functions : BBF,impulsivity resting state functional connectivity,unknown,functional connectivity,impulsivity (general),Internet gaming disorder,associated_with,lower,,direct,0.85,"In comparison with HCs, individuals with IGD had significantly decreased rsFC between the VTA and right NAcc.",yes,,yes,yes,yes,,,,,,,,,,llama-3.1-8b-instruct,2,keep,yes,yes,yes,yes,yes,no,impulsivity (general),functional connectivity,lower,"The sentence directly compares individuals with IGD to HCs, and states a significant decrease in rsFC between the VTA and right NAcc, which matches the extracted claim.",
333,32699511,Neurobiological mechanisms underlying internet gaming disorder .,2020,Dialogues in clinical neuroscience,impulsivity fMRI functional connectivity,unknown,functional connectivity,impulsivity (general),internet gaming disorder,associated_with,unclear,,direct,0.7,reduced activity in impulse control areas and impaired decision making,yes,,yes,yes,yes,,,,,,,,,,llama-3.1-8b-instruct,1,revise,yes,yes,yes,no,yes,no,impulsivity (general),functional connectivity,decreased,"The sentence partially supports the claim by mentioning a phenotype (impulsivity) and a feature (decision making), but the direction is unclear. The corrected phenotype and feature type match the extracted claim. The corrected direction is inferred as 'decreased' based on the phrase 'reduced activity'.",
334,38320657,Effects of internet and smartphone addiction on cognitive control in adolescents and young adults: A systematic review of fMRI studies.,2024,Neuroscience and biobehavioral reviews,impulsivity fMRI functional connectivity,unknown,functional connectivity,impulsivity (general),unknown,associated_with,unclear,,indirect,0.7,"Included studies (n = 21) revealed that both behavioral addictions were associated with impairments in cognitive control related to reward processing (ACC, insula, amygdala) and executive function (DLPFC, frontal, parietal lobes) in adolescents and young adults.",yes,,yes,yes,yes,,,,,,,,,,llama-3.1-8b-instruct,1,revise,yes,yes,yes,no,no,no,impulsivity (general),functional connectivity,unclear,"The sentence partially supports the claim, but the direction is unclear and the directness is indirect. The phenotype and feature are supported, but the direction and directness need correction.",
335,38888924,Efficacy and Neural Mechanisms of Mindfulness Meditation Among Adults With Internet Gaming Disorder: A Randomized Clinical Trial.,2024,JAMA network open,impulsivity fMRI functional connectivity,unknown,functional connectivity,impulsivity (general),Internet Gaming Disorder,associated_with,unclear,altering frontopallidal pathways,indirect,0.7,"Increased MFG-lentiform FC and decreased craving (pretest vs posttest: mean [SD], 58.8 [15.7] vs 33.6 [12.0]; t = -8.66; ƞ2 = 0.30; P < .001) was observed after MM, and changes in MFG-lentiform FC mediated the relationship between increased mindfulness and decreased craving (mediate effect, -0.17; 95% CI, -0.32 to -0.08; P = .03).",yes,,yes,yes,yes,,,,,,,,,,llama-3.1-8b-instruct,2,keep,yes,yes,yes,yes,yes,no,impulsivity (general),functional connectivity,decreased,"The sentence clearly supports the claim by stating a decrease in craving, which is associated with the phenotype of impulsivity. The feature type is also supported as functional connectivity. The relationship is supported as associated with, and the direction is supported as decreased. The directness is supported as indirect, as the sentence mentions a mediator (changes in MFG-lentiform FC).",
336,40913110,Impulsivity and neuroticism share distinct functional connectivity signatures with alcohol-use risk in youth.,2026,Molecular psychiatry,impulsivity fMRI functional connectivity,unknown,functional connectivity,impulsivity (general),unknown,associated_with,unclear,,direct,0.8,The impulsivity network was predominantly characterized by motor/sensory-related connections.,yes,,yes,yes,yes,,,,,,,,,,llama-3.1-8b-instruct,1,revise,yes,yes,yes,no,no,no,impulsivity (general),functional connectivity,positive,"The sentence supports the phenotype and feature, but the direction is unclear. The sentence does not name the direction, but the corrected direction is assumed to be positive based on the context. The directness is also unclear because the sentence does not name both phenotype and feature. The corrected feature type is assumed to be functional connectivity based on the context.",
337,32035425,Ventromedial prefrontal value signals and functional connectivity during decision-making in suicidal behavior and impulsivity.,2020,Neuropsychopharmacology : official publication of the American College of Neuropsychopharmacology,impulsivity fMRI functional connectivity,unknown,functional connectivity,impulsivity (general),suicidal behavior and depression,correlates_with,unclear,,direct,0.8,"In nonpsychiatric controls, vmPFC-frontoparietal connectivity was negatively moderated by impulsivity (pFWE corrected < 0.05).",yes,,yes,yes,yes,,,,,,,,,,llama-3.1-8b-instruct,2,keep,yes,yes,yes,yes,yes,no,impulsivity (general),functional connectivity,negatively correlates with,"The sentence clearly supports the extracted claim, mentioning impulsivity as the phenotype, functional connectivity as the feature type, a correlation as the relationship, a negative direction, and a direct association.",
338,41088106,Effects of progressive aerobic training on neural synchrony and functional connectivity in internet gaming disorder: a randomized controlled fMRI study.,2025,BMC psychiatry,impulsivity fMRI functional connectivity,unknown,functional connectivity,impulsivity (general),Internet gaming disorder,reduced,lower,,direct,0.8,fMRI results revealed increased ISC in the left postcentral gyrus and decreased ISC in the left caudate and right precentral gyrus. Caudate ISC changes correlated with IAT improvements.,yes,,yes,yes,yes,,,,,,,,,,llama-3.1-8b-instruct,1,revise,yes,yes,yes,no,no,no,impulsivity (general),functional connectivity,lower,"The sentence partially supports the claim, but the direction and directness need to be revised. The sentence mentions a decrease in ISC in the left caudate, which is associated with IAT improvements, but it does not directly support the relationship between impulsivity and functional connectivity. The corrected phenotype, feature type, and direction should be used.",
339,39743174,The intrinsic functional connectivity of psychopathy and its relation to self-control.,2025,Biological psychology,impulsivity fMRI functional connectivity,"default mode network, salience network, dorsal attention network",functional connectivity,impulsivity (general),psychopathy,correlates_with,unclear,,direct,0.85,Both the psychopathy-associated positive and negative networks were significantly correlated with measures of self-control and impulsivity.,yes,,yes,yes,yes,,,,,,,,,,llama-3.1-8b-instruct,1,revise,yes,yes,yes,no,yes,no,impulsivity (general),functional connectivity,positively correlates with,"The sentence supports the phenotype and feature, but the direction is unclear. The corrected direction should be 'positively correlates with' to capture the relevant part of the sentence.",
340,26969418,Aberrant interhemispheric functional and structural connectivity in heroin-dependent individuals.,2017,Addiction biology,impulsivity fMRI functional connectivity,unknown,functional connectivity,impulsivity (general),heroin-dependent individuals,correlates_with,higher,,direct,0.85,"VMHC in the dorsal lateral prefrontal cortex (DLPFC) correlated with genu CC volume, VMHC in the putamen, VMHC in the DLPFC and genu CC volume and splenium CC volume were negatively correlated with heroin duration and impulsivity traits.",yes,,yes,yes,yes,,,,,,,,,,llama-3.1-8b-instruct,1,revise,yes,yes,yes,no,no,no,impulsivity traits,structural connectivity,lower,"The sentence partially supports the claim, but the direction is mixed and the feature type is not exactly 'functional connectivity'. The corrected phenotype and feature type are 'impulsivity traits' and 'structural connectivity', respectively. The corrected direction is 'lower' because the sentence states that VMHC in the DLPFC and genu CC volume and splenium CC volume were negatively correlated with heroin duration and impulsivity traits.",
341,37248201,Corticostriatal connectivity mediates the reciprocal relationship between parent-reported sleep duration and impulsivity in early adolescents.,2023,"Journal of child psychology and psychiatry, and allied disciplines",impulsivity fMRI functional connectivity,unknown,functional connectivity,impulsivity (general),unknown,mediates,higher,corticostriatal connectivities,direct,0.85,"In addition, we observed a link between short sleep duration and reduced corticostriatal connectivity.",yes,,yes,yes,yes,,,,,,,,,,llama-3.1-8b-instruct,2,keep,yes,yes,yes,yes,yes,no,impulsivity (general),functional connectivity,lower,"The sentence directly supports the claim with the correct phenotype, feature, relationship, and direction.",
342,39559854,Connectivity-Based Real-Time Functional Magnetic Resonance Imaging Neurofeedback in Nicotine Users: Mechanistic and Clinical Effects of Regulating a Meta-Analytically Defined Target Network in a Double-Blind Controlled Trial.,2024,Human brain mapping,impulsivity fMRI functional connectivity,unknown,functional connectivity,impulsivity (general),nicotine users,unclear,unclear,,indirect,0.2,Secondary outcomes were (1) neurofeedback-specific changes in functional connectivity of the target network; (2) changes in smoking behavior and impulsivity measures; and (3) changes in resting-state connectivity profiles.,yes,,yes,yes,yes,,,,,,,,,,llama-3.1-8b-instruct,1,revise,yes,yes,no,no,no,no,impulsivity (general),functional connectivity,,"The sentence partially supports the claim by mentioning impulsivity measures, but the relationship and direction are unclear. The corrected phenotype and feature type are already provided in the extracted claim.",
343,40200728,Reproducible Effects of Sex and Acquisition Order on Multiple Global Signal Metrics: Implications for Functional Connectivity Studies of Phenotypic Individual Differences Using fMRI.,2025,Brain and behavior,impulsivity fMRI functional connectivity,unknown,BOLD variability,impulsivity (general),unknown,associated_with,unclear,,indirect,0.3,"In addition, effects of paradigm acquisition order were observed on GS measures, including an increase in BOLD signal variance across time.",yes,,yes,yes,yes,,,,,,,,,,llama-3.1-8b-instruct,1,revise,yes,yes,yes,no,no,no,impulsivity (general),BOLD variability,increased,"The sentence supports the phenotype and feature, but the direction is not explicitly stated. The relationship is also supported, but the directness is not fully captured. The corrected phenotype, feature type, and direction are based on the sentence's content.",
344,36987598,Transdiagnostic Connectome-Based Prediction of Craving.,2023,The American journal of psychiatry,impulsivity fMRI functional connectivity,"salience, subcortical, default mode networks",functional connectivity,unknown,transdiagnostic sample of individuals with and without substance use-related conditions,predicts,higher,,direct,0.85,"Anatomical localization of model contribution suggested that the strongest predictors of craving were regions of the salience, subcortical, and default mode networks.",yes,,yes,yes,yes,,,,,,,,,,llama-3.1-8b-instruct,2,keep,yes,yes,yes,yes,yes,no,craving,functional connectivity,higher,The sentence clearly supports the claim by mentioning the strongest predictors of craving in specific brain networks.,
345,40541132,Food addiction severity is associated with decreased functional connectivity and responses to palatable food pictures in brain areas involved in emotion and cognitive control.,2025,"Clinical nutrition (Edinburgh, Scotland)",impulsivity fMRI functional connectivity,unknown,functional connectivity,impulsivity (general),food addiction,associated_with,lower,,direct,0.85,"FA severity correlated negatively with functional connectivity (FC) between several brain regions, such as the anterior cingulate cortex and left accumbens, and positively with FC between the left amygdala and hippocampus (cluster/connection: pFDR<0.05, false discovery rate correction).",yes,,yes,yes,yes,,,,,,,,,,llama-3.1-8b-instruct,2,keep,yes,yes,yes,yes,yes,no,impulsivity (general),functional connectivity,lower,"The sentence clearly supports the extracted claim by stating a negative correlation between FA severity and functional connectivity between brain regions, which aligns with the relationship 'associated_with' and direction 'lower'.",
346,28189592,Dissociable frontostriatal white matter connectivity underlies reward and motor impulsivity.,2017,NeuroImage,impulsivity fMRI functional connectivity,unknown,structural connectivity,impulsivity (general),unknown,associated_with,unclear,,direct,0.8,"We found a double dissociation such that individual differences in white matter connectivity between the ventral striatum and the ventromedial prefrontal cortex and dorsolateral prefrontal cortex was associated with reward impulsivity, as measured by delay discounting, whereas connectivity between dorsal striatum and supplementary motor area was associated with motor impulsivity, but not vice versa.",yes,,yes,yes,yes,,,,,,,,,,llama-3.1-8b-instruct,2,keep,yes,yes,yes,yes,yes,no,impulsivity (general),structural connectivity,unclear,"The sentence clearly supports the extracted claim, mentioning a direct association between white matter connectivity and impulsivity. The direction is unclear, but the extracted direction captures this accurately. The sentence does not overclaim, as it only mentions group differences in impulsivity.",
347,30273626,Mesolimbic connectivity signatures of impulsivity and BMI in early adolescence.,2019,Appetite,impulsivity fMRI functional connectivity,unknown,functional connectivity,impulsivity (general),unknown,correlates_with,higher,,direct,0.85,"Connectivity within this network which included the hippocampi, amygdalae, parahippocampal gyri and the regions of interest, correlated positively with impulsivity and BMI Z-score for age and negatively with sensation-seeking.",yes,,yes,yes,yes,,,,,,,,,,llama-3.1-8b-instruct,2,keep,yes,yes,yes,yes,yes,no,,,,"The sentence clearly supports the extracted claim, mentioning a direct correlation between impulsivity and functional connectivity in the brain regions mentioned.",
348,39153422,A comprehensive systematic review of fMRI studies on brain connectivity in healthy children and adolescents: Current insights and future directions.,2024,Developmental cognitive neuroscience,impulsivity fMRI functional connectivity,unknown,functional connectivity,impulsivity (general),unknown,unknown,unclear,,background,,,no,evidence_strength not a number,yes,no,unclear,,,,,,,,,,llama-3.1-8b-instruct,0,drop,no,no,no,no,no,no,,,,"The sentence does not mention impulsivity or functional connectivity, so it does not support the extracted claim.",
349,39103090,Individualized prediction of online shopping addiction from whole-brain functional connectivity.,2024,Neuropsychologia,impulsivity fMRI functional connectivity,default mode network,functional connectivity,impulsivity (general),predicting OSA tendency,mediates,lower,the strength of the negative network mediated the relationship between OSA and impulsivity,direct,0.85,"Moreover, the strength of the negative network mediated the relationship between OSA and impulsivity, highlighting that the negative network underlies the impulsivity characteristic of OSA.",yes,,yes,yes,yes,,,,,,,,,,llama-3.1-8b-instruct,2,keep,yes,yes,yes,yes,yes,no,impulsivity (general),functional connectivity,lower,,
350,28231395,Functional connectivity in amygdalar-sensory/(pre)motor networks at rest: new evidence from the Human Connectome Project.,2017,The European journal of neuroscience,impulsivity fMRI functional connectivity,unknown,functional connectivity,impulsivity (general),unknown,associated_with,unclear,,indirect,0.3,"rs-fMRI studies are now warranted to examine potential abnormalities in this circuit in psychiatric and neurological diseases that may be associated with alterations in the amygdala-sensory/(pre)motor pathways (e.g. conversion disorders, impulse control disorders, amyotrophic lateral sclerosis and multiple sclerosis).",yes,,yes,yes,yes,,,,,,,,,,llama-3.1-8b-instruct,0,drop,no,no,no,no,no,yes,,,,"The sentence mentions a group difference (psychiatric and neurological diseases) but not a phenotype-feature association, and it does not support the extracted claim.",
351,33236526,Reduced frontostriatal functional connectivity and associations with severity of Internet gaming disorder.,2021,Addiction biology,impulsivity fMRI functional connectivity,unknown,functional connectivity,impulsivity (general),Internet gaming disorder,associates_with,lower,,direct,0.85,"Decreased FC was predominantly observed in IGD subjects, with IGD subjects showing decreased FC between the putamen and superior frontal gyrus (SFG), middle frontal gyrus (MFG), and inferior frontal gyrus (IFG) and the ventral striatum and IFG, superior temporal gyrus, and MFG.",yes,,yes,yes,yes,,,,,,,,,,llama-3.1-8b-instruct,2,keep,yes,yes,yes,yes,yes,no,impulsivity (general),functional connectivity,lower,"The sentence clearly supports the extracted claim by stating a direct association between reduced frontostriatal functional connectivity and Internet gaming disorder, with a specific direction (lower) and a direct relationship.",
352,38715980,Identifying ADHD-Related Abnormal Functional Connectivity with a Graph Convolutional Neural Network.,2024,Neural plasticity,impulsivity fMRI functional connectivity,unknown,functional connectivity,impulsivity (general),ADHD,associated_with,unclear,,indirect,0.7,"Our results suggest that the frontal, temporal, parietal, and cerebellar regions are likely the primary areas of dysfunction in individuals with ADHD.",yes,,yes,yes,yes,,,,,,,,,,llama-3.1-8b-instruct,0,drop,no,no,no,unclear,unclear,no,,,,"The sentence does not mention a phenotype-feature association, and it does not support the extracted claim.",
353,33564081,Alterations in reward network functional connectivity are associated with increased food addiction in obese individuals.,2021,Scientific reports,impulsivity fMRI functional connectivity,unknown,functional connectivity,impulsivity (general),food addiction,associated_with,higher,dysregulation of the dopaminergic pathway,direct,0.8,Individuals with food addiction showed greater connectivity between regions of the reward network suggesting dysregulation of the dopaminergic pathway.,yes,,yes,yes,yes,,,,,,,,,,llama-3.1-8b-instruct,2,keep,yes,yes,yes,yes,yes,no,impulsivity (general),functional connectivity,higher,"The sentence clearly supports the extracted claim, mentioning the association between impulsivity (general) and functional connectivity in the context of food addiction, with a higher direction and direct relationship.",
354,35835210,Fronto-striatal connectivity patterns account for the impact of methylphenidate on choice impulsivity among healthy adults.,2022,Neuropharmacology,impulsivity fMRI functional connectivity,unknown,functional connectivity,nonplanning impulsivity,unknown,associated_with,lower,,direct,0.9,"Notably, the more putamen-mPFC functional connectivity increased during non-impulsive choices following MPH administration, the less an individual was likely to make impulsive choices.",yes,,yes,yes,yes,,,,,,,,,,llama-3.1-8b-instruct,2,keep,yes,yes,yes,yes,yes,no,nonplanning impulsivity,functional connectivity,lower,The sentence clearly supports the extracted claim by stating a direct association between increased putamen-mPFC functional connectivity and lower nonplanning impulsivity.,
355,36244800,Neuroanatomical Correlates of Emotion-Related Impulsivity.,2023,Biological psychiatry,impulsivity fMRI functional connectivity,unknown,covariates,impulsivity (general),unknown,associated_with,higher,,indirect,0.7,"Lower cortical gyrification in the right lateral OFC was associated with high ERI severity in a full, preregistered model.",yes,,yes,yes,yes,,,,,,,,,,llama-3.1-8b-instruct,2,keep,yes,yes,yes,yes,yes,no,impulsivity (general),covariates,higher,"The sentence clearly supports the extracted claim, mentioning a specific brain region (right lateral OFC) associated with a phenotype (high ERI severity) and a feature (lower cortical gyrification). The direction and directness are also clearly stated.",
356,24878823,"Interindividual differences in cognitive flexibility: influence of gray matter volume, functional connectivity and trait impulsivity.",2015,Brain structure & function,impulsivity fMRI functional connectivity,unknown,functional connectivity,unknown,unknown,correlated_with,higher,,direct,0.9,"card-sorting performance correlated positively with GMV of the right anterior insula, FC between bilateral anterior insula and midcingulate cortex/supplementary motor area as well as the impulsivity dimension 'Premeditation.'",yes,,yes,yes,no,,,,,,,,,,llama-3.1-8b-instruct,2,keep,yes,yes,yes,yes,yes,no,card-sorting performance,gray matter volume,higher,"The sentence clearly supports the extracted claim, mentioning a direct relationship between card-sorting performance and higher GMV of the right anterior insula, as well as higher FC between bilateral anterior insula and midcingulate cortex/supplementary motor area and impulsivity dimension 'Premeditation'.",
357,40768779,Aberrant degree centrality and functional connectivity in patients with internet gaming disorder.,2025,Journal of psychiatric research,impulsivity fMRI functional connectivity,unknown,functional connectivity,impulsivity (general),internet gaming disorder,associated_with,unclear,,indirect,0.7,"The AUC values of DC, FC and the combined analysis for distinguishing IGD patients from HCs were 0.738, 0.850 and 0.864, respectively.",yes,,yes,yes,yes,,,,,,,,,,llama-3.1-8b-instruct,0,drop,no,no,no,unclear,unclear,unclear,,,,"The sentence does not mention impulsivity or any other phenotype, and does not mention functional connectivity as a feature type. It also does not mention a relationship between the phenotype and feature.",
358,36958794,Adaptive control of functional connectivity: dorsal and ventral limbic divisions regulate the dorsal and ventral neocortical networks.,2023,"Cerebral cortex (New York, N.Y. : 1991)",impulsivity fMRI functional connectivity,unknown,functional connectivity,impulsivity (general),unknown,associated_with,unclear,,indirect,0.3,"We review evidence indicating that the dorsal, archicortical division of the limbic system provides a feedforward, impulsive, endogenous mode of motive control, whereas the ventral, paleocortical limbic division provides feedback constraint linked to exogenous events.",yes,,yes,yes,yes,,,,,,,,,,llama-3.1-8b-instruct,2,keep,yes,yes,yes,yes,yes,no,impulsivity (general),functional connectivity,unclear,"The sentence clearly supports the extracted claim by mentioning the association between the dorsal limbic division and impulsivity, and the ventral limbic division and feedback constraint. The direction is unclear but matches the extracted claim. The directness is also supported as the sentence mentions both the phenotype and feature.",
359,38598290,"Effects of bilateral tDCS over DLPFC on response inhibition, craving, and brain functional connectivity in Internet gaming disorder: A randomized, double-blind, sham-controlled trial with fMRI.",2024,Journal of behavioral addictions,impulsivity fMRI functional connectivity,unknown,functional connectivity,nonplanning impulsivity,Internet gaming disorder,correlates_with,unclear,,direct,0.7,The rsFC between the ACC and left middle frontal gyrus was negatively correlated with the SSRT.,yes,,yes,yes,yes,,,,,,,,,,llama-3.1-8b-instruct,1,revise,yes,yes,yes,no,yes,no,nonplanning impulsivity,functional connectivity,positively,"The sentence supports the phenotype (nonplanning impulsivity) and feature (functional connectivity), but the direction is unclear. The relationship is also supported as it mentions a correlation. However, the direction is stated as negative, which contradicts the expected positive correlation with nonplanning impulsivity. The directness is supported as it names both phenotype and feature.",
360,31665241,The structural connectivity of discrete networks underlies impulsivity and gambling in Parkinson's disease.,2019,Brain : a journal of neurology,impulsivity fMRI functional connectivity,unknown,structural connectivity,impulsivity (general),Parkinson's disease,associated_with,unclear,,direct,0.8,"Larger bet sizes in the virtual casino were associated with greater connectivity of the reward evaluation network, particularly bilateral fibre tracts between the ventral striatum and ventromedial prefrontal cortex.",yes,,yes,yes,yes,,,,,,,,,,llama-3.1-8b-instruct,2,keep,yes,yes,yes,yes,yes,no,impulsivity (general),structural connectivity,greater,"The sentence clearly supports the phenotype (impulsivity), feature (structural connectivity), relationship (associated_with), direction (greater), and directness (direct) when stated.",
361,32434751,Increased functional connectivity in gambling disorder correlates with behavioural and emotional dysregulation: Evidence of a role for the cerebellum.,2020,Behavioural brain research,impulsivity fMRI functional connectivity,cerebellum,functional connectivity,impulsivity (general),gambling disorder,correlates_with,higher,,direct,0.8,"Moreover, a significant correlation between behavioural parameters and the strength of the resting-state cerebellar network was found.",yes,,yes,yes,yes,,,,,,,,,,llama-3.1-8b-instruct,1,revise,yes,yes,yes,no,no,no,impulsivity (general),functional connectivity,higher,"The sentence partially supports the claim but needs revision or is indirect. The phenotype 'impulsivity (general)' is supported, but the feature type 'functional connectivity' is not explicitly mentioned in the sentence. The relationship 'correlates_with' is supported, but the direction 'higher' is not explicitly mentioned in the sentence. The directness 'direct' is not supported because the sentence does not name both phenotype and feature.",
362,37721727,Acupuncture modulates the functional connectivity among the subcortical nucleus and fronto-parietal network in adolescents with internet addiction.,2023,Brain and behavior,impulsivity fMRI functional connectivity,unknown,functional connectivity,impulsivity (general),internet addiction,modulates,lower,decreased functional connectivity between subcortical nucleus and fronto-parietal network,direct,0.85,"After 40 days of acupuncture treatment, the FC within the FPN and between the SN and FPN were significantly decreased in individuals with IA.",yes,,yes,yes,yes,,,,,,,,,,llama-3.1-8b-instruct,2,keep,yes,yes,yes,yes,yes,no,impulsivity (general),functional connectivity,lower,,
363,25282597,Differences in functional connectivity between alcohol dependence and internet gaming disorder.,2015,Addictive behaviors,impulsivity fMRI functional connectivity,unknown,functional connectivity,impulsivity (general),"alcohol dependence, internet gaming disorder",associated_with,unclear,,indirect,0.7,"Both AD and IGD subjects have positive functional connectivity between the dorsolateral prefrontal cortex (DLPFC), cingulate, and cerebellum. In addition, both groups have negative functional connectivity between the DLPFC and the orbitofrontal cortex.",yes,,yes,yes,yes,,,,,,,,,,llama-3.1-8b-instruct,1,revise,yes,yes,yes,no,no,no,impulsivity (general),functional connectivity,positive,"The sentence supports the phenotype and feature, but the direction is not clear. The corrected direction is 'positive' based on the words 'positive functional connectivity'. The sentence does not name the phenotype and feature directly, so directness_supported is false.",
364,25853901,Impaired functional connectivity within and between frontostriatal circuits and its association with compulsive drug use and trait impulsivity in cocaine addiction.,2015,JAMA psychiatry,impulsivity fMRI functional connectivity,unknown,functional connectivity,impulsivity (general),cocaine addiction,associated_with,higher,,direct,0.85,increased striatal-dorsal lateral prefrontal cortex connectivity strength was positively correlated with the amount of recent cocaine use (uncorrected P < .046) and elevated trait impulsivity in the CUs (uncorrected P < .012),yes,,yes,yes,no,,,,,,,,,,llama-3.1-8b-instruct,2,keep,yes,yes,yes,yes,yes,no,impulsivity (general),functional connectivity,higher,The sentence clearly supports the extracted claim by stating a direct association between increased functional connectivity and higher impulsivity in cocaine addiction.,
365,36149062,Reduced brain activity and functional connectivity during creative idea generation in individuals with smartphone addiction.,2023,Social cognitive and affective neuroscience,impulsivity fMRI functional connectivity,unknown,functional connectivity,impulsivity (general),smartphone addiction,associated_with,lower,,direct,0.85,"In the SAT group, the PFC was less active under constraint than unconstraint conditions. Moreover, both task-related and resting-state functional connectivity analyses indicated weaker coupling between the PFC and temporal regions in the SAT than in the HC group.",yes,,yes,yes,yes,,,,,,,,,,llama-3.1-8b-instruct,2,keep,yes,yes,yes,yes,yes,no,impulsivity (general),functional connectivity,lower,"The sentence clearly supports the extracted claim, mentioning a direct association between impulsivity (general) and reduced functional connectivity in the SAT group compared to the HC group.",
366,27119360,Decreased functional connectivity of insula-based network in young adults with internet gaming disorder.,2016,Experimental brain research,impulsivity fMRI functional connectivity,unknown,functional connectivity,impulsivity (general),internet gaming disorder,associated_with,lower,reduced ability to inhibit motor responses to internet gaming or diminished executive control over craving for internet gaming,direct,0.85,The finding of reduced functional connectivity between the interoception and the motor/executive control regions is interpreted to reflect reduced ability to inhibit motor responses to internet gaming or diminished executive control over craving for internet gaming in IGD.,yes,,yes,yes,yes,,,,,,,,,,llama-3.1-8b-instruct,2,keep,yes,yes,yes,yes,yes,no,impulsivity (general),functional connectivity,lower,,
367,28888152,Altered functional connectivity to stressful stimuli in prenatally cocaine-exposed adolescents.,2017,Drug and alcohol dependence,impulsivity fMRI functional connectivity,unknown,functional connectivity,impulsivity (general),prenatally cocaine-exposed adolescents,associated_with,unclear,,indirect,0.6,"Craving scores inversely correlated with corticolimbic connectivity in PCE, but not NDE adolescents, during the favorite-food condition.",yes,,yes,yes,yes,,,,,,,,,,llama-3.1-8b-instruct,1,revise,yes,yes,yes,no,no,no,impulsivity (general),functional connectivity,inverse association,"The sentence partially supports the claim, but the direction and directness need to be revised. The direction is not 'unclear' as stated in the claim, but rather 'inverse association'. The directness is also not 'indirect' as stated in the claim, but rather 'direct' since it mentions a specific relationship between craving scores and corticolimbic connectivity.",
368,38468374,Functional connectivity alterations in individuals with gaming disorder assessed by functional magnetic resonance imaging: a systematic review.,2025,Journal of addictive diseases,impulsivity fMRI functional connectivity,unknown,functional connectivity,impulsivity (general),Internet Gaming Disorder (IGD),associated_with,unclear,,indirect,0.7,The main findings reveal changes such as significant increases or decreases in functional connectivity in certain regions of the brain.,yes,,yes,yes,yes,,,,,,,,,,llama-3.1-8b-instruct,1,revise,yes,yes,yes,no,no,no,impulsivity (general),functional connectivity,,"The sentence partially supports the claim, but the direction and directness are unclear. The phenotype and feature are supported, but the relationship is not explicitly stated. The corrected phenotype and feature type are provided.",
369,31362183,Oxytocin modulates alcohol-cue induced functional connectivity in the nucleus accumbens of social drinkers.,2019,Psychoneuroendocrinology,impulsivity fMRI functional connectivity,unknown,functional connectivity,impulsivity (general),unknown,modulates,unclear,,indirect,0.7,"This might reflect an attenuation of alcohol-cue saliency by oxytocin, which improves inhibitory control over craving and cue reactivity.",yes,,yes,yes,yes,,,,,,,,,,llama-3.1-8b-instruct,1,revise,yes,yes,yes,no,no,no,impulsivity (general),functional connectivity,decreases,"The sentence partially supports the claim, but the direction is unclear and the directness is indirect. The corrected phenotype, feature type, and direction are based on the information provided in the sentence.",
370,31401546,Functional connectivity of emotional well-being: Overconnectivity between default and attentional networks is associated with attitudes of anger and aggression.,2019,Psychiatry research. Neuroimaging,impulsivity fMRI functional connectivity,"default mode network, salience/ventral attention network",functional connectivity,impulsivity (general),unknown,associated_with,higher,impaired effortful control and decreased response inhibition,direct,0.85,functional connectivity between the default and attentional networks was positively correlated with scores of attitudes of anger and aggression.,yes,,yes,yes,yes,,,,,,,,,,llama-3.1-8b-instruct,2,keep,yes,yes,yes,yes,yes,no,impulsivity (general),functional connectivity,higher,,
371,25073506,"Cortical thinning, functional connectivity, and mood-related impulsivity in schizophrenia: relationship to aggressive attitudes and behavior.",2014,The American journal of psychiatry,impulsivity fMRI functional connectivity,unknown,functional connectivity,nonplanning impulsivity,schizophrenia,correlates_with,higher,,direct,0.8,"In patients, reduced resting-state functional connectivity in some of these regions was associated with higher urgency.",yes,,yes,yes,yes,,,,,,,,,,llama-3.1-8b-instruct,1,revise,yes,yes,yes,no,no,no,nonplanning impulsivity,functional connectivity,lower,"The sentence mentions a different phenotype (urgency) and does not directly support the relationship between nonplanning impulsivity and functional connectivity. The direction is also mixed, but the extracted direction captures the relevant part exactly, so direction_supported is set to false.",
372,24367675,Increased functional connectivity between prefrontal cortex and reward system in pathological gambling.,2013,PloS one,impulsivity fMRI functional connectivity,unknown,functional connectivity,nonplanning impulsivity,pathological gambling,associated_with,higher,,direct,0.8,"PG patients demonstrated increased connectivity from the right middle frontal gyrus to the right striatum as compared to controls, which was also positively correlated with nonplanning aspect of impulsiveness, smoking and craving scores in the PG group.",yes,,yes,yes,yes,,,,,,,,,,llama-3.1-8b-instruct,2,keep,yes,yes,yes,yes,yes,no,nonplanning impulsivity,functional connectivity,higher,"The sentence directly supports the claim by mentioning increased functional connectivity between the prefrontal cortex and reward system in pathological gambling, which is associated with nonplanning impulsivity.",
373,40032530,Cocaine Self-Administration Increases Impulsive Decision-Making in Low-Impulsive Rats Associated with Impaired Functional Connectivity in the Mesocorticolimbic System.,2025,eNeuro,impulsivity fMRI functional connectivity,mesocorticolimbic,functional connectivity,impulsivity (general),unknown,associated_with,lower,,direct,0.85,"Using these three regions as seeds, we observed a negative correlation between impulsivity and functional connectivity between the midbrain and frontal cortex, as well as between the thalamus and frontal cortex (including the orbitofrontal, primary, and parietal cortices) in low-impulsive rats. These correlations were attenuated following chronic cocaine SA.",yes,,yes,yes,yes,,,,,,,,,,llama-3.1-8b-instruct,2,keep,yes,yes,yes,yes,yes,no,,,,"The sentence clearly supports the extracted claim by mentioning a negative correlation between impulsivity and functional connectivity in low-impulsive rats, which is consistent with the relationship 'associated_with' and direction 'lower'. The directness is also supported as the sentence names both phenotype 'impulsivity' and feature 'functional connectivity'. No overclaiming is detected as the sentence mentions a group difference and a phenotype-feature association.",
374,39419186,Alternations voxel-wise interhemispheric and intrahemipheric functional connectivity dynamics in internet gaming disorder.,2025,Journal of affective disorders,impulsivity fMRI functional connectivity,unknown,functional connectivity,impulsivity (general),internet gaming disorder,correlates_with,lower,,indirect,0.7,"Moreover, abnormal global dFCD variability of the calcarine and ipsilateral dFCD variability of the PCC were negatively correlated with the severity of IGDs in the IGD group.",yes,,yes,yes,yes,,,,,,,,,,llama-3.1-8b-instruct,1,revise,yes,yes,yes,yes,no,no,impulsivity (general),functional connectivity,lower,"The sentence partially supports the claim, but the directness is 'indirect' and the brain system is not mentioned. The corrected phenotype, feature type, and direction are provided.",
375,34469847,Sex-specific frontal-striatal connectivity differences among adolescents with externalizing disorders.,2021,NeuroImage. Clinical,impulsivity fMRI functional connectivity,unknown,functional connectivity,impulsivity (general),externalizing disorders,correlated_with,higher,,direct,0.8,"Boys demonstrated weaker connectivity than girls within two medial-lateral prefrontal cortical networks. However, only boys showed greater medial-lateral prefrontal connectivity correlated with greater impulsivity.",yes,,yes,yes,no,,,,,,,,,,llama-3.1-8b-instruct,2,keep,yes,yes,yes,yes,yes,no,impulsivity (general),functional connectivity,higher,The sentence clearly supports the claim by stating a direct association between impulsivity and higher functional connectivity in boys with externalizing disorders.,
376,36662797,The continuum of attention dysfunction: Evidence from dynamic functional network connectivity analysis in neurotypical adolescents.,2023,PloS one,impulsivity fMRI functional connectivity,salience/ventral attention network,dynamic connectivity,impulsivity (general),unknown,associated_with,lower,,direct,0.85,we show ADHD manifestations and impulsivity are associated with prolonged periods of dynamically hyperconnected states.,yes,,yes,yes,no,,,,,,,,,,llama-3.1-8b-instruct,1,revise,yes,yes,yes,no,no,no,impulsivity (general),dynamic connectivity,higher,"The sentence supports the phenotype and feature, but the direction is mixed. The sentence states 'dynamically hyperconnected states', which implies an increase in connectivity, not a decrease. The relationship is supported, but the directness is not fully supported as the sentence does not name both phenotype and feature explicitly.",
377,30054871,Internet gaming disorder: deficits in functional and structural connectivity in the ventral tegmental area-Accumbens pathway.,2019,Brain imaging and behavior,impulsivity fMRI functional connectivity,unknown,functional connectivity,impulsivity (general),Internet gaming disorder,correlates_with,lower,,direct,0.8,"Both the NAc and medial orbitofrontal cortex (mOFC) showed lower RSFC with VTA in IGD subjects compared with controls. Moreover, the RSFC strength of VTA-right NAc and VTA-left mOFC correlated negatively with IAT in IGD subjects.",yes,,yes,yes,yes,,,,,,,,,,llama-3.1-8b-instruct,2,keep,yes,yes,yes,yes,yes,no,impulsivity (general),functional connectivity,lower,The sentence directly supports the claim by stating a correlation between lower functional connectivity and impulsivity in individuals with Internet gaming disorder.,
378,28777996,Neural connectivity moderates the association between sleep and impulsivity in adolescents.,2017,Developmental cognitive neuroscience,impulsivity fMRI functional connectivity,default mode network,functional connectivity,impulsivity (general),unknown,moderates,unclear,,direct,0.85,"Poor sleep quality was related to greater affect-related impulsivity among adolescents with low, but not high, connectivity, suggesting neural functioning relates to individual differences linking sleep quality and impulsivity.",yes,,yes,yes,yes,,,,,,,,,,llama-3.1-8b-instruct,1,revise,yes,yes,yes,no,yes,no,impulsivity (general),functional connectivity,positive,"The sentence partially supports the claim, but the direction is unclear in the sentence and should be corrected to positive as it implies a positive association between sleep quality and impulsivity.",
379,34262129,Dorsal and ventral striatal functional connectivity shifts play a potential role in internet gaming disorder.,2021,Communications biology,impulsivity fMRI functional connectivity,unknown,functional connectivity,impulsivity (general),internet gaming disorder,correlates_with,lower,,direct,0.85,IGD relative to RGU subjects showed lower ventral-striatum-to-MFG (mostly involving supplementary motor area (SMA)) and higher dorsal-striatum-to-MFG functional connectivity.,yes,,yes,yes,yes,,,,,,,,,,llama-3.1-8b-instruct,1,revise,yes,yes,yes,no,no,no,impulsivity (general),functional connectivity,lower,"The sentence partially supports the claim, but the direction and directness need to be revised. The sentence mentions lower ventral-striatum-to-MFG and higher dorsal-striatum-to-MFG functional connectivity, which does not directly support the direction of 'lower'. The directness is also not fully supported as the sentence does not name both phenotype and feature explicitly.",
380,30277562,The role of the dorsal striatum in choice impulsivity.,2019,Annals of the New York Academy of Sciences,impulsivity fMRI functional connectivity,unknown,unknown,impulsivity (general),unknown,unknown,unclear,,background,,,no,evidence_strength not a number,yes,no,unclear,,,,,,,,,,llama-3.1-8b-instruct,2,keep,yes,yes,yes,yes,yes,no,impulsivity (general),,,,
381,41667050,Task-based functional connectivity in internet gaming disorder: A systematic review.,2026,Progress in neuro-psychopharmacology & biological psychiatry,impulsivity fMRI functional connectivity,unknown,functional connectivity,impulsivity (general),Internet gaming disorder (IGD),correlates_with,higher,,direct,0.8,"Higher impulsiveness and risk-taking behaviours were observed in IGD individuals, with increased reward network and ECN FC during related tasks.",yes,,yes,yes,yes,,,,,,,,,,llama-3.1-8b-instruct,1,revise,yes,yes,yes,yes,no,no,impulsiveness,functional connectivity in reward network and ECN,higher,"The sentence partially supports the claim, but the feature type should be more specific (functional connectivity in reward network and ECN) and directness is not fully supported because it does not name both phenotype and feature.",
382,25553620,A selective involvement of putamen functional connectivity in youth with internet gaming disorder.,2015,Brain research,impulsivity fMRI functional connectivity,unknown,functional connectivity,impulsivity (general),internet gaming disorder,associated_with,unclear,,direct,0.8,"More time spent playing online games predicted significantly greater functional connectivity between the dorsal putamen and bilateral primary somatosensory cortices in adolescents with internet gaming disorder, and significantly lower functional connectivity between the dorsal putamen and bilateral sensorimotor cortices in healthy controls.",yes,,yes,yes,yes,,,,,,,,,,llama-3.1-8b-instruct,2,keep,yes,yes,yes,yes,yes,no,impulsivity (general),functional connectivity,positive,"The sentence clearly supports the extracted claim, mentioning a direct association between impulsivity (general) and functional connectivity in the brain, with a specific direction (positive) in the context of internet gaming disorder.",
383,34861396,Individual differences in (dis)honesty are represented in the brain's functional connectivity at rest.,2022,NeuroImage,impulsivity fMRI functional connectivity,unknown,functional connectivity,impulsivity (general),unknown,correlates_with,unclear,,direct,0.75,"Specifically, we investigated whether task-independent neural patterns within the brain at rest could be used to predict a propensity for (dis)honest behavior. Our analyses revealed that functional connectivity, especially between brain networks linked to self-referential thinking (vmPFC, temporal poles, and PCC) and reward processing (caudate nucleus), reliably correlates, in an independent sample, with participants' propensity to cheat.",yes,,yes,yes,yes,,,,,,,,,,llama-3.1-8b-instruct,2,keep,yes,yes,yes,yes,yes,no,impulsivity (general),functional connectivity,positively correlates,"The sentence clearly supports the extracted claim by stating a direct relationship between impulsivity (general) and functional connectivity, specifically between brain networks linked to self-referential thinking and reward processing, which positively correlates with participants' propensity to cheat.",
384,35007715,Risk-taking in humans and the medial orbitofrontal cortex reward system.,2022,NeuroImage,impulsivity fMRI functional connectivity,"medial orbitofrontal cortex, ventromedial prefrontal cortex, parahippocampal areas, anterior cingulate cortex",functional connectivity,impulsivity (general),unknown,associated_with,higher,"higher connectivity with the anterior cingulate cortex, providing a route for these reward-related regions to have a greater influence on action in risk-taking individuals",direct,0.9,"Functional connectivities of the medial orbitofrontal cortex, ventromedial prefrontal cortex (VMPFC), and the parahippocampal areas were significantly higher in the risk-taking group (p < 0.001, FDR corrected).",yes,,yes,yes,yes,,,,,,,,,,llama-3.1-8b-instruct,2,keep,yes,yes,yes,yes,yes,no,impulsivity (general),functional connectivity,higher,"The sentence clearly supports the extracted claim, mentioning a direct association between impulsivity (general) and higher functional connectivity in the medial orbitofrontal cortex, ventromedial prefrontal cortex, and parahippocampal areas in risk-taking individuals.",
385,40991106,Functional connectome fingerprinting related to BMI and its association with impulsivity.,2025,Brain imaging and behavior,impulsivity fMRI functional connectivity,unknown,functional connectivity,impulsivity (general),unknown,correlates_with,unclear,,indirect,0.7,The identified BMI-related rsFC fingerprintings significantly accounted for scores on the delay discounting task.,yes,,yes,yes,no,,,,,,,,,,llama-3.1-8b-instruct,1,revise,yes,yes,yes,no,no,no,impulsivity (general),functional connectivity,positively correlates with,"The sentence supports the phenotype and feature, but the direction is unclear. The sentence implies a positive correlation, but the direction is not explicitly stated. The directness is also unclear because it does not name both phenotype and feature. The relationship is supported as it implies a correlation.",
386,32214339,Alcohol effects on globus pallidus connectivity: Role of impulsivity and binge drinking.,2020,PloS one,impulsivity fMRI functional connectivity,unknown,functional connectivity,impulsivity (general),unknown,associated_with,higher,,direct,0.85,Our data also indicated an association between impulsivity and alcohol-induced deficits in GPe-frontal/precentral connectivity.,yes,,yes,yes,yes,,,,,,,,,,llama-3.1-8b-instruct,2,keep,yes,yes,yes,yes,yes,no,impulsivity (general),functional connectivity,higher,"The sentence clearly supports the extracted claim, mentioning a direct association between impulsivity and higher functional connectivity deficits in a specific brain region.",
387,27975158,Compensatory increase of functional connectivity density in adolescents with internet gaming disorder.,2017,Brain imaging and behavior,impulsivity fMRI functional connectivity,unknown,functional connectivity,impulsivity (general),internet gaming disorder,correlates_with,higher,,indirect,0.6,The IGD adolescents exhibited higher global/long-range rsFCD in the bilateral dorsal lateral prefrontal cortex (DLPFC) and the right inferior temporal cortex (ITC)/fusiform compared with the HCs.,yes,,yes,yes,yes,,,,,,,,,,llama-3.1-8b-instruct,2,keep,yes,yes,yes,yes,yes,no,impulsivity (general),functional connectivity density,higher,"The sentence clearly supports the extracted claim by stating a higher functional connectivity density in adolescents with internet gaming disorder compared to healthy controls, which correlates with impulsivity (general).",
388,41067444,Altered functional connectivity of reward circuits in adolescents with addictive nonsuicidal self-injury.,2025,Brain research bulletin,impulsivity fMRI functional connectivity,unknown,functional connectivity,impulsivity (general),adolescents with addictive nonsuicidal self-injury,correlates_with,unclear,,indirect,0.7,The FC between left hippocampus and right caudate nucleus was positively correlated with the self-injury frequency in the past month.,yes,,yes,yes,yes,,,,,,,,,,llama-3.1-8b-instruct,2,keep,yes,yes,yes,yes,yes,no,impulsivity (general),functional connectivity,positive,"The sentence clearly supports the extracted claim, mentioning a specific brain region (left hippocampus) and its functional connectivity with another region (right caudate nucleus), which correlates with self-injury frequency, a measure of impulsivity.",
389,25445475,Decreased functional connectivity in an executive control network is related to impaired executive function in Internet gaming disorder.,2015,Progress in neuro-psychopharmacology & biological psychiatry,impulsivity fMRI functional connectivity,unknown,functional connectivity,unknown,Internet gaming disorder,related_to,lower,,direct,0.8,IGD subjects show lower functional connectivity in ECNs than do HC participants during resting state;,yes,,yes,yes,yes,,,,,,,,,,llama-3.1-8b-instruct,2,keep,yes,yes,yes,yes,yes,no,unknown,functional connectivity,lower,,
390,34964209,Neural processes during response inhibition in complex posttraumatic stress disorder.,2022,Depression and anxiety,impulsivity fMRI functional connectivity,unknown,unknown,impulsivity (general),complex posttraumatic stress disorder,associated_with,unclear,,background,0.5,,yes,,yes,no,unclear,,,,,,,,,,llama-3.1-8b-instruct,1,revise,yes,no,yes,no,no,no,impulsivity (general),behavioral,unclear,"The sentence partially supports the claim but needs revision or is indirect. The phenotype is supported, but the feature type is unknown and needs correction. The relationship is supported, but the direction is unclear and needs correction. The directness is background, which does not match the extracted directness, so it needs correction.",
391,29442271,Exploring variability in basal ganglia connectivity with functional MRI in healthy aging.,2018,Brain imaging and behavior,impulsivity fMRI functional connectivity,unknown,functional connectivity,impulsivity (general),unknown,unclear,unclear,,indirect,0.3,,yes,,yes,no,unclear,,,,,,,,,,llama-3.1-8b-instruct,1,revise,yes,yes,no,no,no,no,impulsivity (general),functional connectivity,,"The sentence partially supports the claim but needs revision or is indirect. The relationship and direction are unclear, and the directness is indirect, but the phenotype and feature are supported.",
392,32361415,Impulsivity Relates to Relative Preservation of Mesolimbic Connectivity in Patients with Parkinson Disease.,2020,NeuroImage. Clinical,impulsivity fMRI functional connectivity,"limbic, associative, motor network",functional connectivity,impulsivity (general),Parkinson Disease,relates_to,higher,,direct,0.85,Our results show that there is greater probability of connectivity between the SN and limbic network targets relative to motor and associative network targets in PD patients with recent history of severe impulsivity as compared to PD patients without impulsivity (P = 0.0075).,yes,,yes,yes,yes,,,,,,,,,,llama-3.1-8b-instruct,2,keep,yes,yes,yes,yes,yes,no,impulsivity (general),functional connectivity,higher,"The sentence clearly supports the extracted claim, mentioning impulsivity as the phenotype, functional connectivity as the feature type, relates_to as the relationship, higher as the direction, and direct as the directness. The sentence also specifies the brain system involved and the diagnostic context.",
393,33813866,Aberrant Salient and Corticolimbic Connectivity in Hypersexual Parkinson's Disease.,2021,Brain connectivity,impulsivity fMRI functional connectivity,salience/ventral attention network,functional connectivity,impulsivity (general),Parkinson's disease with hypersexuality,associated_with,unclear,,direct,0.8,Enhanced salience network (SN) activity represented by a significant rise in the right inferior frontal gyrus was found in PD+HS compared with PD-HS.,yes,,yes,yes,yes,,,,,,,,,,llama-3.1-8b-instruct,2,keep,yes,yes,yes,yes,yes,no,impulsivity (general),functional connectivity,increased,"The sentence clearly supports the claim by stating a significant rise in the right inferior frontal gyrus, which is associated with the salience network. This is directly related to the phenotype of impulsivity (general) and the feature type of functional connectivity in the salience/ventral attention network.",
394,31886611,Dorsal striatal functional connectivity changes in Internet gaming disorder: A longitudinal magnetic resonance imaging study.,2021,Addiction biology,impulsivity fMRI functional connectivity,unknown,functional connectivity,impulsivity (general),Internet gaming disorder,correlates_with,unclear,,direct,0.75,Young males with IGD showed an altered FC pattern in the dorsal striatum during follow-up. FC of the dorsal striatum in IGD increased in the mPFC and decreased in the MOG.,yes,,yes,yes,yes,,,,,,,,,,llama-3.1-8b-instruct,2,keep,yes,yes,yes,yes,yes,no,impulsivity (general),functional connectivity,unclear,"The sentence clearly supports the extracted claim, mentioning the phenotype (impulsivity), feature type (functional connectivity), relationship (correlates with), and direction (unclear). The directness is also supported as the sentence names both phenotype and feature.",
395,40043540,A brief review of MRI studies in patients with attention-deficit/hyperactivity disorder and future perspectives.,2025,Brain & development,impulsivity fMRI functional connectivity,unknown,unknown,impulsivity (general),attention-deficit/hyperactivity disorder,unknown,unclear,,background,,,no,evidence_strength not a number,yes,no,unclear,,,,,,,,,,llama-3.1-8b-instruct,1,revise,yes,no,no,no,no,no,impulsivity (general),behavioral,positive,"The sentence does not explicitly mention a feature type or relationship, but it does mention impulsivity, which is a behavioral aspect. The direction is unclear, but the corrected direction is positive as it is related to the presence of impulsivity in ADHD patients.",
396,32987241,Intrinsic functional connectivity of the default mode and cognitive control networks relate to change in behavioral performance over two years.,2020,Cortex; a journal devoted to the study of the nervous system and behavior,impulsivity fMRI functional connectivity,default mode network | cognitive control network,functional connectivity,unknown,unknown,associated_with,higher,,direct,0.85,"Additionally, decreased connectivity between posterior parietal CCN and DMN nodes and decreased connectivity between left and right dorsolateral prefrontal nodes was associated with increased cognitive performance.",yes,,yes,yes,yes,,,,,,,,,,llama-3.1-8b-instruct,2,keep,yes,yes,yes,yes,yes,no,cognitive performance,functional connectivity,decreased,"The sentence clearly supports the claim, and the phenotype, feature, relationship, and direction are all correctly identified. The corrected fields are the phenotype, feature type, and direction, which are all accurately captured from the sentence.",
397,37753565,The role of the cerebellum in internet gaming disorder-A systematic review.,2023,Addiction biology,impulsivity fMRI functional connectivity,unknown,functional connectivity,impulsivity (general),internet gaming disorder,associated_with,unclear,,indirect,0.5,Results on altered cerebro-cerebellar connectivity in patients with IGD are mixed; most studies report altered or increased functional connectivity.,yes,,yes,yes,yes,,,,,,,,,,llama-3.1-8b-instruct,1,revise,yes,yes,yes,no,no,no,impulsivity (general),functional connectivity,increased,"The sentence partially supports the claim by mentioning altered or increased functional connectivity, but the direction is mixed and not explicitly stated as associated with impulsivity. The directness is also indirect as it does not name both phenotype and feature. The corrected phenotype, feature type, and direction are based on the extracted claim.",
398,38594324,From compulsivity to compulsion: the neural basis of compulsive disorders.,2024,Nature reviews. Neuroscience,impulsivity neuroimaging functional connectivity,unknown,unknown,impulsivity (general),unknown,unknown,unclear,,background,,,no,evidence_strength not a number,yes,no,unclear,,,,,,,,,,llama-3.1-8b-instruct,1,revise,yes,no,no,no,no,no,impulsivity (general),unknown,unclear,"The sentence partially supports the claim, but the feature and relationship are unknown, and the direction is unclear. The corrected phenotype is 'impulsivity (general)'",
399,31691415,Risk proneness modulates the impact of impulsivity on brain functional connectivity.,2020,Human brain mapping,impulsivity neuroimaging functional connectivity,"['salience/ventral attention network', 'frontoparietal/control network', 'default mode network']",EEG connectivity,impulsivity (general),unknown,modulates,unclear,,direct,0.8,"In risk-prone individuals, (lack of) premeditation enhanced the coupling of the ventral attention and limbic networks. At the same time, emotion seeking increased the coupling of the frontoparietal network and the default mode networks (DMNs). Finally, (lack of) perseverance had a positive impact on the coupling of anterior temporal nodes of the limbic network whilst having a negative impact on some frontal nodes of the frontoparietal network and the DMNs.",yes,,yes,yes,yes,,,,,,,,,,llama-3.1-8b-instruct,2,keep,yes,yes,yes,yes,yes,no,,,,,
400,12359667,Drug addiction and its underlying neurobiological basis: neuroimaging evidence for the involvement of the frontal cortex.,2002,The American journal of psychiatry,impulsivity neuroimaging functional connectivity,frontoparietal/control network,functional connectivity,impulsivity (general),drug addiction,associated_with,unclear,impaired response inhibition and salience attribution,direct,0.8,"These regions are also involved in higher-order cognitive and motivational functions, such as the ability to track, update, and modulate the salience of a reinforcer as a function of context and expectation and the ability to control and inhibit prepotent responses.",yes,,yes,yes,yes,,,,,,,,,,llama-3.1-8b-instruct,1,revise,yes,yes,yes,no,no,no,impulsivity (general),functional connectivity,unclear,"The sentence partially supports the claim but needs revision or is indirect. The phenotype 'impulsivity (general)' is supported, but the feature type 'functional connectivity' is not directly mentioned. The relationship 'associated_with' is supported, but the direction 'unclear' is not captured exactly. The directness 'direct' is not supported because the sentence does not name both phenotype and feature.",
401,24815984,"EEG functional connectivity, axon delays and white matter disease.",2015,Clinical neurophysiology : official journal of the International Federation of Clinical Neurophysiology,impulsivity neuroimaging functional connectivity,unknown,unknown,impulsivity (general),unknown,unknown,unclear,,background,,,no,evidence_strength not a number,yes,no,unclear,,,,,,,,,,llama-3.1-8b-instruct,1,revise,yes,no,no,no,no,no,impulsivity (general),unknown,unclear,"The sentence does not clearly state a relationship or feature, but it does mention a phenotype. The direction is unclear, and the directness is background, which does not match the extracted directness.",
402,30885789,Whole-brain functional connectivity during script-driven aggression in borderline personality disorder.,2019,Progress in neuro-psychopharmacology & biological psychiatry,impulsivity neuroimaging functional connectivity,unknown,functional connectivity,impulsivity (general),borderline personality disorder,associated_with,unclear,,direct,0.7,We identified a large network showing a significantly stronger increase in connectivity from baseline to the aggression phase in female patients with BPD compared to healthy women.,yes,,yes,yes,yes,,,,,,,,,,llama-3.1-8b-instruct,2,keep,yes,yes,yes,yes,yes,no,impulsivity (general),functional connectivity,increased,"The sentence clearly supports the claim by stating a significant increase in functional connectivity in female patients with BPD compared to healthy women, which is directly related to impulsivity (general).",
403,30652907,Functional and structural neuroimaging studies of delayed reward discounting in addiction: A systematic review.,2019,Psychological bulletin,impulsivity neuroimaging functional connectivity,unknown,functional connectivity,impulsivity (general),addictive disorders,associated_with,higher,,direct,0.8,"In functional connectivity fMRI studies, there was moderate evidence for greater connectivity between the executive control, salience, and default mode networks in individuals exhibiting addictive behavior.",yes,,yes,yes,yes,,,,,,,,,,llama-3.1-8b-instruct,1,revise,yes,yes,yes,yes,no,no,impulsivity (general),functional connectivity,higher,"The sentence partially supports the claim, but the directness is not fully supported because it does not name both phenotype and feature. The corrected phenotype, feature type, and direction are based on the information in the sentence.",
404,39378092,Adolescent alcohol consumption predicted by differences in electrophysiological functional connectivity and neuroanatomy.,2024,Proceedings of the National Academy of Sciences of the United States of America,impulsivity neuroimaging functional connectivity,unknown,functional connectivity,impulsivity (general),unknown,unclear,unclear,,background,0.2,,yes,,yes,no,unclear,,,,,,,,,,llama-3.1-8b-instruct,1,revise,yes,yes,no,no,no,no,impulsivity (general),electrophysiological functional connectivity,,"The sentence partially supports the claim but needs revision or is indirect. The relationship and direction are unclear, and the directness is background, which does not name both phenotype and feature.",
405,23451272,Decreased functional brain connectivity in adolescents with internet addiction.,2013,PloS one,impulsivity neuroimaging functional connectivity,unknown,functional connectivity,impulsivity (general),internet addiction,associated_with,lower,,direct,0.8,Adolescents with internet addiction showed reduced functional connectivity spanning a distributed network.,yes,,yes,yes,yes,,,,,,,,,,llama-3.1-8b-instruct,2,keep,yes,yes,yes,yes,yes,no,impulsivity (general),functional connectivity,lower,"The sentence directly states that adolescents with internet addiction have reduced functional connectivity, which matches the extracted claim.",
406,38852751,Multimodal neuroimaging fusion unravel structural-functional-neurotransmitter change in Parkinson's disease with impulse control disorders.,2024,Neurobiology of disease,impulsivity neuroimaging functional connectivity,unknown,functional connectivity,impulsivity (general),Parkinson's disease with impulse control disorders,associated_with,higher,,direct,0.8,"Compared to PD-NICD, PD-ICD patients showed hypogyrification and enlarged PVS volume fraction in the left orbitofrontal gyrus (OFG), as well as decreased FC between interhemispheric OFG.",yes,,yes,yes,yes,,,,,,,,,,llama-3.1-8b-instruct,2,keep,yes,yes,yes,yes,yes,no,impulsivity (general),functional connectivity,higher,"The sentence directly supports the claim by stating that PD-ICD patients showed increased impulsivity (indirectly through hypogyrification and enlarged PVS volume fraction) and decreased functional connectivity between interhemispheric OFG, which is consistent with the claim's direction of higher impulsivity being associated with lower functional connectivity.",
407,35041909,Brain functional connectivity during and after imagery of gaming and alternative leisure activities in patients with internet gaming disorder.,2022,Neuroscience letters,impulsivity neuroimaging functional connectivity,unknown,functional connectivity,impulsivity (general),internet gaming disorder,associated_with,unclear,,indirect,0.7,"In particular, patients showed that caudate-right parahippocampal gyrus connectivity and putamen-right orbitofrontal cortex connectivity increased during gaming and decreased during alternative, whereas NAcc-right precuneus connectivity decreased at baseline, increased in post-gaming, and were not different in post-alternative.",yes,,yes,yes,yes,,,,,,,,,,llama-3.1-8b-instruct,1,revise,yes,yes,yes,no,no,no,impulsivity (general),functional connectivity,unclear,"The sentence partially supports the claim as it mentions a relationship between impulsivity and functional connectivity, but the direction is unclear and the directness is indirect. The corrected phenotype, feature type, and direction are the same as the extracted claim.",
408,38000138,The functional connectivity between right parahippocampal gyrus and precuneus underlying the association between reward sensitivity and procrastination.,2024,Cortex; a journal devoted to the study of the nervous system and behavior,impulsivity neuroimaging functional connectivity,unknown,functional connectivity,nonplanning impulsivity,unknown,mediates,lower,,direct,0.9,the RSFC result found reward sensitivity was negatively associated with the functional connectivity of the right parahippocampal gyrus-precuneus.,yes,,yes,yes,yes,,,,,,,,,,llama-3.1-8b-instruct,2,keep,yes,yes,yes,yes,yes,no,nonplanning impulsivity,functional connectivity,lower,,
409,37992501,Testing the triple network model of psychopathology in a transdiagnostic neurodevelopmental cohort.,2023,NeuroImage. Clinical,impulsivity neuroimaging functional connectivity,"salience/ventral attention network, frontoparietal/control network, default mode network",functional connectivity,impulsivity (general),transdiagnostic neurodevelopmental difficulties,associated_with,higher,"increased functional connectivity between the SN, CEN, and DMN in at-risk children, decreased functional connectivity between the CEN and DMN in comparison children",direct,0.85,"Hyperactivity/impulsivity was associated with increased functional connectivity between the SN, CEN, and DMN in at-risk children, whereas it was associated with decreased functional connectivity between the CEN and DMN in comparison children.",yes,,yes,yes,yes,,,,,,,,,,llama-3.1-8b-instruct,2,keep,yes,yes,yes,yes,yes,no,impulsivity (general),functional connectivity,higher,,
410,32312566,[The contribution of forensic neuroscience to psychopathy].,2020,L'Encephale,impulsivity neuroimaging functional connectivity,unknown,unknown,impulsivity (general),psychopathic traits,associated_with,unclear,,indirect,0.5,"These brain abnormalities underlie an attenuated emotion processing functioning (but not an absence) and aversion to negative and threats signals, reinforcement learning, representation of rewards and modulation of attention that have an impact in decision-making, caring for others, and moral judgment.",yes,,yes,yes,yes,,,,,,,,,,llama-3.1-8b-instruct,1,revise,yes,yes,yes,no,yes,no,impulsivity (general),unknown,unclear,"The sentence partially supports the claim by mentioning brain abnormalities associated with emotion processing, decision-making, and moral judgment, which are related to impulsivity. However, the direction of the association is unclear and the feature type is unknown. The sentence also mentions multiple features, which requires revision to match the extracted claim.",
411,41310178,The role of the salience network in adolescent impulsivity using memory tasks and neuroimaging.,2025,Communications medicine,impulsivity neuroimaging functional connectivity,salience/ventral attention network,functional connectivity,impulsivity (general),unknown,correlates_with,higher,,direct,0.85,"Notably, both task-modulated and resting-state (intrinsic) coupling between the insula and locus coeruleus (LC), as well as between the dACC and LC, demonstrate significant positive correlation with impulsivity.",yes,,yes,yes,yes,,,,,,,,,,llama-3.1-8b-instruct,2,keep,yes,yes,yes,yes,yes,no,impulsivity (general),functional connectivity,higher,The sentence clearly supports the extracted claim by stating a positive correlation between the salience network and impulsivity.,
412,24705817,Imaging functional and structural brain connectomics in attention-deficit/hyperactivity disorder.,2014,Molecular neurobiology,impulsivity neuroimaging functional connectivity,unknown,unknown,impulsivity (general),ADHD,correlates_with,unclear,,background,0.6,"Moreover, ADHD children showed the redistribution of regional nodes and connectivity involving the default-mode, attention, and sensorimotor systems.",yes,,yes,yes,yes,,,,,,,,,,llama-3.1-8b-instruct,0,drop,no,no,no,no,no,no,,,,"The sentence does not mention impulsivity, which is the phenotype in the extracted claim. It also does not mention a specific feature associated with impulsivity.",
413,23223295,Altered functional brain connectivity in a non-clinical sample of young adults with attention-deficit/hyperactivity disorder.,2012,The Journal of neuroscience : the official journal of the Society for Neuroscience,impulsivity neuroimaging functional connectivity,unknown,functional connectivity,impulsivity (general),ADHD,associated_with,unclear,,direct,0.8,Brain behavior correlations further highlighted the key role of altered orbitofrontal-temporal and frontal-amygdala connectivity for symptoms of inattention and hyperactivity/impulsivity.,yes,,yes,yes,yes,,,,,,,,,,llama-3.1-8b-instruct,2,keep,yes,yes,yes,yes,yes,no,impulsivity (general),functional connectivity,associated_with,"The sentence clearly supports the extracted claim by mentioning the association between altered orbitofrontal-temporal and frontal-amygdala connectivity and symptoms of inattention and hyperactivity/impulsivity, which is a direct and clear association.",
414,30616717,Decreased brain connectivity in smoking contrasts with increased connectivity in drinking.,2019,eLife,impulsivity neuroimaging functional connectivity,unknown,functional connectivity,nonplanning impulsivity,unknown,associated_with,lower,,direct,0.85,"The main findings were cross-validated in an independent longitudinal dataset with 1176 participants, IMAGEN. Further, the functional connectivities in 14-year-old non-smokers (and also in female low-drinkers) were related to who would smoke or drink at age 19.",yes,,yes,yes,yes,,,,,,,,,,llama-3.1-8b-instruct,1,revise,yes,yes,yes,no,yes,no,nonplanning impulsivity,functional connectivity,lower,"The sentence partially supports the claim because it mentions the association between functional connectivity and smoking/drinking, but the direction of the association is not explicitly stated for nonplanning impulsivity. The corrected fields are the phenotype, feature type, and direction.",
415,26116812,The mediating role of LPFC-vmPFC functional connectivity in the relation between regulatory mode and delay discounting.,2015,Behavioural brain research,impulsivity neuroimaging functional connectivity,unknown,functional connectivity,impulsivity (general),unknown,mediated_by,lower,regulatory mode orientation,direct,0.9,"Furthermore, mediation analysis showed that the effect of regulatory mode on delay discounting is mediated by LPFC-vmPFC functional connectivity.",yes,,yes,yes,yes,,,,,,,,,,llama-3.1-8b-instruct,2,keep,yes,yes,yes,yes,yes,no,impulsivity (general),functional connectivity,lower,"The sentence clearly supports the extracted claim, mentioning the phenotype (impulsivity), feature type (functional connectivity), relationship (mediated_by), direction (lower), and directness (direct).",
416,21546000,Atypical prefrontal connectivity in attention-deficit/hyperactivity disorder: pathway to disease or pathological end point?,2011,Biological psychiatry,impulsivity neuroimaging functional connectivity,default mode network,functional connectivity,impulsivity (general),attention-deficit/hyperactivity disorder,associated_with,unclear,dysregulated modulation of cortical plasticity,indirect,0.7,"Deficits in functional connectivity within frontostriatal and mesocorticolimbic networks might give rise, in part, to ADHD symptoms.",yes,,yes,yes,yes,,,,,,,,,,llama-3.1-8b-instruct,1,revise,yes,yes,yes,no,no,no,impulsivity (general),functional connectivity,unclear,"The sentence partially supports the claim, but the direction and directness are not explicitly stated. The phenotype and feature are mentioned, but the relationship is not directly stated. The corrected phenotype, feature type, and direction are based on the extracted claim.",
417,40193128,Subthalamic Deep Brain Stimulation: Mapping Non-Motor Outcomes to Structural Connections.,2025,Human brain mapping,impulsivity neuroimaging functional connectivity,unknown,structural connectivity,impulsivity (general),Parkinson's Disease,associated_with,higher,,direct,0.8,improvement of mood and cognition and worsening of trait impulsivity,yes,,yes,yes,yes,,,,,,,,,,llama-3.1-8b-instruct,2,keep,yes,yes,yes,yes,yes,no,impulsivity (general),behavioral outcome,higher,"The sentence directly states that impulsivity worsened, which matches the extracted claim's phenotype and direction. The feature type is not explicitly mentioned as structural connectivity, but it can be inferred that the worsening of impulsivity is related to the improvement of mood and cognition, which might be associated with structural changes. However, the sentence does not directly support the relationship between structural connectivity and impulsivity, but it does support the association between impulsivity and the other outcomes, which is a related concept. Therefore, the support score is 2, and the decision is to keep the claim as it is.",
418,37141645,Value-based decision-making network functional connectivity correlates with substance use and delay discounting behaviour among young adults.,2023,NeuroImage. Clinical,impulsivity neuroimaging functional connectivity,unknown,functional connectivity,impulsivity (general),unknown,correlates_with,unclear,,direct,,"We identified brain regions and connections correlated with impulsive decision-making and poly-substance use, with the medial orbitofrontal, lateral prefrontal and posterior parietal cortices emerging as key hubs.",no,evidence_strength not a number,yes,yes,yes,,,,,,,,,,llama-3.1-8b-instruct,1,revise,yes,yes,yes,no,no,no,impulsivity (general),functional connectivity,positive,"The sentence partially supports the claim as it mentions a correlation between brain regions and impulsive decision-making, but the direction of the correlation is not explicitly stated. The feature type is also not explicitly stated as 'functional connectivity', but it can be inferred. The directness is also not explicitly stated as 'direct', but it can be inferred. The phenotype and feature type need to be corrected to match the extracted claim.",
419,27942448,Brain connectivity aberrations in anabolic-androgenic steroid users.,2017,NeuroImage. Clinical,impulsivity neuroimaging functional connectivity,default mode network,functional connectivity,impulsivity (general),unknown,associated_with,lower,,direct,0.8,"current users exhibited reduced functional connectivity between key nodes involved in emotional and cognitive regulation, in particular reduced connectivity between the amygdala and default-mode network (DMN) and between the dorsal attention network (DAN) and a frontal node encompassing the superior and inferior frontal gyri (SFG/IFG) and the anterior cingulate cortex (ACC)",yes,,yes,yes,yes,,,,,,,,,,llama-3.1-8b-instruct,2,keep,yes,yes,yes,yes,yes,no,impulsivity (general),functional connectivity,lower,"The sentence clearly supports the extracted claim by mentioning reduced functional connectivity between key nodes involved in emotional and cognitive regulation, specifically between the amygdala and default-mode network (DMN), and between the dorsal attention network (DAN) and a frontal node encompassing the superior and inferior frontal gyri (SFG/IFG) and the anterior cingulate cortex (ACC).",
420,33137406,The functional connectivity between the prefrontal cortex and supplementary motor area moderates the relationship between internet gaming disorder and loneliness.,2021,Progress in neuro-psychopharmacology & biological psychiatry,impulsivity neuroimaging functional connectivity,unknown,functional connectivity,unknown,internet gaming disorder,moderates,unclear,,direct,0.85,"Additionally, the rsFC of the left DLPFC-precentral gyrus, the DLPFC-postcentral gyrus and the right DLPFC-SMA moderated the relationship between self-reported gaming craving and the UCLA scores.",yes,,yes,yes,no,,,,,,,,,,llama-3.1-8b-instruct,2,keep,yes,yes,yes,yes,yes,no,self-reported gaming craving,functional connectivity,moderates,"The sentence clearly supports the claim by mentioning the specific phenotype (self-reported gaming craving), feature type (functional connectivity), relationship (moderates), and direction (moderates). The directness is also supported as both phenotype and feature are named. There is no overclaiming as the sentence mentions a specific group difference (between self-reported gaming craving and UCLA scores) and a phenotype-feature association.",
421,27851842,Estimating the Heritability of Structural and Functional Brain Connectivity in Families Affected by Attention-Deficit/Hyperactivity Disorder.,2017,JAMA psychiatry,impulsivity neuroimaging functional connectivity,unknown,structural connectivity,impulsivity (general),Attention-Deficit/Hyperactivity Disorder,associated_with,lower,,indirect,0.7,More symptoms of hyperactivity/impulsivity (t = -2.63; P = .008) and inattention (t = -2.34; P = .02) were associated with decreased functional connectivity within the default mode network.,yes,,yes,yes,yes,,,,,,,,,,llama-3.1-8b-instruct,1,revise,yes,yes,yes,no,no,no,impulsivity (general),functional connectivity,lower,"The sentence supports the phenotype and relationship, but the feature type is 'functional connectivity' rather than 'structural connectivity'. The direction is not directly stated for the phenotype 'impulsivity (general)', and the directness is not directly stated for the feature type 'functional connectivity'.",
422,31515054,Somatosensory-Motor Dysconnectivity Spans Multiple Transdiagnostic Dimensions of Psychopathology.,2019,Biological psychiatry,impulsivity neuroimaging functional connectivity,unknown,functional connectivity,impulsivity (general),unknown,associated_with,unclear,,direct,0.8,"Our analyses revealed three latent components corresponding to general psychopathology, cognitive dysfunction, and impulsivity. Each component was associated with a unique whole-brain resting-state functional connectivity signature and was shared across all participants.",yes,,yes,yes,yes,,,,,,,,,,llama-3.1-8b-instruct,1,revise,yes,yes,yes,no,yes,no,impulsivity (general),whole-brain resting-state functional connectivity signature,,"The sentence partially supports the claim, but the direction is unclear. The corrected phenotype and feature type are provided.",
423,28402565,Impulsive-antisocial psychopathic traits linked to increased volume and functional connectivity within prefrontal cortex.,2017,Social cognitive and affective neuroscience,impulsivity neuroimaging functional connectivity,unknown,functional connectivity,impulsivity (general),psychopathy,associated_with,higher,,direct,0.9,Factor 2 scores were also positively correlated with functional connectivity between several areas of the prefrontal cortex.,yes,,yes,yes,yes,,,,,,,,,,llama-3.1-8b-instruct,1,revise,yes,yes,yes,no,no,no,impulsivity (general),functional connectivity,higher,"The sentence partially supports the claim, but the direction and directness need to be revised to match the extracted claim.",
424,41029257,Impaired neural activity and functional connectivity in the hippocampus of adolescents with non-suicidal self-injury addiction.,2025,BMC psychiatry,impulsivity neuroimaging functional connectivity,unknown,BOLD variability,impulsivity (general),non-suicidal self-injury addiction,associated_with,unclear,,indirect,0.7,ALFF values in the bilateral hippocampus were negatively correlated with the total score of addiction characteristics in NSSI adolescents.,yes,,yes,yes,yes,,,,,,,,,,llama-3.1-8b-instruct,2,keep,yes,yes,yes,yes,yes,no,impulsivity (general),BOLD variability,negatively,"The sentence clearly supports the extracted claim, mentioning a specific brain region (hippocampus) and a relationship between ALFF values and addiction characteristics. The direction of the relationship is also clearly stated as negative.",
425,32568370,The structural connectivity of subthalamic deep brain stimulation correlates with impulsivity in Parkinson's disease.,2020,Brain : a journal of neurology,impulsivity neuroimaging functional connectivity,unknown,structural connectivity,impulsivity (general),Parkinson's disease,correlates_with,unclear,mediation through frontostriatal networks,direct,0.85,We found that greater connectivity of the stimulation site with these frontostriatal networks was related to greater postoperative impulsiveness and disinhibition as assessed by the neuropsychiatric instruments.,yes,,yes,yes,yes,,,,,,,,,,llama-3.1-8b-instruct,2,keep,yes,yes,yes,yes,yes,no,,,,,
426,37917435,"Parental warmth, stressful life events, and impulsivity: A gene-environment-wide interaction study.",2024,Neuropsychology,impulsivity neuroimaging functional connectivity,unknown,functional connectivity,impulsivity (general),unknown,correlates_with,unclear,,direct,0.8,"The polygenic risk score for parental warmth was significantly correlated with functional connectivity especially the left middle frontal gyrus (MFG)-left inferior occipital and left MFG-left superior frontal gyrus functional connectivity, while the polygenic risk score for more stressful life events was significantly correlated with functional connectivity of left dorsal medial prefrontal cortex (DMPFC) to other regions.",yes,,yes,yes,yes,,,,,,,,,,llama-3.1-8b-instruct,1,revise,yes,yes,yes,no,yes,no,impulsivity (general),functional connectivity,unclear,"The sentence partially supports the claim, but the direction is unclear and should be revised to match the extracted direction. The phenotype and feature type are supported, but the direction is not.",
427,37209127,Reduced loss aversion in value-based decision-making and edge-centric functional connectivity in patients with internet gaming disorder.,2023,Journal of behavioral addictions,impulsivity neuroimaging functional connectivity,unknown,functional connectivity,unknown,internet gaming disorder,correlates_with,lower,negatively correlated with the promoted bottom-to-up neuromodulation from the right hippocampus to the left IFG,direct,0.85,This relationship was suppressed by response consistency3 in PIGD.,yes,,yes,yes,yes,,,,,,,,,,llama-3.1-8b-instruct,0,drop,no,no,no,no,no,no,,,,"The sentence does not support the extracted claim as it mentions a different relationship (suppressed by response consistency) and does not provide information about the phenotype, feature type, direction, or directness of the relationship in the context of internet gaming disorder.",
428,30674933,Physical characteristics not psychological state or trait characteristics predict motion during resting state fMRI.,2019,Scientific reports,trait impulsivity resting-state fMRI,unknown,unknown,impulsivity (general),unknown,not_associated_with,unclear,,indirect,0.2,ML models with 105 self-report measures for state and trait psychological characteristics identified nicotine and alcohol use variables as well as impulsivity inhibitory control variables but explain only 5 percent of HM variance (95% CI: 3.5-6.4).,yes,,yes,yes,yes,,,,,,,,,,llama-3.1-8b-instruct,1,revise,yes,no,yes,no,yes,no,impulsivity (general),trait,unclear,"The sentence mentions impulsivity, which matches the phenotype, but it does not clearly support a feature type (trait is assumed). The relationship is supported as 'not associated with' because the ML models explain only 5 percent of HM variance. The direction is unclear because the sentence does not provide a clear association. The directness is supported as 'indirect' because the sentence does not name both phenotype and feature.",
429,21889990,Randomness of resting-state brain oscillations encodes Gray's personality trait.,2012,NeuroImage,trait impulsivity resting-state fMRI,reward system,BOLD variability,impulsivity (general),unknown,associated_with,higher,resting-state fluctuations constraining task-related neural responsiveness,direct,0.9,more random resting-state neural dynamics corresponded to higher Impulsivity scores both in the ventral striatum (r(15)=-.71; p=.003) and the OFC (r(15)=-.81; p<.001).,yes,,yes,yes,yes,,,,,,,,,,llama-3.1-8b-instruct,2,keep,yes,yes,yes,yes,yes,no,impulsivity (general),BOLD variability,higher,"The sentence clearly supports the extracted claim, mentioning a direct association between impulsivity and BOLD variability in the brain's reward system.",
430,39299662,Microstructural and functional substrates underlying dispositional greed and its link with trait but not state impulsivity.,2024,NeuroImage,trait impulsivity resting-state fMRI,"Default Mode Network, Fronto-Parietal Network, Visual Network",functional connectivity,impulsivity (general),unknown,associated_with,unclear,,direct,0.7,"Functional imaging analyses further identified that brain activation strengths and patterns related to delay length, particularly in the dorsomedial prefrontal cortex, superior parietal lobule, and cerebellum, were associated with GPT.",yes,,yes,yes,yes,,,,,,,,,,llama-3.1-8b-instruct,1,revise,yes,yes,yes,no,yes,no,impulsivity (general),functional connectivity,unclear,"The sentence partially supports the claim because it mentions a relationship between brain activation and GPT, but the direction of the relationship is unclear. The phenotype and feature type match the extracted claim, but the direction needs to be corrected.",
431,41927766,Neural representations of dynamical state and trait impulsivity in individuals at risk for internet gaming disorder.,2026,Molecular psychiatry,trait impulsivity resting-state fMRI,unknown,functional connectivity,impulsivity (general),internet gaming disorder,predicts,higher,,direct,0.85,"Crucially, resting-state functional connectivity (rs-FC) within these regions not only identified IGD risk but also predicted trait impulsivity.",yes,,yes,yes,yes,,,,,,,,,,llama-3.1-8b-instruct,2,keep,yes,yes,yes,yes,yes,no,impulsivity (general),functional connectivity,higher,"The sentence clearly supports the extracted claim, mentioning a direct relationship between functional connectivity and impulsivity, with a higher direction.",
432,31786275,You do not have to act to be impulsive: Brain resting-state activity predicts performance and impulsivity on the Balloon Analogue Risk Task.,2020,Behavioural brain research,trait impulsivity resting-state fMRI,default mode network,BOLD variability,impulsivity (general),unknown,predicts,lower,,direct,0.85,"ALFF significantly correlates with total earnings in the ventral part of the ACC/MPFC (FWE corrected p < 0.05 (uncorrected p value <0.0005; cluster size: ≥10 voxels), while H significantly correlates with total earnings in the anterior insula and the part opercularis of the inferior frontal gyrus.",yes,,yes,yes,yes,,,,,,,,,,llama-3.1-8b-instruct,0,drop,no,yes,no,unclear,no,no,,,,The sentence does not support the phenotype 'impulsivity (general)' as it mentions 'total earnings' which is not related to impulsivity. The relationship 'predicts' is also not supported as the sentence mentions 'correlates' instead. The directness is also not supported as the sentence does not name both phenotype and feature.,
433,35552233,Brain Functional Connectivity Mapping of Behavioral Flexibility in Rhesus Monkeys.,2022,The Journal of neuroscience : the official journal of the Society for Neuroscience,trait impulsivity resting-state fMRI,unknown,functional connectivity,impulsivity (general),unknown,correlates_with,higher,,direct,0.8,"Specific areas of connectivity in the rhesus executive control network, including frontal cortices (ventrolateral, ventromedial, and orbital) and the dorsal striatum (caudate, putamen) correlated with perseverative errors and response latency.",yes,,yes,yes,yes,,,,,,,,,,llama-3.1-8b-instruct,2,keep,yes,yes,yes,yes,yes,no,impulsivity (general),functional connectivity,higher,"The sentence clearly supports the extracted claim by mentioning a direct correlation between specific areas of connectivity in the rhesus executive control network and perseverative errors and response latency, which are related to impulsivity. The direction of the correlation is also clearly stated as correlating with perseverative errors and response latency, which implies a higher level of impulsivity.",
434,34982027,Dissociation of impulsive traits by subthalamic metabotropic glutamate receptor 4.,2022,eLife,trait impulsivity resting-state fMRI,subthalamic nucleus,functional connectivity,impulsivity (general),unknown,associated_with,higher,modulation by metabotropic glutamate receptor 4,direct,0.9,"In vivo recorded STN neural activity encoded impulsive action as a separable state from basic motor control, characterized by decoupled STN/substantia nigra pars reticulata (SNr) mesoscale networks.",yes,,yes,yes,yes,,,,,,,,,,llama-3.1-8b-instruct,2,keep,yes,yes,yes,yes,yes,no,impulsivity (general),functional connectivity,higher,"The sentence clearly supports the phenotype (impulsivity), feature (functional connectivity), relationship (associated_with), direction (higher), and directness (direct) when stated. The brain system mentioned in the sentence (STN) is related to the extracted brain system (subthalamic nucleus).",
435,24526181,Trait impulsivity is related to ventral ACC and amygdala activity during primary reward anticipation.,2015,Social cognitive and affective neuroscience,trait impulsivity resting-state fMRI,unknown,functional connectivity,impulsivity (general),unknown,associated_with,lower,,direct,0.9,resting-state functional connectivity between the ACC and the right amygdala was negatively correlated with trait impulsivity.,yes,,yes,yes,yes,,,,,,,,,,llama-3.1-8b-instruct,2,keep,yes,yes,yes,yes,yes,no,impulsivity (general),functional connectivity,lower,"The sentence directly states a relationship between impulsivity and functional connectivity between the ACC and the right amygdala, with a negative correlation, which matches the extracted claim.",
436,40262490,"The relationships of resting-state brain entropy (BEN), ovarian hormones and behavioral inhibition and activation systems (BIS/BAS).",2025,NeuroImage,trait impulsivity resting-state fMRI,frontoparietal/control network,functional connectivity,impulsivity (general),unknown,predicts,lower,"PROG reduces impulsivity by decreasing BEN in the left DLPFC, which increases FC within this region.",direct,0.85,"Additionally, PROG was negatively correlated with impulsivity traits measured by BAS-drive.",yes,,yes,yes,yes,,,,,,,,,,llama-3.1-8b-instruct,1,revise,yes,yes,yes,yes,no,no,impulsivity (general),behavioral traits,lower,"The sentence partially supports the claim, but the feature type should be corrected to 'behavioral traits' as it is not directly related to functional connectivity. Also, directness is not fully supported as the sentence does not name both phenotype and feature explicitly.",
437,36912839,Identifying Replicable Subgroups in Neurodevelopmental Conditions Using Resting-State Functional Magnetic Resonance Imaging Data.,2023,JAMA network open,trait impulsivity resting-state fMRI,unknown,functional connectivity,impulsivity (general),neurodevelopmental conditions,associated_with,higher,,direct,0.7,"There was a significant difference in Strengths and Weaknesses ADHD Symptoms and Normal Behavior Hyperactivity/Impulsivity subscale (SWAN-HI) between 2 subgroups in the POND data (C and D), with subgroup D having increased hyperactivity and impulsivity traits compared with subgroup C (median [IQR], 2.50 [0.00-7.00] vs 1.00 [0.00-5.00]; U = 1.19 × 104; P = .01; η2 = 0.02).",yes,,yes,yes,no,,,,,,,,,,llama-3.1-8b-instruct,1,revise,yes,yes,yes,yes,no,no,impulsivity (general),behavioral trait,higher,"The sentence supports the phenotype, feature, and relationship, but it does not directly name the feature type as 'functional connectivity'. The direction is supported as 'higher' when comparing subgroup D to subgroup C. However, the directness is not fully supported because the sentence does not directly name both phenotype and feature.",
438,30633429,Connectome-based model predicts individual differences in propensity to trust.,2019,Human brain mapping,trait impulsivity resting-state fMRI,unknown,functional connectivity,impulsivity (general),unknown,correlates_with,unclear,,indirect,0.7,"propensity to trust (and its underlying neural underpinnings) were modulated according to the extent to which a person emphasizes general social preferences (i.e., horizontal collectivism) rather than general risk preferences (i.e., trait impulsiveness).",yes,,yes,yes,yes,,,,,,,,,,llama-3.1-8b-instruct,1,revise,yes,yes,yes,no,no,no,impulsivity (general),functional connectivity,positively correlates with,"The sentence partially supports the claim, but the direction and directness need to be revised to accurately reflect the relationship between impulsivity and functional connectivity.",
439,37986005,Specific brain imaging alterations underlying autistic traits in children with attention-deficit/hyperactivity disorder.,2023,Behavioral and brain functions : BBF,trait impulsivity resting-state fMRI,unknown,BOLD variability,impulsivity (general),Attention-Deficit/Hyperactivity Disorder (ADHD),correlates_with,unclear,,indirect,0.7,Partial-correlation analysis indicated that HI was significantly positively correlated with all aspects of ATs in ADHD.,yes,,yes,yes,yes,,,,,,,,,,llama-3.1-8b-instruct,2,keep,yes,yes,yes,yes,yes,no,impulsivity (general),BOLD variability,positively,"The sentence clearly supports the extracted claim, mentioning a significant positive correlation between HI and ATs in ADHD.",
440,22645252,Dopamine-dependent architecture of cortico-subcortical network connectivity.,2013,"Cerebral cortex (New York, N.Y. : 1991)",trait impulsivity resting-state fMRI,unknown,functional connectivity,impulsivity (general),unknown,associated_with,unclear,,direct,0.7,"Further, we found drug-specific associations between brain circuitry reactivity to dopamine modulation and individual differences in trait impulsivity, revealing dissociable drug-personality interaction effects across distinct dopamine-dependent cortico-subcortical networks.",yes,,yes,yes,yes,,,,,,,,,,llama-3.1-8b-instruct,2,keep,yes,yes,yes,yes,yes,no,impulsivity (general),functional connectivity,associated_with,"The sentence clearly supports the extracted claim, mentioning a direct association between brain circuitry reactivity to dopamine modulation and individual differences in trait impulsivity.",
441,29744800,Trait and state patterns of basolateral amygdala connectivity at rest are related to endogenous testosterone and aggression in healthy young women.,2019,Brain imaging and behavior,trait impulsivity resting-state fMRI,unknown,functional connectivity,impulsivity (general),unknown,associated_with,higher,,direct,0.8,"Pre-scan T was negatively correlated with basal rsFC between BLA and left superior temporal gyrus (STG; p < .001, p < .05 Family-Wise Error [FWE] cluster-level corrected), which in turn was associated with increased aggression (r = .37, p = .020).",yes,,yes,yes,yes,,,,,,,,,,llama-3.1-8b-instruct,1,revise,yes,yes,yes,no,no,no,impulsivity (general),functional connectivity,lower,"The sentence supports the phenotype and feature, but the direction is mixed. The sentence states that pre-scan T was negatively correlated with basal rsFC, which suggests a lower direction. However, the relationship with aggression is associated with higher aggression, which suggests a higher direction. The corrected direction should be 'lower' to accurately reflect the evidence. Additionally, the sentence does not name both phenotype and feature explicitly, so directness_supported should be false.",
442,39866687,Atypical functional connectome is associated with low reflective functioning in incarcerated adolescents.,2024,Frontiers in psychiatry,trait impulsivity resting-state fMRI,unknown,functional connectivity,impulsivity (general),incarcerated adolescents,associated_with,lower,,direct,0.85,"Across the whole sample, the mean connectivity was associated with higher scores of externalizing problems and impulsivity dimension of psychopathy.",yes,,yes,yes,yes,,,,,,,,,,llama-3.1-8b-instruct,1,revise,yes,no,yes,no,yes,no,impulsivity (general),functional connectivity,higher,"The sentence mentions a feature (externalizing problems) that is not the same as the extracted feature (functional connectivity). The direction is also mixed, but the extracted direction captures the relevant part exactly.",
443,31642530,The neural substrates responsible for how trait anxiety affects delay discounting: Right hippocampal and cerebellar connectivity with bistable right inferior parietal lobule.,2020,Psychophysiology,trait impulsivity resting-state fMRI,unknown,functional connectivity,impulsivity (general),trait anxiety,inversely associated with,lower,mediation analysis indicated that trait anxiety played a completely mediating role in the relation between functional connectivity of RHPC-RIPL and RCere-RIPL and delay discounting,direct,0.85,"Moreover, the RSFC results showed that bistable right inferior parietal lobule (RIPL) connectivity with the RHPC and RCere were all inversely associated with trait anxiety.",yes,,yes,yes,yes,,,,,,,,,,llama-3.1-8b-instruct,2,keep,yes,yes,yes,yes,yes,no,impulsivity (general),functional connectivity,lower,,
444,38446245,Topological features of functional brain networks and subclinical impulsivity: an investigation in younger and older adults.,2024,Brain structure & function,trait impulsivity resting-state fMRI,unknown,functional connectivity,impulsivity (general),unknown,associated_with,unclear,,direct,0.7,"In younger individuals, results revealed that impulsivity was associated with a more widespread, less clustered and less efficient functional organization, at all levels of analyses and in all selected networks.",yes,,yes,yes,yes,,,,,,,,,,llama-3.1-8b-instruct,2,keep,yes,yes,yes,yes,yes,no,impulsivity (general),functional connectivity,"associated with a more widespread, less clustered and less efficient functional organization","The sentence clearly supports the extracted claim, mentioning impulsivity as the phenotype, functional connectivity as the feature type, association as the relationship, and a clear direction of association with a more widespread, less clustered and less efficient functional organization.",
445,26494799,Dopaminergic Modulation of the Functional Ventrodorsal Architecture of the Human Striatum.,2017,"Cerebral cortex (New York, N.Y. : 1991)",trait impulsivity resting-state fMRI,unknown,functional connectivity,impulsivity (general),unknown,associated_with,higher,,direct,0.85,Individuals with high trait impulsivity exhibited greater drug-induced increases (after stimulation) and decreases (after blockade) of ventral-to-dorsal striatal connectivity than those with low trait impulsivity.,yes,,yes,yes,yes,,,,,,,,,,llama-3.1-8b-instruct,2,keep,yes,yes,yes,yes,yes,no,impulsivity (general),functional connectivity,higher,"The sentence clearly supports the extracted claim by stating a direct association between impulsivity and functional connectivity in the striatum, with a higher level of connectivity in individuals with high impulsivity.",
446,32180738,Psychopathy and Corticostriatal Connectivity: The Link to Criminal Behavior in Methamphetamine Dependence.,2020,Frontiers in psychiatry,trait impulsivity resting-state fMRI,unknown,functional connectivity,impulsivity (general),"methamphetamine dependence, psychopathy",contributes_to,higher,maladaptive and impulsive decision-making processes,direct,0.85,"Abnormalities in corticostriatal functional connectivity are exhibited in both psychopathic and methamphetamine dependent individuals, which may contribute to criminal behavior through maladaptive and impulsive decision-making processes.",yes,,yes,yes,yes,,,,,,,,,,llama-3.1-8b-instruct,1,revise,yes,yes,yes,no,no,no,impulsivity (general),functional connectivity,higher,"The sentence partially supports the claim, but the direction and directness need to be revised to match the extracted claim.",
447,34482279,Risk and resilience for alcohol use disorder revealed in brain functional connectivity.,2021,NeuroImage. Clinical,trait impulsivity resting-state fMRI,unknown,functional connectivity,impulsivity (general),alcohol use disorder,associated_with,unclear,,direct,0.8,"Risk phenotypes primarily implicated frontal-parietal networks corresponding with executive function, impulsivity, externalizing behaviors, and social-emotional intelligence.",yes,,yes,yes,yes,,,,,,,,,,llama-3.1-8b-instruct,1,revise,yes,yes,yes,no,yes,no,impulsivity (general),functional connectivity,unclear,"The sentence supports the phenotype and feature, but the direction is unclear and not captured in the extracted direction. The relationship is supported, but the directness is supported because the sentence names both phenotype and feature.",
448,30268936,Amygdala-orbitofrontal functional connectivity mediates the relationship between sensation seeking and alcohol use among binge-drinking adults.,2018,Drug and alcohol dependence,trait impulsivity resting-state fMRI,unknown,functional connectivity,impulsivity (general),binge-drinking adults at high risk for AUD,mediates,lower,decreased amygdala-OFC connectivity may represent a risk factor for the development of alcohol use disorder via impaired emotion regulation or reward processing,direct,0.85,Individuals with higher weekly alcohol use displayed decreased right amygdala-OFC FC.,yes,,yes,yes,yes,,,,,,,,,,llama-3.1-8b-instruct,2,keep,yes,yes,yes,yes,yes,no,impulsivity (general),functional connectivity,lower,The sentence directly supports the claim by stating a relationship between a phenotype (impulsivity) and a feature (amygdala-OFC FC) in a specific direction (lower) in a direct manner.,
449,26406311,Intrinsic Affective Network Is Impaired in Children with Attention-Deficit/Hyperactivity Disorder.,2015,PloS one,trait impulsivity resting-state fMRI,unknown,functional connectivity,impulsivity (general),children with ADHD,associated_with,lower,,direct,0.8,"Children with ADHD demonstrated less integrated affective network, evidenced by increased bilateral amygdalar and decreased left orbitofrontal connectivity within the affective network compared to healthy controls.",yes,,yes,yes,yes,,,,,,,,,,llama-3.1-8b-instruct,2,keep,yes,yes,yes,yes,yes,no,impulsivity (general),functional connectivity,lower,"The sentence clearly supports the extracted claim, mentioning a direct association between impulsivity (general) and functional connectivity, with a lower direction in children with ADHD.",
450,40384807,The Role of Temperament Traits in Bipolar Disorder: Neuroimaging Study.,2025,Depression and anxiety,trait impulsivity resting-state fMRI,unknown,functional connectivity,impulsivity (general),bipolar disorder,associated_with,higher,,direct,0.8,"Higher Novelty Seeking (t-Welch's (87.3) = 4.37; p < 0.001) was associated with increased functional connectivity within FrontoParietal Network, whereas its functional connectivity with Visual and Dorsal Attention Networks was decreased.",yes,,yes,yes,yes,,,,,,,,,,llama-3.1-8b-instruct,1,revise,yes,yes,yes,no,no,no,Novelty Seeking (general),functional connectivity within FrontoParietal Network,higher,"The sentence partially supports the claim, but the phenotype and feature need to be corrected to match the evidence. The direction is not fully supported as the sentence also mentions decreased functional connectivity with other networks.",
451,30991616,Adolescent binge drinking disrupts normal trajectories of brain functional organization and personality maturation.,2019,NeuroImage. Clinical,trait impulsivity resting-state fMRI,unknown,BOLD variability,impulsivity (general),unknown,correlates_with,lower,,indirect,0.7,We demonstrated longitudinally that after the onset of binge drinking the developmental trajectory of improvement in impulsivity slowed down.,yes,,yes,yes,yes,,,,,,,,,,llama-3.1-8b-instruct,1,revise,yes,no,yes,yes,no,no,impulsivity (general),behavioral trait,higher,"The sentence supports the phenotype and relationship, but the feature type is not clearly supported as BOLD variability. The direction is also not directly supported as 'lower' because the sentence states that the developmental trajectory of improvement in impulsivity slowed down, implying that impulsivity increased. The directness is not supported because the sentence does not name both phenotype and feature.",
452,32989168,Compulsivity is linked to reduced adolescent development of goal-directed control and frontostriatal functional connectivity.,2020,Proceedings of the National Academy of Sciences of the United States of America,trait impulsivity resting-state fMRI,frontoparietal/control network,functional connectivity,nonplanning impulsivity,unknown,associated_with,lower,,direct,0.85,"compulsivity is associated with a less pronounced change of within-subject developmental remodeling of functional connectivity, specifically between the striatum and a frontoparietal network.",yes,,yes,yes,yes,,,,,,,,,,llama-3.1-8b-instruct,2,keep,yes,yes,yes,yes,yes,no,nonplanning impulsivity,functional connectivity,lower,"The sentence clearly supports the extracted claim, mentioning a direct association between compulsivity and reduced developmental remodeling of functional connectivity, specifically between the striatum and a frontoparietal network, which matches the phenotype-feature association and direction.",
453,32289458,Sensation-seeking is related to functional connectivities of the medial orbitofrontal cortex with the anterior cingulate cortex.,2020,NeuroImage,trait impulsivity resting-state fMRI,unknown,functional connectivity,impulsivity (general),unknown,associated_with,higher,,direct,0.8,We analysed brain regions involved in sensation-seeking in a large-scale study with 414 participants and showed that the sensation-seeking score could be optimally predicted from the functional connectivity with typically (in different participants) 18 links between brain areas (measured in the resting state with fMRI) with correlation r ​= ​0.34 (p ​= ​7.3 ​× ​10-13) between the predicted and actual sensation-seeking score across all participants.,yes,,yes,yes,yes,,,,,,,,,,llama-3.1-8b-instruct,2,keep,yes,yes,yes,yes,yes,no,impulsivity (general),functional connectivity,higher,"The sentence clearly supports the extracted claim, mentioning a direct relationship between impulsivity (general) and functional connectivity, with a higher direction.",
454,35796689,Overnight Abstinence Is Associated With Smaller Secondary Somatosensory Cortical Volumes and Higher Somatosensory-Motor Cortical Functional Connectivity in Cigarette Smokers.,2022,Nicotine & tobacco research : official journal of the Society for Research on Nicotine and Tobacco,trait impulsivity resting-state fMRI,unknown,functional connectivity,motor impulsivity,cigarette smokers,associated_with,higher,,direct,0.85,"Furthermore, right SII rsFC with the precentral gyrus was stronger in abstinence as compared to satiety. The inter-regional rsFC was positively correlated with motor impulsivity and withdrawal symptom severity during abstinence and negatively with craving to smoke during satiety.",yes,,yes,yes,yes,,,,,,,,,,llama-3.1-8b-instruct,1,revise,yes,yes,yes,no,no,no,motor impulsivity,functional connectivity,higher,"The sentence partially supports the claim, but the direction and directness need to be corrected. The sentence states that the inter-regional rsFC was positively correlated with motor impulsivity, which matches the extracted claim. However, the direction is mixed, as it is positively correlated in one context (abstinence) and negatively in another (satiety). The sentence also does not name both phenotype and feature directly, as it mentions motor impulsivity but not functional connectivity explicitly. The corrected fields are the phenotype, feature type, and direction.",
455,23139901,The association between cingulate cortex glutamate concentration and delay discounting is mediated by resting state functional connectivity.,2012,Brain and behavior,trait impulsivity resting-state fMRI,unknown,functional connectivity,impulsivity (general),unknown,mediated_by,unclear,mediated by functional connectivity of the dACC with the midbrain,direct,0.85,Results showed that delay discounting was associated with both dACC glutamate concentrations and resting state functional connectivity of the dACC with a midbrain region including ventral tegmental area and substantia nigra.,yes,,yes,yes,yes,,,,,,,,,,llama-3.1-8b-instruct,1,revise,yes,yes,yes,no,no,no,impulsivity (general),functional connectivity,positive,"The sentence partially supports the claim, but the direction is unclear and the directness is not fully supported as it does not name both phenotype and feature.",
456,39807989,Exploring common and distinct neural basis of procrastination and impulsivity through elastic net regression.,2025,"Cerebral cortex (New York, N.Y. : 1991)",trait impulsivity resting-state fMRI,"default mode network, frontoparietal/control network, salience/ventral attention network, somatomotor network",functional connectivity,impulsivity (general),unknown,associated_with,lower,deficits in emotion-regulation,direct,0.85,Procrastination was negatively associated with functional connections between the frontal-parietal network and the ventral-attention network and between the cingular-opercular network and the subcortical network.,yes,,yes,yes,yes,,,,,,,,,,llama-3.1-8b-instruct,1,revise,yes,yes,yes,no,no,no,procrastination,functional connectivity,higher,"The sentence does not directly support the claim of impulsivity being associated with lower functional connectivity. The phenotype mentioned in the sentence is procrastination, not impulsivity. The direction of the association is also opposite to what is claimed.",
457,29225975,Correlation between Traits of Emotion-Based Impulsivity and Intrinsic Default-Mode Network Activity.,2017,Neural plasticity,trait impulsivity resting-state fMRI,unknown,BOLD variability,impulsivity (general),unknown,correlates_with,unclear,,direct,0.8,trait urgency measures showed significant correlations with the functional connectivity of the posterior cingulate cortex/precuneus seed with the thalamus and midbrain region.,yes,,yes,yes,yes,,,,,,,,,,llama-3.1-8b-instruct,1,revise,yes,yes,yes,no,yes,no,impulsivity (general),BOLD variability,positive,"The sentence supports the phenotype and feature, but the direction is unclear. The corrected direction is assumed to be positive based on the context of correlation.",
458,25148416,Individual differences in impulsivity predict head motion during magnetic resonance imaging.,2014,PloS one,trait impulsivity resting-state fMRI,unknown,covariates,impulsivity (general),unknown,predicts,higher,,direct,0.9,"In the first two studies, we demonstrated in both children (N  =  245) and adults (N  =  581) that head motion, estimated from resting-state functional MRI and diffusion tensor imaging, was reliably correlated with impulsivity scores.",yes,,yes,yes,yes,,,,,,,,,,llama-3.1-8b-instruct,1,revise,yes,yes,yes,yes,no,no,impulsivity (general),covariates,higher,"The sentence partially supports the claim because it does not name the brain system and diagnostic context, which are required for directness. However, the phenotype, feature, relationship, and direction are all supported.",
459,40949952,Connectome-Based Predictive Modeling of Concurrent and Prospective Substance Use in Adolescence.,2025,bioRxiv : the preprint server for biology,trait impulsivity resting-state fMRI,unknown,functional connectivity,impulsivity (general),unknown,predicts,higher,,direct,0.8,"Using Baseline and 2 Year Follow-Up data from the ABCD Bids Community Collection (ABCC), we found that prediction was more successful at follow-up than baseline. At baseline, predictive accuracy was modest and intent to use substances was the most accurately predicted facet.",yes,,yes,yes,yes,,,,,,,,,,llama-3.1-8b-instruct,0,drop,no,no,no,unclear,unclear,unclear,,,,"The sentence does not mention impulsivity or functional connectivity, and it does not establish a predictive relationship between the two.",
460,25774886,Interindividual variability in functional connectivity as long-term correlate of temporal discounting.,2015,PloS one,trait impulsivity resting-state fMRI,unknown,functional connectivity,impulsivity (general),unknown,correlates_with,unclear,,indirect,0.7,"our findings indicate that fcMRI within and between critical nodes of task-evoked neural networks associated with TD correlates with discounting behavior measured a long time afterwards, independently of impulsivity.",yes,,yes,yes,no,,,,,,,,,,llama-3.1-8b-instruct,1,revise,yes,yes,yes,no,no,no,impulsivity (general),functional connectivity,unclear,"The sentence partially supports the claim, but the direction and directness need to be revised. The sentence does not clearly state the direction of the relationship, and it does not name both phenotype and feature.",
461,40516848,Neural basis of the association between future time perspective and ADHD characteristics: functional connectivity between Left inferior parietal lobule and mPFC.,2025,Progress in neuro-psychopharmacology & biological psychiatry,trait impulsivity resting-state fMRI,unknown,functional connectivity,impulsivity (general),ADHD,mediates,lower,functional connectivity between IPL and dmPFC/vmPFC mediates the relationship between FTP and ADHD traits,direct,0.85,"Furthermore, RSFC results indicated individuals with higher levels of FTP exhibited greater functional connectivity between the IPL and both the dorsomedial prefrontal cortex (dmPFC) and the ventromedial prefrontal cortex (vmPFC).",yes,,yes,yes,yes,,,,,,,,,,llama-3.1-8b-instruct,0,drop,no,no,no,no,no,yes,,,,"The sentence does not support the claim because it mentions a group difference but not a phenotype-feature association, and it also does not support the relationship, direction, or directness of the claim.",
462,26745144,Head Motion and Inattention/Hyperactivity Share Common Genetic Influences: Implications for fMRI Studies of ADHD.,2016,PloS one,trait impulsivity resting-state fMRI,unknown,covariates,impulsivity (general),ADHD,correlates_with,unclear,,indirect,0.7,"HM was moderately correlated with maternal reports of Inattention (r = 0.17, p-value = 7.4E-5) and Hyperactivity-Impulsivity (r = 0.16, p-value = 2.9E-4), and these associations were mainly due to pleiotropic genetic factors with genetic correlations [95% CIs] of rg = 0.24 [0.02, 0.43] and rg = 0.23 [0.07, 0.39].",yes,,yes,yes,yes,,,,,,,,,,llama-3.1-8b-instruct,2,keep,yes,yes,yes,yes,yes,no,impulsivity (general),covariates,unclear,"The sentence clearly supports the extracted claim, mentioning a correlation between head motion (HM) and impulsivity (general) in the context of ADHD, with a specific mention of Hyperactivity-Impulsivity, which is a related feature. The direction of the correlation is unclear, but the sentence does not overclaim, and the directness is supported as the sentence names both phenotype and feature.",
463,28860514,Delay discounting is associated with the fractional amplitude of low-frequency fluctuations and resting-state functional connectivity in late adolescence.,2017,Scientific reports,trait impulsivity resting-state fMRI,unknown,functional connectivity,impulsivity (general),unknown,associated_with,higher,,direct,0.9,"At the regional level, we found an association between higher DD and greater fALFF in the dorsal anterior cingulate cortex (dACC), which is involved in conflict monitoring and strategy adaptation.",yes,,yes,yes,yes,,,,,,,,,,llama-3.1-8b-instruct,2,keep,yes,yes,yes,yes,yes,no,impulsivity (general),functional connectivity,higher,"The sentence clearly supports the extracted claim by stating an association between higher delay discounting (DD) and greater fractional amplitude of low-frequency fluctuations (fALFF) in a specific brain region, the dorsal anterior cingulate cortex (dACC).",
464,40666274,Salience and default networks predict borderline personality traits and affective symptoms: a dynamic functional connectivity analysis.,2025,Frontiers in human neuroscience,trait impulsivity resting-state fMRI,salience/ventral attention network,BOLD variability,impulsivity (general),subclinical borderline personality traits,correlates_with,higher,,direct,0.85,"Notably, the BOLD variability of the SN correlated with neuroticism, anger problems, lack of self- control, and distorted inner dialogue, all symptoms displayed by individuals with borderline personality.",yes,,yes,yes,yes,,,,,,,,,,llama-3.1-8b-instruct,1,revise,yes,yes,yes,yes,no,no,impulsivity (general),BOLD variability,higher,"The sentence supports the phenotype, feature, and relationship, but it does not directly support the directness of the claim as it does not name both phenotype and feature. The corrected phenotype, feature type, and direction are based on the extracted claim.",
465,30294823,Cluster analysis with MOODS-SR illustrates a potential bipolar disorder risk phenotype in young adults with remitted major depressive disorder.,2018,Bipolar disorders,trait impulsivity resting-state fMRI,unknown,functional connectivity,impulsivity (general),remitted major depressive disorder,correlates_with,higher,,direct,0.75,"Differences in impulsivity, neuroticism, conscientiousness, facial perception accuracy, and rs-fMRI connectivity exist between moderate and severe groups.",yes,,yes,yes,yes,,,,,,,,,,llama-3.1-8b-instruct,0,drop,no,no,no,unclear,unclear,yes,,,,"The sentence mentions a group difference but not a phenotype-feature association, and does not support the extracted claim.",
466,32592635,Altered core networks of brain connectivity and personality traits in internet gaming disorder.,2020,Journal of behavioral addictions,trait impulsivity resting-state fMRI,unknown,functional connectivity,impulsivity (general),Internet gaming disorder,correlates_with,lower,,direct,0.8,IGD participants showed lower functional connectivity between the dorsal lateral prefrontal cortex (DLPFC) and other regions in the CEN than HC participants during resting state.,yes,,yes,yes,yes,,,,,,,,,,llama-3.1-8b-instruct,2,keep,yes,yes,yes,yes,yes,no,impulsivity (general),functional connectivity,lower,"The sentence directly supports the claim by mentioning a specific brain region (dorsal lateral prefrontal cortex) and its relationship with other regions in the CEN, which is related to the phenotype of impulsivity (general).",
467,41763017,Connectome-based predictive modeling of concurrent and longitudinal substance use vulnerability in adolescence.,2026,Developmental cognitive neuroscience,trait impulsivity resting-state fMRI,unknown,unknown,impulsivity (general),unknown,predicts,higher,,indirect,0.8,"Trait impulsivity, a known risk factor, was also examined.",yes,,yes,yes,yes,,,,,,,,,,llama-3.1-8b-instruct,1,revise,yes,no,no,no,no,no,impulsivity (general),unknown,,"The sentence mentions the phenotype 'impulsivity' but does not provide information about the feature type, relationship, or direction.",
468,40345392,The mediating role of social anxiety in the association between personality traits and Internet addiction and its underlying neural basis.,2025,International journal of psychophysiology : official journal of the International Organization of Psychophysiology,trait impulsivity resting-state fMRI,unknown,functional connectivity,impulsivity (general),unknown,mediates,unclear,,indirect,0.7,"fMRI results showed that SA was negatively correlated with precuneus-occipital connectivity, which is associated with emotional face processing and self-focused attention.",yes,,yes,yes,yes,,,,,,,,,,llama-3.1-8b-instruct,1,revise,yes,yes,yes,no,no,no,impulsivity (general),functional connectivity,negative,"The sentence partially supports the claim, but the direction and directness need to be revised. The sentence implies a negative correlation, but the direction is not explicitly stated as 'negative'. The sentence also implies a direct association between SA and precuneus-occipital connectivity, but it does not name both phenotype and feature.",
469,37223038,Increased meso-striatal connectivity mediates trait impulsivity in FTO variant carriers.,2023,Frontiers in endocrinology,trait impulsivity functional connectivity,unknown,structural connectivity,impulsivity (general),unknown,mediates,higher,FTO variants alter structural meso-striatal connectivity,direct,0.85,"We found that FTO risk allele carriers compared to non-carriers, demonstrated greater motor impulsivity (p = 0.04) and increased structural connectivity between VTA/SN and the NAc (p< 0.05). Increased connectivity partially mediated the effect of FTO genetic status on motor impulsivity.",yes,,yes,yes,yes,,,,,,,,,,llama-3.1-8b-instruct,2,keep,yes,yes,yes,yes,yes,no,impulsivity (general),structural connectivity,higher,"The sentence clearly supports the extracted claim, mentioning both phenotype (impulsivity) and feature (structural connectivity), and stating a direct relationship (mediates) with a specific direction (higher).",
470,33192412,Higher Trait Impulsivity and Altered Frontostriatal Connectivity in Betel-Quid Dependent Individuals.,2020,Frontiers in human neuroscience,trait impulsivity functional connectivity,unknown,functional connectivity,impulsivity (general),Betel quid dependency (BQD),correlates_with,lower,,direct,0.85,PPI analyses showed that there was a significantly decreased functional connectivity between the right caudate and right dorsolateral prefrontal cortex (DLPFC) when watching BQ related images than control images in individuals with BQD.,yes,,yes,yes,yes,,,,,,,,,,llama-3.1-8b-instruct,2,keep,yes,yes,yes,yes,yes,no,impulsivity (general),functional connectivity,lower,The sentence directly supports the claim by stating a specific association between impulsivity and altered functional connectivity in individuals with Betel quid dependency.,
471,38009082,Adolescent Neurodevelopment Within the Context of Impulsivity and Substance Use.,2023,Current addiction reports,trait impulsivity functional connectivity,unknown,functional connectivity,impulsivity (general),unknown,associated_with,unclear,,indirect,0.7,Altered functional connectivity in networks including the inhibitory control network and reward processing network confers risk for greater impulsivity and substance use.,yes,,yes,yes,yes,,,,,,,,,,llama-3.1-8b-instruct,2,keep,yes,yes,yes,yes,yes,no,impulsivity (general),functional connectivity,associated with,"The sentence clearly supports the extracted claim, mentioning a specific type of impulsivity and a clear association with altered functional connectivity.",
472,41098856,The CB1 receptor: linking impulsivity and substance use disorder.,2025,Frontiers in neuroscience,trait impulsivity functional connectivity,unknown,functional connectivity,impulsivity (general),unknown,associated_with,unclear,,indirect,0.7,"CB1R signaling in these regions influences decision-making, reward sensitivity, and response inhibition-all processes critical to the emergence of impulsive traits and drug-seeking behavior.",yes,,yes,yes,yes,,,,,,,,,,llama-3.1-8b-instruct,1,revise,yes,yes,yes,no,yes,no,impulsivity (general),functional connectivity,unclear,"The sentence partially supports the claim, but the direction is unclear and should be corrected to 'unclear'.",
473,39834272,Functional and effective connectivity between reward and inhibitory control networks underlying subclinical binge eating.,2025,The British journal of psychiatry : the journal of mental science,trait impulsivity functional connectivity,unknown,functional connectivity,impulsivity (general),subclinical binge eating,predicts,higher,,direct,0.85,"Trait impulsivity is a key proximal factor that could weaken the mOFC-SPG connectivity and exacerbate binge eating. Crucially, this core mOFC-SPG connectivity successfully predicted binge eating frequency 6 months later.",yes,,yes,yes,yes,,,,,,,,,,llama-3.1-8b-instruct,1,revise,yes,yes,yes,no,no,no,impulsivity (general),functional connectivity,lower,"The sentence implies that higher impulsivity is associated with lower mOFC-SPG connectivity, which in turn predicts binge eating frequency. However, the direction of the relationship between impulsivity and mOFC-SPG connectivity is not explicitly stated, and the sentence does not name both phenotype and feature for the direct relationship.",
474,36063759,Linking cerebellar functional gradients to transdiagnostic behavioral dimensions of psychopathology.,2022,NeuroImage. Clinical,trait impulsivity functional connectivity,unknown,functional connectivity,impulsivity (general),unknown,associated_with,unclear,,direct,0.7,"This multivariate analysis revealed significant correlated patterns of cerebellar connectivity gradients and behavioral measures that could be represented into four latent dimensions: general psychopathology, impulsivity and mood, internalizing symptoms and executive dysfunction.",yes,,yes,yes,yes,,,,,,,,,,llama-3.1-8b-instruct,1,revise,yes,yes,yes,no,yes,no,impulsivity (general),functional connectivity,,"The sentence partially supports the claim, but the direction is unclear. The corrected phenotype and feature type are already provided in the claim.",
475,25818325,Increased corticolimbic connectivity in cocaine dependence versus pathological gambling is associated with drug severity and emotion-related impulsivity.,2016,Addiction biology,trait impulsivity functional connectivity,unknown,functional connectivity,impulsivity (general),"cocaine dependence, pathological gambling",associated_with,higher,,direct,0.85,Orbitofrontal-subgenual cingulate cortical connectivity correlated with impulsivity and caudate/amygdala connectivity correlated with cocaine severity.,yes,,yes,yes,yes,,,,,,,,,,llama-3.1-8b-instruct,1,revise,yes,yes,yes,yes,no,no,impulsivity (general),functional connectivity,higher,"The sentence partially supports the claim, but the directness is not fully supported because it does not name both phenotype and feature. The corrected fields are phenotype, feature type, and direction.",
476,35487297,The implications of frontotemporal dementia for brain dysfunction in psychopathy.,2022,Biological psychology,trait impulsivity functional connectivity,unknown,functional connectivity,impulsivity (general),"psychopathy, behavioral variant frontotemporal dementia (bvFTD)",correlates_with,unclear,,indirect,0.6,"both psychopathy and bvFTD result in impaired socioemotional perception and empathy, impulsivity, and altered moral judgment.",yes,,yes,yes,yes,,,,,,,,,,llama-3.1-8b-instruct,1,revise,yes,no,yes,no,no,no,impulsivity (general),behavioral,,"The sentence partially supports the claim, but the feature type is not specified as 'functional connectivity'. The direction is also unclear.",
477,27940074,ACC GABA levels are associated with functional activation and connectivity in the fronto-striatal network during interference inhibition in patients with borderline personality disorder.,2017,NeuroImage,trait impulsivity functional connectivity,frontoparietal/control network,functional connectivity,impulsivity (general),borderline personality disorder,associated_with,higher,mediated by ACC GABA levels,direct,0.85,"ACC GABA levels in BPD patients but not in HCs were positively related to the magnitude of activation in several fronto-striatal regions (e.g. ACC, frontal regions, putamen, caudate,) and the strength of ACC-caudate functional connectivity during interference inhibition.",yes,,yes,yes,yes,,,,,,,,,,llama-3.1-8b-instruct,2,keep,yes,yes,yes,yes,yes,no,impulsivity (general),functional connectivity,higher,,
478,30705624,The Degree of Modulation of Beta Band Activity During Motor Planning Is Related to Trait Impulsivity.,2019,Frontiers in integrative neuroscience,trait impulsivity functional connectivity,unknown,functional connectivity,impulsivity (general),unknown,correlates_with,lower,,direct,0.85,"Furthermore, high impulsives made more commission and movement errors in the task than low impulsives.",yes,,yes,yes,yes,,,,,,,,,,llama-3.1-8b-instruct,2,keep,yes,yes,yes,yes,yes,no,impulsivity (general),performance in motor task,higher,"The sentence directly supports the claim by stating that high impulsives made more commission and movement errors, which is a higher number of errors compared to low impulsives. The corrected feature type is 'performance in motor task' as the sentence describes the errors made in the task. The corrected direction is 'higher' as the sentence states that high impulsives made more errors than low impulsives.",
479,28367514,Impulsive-antisocial dimension of psychopathy linked to enlargement and abnormal functional connectivity of the striatum.,2017,Biological psychiatry. Cognitive neuroscience and neuroimaging,trait impulsivity functional connectivity,unknown,functional connectivity,impulsivity (general),psychopathy,associated_with,higher,,direct,0.9,"Furthermore, at many of the striatal areas where volume was positively associated with Factor 2 scores, psychopathy severity was also associated with abnormal functional connectivity with other brain regions, including dorsolateral prefrontal cortex, ventral midbrain and other areas of the striatum.",yes,,yes,yes,yes,,,,,,,,,,llama-3.1-8b-instruct,2,keep,yes,yes,yes,yes,yes,no,,,,"The sentence clearly supports the extracted claim by mentioning a direct association between psychopathy severity and abnormal functional connectivity in the striatum, which is linked to impulsivity. The direction of higher functional connectivity is also supported.",
480,18214718,Neurobiological processes in adolescent addictive disorders.,2008,The American journal on addictions,trait impulsivity functional connectivity,unknown,functional connectivity,impulsivity (general),unknown,unknown,unclear,,background,,,no,evidence_strength not a number,yes,no,unclear,,,,,,,,,,llama-3.1-8b-instruct,1,revise,yes,yes,no,no,no,no,impulsivity (general),functional connectivity,,The sentence partially supports the claim but needs revision or is indirect. The relationship and direction are unclear.,
481,31275737,Weakened Functional Connectivity Between the Amygdala and the Ventromedial Prefrontal Cortex Is Longitudinally Related to Psychopathic Traits in Low-Income Males During Early Adulthood.,2019,Clinical psychological science : a journal of the Association for Psychological Science,trait impulsivity functional connectivity,unknown,functional connectivity,impulsivity (general),psychopathic traits,associated_with,higher,,direct,0.85,"Weakened amygdala-vmPFC functional connectivity to fearful, but not neutral or angry, faces at age 20 was related to higher psychopathic traits at age 22.",yes,,yes,yes,yes,,,,,,,,,,llama-3.1-8b-instruct,2,keep,yes,yes,yes,yes,yes,no,impulsivity (general),functional connectivity,lower,"The sentence directly supports the claim by mentioning a specific association between a phenotype (psychopathic traits) and a feature (amygdala-vmPFC functional connectivity) in a specific direction (lower). The phenotype 'impulsivity (general)' is a generalization of psychopathic traits, which is acceptable. The feature type 'functional connectivity' is also supported. The direction 'lower' is the opposite of 'higher', but it still supports the claim. The directness is 'direct' because both phenotype and feature are named. There is no overclaiming because the sentence mentions a group difference (low-income males) but also a specific phenotype-feature association.",
482,42069879,Aberrant cortico-striato-limbic functional connectivity to alcohol cues in co-occurring bipolar disorder and alcohol use disorder.,2026,Neuropsychopharmacology : official publication of the American College of Neuropsychopharmacology,trait impulsivity functional connectivity,unknown,functional connectivity,impulsivity (general),BD + AUD,associated_with,unclear,,direct,0.7,"Select functional connectivity data were associated with trait characteristics of AUD in BD + AUD (r ≥±0.50, p ≤ 0.026) but not AUD.",yes,,yes,yes,yes,,,,,,,,,,llama-3.1-8b-instruct,1,revise,yes,yes,yes,no,yes,no,impulsivity (general),functional connectivity,positive,"The sentence partially supports the claim because it mentions a relationship between functional connectivity and AUD in BD + AUD, but the direction is unclear. The corrected phenotype is impulsivity (general), feature type is functional connectivity, and direction is positive (since r ≥±0.50 implies a positive correlation).",
483,38451271,Trait anxiety and corresponding neuromarkers predict internet addiction: A longitudinal study.,2024,Journal of behavioral addictions,trait impulsivity functional connectivity,default mode network,functional connectivity,impulsivity (general),internet addiction,predicts,higher,mediated by stressful life events and DMN functional connectivity,direct,0.8,CPM results revealed that the functional connectivity of cognitive control and emotion-regulation circuits and DMN were significantly correlated with TA.,yes,,yes,yes,yes,,,,,,,,,,llama-3.1-8b-instruct,1,revise,yes,yes,yes,no,no,no,impulsivity (general),functional connectivity,higher,"The sentence partially supports the claim, but the direction and directness need to be revised to match the extracted claim.",
484,31383336,Hypothesis: Compulsive hoarding as an atavism.,2019,Medical hypotheses,trait impulsivity functional connectivity,unknown,unknown,impulsivity (general),unknown,unknown,unclear,,background,,,no,evidence_strength not a number,yes,no,unclear,,,,,,,,,,llama-3.1-8b-instruct,1,revise,yes,no,no,no,no,no,impulsivity (general),behavioral trait,positive,"The sentence partially supports the claim by mentioning impulsivity, but it does not specify the feature type or relationship. The direction is unclear, and the directness is background. The corrected fields are based on the extracted claim and the sentence.",
485,22805501,Trait impulsivity as an endophenotype for bipolar I disorder.,2012,Bipolar disorders,trait impulsivity functional connectivity,unknown,functional connectivity,impulsivity (general),bipolar I disorder,associated_with,higher,,indirect,0.7,Individuals with bipolar I disorder had elevated scores compared to healthy comparison subjects on BIS-11 total score and all three subscales (p < 0.0001).,yes,,yes,yes,yes,,,,,,,,,,llama-3.1-8b-instruct,2,keep,yes,yes,yes,yes,yes,no,impulsivity (general),behavioral trait,higher,"The sentence directly supports the association between impulsivity and bipolar I disorder, with individuals with the disorder having higher scores on a measure of impulsivity compared to healthy controls.",
486,33246710,Abnormal organization of inhibitory control functional networks in future binge drinkers.,2021,Drug and alcohol dependence,trait impulsivity functional connectivity,unknown,functional connectivity,impulsivity (general),unknown,associated_with,higher,,direct,0.85,"fBD exhibit a distinctive pattern of beta band hyperconnectivity among crucial regions of inhibitory control networks, positively correlated with behavioral traits and future alcohol intake rate.",yes,,yes,yes,yes,,,,,,,,,,llama-3.1-8b-instruct,2,keep,yes,yes,yes,yes,yes,no,impulsivity (general),functional connectivity,higher,"The sentence clearly supports the extracted claim by stating that future binge drinkers exhibit a pattern of beta band hyperconnectivity among crucial regions of inhibitory control networks, which is positively correlated with behavioral traits and future alcohol intake rate. This directly supports the claim of impulsivity being associated with higher functional connectivity.",
487,37533885,Biopsychosocial factors of gaming disorder: a systematic review employing screening tools with well-defined psychometric properties.,2023,Frontiers in psychiatry,trait impulsivity functional connectivity,unknown,functional connectivity,impulsivity (general),unknown,unknown,unclear,,unclear,,,no,evidence_strength not a number,yes,no,unclear,,,,,,,,,,llama-3.1-8b-instruct,1,revise,yes,yes,no,no,no,no,impulsivity (general),functional connectivity,,The sentence partially supports the claim but needs revision or is indirect. The relationship and direction are unclear.,
488,29946511,Abnormal cortical gyrification in criminal psychopathy.,2018,NeuroImage. Clinical,trait impulsivity functional connectivity,unknown,BOLD variability,impulsivity (general),psychopathy,associated_with,lower,,indirect,0.7,PCL-R scores were negatively associated with LGI measures within the right hemisphere in the midcingulate cortex (MCC) and adjacent regions of the superior frontal gyrus as well as lateral superior parietal cortex.,yes,,yes,yes,yes,,,,,,,,,,llama-3.1-8b-instruct,2,keep,yes,yes,yes,yes,yes,no,impulsivity (general),BOLD variability,lower,"The sentence clearly supports the extracted claim, mentioning a specific brain region (midcingulate cortex and adjacent regions) and a negative association between PCL-R scores and LGI measures, which aligns with the claim's direction (lower).",
489,41099174,"Suicidal ideation with and without intention to act: A transdiagnostic network analysis on the interplay between psychopathology, impulsivity, and childhood maltreatment.",2025,Psychological medicine,trait impulsivity functional connectivity,unknown,functional connectivity,nonplanning impulsivity,suicidal ideation,correlates_with,lower,,direct,0.8,"In the SI without intention to act group, obsessive-compulsive symptoms were central, connecting to depression and anxiety, while negatively correlating with non-planning impulsivity.",yes,,yes,yes,no,,,,,,,,,,llama-3.1-8b-instruct,1,revise,yes,no,yes,no,no,no,nonplanning impulsivity,functional connectivity,higher,"The sentence mentions a correlation between obsessive-compulsive symptoms and non-planning impulsivity, but the direction of the correlation is not clear. The sentence also does not name the feature type as functional connectivity, and the directness of the relationship is not clear. The phenotype is supported, but the feature and relationship need correction.",
490,41590514,Connecting the Airways: Current Trends in United Airway Diseases.,2026,Journal of personalized medicine,trait impulsivity functional connectivity,unknown,unknown,impulsivity (general),unknown,unknown,unclear,,background,,,no,evidence_strength not a number,yes,no,unclear,,,,,,,,,,llama-3.1-8b-instruct,0,drop,no,no,no,no,no,no,,,,"The sentence does not mention impulsivity (general) or any associated feature, making it unsupported for the extracted claim.",
491,35317338,Insights into myelin dysfunction in schizophrenia and bipolar disorder.,2022,World journal of psychiatry,trait impulsivity functional connectivity,unknown,unknown,impulsivity (general),unknown,unknown,unclear,,background,,,no,evidence_strength not a number,yes,no,unclear,,,,,,,,,,llama-3.1-8b-instruct,1,revise,yes,no,no,no,no,no,impulsivity (general),behavioral,positive,"The sentence partially supports the claim but needs revision or is indirect. The phenotype is supported, but the feature type is not specified. The relationship is not mentioned. The direction is unclear. The directness is background, which does not match the directness of the claim. The corrected feature type is 'behavioral' based on the context of impulsivity. The corrected direction is 'positive' based on the context of the sentence.",
492,40168432,Protocol for a Randomized Controlled Trial to Enhance Executive Function via Brief Mindfulness Training in Individuals with Internet Gaming Disorder.,2025,PloS one,trait impulsivity functional connectivity,unknown,functional connectivity,impulsivity (general),Internet Gaming Disorder,associated_with,unclear,,indirect,0.5,,yes,,yes,no,unclear,,,,,,,,,,llama-3.1-8b-instruct,1,revise,yes,no,yes,no,no,unclear,impulsivity (general),functional connectivity,,The sentence partially supports the claim but needs revision or is indirect because it does not specify the feature type and direction.,
493,37884552,Neural correlates of aggression in personality disorders from the perspective of DSM-5 maladaptive traits: a systematic review.,2023,Translational psychiatry,trait impulsivity functional connectivity,unknown,functional connectivity,impulsivity (general),Borderline personality disorder (BPD) and antisocial personality disorder (ASPD),associated_with,unclear,,indirect,0.6,alterations of fronto-temporal-limbic regions and serotonergic and endocannabinoid signaling systems may link impulsivity to aggression in BPD and ASPD,yes,,yes,yes,yes,,,,,,,,,,llama-3.1-8b-instruct,1,revise,yes,yes,yes,no,no,no,impulsivity (general),functional connectivity,unclear,"The sentence partially supports the claim, but the direction and directness are unclear. The phenotype and feature are supported, but the relationship is not explicitly stated as 'associated_with'.",
494,37890532,Food go/no-go training alters neural circuits for food evaluation for appetite reduction.,2024,Appetite,trait impulsivity functional connectivity,unknown,functional connectivity,impulsivity (general),unknown,associated_with,unclear,,indirect,0.7,"The food go/no-go training did not decrease impulsivity traits or increase restrained eating, which are associated with inhibitory control.",yes,,yes,yes,yes,,,,,,,,,,llama-3.1-8b-instruct,1,revise,yes,no,yes,no,no,no,impulsivity (general),behavioral trait,,The sentence does not support the feature type 'functional connectivity' and the direction is unclear. The corrected phenotype and feature type are provided.,
495,22047966,Effect of dopamine transporter genotype on intrinsic functional connectivity depends on cognitive state.,2012,"Cerebral cortex (New York, N.Y. : 1991)",trait impulsivity functional connectivity,unknown,functional connectivity,impulsivity (general),unknown,associated_with,higher,,direct,0.85,This increased cross-network connectivity was associated with increased self-reported measures of impulsivity and inattention traits.,yes,,yes,yes,yes,,,,,,,,,,llama-3.1-8b-instruct,2,keep,yes,yes,yes,yes,yes,no,impulsivity (general),functional connectivity,higher,"The sentence clearly supports the extracted claim, mentioning a direct association between increased cross-network connectivity and increased self-reported measures of impulsivity and inattention traits.",
496,34678357,Sex-specific static and dynamic functional networks of sub-divisions of striatum linking to the greed personality trait.,2021,Neuropsychologia,trait impulsivity functional connectivity,unknown,functional connectivity,impulsivity (general),unknown,correlates_with,unclear,,indirect,0.7,GPT was also marginally and negatively correlated with static putamen-occipital pole functional connectivities among males.,yes,,yes,yes,yes,,,,,,,,,,llama-3.1-8b-instruct,2,keep,yes,yes,yes,yes,yes,no,impulsivity (general),functional connectivity,negatively,"The sentence clearly supports the extracted claim by mentioning a correlation between a brain region (putamen) and a phenotype (impulsivity), which is the general feature of the extracted claim. The direction of the correlation is also clearly stated as negative.",
497,38018143,Converging Evidence for Frontopolar Cortex as a Target for Neuromodulation in Addiction Treatment.,2024,The American journal of psychiatry,trait impulsivity functional connectivity,unknown,functional connectivity,impulsivity (general),unknown,associated_with,unclear,,indirect,0.7,"This approach is supported by converging multimodal evidence, including lesion-based maps, functional MRI-based maps, tES studies, TMS studies, and dose-response relationships.",yes,,yes,yes,yes,,,,,,,,,,llama-3.1-8b-instruct,0,drop,no,no,no,unclear,no,no,,,,"The sentence does not mention a specific phenotype-feature association, making it unsupported for the extracted claim.",
498,29610548,Personality and Neural Correlates of Mentalizing Ability.,2017,European journal of personality,trait impulsivity functional connectivity,unknown,functional connectivity,impulsivity (general),unknown,associated_with,unclear,,indirect,0.5,"Performance on the theory of mind task was significantly associated with patterns of connectivity between the dorsal medial and core subsystems of the default network, consistent with evidence implicating these regions in mentalization.",yes,,yes,yes,yes,,,,,,,,,,llama-3.1-8b-instruct,1,revise,yes,yes,yes,no,no,no,impulsivity (general),functional connectivity,unclear,"The sentence partially supports the claim, but the direction and directness are not explicitly stated. The phenotype and feature are mentioned, but the direction and directness need to be clarified.",
499,25660033,Characterizing heterogeneity in children with and without ADHD based on reward system connectivity.,2015,Developmental cognitive neuroscience,trait impulsivity functional connectivity,unknown,functional connectivity,impulsivity (general),ADHD,correlates_with,unclear,,direct,0.8,"Results also suggested that the differentiation in 'functional' subgroups is related to specific behavioral characteristics, in this case impulsivity.",yes,,yes,yes,no,,,,,,,,,,llama-3.1-8b-instruct,1,revise,yes,yes,yes,no,yes,no,impulsivity (general),behavioral characteristics,,"The sentence partially supports the claim, but the direction is unclear. The corrected phenotype and feature type are 'impulsivity (general)' and 'behavioral characteristics', respectively.",
500,25557777,Amygdala subnuclei connectivity in response to violence reveals unique influences of individual differences in psychopathic traits in a nonforensic sample.,2015,Human brain mapping,trait impulsivity functional connectivity,unknown,functional connectivity,impulsivity (general),unknown,correlates_with,unclear,,indirect,0.6,"Fearless Dominance scores on the psychopathic personality inventory predicted increased coupling between the BLA seed and sensory integration cortices, and increased connectivity between the CE seed and posterior insula.",yes,,yes,yes,yes,,,,,,,,,,llama-3.1-8b-instruct,2,keep,yes,yes,yes,yes,yes,no,impulsivity (general),functional connectivity,positive,"The sentence clearly supports the claim by stating a correlation between psychopathic traits and increased functional connectivity in the brain. The phenotype 'impulsivity (general)' is supported as it is related to psychopathic traits. The feature type 'functional connectivity' is supported as it is mentioned in the sentence. The relationship 'correlates_with' is supported as it is implied by the sentence. The direction 'positive' is supported as increased connectivity is mentioned. The directness 'indirect' is supported as the sentence does not directly state the relationship between impulsivity and functional connectivity, but rather between psychopathic traits and functional connectivity. No overclaiming is present as the sentence mentions a group difference and a phenotype-feature association.",
501,27240677,The Need for Treatment Responsive Translational Biomarkers in Alcoholism Research.,2016,Current topics in behavioral neurosciences,trait impulsivity functional connectivity,unknown,functional connectivity,impulsivity (general),unknown,unknown,unclear,,background,,,no,evidence_strength not a number,yes,no,unclear,,,,,,,,,,llama-3.1-8b-instruct,0,drop,no,no,no,no,no,no,,,,"The sentence does not mention impulsivity (general) or functional connectivity, so it does not support the extracted claim.",
502,14719047,"Eating disorders and the serotonin connection: state, trait and developmental effects.",2004,Journal of psychiatry & neuroscience : JPN,trait impulsivity functional connectivity,unknown,functional connectivity,impulsivity (general),eating disorders,associated_with,unclear,,indirect,0.3,"5-HT anomalies in individuals with eating disorders are believed to have multiple determinants associated with secondary (state-related) effects of their nutritional status, hereditary effects (related to such trait variations as impulsivity or perfectionism) and, possibly, long-term neurobiologic sequelae of developmental stressors (such as childhood abuse).",yes,,yes,yes,yes,,,,,,,,,,llama-3.1-8b-instruct,1,revise,yes,no,yes,no,no,no,impulsivity (general),functional connectivity,unclear,"The sentence partially supports the claim by mentioning a relationship between 5-HT anomalies and eating disorders, but it does not directly support the feature type (functional connectivity) and the direction is unclear. The phenotype (impulsivity) is mentioned as a trait variation, which is related to the claim. The sentence also implies a direct relationship between 5-HT anomalies and eating disorders, but it does not name both phenotype and feature, so directness_supported is false.",
503,40376927,Classification of internet addiction using machine learning on electroencephalography synchronization and functional connectivity.,2025,Psychological medicine,trait impulsivity functional connectivity,unknown,EEG connectivity,impulsivity (general),Internet addiction (IA),predicts,higher,,direct,0.8,"Numerous connections were identified within the delta and gamma frequency bands that exhibited significant differences between the two groups, with the IA group manifesting an elevated level of phase synchronization.",yes,,yes,yes,yes,,,,,,,,,,llama-3.1-8b-instruct,1,revise,yes,yes,yes,no,no,no,impulsivity (general),EEG synchronization,higher,"The sentence partially supports the claim, but the feature type should be corrected to 'EEG synchronization' and the direction should be corrected to 'higher'. The directness is also not fully supported as the sentence does not name both phenotype and feature.",
504,34993375,Brain Networks Associated With COVID-19 Risk: Data From 3662 Participants.,2021,"Chronic stress (Thousand Oaks, Calif.)",trait impulsivity functional connectivity,unknown,functional connectivity,impulsivity (general),unknown,associated_with,unclear,,indirect,0.7,"Overall, lower integration across the brain modules and increased segregation, as reflected by internal within module connectivity, were associated with higher infection rates.",yes,,yes,yes,yes,,,,,,,,,,llama-3.1-8b-instruct,2,keep,yes,yes,yes,yes,yes,no,impulsivity (general),functional connectivity,higher,"The sentence clearly supports the claim by stating a relationship between brain module integration/segregation and infection rates, which is associated with the phenotype of impulsivity (general) and the feature of functional connectivity. The direction of the relationship is also supported as higher infection rates are associated with lower integration and increased segregation.",
505,36270509,Investigating a role of orexin and 'cocaine- and amphetamine-regulated transcript' in the nucleus accumbens shell in binge eating of male rats and the relationship with impulsivity.,2022,Physiology & behavior,trait impulsivity functional connectivity,unknown,functional connectivity,impulsivity (general),binge eating disorder,correlates_with,unclear,,indirect,0.5,The rats were initially ranked for their trait impulsivity based on a screening in the 5-choice serial reaction time task.,yes,,yes,yes,yes,,,,,,,,,,llama-3.1-8b-instruct,2,keep,yes,no,no,yes,yes,no,impulsivity (general),,,"The sentence clearly supports the phenotype 'impulsivity (general)' but does not provide information about the feature type. The relationship and direction are not mentioned, but the direction is implied to be unclear, which matches the extracted direction. The directness is also supported as the sentence does not name both phenotype and feature.",
506,27896939,"A multimodal study of impulsivity and body weight: Integrating behavioral, cognitive, and neuroimaging approaches.",2017,"Obesity (Silver Spring, Md.)",trait impulsivity functional connectivity,unknown,functional connectivity,impulsivity (general),unknown,correlates_with,higher,,direct,0.85,"Further, there was a positive association between BMI and functional connectivity between the right inferior frontal gyrus and right middle frontal gyrus during successful response inhibition.",yes,,yes,yes,yes,,,,,,,,,,llama-3.1-8b-instruct,2,keep,yes,yes,yes,yes,yes,no,impulsivity (general),functional connectivity,higher,"The sentence directly supports the claim by mentioning a positive association between BMI and functional connectivity, which is a type of impulsivity feature. The direction is also clearly stated as higher, matching the claim's direction.",
507,24935353,Neural and psychological mechanisms underlying compulsive drug seeking habits and drug memories--indications for novel treatments of addiction.,2014,The European journal of neuroscience,trait impulsivity functional connectivity,unknown,functional connectivity,impulsivity (general),unknown,associated_with,unclear,,indirect,0.5,"Finally, the potential for developing treatments for addiction is considered in light of the neuropsychological advances that are reviewed, including the possibility of targeting drug memory reconsolidation and extinction to reduce Pavlovian influences on drug seeking as a means of promoting abstinence and preventing relapse.",yes,,yes,yes,yes,,,,,,,,,,llama-3.1-8b-instruct,0,drop,no,no,no,unclear,no,no,,,,"The sentence does not mention impulsivity, functional connectivity, or any relationship between them, so it does not support the extracted claim.",
508,27566121,Reduced Default Mode Connectivity in Adolescents With Conduct Disorder.,2016,Journal of the American Academy of Child and Adolescent Psychiatry,trait impulsivity functional connectivity,default mode network,functional connectivity,impulsivity (general),conduct disorder,correlates_with,lower,,direct,0.8,"Only after adjusting for co-occurring ADHD symptoms, the group with CD showed hypoconnectivity between core DMN regions compared with typically developing controls.",yes,,yes,yes,yes,,,,,,,,,,llama-3.1-8b-instruct,1,revise,yes,yes,yes,no,no,no,impulsivity (general),functional connectivity,lower,"The sentence partially supports the claim, but the direction and directness need to be corrected. The sentence mentions 'hypoconnectivity', which is equivalent to 'lower' functional connectivity. However, it does not directly state the relationship between impulsivity and functional connectivity, but rather between conduct disorder and functional connectivity. The corrected fields are: phenotype=impulsivity (general), feature_type=functional connectivity, and direction=lower.",
509,11301519,"Neurobiology of the structure of personality: dopamine, facilitation of incentive motivation, and extraversion.",1999,The Behavioral and brain sciences,trait impulsivity functional connectivity,unknown,functional connectivity,impulsivity (general),unknown,unknown,unclear,,unclear,,,no,evidence_strength not a number,yes,no,unclear,,,,,,,,,,llama-3.1-8b-instruct,1,revise,yes,yes,no,no,no,no,impulsivity (general),functional connectivity,,The sentence partially supports the claim but needs revision or is indirect. The relationship and direction are unclear.,
510,26690326,Interpersonal dependency and online gaming addiction.,2016,Journal of behavioral addictions,trait impulsivity functional connectivity,unknown,unknown,impulsivity (general),unknown,associated_with,higher,,indirect,0.5,"High scores on subscales measuring dysfunctional detachment and destructive overdependence were positively associated with online gaming addiction, while healthy dependency was negatively correlated with addiction scores.",yes,,yes,yes,yes,,,,,,,,,,llama-3.1-8b-instruct,2,keep,yes,yes,yes,yes,yes,no,impulsivity (general),unknown,higher,"The sentence clearly supports the extracted claim, mentioning a relationship between impulsivity (general) and online gaming addiction, with higher impulsivity associated with addiction.",
511,37058964,Impulsivity and self-regulation: A dual-process model of risky driving in young drivers in Iran.,2023,Accident; analysis and prevention,trait impulsivity functional connectivity,unknown,functional connectivity,impulsivity (general),unknown,mediates,unclear,,indirect,,,no,evidence_strength not a number,yes,no,unclear,,,,,,,,,,llama-3.1-8b-instruct,1,revise,yes,yes,yes,no,no,no,impulsivity (general),functional connectivity,,The sentence partially supports the claim but needs revision or is indirect. The direction and directness are unclear.,
512,35388180,Corticolimbic DCC gene co-expression networks as predictors of impulsivity in children.,2022,Molecular psychiatry,trait impulsivity functional connectivity,unknown,unknown,impulsivity (general),unknown,predicts,higher,,direct,0.9,We found that lower ePRS scores associate with higher measurements of impulsive choice in 6-year-old children tested in the Information Sampling Task and with impulsive action in 6- and 10-year-old children tested in the Stop Signal Task.,yes,,yes,yes,yes,,,,,,,,,,llama-3.1-8b-instruct,2,keep,yes,yes,yes,yes,yes,no,impulsivity (general),behavioral,higher,,
513,24128659,Examining the link between adolescent brain development and risk taking from a social-developmental perspective.,2013,Brain and cognition,trait impulsivity functional connectivity,unknown,functional connectivity,impulsivity (general),unknown,unknown,unclear,,background,,,no,evidence_strength not a number,yes,no,unclear,,,,,,,,,,llama-3.1-8b-instruct,1,revise,yes,yes,no,no,no,no,impulsivity (general),functional connectivity,,The sentence partially supports the claim but needs revision or is indirect. The relationship and direction are unclear.,
514,9198777,[Impulsiveness and impulse control. On the psychological and psychopathological conceptualization].,1997,Der Nervenarzt,trait impulsivity functional connectivity,unknown,unknown,impulsivity (general),unknown,unknown,unclear,,background,,,no,evidence_strength not a number,yes,no,unclear,,,,,,,,,,llama-3.1-8b-instruct,1,revise,yes,no,no,no,no,no,impulsivity (general),unknown,unclear,"The sentence does not clearly mention a feature or relationship, but it does mention a phenotype. The direction is unclear, and the directness is background, which does not match the extracted directness.",
515,41769519,Evil's Anatomy: Structural Correlates of Violent Behavior.,2026,Cureus,trait impulsivity functional connectivity,unknown,structural connectivity,impulsivity (general),unknown,associated_with,unclear,,indirect,0.7,"alterations in grey matter volume in key structures, such as the prefrontal cortex (orbitofrontal, ventromedial, and dorsolateral), temporal lobe (amygdala and hippocampus), cingulate cortex, and insula, are associated with impulsivity, a lack of empathy, and aggressiveness.",yes,,yes,yes,yes,,,,,,,,,,llama-3.1-8b-instruct,2,keep,yes,yes,yes,yes,yes,no,impulsivity (general),structural connectivity,associated_with,"The sentence clearly supports the extracted claim, mentioning specific brain structures and their association with impulsivity, a lack of empathy, and aggressiveness.",
516,28900210,Alterations of Brain Functional Architecture Associated with Psychopathic Traits in Male Adolescents with Conduct Disorder.,2017,Scientific reports,trait impulsivity functional connectivity,unknown,functional connectivity,impulsivity (general),conduct disorder,associated_with,higher,,direct,0.85,the heightened intra-network functional connectivity was related to impulsivity traits in CD patients,yes,,yes,yes,yes,,,,,,,,,,llama-3.1-8b-instruct,2,keep,yes,yes,yes,yes,yes,no,impulsivity (general),functional connectivity,higher,"The sentence clearly supports the extracted claim, mentioning impulsivity traits as the phenotype, functional connectivity as the feature type, association as the relationship, higher as the direction, and directness is also supported as the sentence names both phenotype and feature.",
517,32121585,"Random Forest Classification of Alcohol Use Disorder Using EEG Source Functional Connectivity, Neuropsychological Functioning, and Impulsivity Measures.",2020,"Behavioral sciences (Basel, Switzerland)",nonplanning impulsivity functional connectivity,default mode network,EEG connectivity,nonplanning impulsivity,AUD,associated_with,higher,"hyperconnectivity among 25 of 29 significant connections, indicating aberrant network functioning during resting state suggestive of neural hyperexcitability and impulsivity",direct,0.8,"The AUD group showed a predominant pattern of hyperconnectivity among 25 of 29 significant connections, indicating aberrant network functioning during resting state suggestive of neural hyperexcitability and impulsivity.",yes,,yes,yes,yes,,,,,,,,,,llama-3.1-8b-instruct,2,keep,yes,yes,yes,yes,yes,no,nonplanning impulsivity,EEG connectivity,higher,,
518,24781521,Compromised frontocerebellar circuitry contributes to nonplanning impulsivity in recovering alcoholics.,2014,Psychopharmacology,nonplanning impulsivity functional connectivity,default mode network,functional connectivity,nonplanning impulsivity,recovering alcoholics,correlates_with,higher,compromised dACC-cerebellar functional connectivity,direct,0.9,"Compared with the alcoholic group, the control group had lower nonplanning impulsiveness, which correlated with using the option PASS to respond in uncertain conditions.",yes,,yes,yes,yes,,,,,,,,,,llama-3.1-8b-instruct,1,revise,yes,no,yes,no,no,no,nonplanning impulsivity,behavioral performance,lower,"The sentence does not directly support the feature type 'functional connectivity' but rather 'behavioral performance'. The direction is also mixed, as it states the control group had lower nonplanning impulsiveness, but the claim is about higher nonplanning impulsivity in recovering alcoholics.",
519,37162878,A generalizable functional connectivity signature characterizes brain dysfunction and links to rTMS treatment response in cocaine use disorder.,2023,medRxiv : the preprint server for health sciences,nonplanning impulsivity functional connectivity,unknown,functional connectivity,nonplanning impulsivity,cocaine use disorder,correlates_with,higher,,direct,0.9,"These abnormal connections correlated significantly with other drug use history and cognitive dysfunctions, e.g., non-planning impulsivity.",yes,,yes,yes,yes,,,,,,,,,,llama-3.1-8b-instruct,1,revise,yes,no,yes,no,no,no,nonplanning impulsivity,cognitive dysfunctions,higher,"The sentence partially supports the claim, but the feature type is not specific enough to be considered a match for 'functional connectivity'. The direction is also not explicitly stated as 'higher', but it can be inferred. The directness is also not explicitly stated, but it can be inferred.",
520,37030546,Disrupted functional networks within white-matter served as neural features in adolescent patients with conduct disorder.,2023,Behavioural brain research,nonplanning impulsivity functional connectivity,unknown,functional connectivity,nonplanning impulsivity,conduct disorder,associated_with,lower,,direct,0.8,the disrupted FCs between ON and STN and between OFN and CRN were significantly negatively associated with non-planning impulsivity scores in CD,yes,,yes,yes,yes,,,,,,,,,,llama-3.1-8b-instruct,2,keep,yes,yes,yes,yes,yes,no,non-planning impulsivity,functional connectivity,lower,"The sentence clearly supports the extracted claim, mentioning a direct association between disrupted functional connectivity and non-planning impulsivity in conduct disorder patients.",
521,24200210,An intrinsic connectivity network approach to insula-derived dysfunctions among cocaine users.,2013,The American journal of drug and alcohol abuse,nonplanning impulsivity functional connectivity,unknown,functional connectivity,nonplanning impulsivity,cocaine users,associated_with,higher,,direct,0.85,The degree of reduced inter-network connectivity was significantly related to greater non-planning impulsivity in cocaine users.,yes,,yes,yes,yes,,,,,,,,,,llama-3.1-8b-instruct,2,keep,yes,yes,yes,yes,yes,no,nonplanning impulsivity,functional connectivity,higher,"The sentence clearly supports the extracted claim, mentioning nonplanning impulsivity as the phenotype, functional connectivity as the feature type, association with as the relationship, higher as the direction, and directness as direct.",
522,38902791,Graph analysis uncovers an opposing impact of methylphenidate on connectivity patterns within default mode network sub-divisions.,2024,Behavioral and brain functions : BBF,nonplanning impulsivity functional connectivity,default mode network,functional connectivity,nonplanning impulsivity,unknown,associated_with,higher,,direct,0.85,Decreased connectivity of the DMN sub-network with the cinguloopercular network following MPH administration was associated with elevated impulsivity and non-planning impulsiveness.,yes,,yes,yes,yes,,,,,,,,,,llama-3.1-8b-instruct,2,keep,yes,yes,yes,yes,yes,no,nonplanning impulsivity,functional connectivity,higher,"The sentence clearly supports the extracted claim, mentioning nonplanning impulsivity as a phenotype, functional connectivity as a feature type, association as a relationship, higher as a direction, and default mode network as a brain system.",
523,32194455,Deficient Decision Making in Pathological Gamblers Correlates With Gray Matter Volume in Medial Orbitofrontal Cortex.,2020,Frontiers in psychiatry,nonplanning impulsivity functional connectivity,unknown,structural connectivity,nonplanning impulsivity,pathological gamblers,correlates_with,lower,,direct,0.8,Results revealed (1) a positive correlation between decision making impairments and non-planning impulsivity but no significant relation to other impulsivity facets.,yes,,yes,yes,yes,,,,,,,,,,llama-3.1-8b-instruct,1,revise,yes,no,yes,yes,no,no,nonplanning impulsivity,behavioral,higher,"The sentence supports the phenotype (nonplanning impulsivity) and relationship (correlates with) but not the feature type (structural connectivity). The direction is also mixed, but the extracted direction (lower) captures the relevant part exactly. However, the sentence does not name both phenotype and feature, so directness is not fully supported. The feature type should be corrected to 'behavioral' and the direction to 'higher'.",
524,23355606,Synchrony of anterior cingulate cortex and insular-striatal activation predicts ambiguity aversion in individuals with low impulsivity.,2014,"Cerebral cortex (New York, N.Y. : 1991)",nonplanning impulsivity functional connectivity,default mode network,functional connectivity,nonplanning impulsivity,unknown,predicts,higher,,direct,0.85,Stronger activation synchrony between the left dACC and the right anterior insula correlated with greater use of a Pass response option.,yes,,yes,yes,no,,,,,,,,,,llama-3.1-8b-instruct,1,revise,yes,yes,yes,no,no,no,nonplanning impulsivity,functional connectivity,lower,"The sentence mentions a correlation between activation synchrony and a response option, but the relationship to nonplanning impulsivity is indirect. The direction is also not explicitly stated as 'higher', but rather as 'greater', which implies a lower level of impulsivity.",
525,35126053,Regional Homogeneity Abnormalities and Its Correlation With Impulsivity in Male Abstinent Methamphetamine Dependent Individuals.,2021,Frontiers in molecular neuroscience,nonplanning impulsivity resting-state fMRI,unknown,BOLD variability,nonplanning impulsivity,Methamphetamine dependent individuals,correlates_with,lower,,direct,0.85,"The ReHo values of the left precentral gyrus were negatively correlated with the BIS-attention, BIS-motor, and BIS-nonplanning subscale scores, while the ReHo values of the postcentral gyrus were only negatively correlated with the BIS-motor subscale scores in MADs.",yes,,yes,yes,yes,,,,,,,,,,llama-3.1-8b-instruct,2,keep,yes,yes,yes,yes,yes,no,nonplanning impulsivity,BOLD variability,lower,"The sentence clearly supports the extracted claim, mentioning a direct correlation between ReHo values and nonplanning impulsivity in MADs.",
526,29198277,Attention-Deficit/Hyperactivity Disorder: A Historical Neuropsychological Perspective.,2017,Journal of the International Neuropsychological Society : JINS,attentional impulsivity resting-state fMRI,unknown,unknown,attentional impulsivity,unknown,unknown,unclear,,background,,,no,evidence_strength not a number,yes,no,unclear,,,,,,,,,,llama-3.1-8b-instruct,1,revise,yes,no,no,no,no,no,attentional impulsivity,behavioral,positive,"The sentence does not explicitly mention a feature type or relationship, but it does support the phenotype. The direction is unclear, but the phenotype is associated with the disorder, suggesting a positive direction. The directness is background, but the phenotype is clearly stated.",
527,34406053,Neuroimaging in Attention-Deficit/Hyperactivity Disorder: Recent Advances.,2022,AJR. American journal of roentgenology,attentional impulsivity resting-state fMRI,unknown,unknown,attentional impulsivity,unknown,unknown,unclear,,background,,,no,evidence_strength not a number,yes,no,unclear,,,,,,,,,,llama-3.1-8b-instruct,1,revise,yes,no,no,no,no,no,attentional impulsivity,behavioral,positive,"The sentence partially supports the claim by mentioning attentional impulsivity, but it does not specify the feature type, relationship, or direction. The corrected fields are based on the extracted claim and the sentence's content.",
528,34602972,Altered Variability and Concordance of Dynamic Resting-State fMRI Indices in Patients With Attention Deficit Hyperactivity Disorder.,2021,Frontiers in neuroscience,attentional impulsivity resting-state fMRI,unknown,BOLD variability,nonplanning impulsivity,ADHD,associated_with,lower,,direct,0.8,"Further, lower voxel-wise concordance in ADHD's left middle frontal gyrus was associated with more non-perseverative errors in Wisconsin Card Sorting Test, which reflects worse cognitive control.",yes,,yes,yes,yes,,,,,,,,,,llama-3.1-8b-instruct,2,keep,yes,yes,yes,yes,yes,no,nonplanning impulsivity,BOLD variability,lower,"The sentence clearly supports the claim by stating a direct association between lower voxel-wise concordance in ADHD's left middle frontal gyrus and non-perseverative errors in Wisconsin Card Sorting Test, which is a measure of cognitive control related to nonplanning impulsivity. The direction of the association is also clearly stated as lower, which matches the extracted direction. The sentence names both the phenotype (nonplanning impulsivity) and the feature (BOLD variability), making the directness supported. There is no overclaiming as the sentence mentions a group difference and a phenotype-feature association.",
529,33484850,The neural substrates of subliminal attentional bias and reduced inhibition in individuals with a higher BMI: A VBM and resting state connectivity study.,2021,NeuroImage,attentional impulsivity resting-state fMRI,unknown,functional connectivity,nonplanning impulsivity,higher BMI,associated_with,lower,,direct,0.8,"individuals with a higher BMI exhibit a specific reduced inhibition to food in the Go/No-Go task [p = 0.02, εp2 = 0.02], which is associated with lower GM density in reward brain regions [orbital gyrus, t = 4.97, p = 0.005, and parietal operculum, t = 5.14, p < 0.001] and lower resting-state connectivity of the orbital gyrus to visual areas [fusiform gyrus, t = -4.64, p < 0.001 and bilateral occipital cortex, t = -4.51, p < 0.001 and t = -4.34, p < 0.001].",yes,,yes,yes,yes,,,,,,,,,,llama-3.1-8b-instruct,2,keep,yes,yes,yes,yes,yes,no,nonplanning impulsivity,functional connectivity,lower,The sentence clearly supports the claim by stating a direct association between nonplanning impulsivity and lower functional connectivity in individuals with a higher BMI.,
530,35859076,Centrality and interhemispheric coordination are related to different clinical/behavioral factors in attention deficit/hyperactivity disorder: a resting-state fMRI study.,2022,Brain imaging and behavior,attentional impulsivity resting-state fMRI,unknown,functional connectivity,attentional impulsivity,ADHD,correlates_with,higher,,direct,0.8,"EC was significantly higher in ADHD compared to neurotypicals in the left inferior Frontal lobe, Lingual gyri, Peri-Calcarine cortex, superior and middle Occipital lobes, right inferior Occipital lobe, right middle Temporal gyrus, Fusiform gyri, bilateral Cuneus, right Precuneus, and Cerebellum (FDR-corrected-p = 0.05).",yes,,yes,yes,yes,,,,,,,,,,llama-3.1-8b-instruct,2,keep,yes,yes,yes,yes,yes,no,attentional impulsivity,functional connectivity,higher,"The sentence clearly supports the claim by stating a significant difference in EC (which is related to functional connectivity) between ADHD and neurotypicals in various brain regions, indicating a correlation with attentional impulsivity and a higher level of EC.",
531,36843348,"Construction of Meta-Thinking Educational Program Based on Mental-Brain Simulation (MTMBS) and Evaluating its Effectiveness on Executive Functions, Emotion Regulation, and Impulsivity in Children With ADHD: A Resting-State Functional MRI Study.",2023,Journal of attention disorders,attentional impulsivity resting-state fMRI,default mode network,BOLD variability,attentional impulsivity,ADHD,suppressed,lower,,direct,0.7,The Meta-Thinking Educational Program had effect on performance of ADHD children and suppressed brain regions related to DMN.,yes,,yes,yes,yes,,,,,,,,,,llama-3.1-8b-instruct,1,revise,yes,no,yes,yes,no,no,attentional impulsivity,BOLD variability,lower,"The sentence does not name the feature type, which is BOLD variability. It also does not name the phenotype directly, but the claim's phenotype is attentional impulsivity, which is related to ADHD. The relationship and direction are supported.",
532,40309601,Vulnerable brain regions in adolescent attention deficit hyperactivity disorder: An activation likelihood estimation meta-analysis.,2025,World journal of psychiatry,attentional impulsivity resting-state fMRI,unknown,BOLD variability,attentional impulsivity,adolescent ADHD,associated_with,unclear,,indirect,0.7,,yes,,yes,no,unclear,,,,,,,,,,llama-3.1-8b-instruct,2,keep,yes,yes,yes,yes,yes,no,attentional impulsivity,BOLD variability,unclear,,
533,30520697,Exploring the Brain Lateralization in ADHD Based on Variability of Resting-State fMRI Signal.,2021,Journal of attention disorders,attentional impulsivity resting-state fMRI,unknown,BOLD variability,attentional impulsivity,ADHD,correlates_with,unclear,,indirect,0.5,The LI was also found to be related to inattentive and hyper/impulsive scores.,yes,,yes,yes,yes,,,,,,,,,,llama-3.1-8b-instruct,1,revise,yes,yes,yes,no,yes,no,attentional impulsivity,behavioral scores,,"The sentence partially supports the claim, but the direction is unclear. The phenotype 'attentional impulsivity' is mentioned in the extracted claim, and the feature 'behavioral scores' is related to the inattentive and hyper/impulsive scores. The relationship 'correlates_with' is also supported. However, the direction is not specified in the sentence, so it cannot be confirmed. The directness is supported as the sentence does not name both phenotype and feature, but it is indirect as it does not directly measure the BOLD variability.",
534,38281353,Neurofeedback for alcohol addiction: Changes in resting state network activity✰.,2024,Psychiatry research. Neuroimaging,attentional impulsivity resting-state fMRI,salience/ventral attention network,BOLD variability,attentional impulsivity,alcohol dependence,associated_with,lower,,direct,0.75,a significant reduction in activated voxels in the ventral attention network area was seen.,yes,,yes,yes,yes,,,,,,,,,,llama-3.1-8b-instruct,1,revise,yes,no,no,no,no,no,attentional impulsivity,BOLD variability,lower,"The sentence does not directly mention the feature type or relationship, but it does mention a reduction in activated voxels, which could be related to lower BOLD variability. However, the relationship and feature type need to be explicitly stated to fully support the claim.",
535,25928822,Altered resting-state frontoparietal control network in children with attention-deficit/hyperactivity disorder.,2015,Journal of the International Neuropsychological Society : JINS,attentional impulsivity resting-state fMRI,frontoparietal/control network,functional connectivity,attentional impulsivity,children with attention-deficit/hyperactivity disorder,associated_with,unclear,,direct,0.8,"Furthermore, this aberrant connectivity of the frontoparietal control network in ADHD was associated with symptoms of impulsivity and opposition-defiance, as well as impaired response inhibition and attentional control.",yes,,yes,yes,yes,,,,,,,,,,llama-3.1-8b-instruct,2,keep,yes,yes,yes,yes,yes,no,attentional impulsivity,functional connectivity,associated with,"The sentence clearly supports the claim by stating that aberrant connectivity of the frontoparietal control network in ADHD is associated with symptoms of attentional impulsivity, which matches the extracted phenotype. The feature type is also supported as it mentions functional connectivity. The relationship is supported as it states an association. The direction is supported as it implies a positive association. The directness is supported as it names both the phenotype and feature. There is no overclaiming as the sentence mentions a phenotype-feature association.",
536,28193454,New developments in brain research of internet and gaming disorder.,2017,Neuroscience and biobehavioral reviews,attentional impulsivity resting-state fMRI,unknown,structural connectivity,impulsivity (general),Internet Gaming Disorder (IGD),associated_with,lower,,indirect,0.6,"Furthermore, Internet game playing was associated with lower white matter density in brain regions that are involved in decision-making, behavioral inhibition and emotional regulation.",yes,,yes,yes,yes,,,,,,,,,,llama-3.1-8b-instruct,2,keep,yes,yes,yes,yes,yes,no,impulsivity (general),structural connectivity,lower,"The sentence clearly supports the extracted claim, mentioning a specific brain region involved in decision-making, behavioral inhibition, and emotional regulation, which are related to impulsivity. The relationship is 'associated_with', the direction is 'lower', and the directness is 'indirect', all of which match the extracted claim.",
537,38047402,Similarity and difference in large-scale functional network alternations between behavioral addictions and substance use disorder: a comparative meta-analysis.,2024,Psychological medicine,attentional impulsivity resting-state fMRI,unknown,functional connectivity,nonplanning impulsivity,behavioral addictions and substance use disorder,associated_with,unclear,,indirect,0.5,"The common rs-FC alterations in BA and SUD exhibited the relationship with consistent aberrant behaviors in both addiction groups, such as impaired inhibition control and salience attribution.",yes,,yes,yes,yes,,,,,,,,,,llama-3.1-8b-instruct,1,revise,yes,yes,yes,no,no,no,nonplanning impulsivity,functional connectivity,unclear,"The sentence partially supports the claim, but the direction and directness are not clearly stated. The phenotype and feature are supported, but need to be corrected to match the extracted claim.",
538,37327696,"Individual differences in delay discounting are associated with dorsal prefrontal cortex connectivity in children, adolescents, and adults.",2023,Developmental cognitive neuroscience,attentional impulsivity resting-state fMRI,default mode network,functional connectivity,impulsivity (general),unknown,associated_with,higher,,direct,0.85,"Greater delay discounting was associated with greater functional connectivity between the dorsal prefrontal cortex and other default mode network regions, but reduced connectivity with regions in the dorsal and ventral attention networks.",yes,,yes,yes,yes,,,,,,,,,,llama-3.1-8b-instruct,2,keep,yes,yes,yes,yes,yes,no,impulsivity (general),functional connectivity,higher,"The sentence clearly supports the extracted claim, mentioning a direct association between impulsivity (general) and functional connectivity in the brain, specifically in the default mode network.",
539,24513387,Altered regional homogeneity and efficient response inhibition in restrained eaters.,2014,Neuroscience,attentional impulsivity resting-state fMRI,unknown,BOLD variability,nonplanning impulsivity,restrained eaters,correlates_with,lower,,direct,0.8,"In addition, ReHo values for the left dlPFC and left anterior insula, respectively, were negatively and positively correlated with SSRT among REs but not UREs.",yes,,yes,yes,yes,,,,,,,,,,llama-3.1-8b-instruct,1,revise,yes,yes,yes,no,no,no,nonplanning impulsivity,BOLD variability,lower,"The sentence partially supports the claim, but the direction and directness need to be revised. The sentence does not directly mention nonplanning impulsivity, but it can be inferred from the context. The direction is mixed in the sentence, and the relevant part is 'negatively and positively correlated', which does not exactly match the extracted direction 'lower'.",
540,39454714,Frequent absent mindedness and the neural mechanism trapped by mobile phone addiction.,2024,Neuroscience,attentional impulsivity resting-state fMRI,"['default mode network', 'frontoparietal/control network', 'salience/ventral attention network', 'somatomotor network']",functional connectivity,attentional impulsivity,mobile phone addiction,mediates,unclear,FC between brain networks,direct,0.8,"FC among the default mode, motor, frontoparietal, basal ganglia, limbic, medial frontal, visual association, and cerebellar networks formed the neural basis of mind wandering.",yes,,yes,yes,yes,,,,,,,,,,llama-3.1-8b-instruct,0,drop,no,no,no,unclear,unclear,no,,,,"The sentence does not mention attentional impulsivity, which is the phenotype in the claim. It also does not mention functional connectivity as the feature type, nor does it mention mediation as the relationship.",
541,27467529,Resting-state functional MRI of abnormal baseline brain activity in young depressed patients with and without suicidal behavior.,2016,Journal of affective disorders,attentional impulsivity resting-state fMRI,unknown,BOLD variability,nonplanning impulsivity,young depressed patients with and without suicidal behavior,correlates_with,higher,,direct,0.8,"significantly decreased zALFF values in the L-SFG and L-MFG were found in the SU group compared with the NSU group, which were negatively correlated with BIS scores in the SU group.",yes,,yes,yes,yes,,,,,,,,,,llama-3.1-8b-instruct,1,revise,yes,yes,yes,no,no,no,nonplanning impulsivity,BOLD variability,lower,"The sentence does not directly support the claim, as it mentions a group difference (SU vs NSU) and a correlation with BIS scores, but not a direct association between nonplanning impulsivity and BOLD variability. The direction of the correlation is also opposite to the claimed direction. The phenotype and feature type are supported, but need to be corrected to match the sentence.",
542,29048582,Salience network dynamics underlying successful resistance of temptation.,2017,Social cognitive and affective neuroscience,attentional impulsivity resting-state fMRI,salience/ventral attention network,dynamic connectivity,attentional impulsivity,unknown,correlates_with,lower,,direct,0.8,individuals whose intrinsic dynamic functional connectivity patterns gravitate toward configurations in which salience detection systems are less strongly coupled with visual systems resist tempting distractors more effectively.,yes,,yes,yes,no,,,,,,,,,,llama-3.1-8b-instruct,2,keep,yes,yes,yes,yes,yes,no,attentional impulsivity,dynamic connectivity,lower,"The sentence clearly supports the claim by stating a direct relationship between the salience detection systems and visual systems, which is related to attentional impulsivity and correlates with lower dynamic connectivity.",
543,41781648,ADBrainNet: a deep neural network for Autism Spectrum Disorder (ASD) and Attention Deficit and Hyperactivity Disorder (ADHD) classification using resting-state fMRI images based on explainable artificial intelligence.,2026,Medical & biological engineering & computing,attentional impulsivity resting-state fMRI,unknown,unknown,attentional impulsivity,unknown,unknown,unclear,,background,,,no,evidence_strength not a number,yes,no,unclear,,,,,,,,,,llama-3.1-8b-instruct,1,revise,yes,no,no,no,no,no,attentional impulsivity,behavioral,positive,"The sentence does not explicitly mention the feature type, but based on the context, it can be inferred as behavioral. The relationship and direction are also unclear.",
544,39592983,Abnormal stability of dynamic functional architecture in drug-naïve children with attention-deficit/hyperactivity disorder.,2024,BMC psychiatry,attentional impulsivity resting-state fMRI,"default mode network, salience/ventral attention network",dynamic connectivity,attentional impulsivity,drug-naïve children with ADHD,correlates_with,unclear,,direct,0.7,This preliminary study provides novel insight into the dynamic brain functional networks in ADHD.,yes,,yes,yes,yes,,,,,,,,,,llama-3.1-8b-instruct,0,drop,no,no,no,unclear,unclear,unclear,,,,"The sentence does not mention a specific phenotype-feature association, making it unsupported for the extracted claim.",
545,35089635,Enduring effect of abuse: Childhood maltreatment links to altered theory of mind network among adults.,2022,Human brain mapping,attentional impulsivity resting-state fMRI,unknown,functional connectivity,attentional impulsivity,unknown,correlates_with,unclear,,direct,0.7,The FCs of IPL with dACC and SFG were correlated with the anxious and cyclothymic temperament and attentional impulsivity.,yes,,yes,yes,yes,,,,,,,,,,llama-3.1-8b-instruct,1,revise,yes,yes,yes,no,yes,no,attentional impulsivity,functional connectivity,positive,"The sentence partially supports the claim because it mentions the phenotype and feature, but the direction is unclear. The corrected phenotype, feature type, and direction are provided based on the information in the sentence.",
546,18824195,Default-mode brain dysfunction in mental disorders: a systematic review.,2009,Neuroscience and biobehavioral reviews,attentional impulsivity resting-state fMRI,default mode network,unknown,attentional impulsivity,unknown,unknown,unclear,,background,,,no,evidence_strength not a number,yes,no,unclear,,,,,,,,,,llama-3.1-8b-instruct,1,revise,yes,no,no,no,no,no,attentional impulsivity,behavioral,associated with,"The sentence does not explicitly mention a feature type or relationship, but it does mention a phenotype. The direction is unclear, but the corrected direction captures the relevant part. The directness is background, but the claim is not overclaimed.",
547,26363140,The executive control network and symptomatic improvement in attention-deficit/hyperactivity disorder.,2015,Cortex; a journal devoted to the study of the nervous system and behavior,attentional impulsivity resting-state fMRI,unknown,functional connectivity,nonplanning impulsivity,"remitting ADHD, persistent ADHD, and healthy controls",associated_with,lower,,direct,0.8,Higher connectivity within frontal regions (anterior cingulate cortex) of the executive control network was related to decreases in ADHD symptoms.,yes,,yes,yes,yes,,,,,,,,,,llama-3.1-8b-instruct,1,revise,yes,yes,yes,no,no,no,ADHD symptoms,functional connectivity,lower,"The sentence partially supports the claim, but the direction and directness need to be revised to match the extracted claim.",
548,26296778,Aberrant orbitofrontal connectivity in marijuana smoking adolescents.,2015,Developmental cognitive neuroscience,attentional impulsivity resting-state fMRI,unknown,functional connectivity,attentional impulsivity,heavy MJ users,associated_with,higher,,direct,0.8,Increased OFC functional connectivity to frontal and motor regions was observed in heavy MJ users compared to HC.,yes,,yes,yes,yes,,,,,,,,,,llama-3.1-8b-instruct,1,revise,yes,yes,yes,no,no,no,attentional impulsivity,functional connectivity,lower,"The sentence mentions a comparison between heavy MJ users and HC, but it does not explicitly state the phenotype. However, based on the context, it can be inferred that the phenotype is related to attentional impulsivity. The feature is correctly identified as functional connectivity. The direction is mixed in the sentence, but the corrected direction is 'lower' because the sentence implies that the connectivity is increased in heavy MJ users, which is the opposite of 'higher'. The directness is also mixed in the sentence, but the corrected directness is 'direct' because the sentence names both the phenotype and the feature.",
549,30798413,Abnormal functional network centrality in drug-naïve boys with attention-deficit/hyperactivity disorder.,2019,European child & adolescent psychiatry,attentional impulsivity resting-state fMRI,unknown,functional connectivity,attentional impulsivity,drug-naïve boys with attention-deficit/hyperactivity disorder,correlates_with,unclear,,indirect,0.6,"We found that boys with ADHD exhibited (1) decreased centrality in the left superior temporal gyrus (STG) and increased centrality in the left superior occipital lobe (SOL) and right inferior parietal lobe (IPL); (2) decreased FC between the STG and the putamen and thalamus, which belong to the cognitive cortico-striatal-thalamic-cortical (CSTC) loop, and increased FC between the STG and medial/superior frontal gyrus within the affective CSTC loop; and (3) decreased connectivity between the SOL and cuneus within the dorsal attention network.",yes,,yes,yes,yes,,,,,,,,,,llama-3.1-8b-instruct,2,keep,yes,yes,yes,yes,yes,no,attentional impulsivity,functional connectivity,unclear,The sentence clearly supports the claim by stating a correlation between functional connectivity and attentional impulsivity in drug-naïve boys with ADHD.,
550,25959594,Neurobiological indicators of disinhibition in posttraumatic stress disorder.,2015,Human brain mapping,attentional impulsivity resting-state fMRI,unknown,functional connectivity,nonplanning impulsivity,posttraumatic stress disorder,associated_with,higher,,direct,0.75,Resting-state functional magnetic resonance imaging analyses revealed alterations in the functional connectivity of the right frontal cluster.,yes,,yes,yes,yes,,,,,,,,,,llama-3.1-8b-instruct,0,drop,no,no,no,unclear,unclear,no,,functional connectivity,,"The sentence does not mention nonplanning impulsivity, which is the phenotype in the extracted claim. It also does not mention a specific feature associated with the phenotype.",
551,31936471,Comparison of Behavioral Changes and Brain Activity between Adolescents with Internet Gaming Disorder and Student Pro-Gamers.,2020,International journal of environmental research and public health,attentional impulsivity resting-state fMRI,attention network,BOLD variability,attentional impulsivity,Internet Gaming Disorder,associated_with,higher,,direct,0.85,"Compared to pro-gamers, IGD adolescents showed higher brain activity within the left orbitofrontal cortex.",yes,,yes,yes,yes,,,,,,,,,,llama-3.1-8b-instruct,1,revise,yes,no,yes,yes,no,no,attentional impulsivity,BOLD activity,higher,"The sentence does not directly mention 'BOLD variability' or 'attention network', but it does mention a brain region that could be related to attention. The relationship and direction are clear, but the feature type and directness need correction.",
552,30773473,An Integrated Analysis of Neural Network Correlates of Categorical and Dimensional Models of Attention-Deficit/Hyperactivity Disorder.,2019,Biological psychiatry. Cognitive neuroscience and neuroimaging,attentional impulsivity resting-state fMRI,unknown,functional connectivity,attentional impulsivity,ADHD,correlates_with,unclear,,indirect,0.6,"Within the default mode network, we mainly observed categorical ADHD-related functional connectivity abnormalities, unrelated to neurocognitive measures.",yes,,yes,yes,yes,,,,,,,,,,llama-3.1-8b-instruct,0,drop,no,no,no,no,no,no,,,,"The sentence does not support the claim because it mentions functional connectivity abnormalities in the default mode network, which is not the same as functional connectivity in the context of attentional impulsivity.",
553,37011715,Conscientiousness associated with efficiency of the salience/ventral attention network: Replication in three samples using individualized parcellation.,2023,NeuroImage,attentional impulsivity resting-state fMRI,salience/ventral attention network,functional connectivity,nonplanning impulsivity,unknown,associated_with,unclear,,direct,0.8,Efficiency of a set of parcels in the SVAN was significantly associated with conscientiousness in all samples.,yes,,yes,yes,yes,,,,,,,,,,llama-3.1-8b-instruct,2,keep,yes,yes,yes,yes,yes,no,nonplanning impulsivity,functional connectivity,unclear,"The sentence directly supports the association between conscientiousness and efficiency of the salience/ventral attention network, which is the same as the salience/ventral attention network in the extracted claim. The direction is unclear, but the extracted claim's direction is also unclear, so the corrected direction is the same as the extracted direction.",
554,23684384,Altered regional homogeneity patterns in adults with attention-deficit hyperactivity disorder.,2013,European journal of radiology,attentional impulsivity resting-state fMRI,unknown,BOLD variability,attentional impulsivity,ADHD,correlates_with,unclear,,indirect,0.5,"Correlation coefficients indicated significant positive correlation of inattentive scores with bilateral cuneus and precuneus, and significant negative correlation of hyperactive/impulsive scores with bilateral insula and claustrum.",yes,,yes,yes,yes,,,,,,,,,,llama-3.1-8b-instruct,2,keep,yes,yes,yes,yes,yes,no,attentional impulsivity,BOLD variability,positive,"The sentence clearly supports the claim by stating a significant positive correlation between inattentive scores and BOLD variability in bilateral cuneus and precuneus, and a significant negative correlation between hyperactive/impulsive scores and BOLD variability in bilateral insula and claustrum.",
555,27894158,Craving behavioral intervention for internet gaming disorder: remediation of functional connectivity of the ventral striatum.,2018,Addiction biology,attentional impulsivity resting-state fMRI,ventral striatum,functional connectivity,attentional impulsivity,Internet gaming disorder,remediation_of,lower,decrease_in_functional_connectivity,direct,0.8,"Moreover, compared with CBI-, CBI+ showed significantly greater decrease in VS-lIPL connectivity, along with amelioration in addiction severity following the intervention.",yes,,yes,yes,yes,,,,,,,,,,llama-3.1-8b-instruct,2,keep,yes,yes,yes,yes,yes,no,attentional impulsivity,functional connectivity,lower,"The sentence clearly supports the claim by stating a direct relationship between the intervention and a decrease in functional connectivity, which is associated with the phenotype of attentional impulsivity.",
556,32114120,Estimating individual scores of inattention and impulsivity based on dynamic features of intrinsic connectivity network.,2020,Neuroscience letters,attentional impulsivity resting-state fMRI,unknown,functional connectivity,nonplanning impulsivity,ADHD,correlates_with,higher,,indirect,0.8,"The estimated clinical scores were significantly correlated to inattention (r = 0.4 ± 0.02, p < 0.01) and impulsivity (r = 0.31 ± 0.02, p < 0.01).",yes,,yes,yes,yes,,,,,,,,,,llama-3.1-8b-instruct,1,revise,yes,yes,yes,yes,no,no,nonplanning impulsivity,functional connectivity,higher,"The sentence partially supports the claim because it mentions impulsivity, which is a part of the phenotype 'nonplanning impulsivity'. However, it does not directly mention the phenotype 'nonplanning impulsivity' and the feature type 'functional connectivity' needs to be corrected to match the extracted claim. The direction 'higher' is supported by the sentence.",
557,30366150,Mapping Internet gaming disorder using effective connectivity: A spectral dynamic causal modeling study.,2019,Addictive behaviors,attentional impulsivity resting-state fMRI,default mode network,dynamic connectivity,nonplanning impulsivity,Internet gaming disorder,reduced_effective_connectivity,lower,,direct,0.85,"Compared with RGU, IGD showed reduced effective connectivity from the mPFC to the PCC and from the left IPL to the mPFC, with reduced self-connection in the PCC and the left IPL.",yes,,yes,yes,yes,,,,,,,,,,llama-3.1-8b-instruct,2,keep,yes,yes,yes,yes,yes,no,nonplanning impulsivity,dynamic connectivity,lower,"The sentence directly supports the claim by mentioning reduced effective connectivity, which is a type of dynamic connectivity, and the direction of the relationship is clearly stated as lower.",
558,36055063,PTSD symptomatology is selectively associated with impaired sustained attention ability and dorsal attention network synchronization.,2022,NeuroImage. Clinical,attentional impulsivity resting-state fMRI,dorsal attention network,functional connectivity,nonplanning impulsivity,PTSD,associated_with,lower,disrupted proactive engagement of attentional control circuitry,direct,0.8,"PTSD symptoms were selectively associated with reduced sustained attention ability, but not more impulsive response strategies. In Study 2, we utilized task and resting-state fMRI to characterize neural circuitry underlying PTSD-related differences in sustained attention ability. Both PTSD symptomatology and sustained attention ability exhibited converging associations with reduced dorsal attention network (DAN) synchronization to endogeneous attentional fluctuations.",yes,,yes,yes,yes,,,,,,,,,,llama-3.1-8b-instruct,2,keep,yes,yes,yes,yes,yes,no,nonplanning impulsivity,functional connectivity,lower,"The sentence clearly supports the claim, mentioning a direct association between PTSD symptomatology and reduced sustained attention ability, which is a feature of nonplanning impulsivity. The direction of the association is also clearly stated as lower. The sentence also mentions the dorsal attention network, which is the brain system associated with the claim.",
559,27812554,Attention-Deficit/Hyperactivity Disorder symptoms coincide with altered striatal connectivity.,2016,Biological psychiatry. Cognitive neuroscience and neuroimaging,attentional impulsivity resting-state fMRI,unknown,functional connectivity,attentional impulsivity,ADHD,associated_with,higher,,direct,0.8,Inattention and hyperactivity/impulsivity symptom scores were associated with increases in functional connectivity in the networks of posterior putamen and ventral caudate.,yes,,yes,yes,no,,,,,,,,,,llama-3.1-8b-instruct,2,keep,yes,yes,yes,yes,yes,no,attentional impulsivity,functional connectivity,higher,"The sentence clearly supports the extracted claim, mentioning a direct association between attentional impulsivity and higher functional connectivity in the brain.",
560,39551190,Attention and emotion in adolescents with ADHD; a time-varying functional connectivity study.,2025,Journal of affective disorders,attentional impulsivity resting-state fMRI,unknown,dynamic connectivity,impulsivity (general),ADHD,associated_with,lower,,direct,0.8,"adolescents with ADHD had 1) diminished salience network-centered dynamic FNC that was driven by an integrated ADHD phenotype (p < .004, r = 0.57)",yes,,yes,yes,yes,,,,,,,,,,llama-3.1-8b-instruct,1,revise,yes,yes,yes,yes,no,no,impulsivity (general),dynamic connectivity,lower,"The sentence directly supports the phenotype, feature, relationship, and direction. However, it does not name the brain system, so directness_supported is set to false. The phenotype 'impulsivity (general)' is mentioned in the sentence, but it is not explicitly stated as the phenotype. Instead, it is referred to as an 'integrated ADHD phenotype'. Therefore, the corrected_phenotype field is set to 'impulsivity (general)' based on the extracted claim.",
561,39147392,"Evaluation of potential alterations related to ADHD in the effective connectivity between the default mode network and cerebellum, hippocampus, thalamus, and primary visual cortex.",2024,"Cerebral cortex (New York, N.Y. : 1991)",attentional impulsivity resting-state fMRI,default mode network,dynamic connectivity,impulsivity (general),ADHD,correlates_with,higher,"an increase in the effective connectivity leads to more inhibition imposition from the right cerebellum to DMN that reduces this network activation. The lower DMN activity makes leaving the resting-state easier, which may be involved in the restlessness symptom.",direct,0.85,Our results demonstrated a positive correlation between ADHD and effective connectivity between the right cerebellum and three DMN nodes (intrinsically inhibitory connections).,yes,,yes,yes,yes,,,,,,,,,,llama-3.1-8b-instruct,1,revise,yes,yes,yes,no,no,no,impulsivity (general),dynamic connectivity,higher,"The sentence partially supports the claim but needs revision or is indirect. The direction and directness are not explicitly stated in the sentence, and the corrected fields are based on the extracted claim.",
562,24615988,Network connectivity abnormality profile supports a categorical-dimensional hybrid model of ADHD.,2014,Human brain mapping,attentional impulsivity resting-state fMRI,unknown,functional connectivity,attentional impulsivity,ADHD,correlates_with,unclear,,unclear,0.7,"Dimensional relationships between symptom severity measures and functional connectivity that did not differ between TDC and children with ADHD were observed for each network, supporting a dimensional characterization of ADHD.",yes,,yes,yes,yes,,,,,,,,,,llama-3.1-8b-instruct,0,drop,no,no,no,no,no,yes,,,,"The sentence does not support the claim because it mentions a group difference (TDC vs children with ADHD) but not a phenotype-feature association. It also does not support the relationship, direction, or directness of the claim.",
563,27881961,Functional Connectivity of Child and Adolescent Attention Deficit Hyperactivity Disorder Patients: Correlation with IQ.,2016,Frontiers in human neuroscience,attentional impulsivity resting-state fMRI,frontoparietal/control network,functional connectivity,attentional impulsivity,ADHD,correlates_with,unclear,,direct,0.5,The frontoparietal network is known to be related to hyperactive and impulsive behaviors.,yes,,yes,yes,yes,,,,,,,,,,llama-3.1-8b-instruct,0,drop,no,no,no,unclear,unclear,unclear,,,,"The sentence does not mention attentional impulsivity, functional connectivity, or a correlation, and it does not support the brain system mentioned in the claim.",
564,28762756,Intranasal Oxytocin Selectively Modulates Large-Scale Brain Networks in Humans.,2017,Brain connectivity,attentional impulsivity resting-state fMRI,unknown,functional connectivity,attentional impulsivity,unknown,modulates,unclear,by altering connectivity within the ventral attention network,indirect,0.7,"Our results show that OT mainly alters connectivity in the VA, on one side reducing the coupling to regions that typically form the nodes of DM, an introspective and self-referential network, and on the other side increasing the coupling to the edges of the CO, which is involved in salience processing.",yes,,yes,yes,yes,,,,,,,,,,llama-3.1-8b-instruct,2,keep,yes,yes,yes,yes,yes,no,attentional impulsivity,functional connectivity,unclear,,
565,36747838,Individual Differences in Delay Discounting are Associated with Dorsal Prefrontal Cortex Connectivity in Youth.,2023,bioRxiv : the preprint server for biology,attentional impulsivity resting-state fMRI,default mode network,functional connectivity,nonplanning impulsivity,unknown,associated_with,higher,,direct,0.85,"These analyses revealed that individual differences in delay discounting were associated with patterns of connectivity emanating from the left dorsal prefrontal cortex, a hub of the default mode network.",yes,,yes,yes,yes,,,,,,,,,,llama-3.1-8b-instruct,2,keep,yes,yes,yes,yes,yes,no,nonplanning impulsivity,functional connectivity,higher,"The sentence clearly supports the phenotype (nonplanning impulsivity), feature (functional connectivity), relationship (associated_with), direction (higher), and directness (direct) when stated.",
566,34732691,The sooner the better: clinical and neural correlates of impulsive choice in Tourette disorder.,2021,Translational psychiatry,attentional impulsivity resting-state fMRI,unknown,unknown,impulsivity (general),Tourette disorder,predicts,higher,,direct,0.85,"Within this network, (i) lower connectivity of pre-supplementary motor area with ventral striatum predicted a higher impulsivity and a steeper reward discounting and (ii) a greater connectivity of pre-supplementary motor area with anterior insular cortex predicted steeper reward discounting and more severe tics.",yes,,yes,yes,yes,,,,,,,,,,llama-3.1-8b-instruct,2,keep,yes,yes,yes,yes,yes,no,impulsivity (general),reward discounting,higher,"The sentence clearly supports the extracted claim, mentioning a direct relationship between lower connectivity of a brain area and higher impulsivity, as well as a direct relationship between greater connectivity of another brain area and steeper reward discounting.",
567,28173729,Structural and Functional Abnormalities in Children with Attention-Deficit/Hyperactivity Disorder: A Focus on Subgenual Anterior Cingulate Cortex.,2017,Brain connectivity,attentional impulsivity resting-state fMRI,unknown,structural connectivity,attentional impulsivity,ADHD-C,correlates_with,unclear,,indirect,0.5,Both the rs-fMRI and DTI ROI-based measures were significantly correlated with clinical measures that examine behavioral capacities of attention and inhibitory control.,yes,,yes,yes,yes,,,,,,,,,,llama-3.1-8b-instruct,1,revise,yes,yes,yes,no,yes,no,attentional impulsivity,functional connectivity,positively,"The sentence supports the phenotype and feature, but the direction is unclear. The relationship is also supported, but the feature type is more specific to functional connectivity than structural connectivity. The directness is supported as the sentence does not name both phenotype and feature, but it does describe a relationship between them. The corrected phenotype, feature type, and direction are based on the extracted claim.",
568,29409566,Brain-behavior patterns define a dimensional biotype in medication-naïve adults with attention-deficit hyperactivity disorder.,2018,Psychological medicine,attentional impulsivity resting-state fMRI,unknown,functional connectivity,impulsivity (general),adult ADHD,correlates_with,unclear,,indirect,0.7,"Adults with ADHD showed stronger functional connectivity compared to healthy controls, predominantly between the default-mode, cingulo-opercular and subcortical networks.",yes,,yes,yes,yes,,,,,,,,,,llama-3.1-8b-instruct,1,revise,yes,yes,yes,no,no,no,impulsivity (general),functional connectivity,increases,"The sentence partially supports the claim, but the direction is not explicitly stated. The corrected direction is 'increases' based on the context of 'stronger functional connectivity'. The directness is also not explicitly stated, but it can be inferred that it is indirect as it is a comparison between groups.",
569,36866118,"Structural differences among children, adolescents, and adults with attention-deficit/hyperactivity disorder and abnormal Granger causality of the right pallidum and whole-brain.",2023,Frontiers in human neuroscience,attentional impulsivity resting-state fMRI,unknown,unknown,attentional impulsivity,ADHD,correlates_with,unclear,,indirect,0.7,The right pallidum was positively correlated with disease severity.,yes,,yes,yes,yes,,,,,,,,,,llama-3.1-8b-instruct,1,revise,yes,no,yes,yes,no,no,attentional impulsivity,severity,positive,"The sentence supports the phenotype, but the feature type is not specified. The relationship is correlation, which is a type of association. The direction is positive, which is clear. However, the directness is indirect because it does not name both phenotype and feature. The corrected fields are phenotype, feature type, and direction.",
570,31978743,Neural correlates and role of medication in reactive motor impulsivity in Tourette disorder.,2020,Cortex; a journal devoted to the study of the nervous system and behavior,attentional impulsivity resting-state fMRI,unknown,functional connectivity,motor impulsivity,"Tourette disorder, ADHD",associated_with,higher,increased grey matter signal from the right supplementary motor area and inferior frontal gyrus; decreased resting-state spontaneous activity of the left putamen; higher functional connectivity between the inferior frontal gyrus and the superior temporal gyri (bilaterally); lower functional connectivity between the cerebellum and the right subthalamic nucleus,direct,0.85,We found a higher reactive motor impulsivity in TD patients medicated with antipsychotics compared to unmedicated TD patients and controls.,yes,,yes,yes,yes,,,,,,,,,,llama-3.1-8b-instruct,2,keep,yes,no,yes,yes,yes,no,motor impulsivity,behavioral,higher,"The sentence directly supports the phenotype and direction, but the feature type is not mentioned in the sentence, so it cannot be supported.",
571,37561637,Abnormal frontostriatal connectivity and serotonin function in gambling disorder: A preliminary exploratory study.,2023,Journal of behavioral addictions,attentional impulsivity resting-state fMRI,unknown,functional connectivity,attentional impulsivity,gambling disorder,correlates_with,lower,,direct,0.9,"Right NAcc 11C-MADAM binding potential correlated with attentional impulsivity in individuals with gambling disorder (r = -0.73, p = 0.005).",yes,,yes,yes,yes,,,,,,,,,,llama-3.1-8b-instruct,2,keep,yes,yes,yes,yes,yes,no,attentional impulsivity,functional connectivity,lower,"The sentence directly states a correlation between right NAcc 11C-MADAM binding potential and attentional impulsivity in individuals with gambling disorder, which matches the extracted claim.",
572,27664824,Perceived social isolation is associated with altered functional connectivity in neural networks associated with tonic alertness and executive control.,2017,NeuroImage,attentional impulsivity resting-state fMRI,cingulo-opercular network,functional connectivity,attentional impulsivity,unknown,associated_with,higher,,direct,0.9,These regions encompassed the bilateral insula/frontoparietal opercula and ACC/pre-SMA.,yes,,yes,yes,yes,,,,,,,,,,llama-3.1-8b-instruct,0,drop,no,no,no,unclear,unclear,unclear,,,,"The sentence does not mention attentional impulsivity, functional connectivity, association, or any direction, making it unsupported for the claim.",
573,36937718,"The clinical, neuropsychological, and brain functional characteristics of the ADHD restrictive inattentive presentation.",2023,Frontiers in psychiatry,attentional impulsivity resting-state fMRI,unknown,functional connectivity,attentional impulsivity,ADHD restrictive inattentive presentation,correlates_with,lower,,direct,0.8,The ADHD-RI displayed marginally significantly lower FC in the salience network compared to the ADHD-I and the control groups.,yes,,yes,yes,yes,,,,,,,,,,llama-3.1-8b-instruct,2,keep,yes,yes,yes,yes,yes,no,attentional impulsivity,functional connectivity,lower,"The sentence clearly supports the claim, mentioning a direct relationship between the phenotype (attentional impulsivity) and feature (functional connectivity in the salience network), with a lower direction.",
574,34294803,Functional network topology of the right insula affects emotion dysregulation in hyperactive-impulsive attention-deficit/hyperactivity disorder.,2021,Scientific reports,attentional impulsivity resting-state fMRI,unknown,functional connectivity,unknown,attention-deficit/hyperactivity disorder,associated_with,higher,,direct,0.85,"In individuals with ADHD characterized by prominent hyperactivity-impulsivity, the latent emotion dysregulation variable was related to an increased clustering and local efficiency of the right insula.",yes,,yes,yes,yes,,,,,,,,,,llama-3.1-8b-instruct,2,keep,yes,yes,yes,yes,yes,no,emotion dysregulation,functional connectivity,higher,,
575,28174127,Altered functional connectivity in default mode network in Internet gaming disorder: Influence of childhood ADHD.,2017,Progress in neuro-psychopharmacology & biological psychiatry,attentional impulsivity resting-state fMRI,default mode network,functional connectivity,impulsivity (general),"Internet gaming disorder, childhood ADHD",correlates_with,unclear,,direct,0.75,The strength of connectivity between the PCC and cerebellum (crus II) was positively correlated with self-reporting scales reflecting impulsiveness.,yes,,yes,yes,yes,,,,,,,,,,llama-3.1-8b-instruct,2,keep,yes,yes,yes,yes,yes,no,impulsivity (general),functional connectivity,positively,"The sentence clearly supports the extracted claim, mentioning a direct association between the strength of connectivity and impulsiveness.",
576,38964089,Multimodal frontal neuroimaging markers predict longitudinal craving reduction in abstinent individuals with heroin use disorder.,2024,Journal of psychiatric research,attentional impulsivity resting-state fMRI,unknown,functional connectivity,attentional impulsivity,heroin use disorder,predicts,higher,,direct,0.8,"The multimodal neuroimaging features, primarily converging in frontal regions (e.g., the left superior frontal (LSF) thickness, FA of the LSF-occipital tract, and RSFC of left middle frontal-right superior temporal lobe), collectively contributed to prediction alongside dosage and attention impulsiveness.",yes,,yes,yes,yes,,,,,,,,,,llama-3.1-8b-instruct,1,revise,yes,yes,yes,no,no,no,attentional impulsivity,functional connectivity,lower,"The sentence partially supports the claim, but the direction is mixed and the directness is not fully supported. The corrected phenotype and feature type match the extracted claim, but the direction needs to be corrected to 'lower' to match the claim.",
577,40334458,Temporal variability-based alternations in dynamic functional networks in internet gaming disorder.,2025,Journal of psychiatric research,attentional impulsivity resting-state fMRI,"default mode network, ventral attention network, sensorimotor network, limbic network",BOLD variability,attentional impulsivity,internet gaming disorder,correlates_with,lower,,direct,0.85,"Compared to RGUs, IGD individuals exhibited decreased within-network variability in the default mode network (DMN)",yes,,yes,yes,yes,,,,,,,,,,llama-3.1-8b-instruct,2,keep,yes,yes,yes,yes,yes,no,attentional impulsivity,BOLD variability,lower,"The sentence directly states that IGD individuals have lower within-network variability in the DMN, which is part of the default mode network, ventral attention network, sensorimotor network, and limbic network. This supports the claim of attentional impulsivity correlating with lower BOLD variability in these networks.",
578,29554302,Ventral Striatal D2/3 Receptor Availability Is Associated with Impulsive Choice Behavior As Well As Limbic Corticostriatal Connectivity.,2018,The international journal of neuropsychopharmacology,attentional impulsivity resting-state fMRI,unknown,functional connectivity,nonplanning impulsivity,unknown,associated_with,lower,,direct,0.8,"Delay-discounting task impulsivity was inversely related to D2/3 receptor availability in the nucleus accumbens core but not the dorsal striatum, with higher D2/3 binding in the nucleus accumbens shell of high-impulsive rats compared with low-impulsive rats.",yes,,yes,yes,yes,,,,,,,,,,llama-3.1-8b-instruct,2,keep,yes,yes,yes,yes,yes,no,nonplanning impulsivity,functional connectivity,lower,"The sentence clearly supports the extracted claim, mentioning nonplanning impulsivity as the phenotype, functional connectivity as the feature type, association as the relationship, lower as the direction, and directness as the directness. The brain system is not explicitly mentioned, but it is implied to be the ventral striatum, which is related to the nucleus accumbens core and shell. The sentence also mentions a group difference between high-impulsive and low-impulsive rats, but this is not an overclaim as it is related to the phenotype-feature association.",
579,26802508,A failure of suppression within the default mode network in depressed adolescents with compulsive internet game play.,2016,Journal of affective disorders,attentional impulsivity resting-state fMRI,default mode network,unknown,nonplanning impulsivity,"depression, compulsive internet game play",associated_with,unclear,,background,0.5,"In cohorts of individuals with a history of compulsive internet game play, individuals with depression showed failure to suppress default mode network activity during an attentionally demanding task, compared to individuals without depression, including comparison groups with and without a history of compulsive video gaming.",yes,,yes,yes,yes,,,,,,,,,,llama-3.1-8b-instruct,2,keep,yes,yes,yes,yes,yes,no,nonplanning impulsivity,unknown,unclear,The sentence clearly supports the association between nonplanning impulsivity and the failure to suppress default mode network activity in individuals with depression and a history of compulsive internet game play.,
580,30898336,Age-Normative Pathways of Striatal Connectivity Related to Clinical Symptoms in the General Population.,2019,Biological psychiatry,attentional impulsivity resting-state fMRI,unknown,unknown,attentional impulsivity,unknown,associated_with,unclear,,indirect,0.5,"Attention-deficit/hyperactivity disorder severity was related to age-advanced connectivity across several insula subregions, but to age-delayed connectivity with the nearby inferior frontal gyrus.",yes,,yes,yes,yes,,,,,,,,,,llama-3.1-8b-instruct,1,revise,yes,no,yes,no,no,no,attention-deficit/hyperactivity disorder,connectivity,positive,"The sentence partially supports the claim, but the feature type and direction need correction.",
581,39965782,MRI-based surrogates of brain clearance in narcolepsy type 1.,2025,Journal of sleep research,attentional impulsivity resting-state fMRI,unknown,unknown,impulsivity (general),narcolepsy type 1,unknown,unclear,,background,0.0,,yes,,yes,no,unclear,,,,,,,,,,llama-3.1-8b-instruct,2,keep,yes,yes,yes,yes,yes,no,impulsivity (general),,,,
582,36511133,TTLL11 gene is associated with sustained attention performance and brain networks: A genome-wide association study of a healthy Chinese sample.,2023,"Genes, brain, and behavior",attentional impulsivity resting-state fMRI,somatomotor network,functional connectivity,nonplanning impulsivity,healthy individuals,associated_with,lower,,direct,0.75,"Specifically, the GG homozygotes showed lower brain activity, weaker brain network connectivity, and non-significant brain-attention association compared to the A allele carriers.",yes,,yes,yes,yes,,,,,,,,,,llama-3.1-8b-instruct,1,revise,yes,no,yes,no,no,no,nonplanning impulsivity,functional connectivity,lower,"The sentence does not directly support the feature type 'functional connectivity' as it mentions 'weaker brain network connectivity', which is a related but distinct concept. The direction is also not directly supported as the sentence mentions 'lower brain activity' but not the specific relationship between brain activity and the phenotype.",
583,29171429,Age-related connectivity differences between attention deficit and hyperactivity disorder patients and typically developing subjects: a resting-state functional MRI study.,2017,Neural regeneration research,attentional impulsivity resting-state fMRI,unknown,functional connectivity,attentional impulsivity,ADHD patients and typically developing subjects,associated_with,unclear,,indirect,0.6,The results of our study suggest that aberrant development in cognitive brain regions might be associated with age-related brain network changes in ADHD patients.,yes,,yes,yes,yes,,,,,,,,,,llama-3.1-8b-instruct,1,revise,yes,no,yes,no,no,no,attentional impulsivity,functional connectivity,unclear,"The sentence partially supports the claim, but the feature type and direction are not clearly stated. The corrected fields are based on the extracted claim.",
584,32800380,"Estimating the Heritability of Developmental Change in Neural Connectivity, and Its Association With Changing Symptoms of Attention-Deficit/Hyperactivity Disorder.",2021,Biological psychiatry,attentional impulsivity resting-state fMRI,unknown,structural connectivity,impulsivity (general),ADHD,associated_with,unclear,,indirect,0.5,Change in hyperactivity-impulsivity was associated with heritable change in white matter tracts metrics and change in the connectivity between the ventral attention and cognitive networks.,yes,,yes,yes,yes,,,,,,,,,,llama-3.1-8b-instruct,2,keep,yes,yes,yes,yes,yes,no,impulsivity (general),structural connectivity,associated with,"The sentence clearly supports the extracted claim, mentioning a specific association between impulsivity and structural connectivity changes. The direction is also supported as 'associated with', which matches the corrected direction. The directness is supported as 'indirect' since the sentence does not name both phenotype and feature explicitly, but it implies an association between them. There is no overclaiming as the sentence mentions a group difference and a phenotype-feature association.",
585,34851976,Differential structure-function network coupling in the inattentive and combined types of attention deficit hyperactivity disorder.,2021,PloS one,attentional impulsivity resting-state fMRI,unknown,unknown,attentional impulsivity,ADHD subtypes (inattentive and combined),correlates_with,lower,,indirect,0.7,"Children with ADHD had lower structural connectivity and network efficiency in the DMN, without significant group differences in functional networks.",yes,,yes,yes,no,,,,,,,,,,llama-3.1-8b-instruct,2,keep,yes,yes,yes,yes,yes,no,attentional impulsivity,network efficiency,lower,"The sentence clearly supports the claim, mentioning a specific phenotype (attentional impulsivity), feature (network efficiency), and direction (lower). The relationship is also clearly stated as correlating with the phenotype. The directness is indirect, but this is consistent with the claim. There is no overclaiming, as the sentence only mentions a group difference in structural connectivity, not a phenotype-feature association.",
586,30099805,Binge drinking is associated with attenuated frontal and parietal activation during successful response inhibition in fearful context.,2019,The European journal of neuroscience,attentional impulsivity resting-state fMRI,unknown,functional connectivity,nonplanning impulsivity,unknown,associated_with,lower,alcohol-associated disruption of functional connectivity,direct,0.85,"Similarly, higher binge drinking was associated with attenuated frontopolar activation when choosing a delayed reward over an immediate reward within the fearful, relative to the neutral, context.",yes,,yes,yes,yes,,,,,,,,,,llama-3.1-8b-instruct,1,revise,yes,yes,yes,no,no,no,nonplanning impulsivity,functional connectivity,lower,"The sentence partially supports the claim but needs revision or is indirect. The phenotype 'nonplanning impulsivity' is not explicitly mentioned in the sentence, but it can be inferred from the context. The feature type 'functional connectivity' is also not explicitly mentioned, but it can be inferred from the context. The relationship 'associated_with' is supported, but the direction 'lower' is not directly supported by the sentence. The directness 'direct' is not supported because the sentence does not name both phenotype and feature.",
587,34497483,Abnormal Topological Network in Parkinson's Disease With Impulse Control Disorders: A Resting-State Functional Magnetic Resonance Imaging Study.,2021,Frontiers in neuroscience,attentional impulsivity resting-state fMRI,"default mode network, control network, dorsal attention network",functional connectivity,impulsivity (general),Parkinson's Disease with Impulse Control Disorders (PD-ICD) and Parkinson's Disease without Impulse Control Disorders (PD-nICD),associated_with,lower,,direct,0.85,"As we hypothesized, the nodal centralities of the default mode network, control network, and dorsal attention network were found to be significantly damaged in the PD-ICD group compared with the PD-nICD group.",yes,,yes,yes,yes,,,,,,,,,,llama-3.1-8b-instruct,2,keep,yes,yes,yes,yes,yes,no,impulsivity (general),functional connectivity,lower,"The sentence clearly supports the claim by stating a significant difference in the nodal centralities of the mentioned brain networks between the PD-ICD and PD-nICD groups, which is directly related to the phenotype of impulsivity and the feature of functional connectivity, and the direction of the association is lower.",
588,41572717,Machine Learning-driven ADHD Classification: Exploring Medication Effects with VMD Sub-band Analysis.,2026,Current computer-aided drug design,attentional impulsivity resting-state fMRI,unknown,unknown,attentional impulsivity,unknown,unknown,unclear,,unclear,,,no,evidence_strength not a number,yes,no,unclear,,,,,,,,,,llama-3.1-8b-instruct,1,revise,yes,no,yes,no,no,no,attentional impulsivity,unknown,,"The sentence partially supports the claim, but the feature type and direction are unclear.",
589,35682491,Digital Addiction and Sleep.,2022,International journal of environmental research and public health,attentional impulsivity functional connectivity,unknown,unknown,attentional impulsivity,unknown,unknown,unclear,,unclear,,,no,evidence_strength not a number,yes,no,unclear,,,,,,,,,,llama-3.1-8b-instruct,1,revise,yes,no,yes,no,no,no,attentional impulsivity,behavioral,positive,"The sentence partially supports the claim but needs revision or is indirect. The phenotype 'attentional impulsivity' is supported, but the feature type is unknown and should be corrected to 'behavioral'. The relationship is supported, but the direction is unclear and should be corrected to 'positive' if the association is found.",
590,40525051,"The Role of Sleep and the Effects of Sleep Loss on Cognitive, Affective, and Behavioral Processes.",2025,Cureus,attentional impulsivity functional connectivity,unknown,functional connectivity,attentional impulsivity,unknown,associated_with,higher,"Sleep deprivation increases amygdala reactivity, weakens prefrontal-amygdala connectivity, and contributes to emotional dysregulation, impulsivity, and risk-taking behaviors.",direct,0.8,"Sleep deprivation increases amygdala reactivity, weakens prefrontal-amygdala connectivity, and contributes to emotional dysregulation, impulsivity, and risk-taking behaviors.",yes,,yes,yes,yes,,,,,,,,,,llama-3.1-8b-instruct,2,keep,yes,yes,yes,yes,yes,no,attentional impulsivity,functional connectivity,higher,"The sentence directly supports the association between sleep deprivation and attentional impulsivity, which is a functional connectivity issue, and the direction is higher.",
591,39339712,Investigating the Impact of Nutrition and Oxidative Stress on Attention Deficit Hyperactivity Disorder.,2024,Nutrients,attentional impulsivity functional connectivity,unknown,functional connectivity,attentional impulsivity,ADHD,associated_with,unclear,,background,,,no,evidence_strength not a number,yes,no,unclear,,,,,,,,,,llama-3.1-8b-instruct,1,revise,yes,yes,yes,no,no,no,attentional impulsivity,functional connectivity,,The sentence partially supports the claim but needs revision or is indirect. The direction and directness are unclear.,
592,39500949,Exploring the impact of probiotics on adult ADHD management through a double-blind RCT.,2024,Scientific reports,attentional impulsivity functional connectivity,unknown,functional connectivity,attentional impulsivity,ADHD,correlates_with,lower,,indirect,0.7,There was also a negative correlation between FCC and symptoms of attention and impulsivity.,yes,,yes,yes,yes,,,,,,,,,,llama-3.1-8b-instruct,1,revise,yes,yes,yes,no,no,no,attentional impulsivity,functional connectivity,lower,"The sentence partially supports the claim, but the direction and directness need to be revised to match the extracted claim.",
593,35754775,Intrinsic Functional Connectivity in the Default Mode Network Differentiates the Combined and Inattentive Attention Deficit Hyperactivity Disorder Types.,2022,Frontiers in human neuroscience,attentional impulsivity functional connectivity,default mode network,functional connectivity,nonplanning impulsivity,"ADHD-C, ADHD-I",differentiates,lower,,direct,0.8,ADHD-C were characterized from ADHD-I by reduced network connectivity differences within the DMN.,yes,,yes,yes,yes,,,,,,,,,,llama-3.1-8b-instruct,1,revise,yes,yes,yes,no,no,no,nonplanning impulsivity,functional connectivity,lower,"The sentence partially supports the claim but needs revision or is indirect. The direction and directness are not explicitly stated, and the relationship is supported. The phenotype and feature are also supported, but need to be corrected to match the extracted claim.",
594,38123729,Inactivation of hypocretin receptor-2 signaling in dopaminergic neurons induces hyperarousal and enhanced cognition but impaired inhibitory control.,2024,Molecular psychiatry,attentional impulsivity functional connectivity,unknown,functional connectivity,attentional impulsivity,unknown,associated_with,higher,,direct,0.8,"DAHcrtr2-deficient mice manifest faster task acquisition and higher choice accuracy under increasingly demanding task contingencies. However, the mice concurrently displayed maladaptive patterns of reward-seeking, with behavioral indices of enhanced impulsivity and compulsivity.",yes,,yes,yes,no,,,,,,,,,,llama-3.1-8b-instruct,2,keep,yes,yes,yes,yes,yes,no,attentional impulsivity,functional connectivity,higher,"The sentence clearly supports the extracted claim, mentioning attentional impulsivity as a behavioral index of enhanced impulsivity and compulsivity, and describing higher choice accuracy under increasingly demanding task contingencies.",
595,24576926,Functional connectivity and temporal variability of brain connections in adults with attention deficit/hyperactivity disorder and bipolar disorder.,2014,Neuropsychobiology,attentional impulsivity functional connectivity,unknown,BOLD variability,attentional impulsivity,ADHD,associated_with,unclear,,direct,0.8,"In the ADHD group, temporal variability of functional connections was associated with executive function and memory deficits.",yes,,yes,yes,yes,,,,,,,,,,llama-3.1-8b-instruct,1,revise,yes,yes,yes,no,no,no,attentional impulsivity,BOLD variability,increased,"The sentence partially supports the claim, but the direction is unclear and the feature type is not explicitly mentioned as BOLD variability. The corrected phenotype and feature type are based on the extracted claim.",
596,22153589,Abnormal functional connectivity in children with attention-deficit/hyperactivity disorder.,2012,Biological psychiatry,attentional impulsivity functional connectivity,default-mode network,functional connectivity,attentional impulsivity,children with attention-deficit/hyperactivity disorder,associated_with,lower,,direct,0.8,"In ADHD children, the orbitofrontal cortex (region involved in salience attribution) had higher connectivity with reward-motivation regions (striatum and anterior cingulate) and lower connectivity with superior parietal cortex (region involved in attention processing).",yes,,yes,yes,yes,,,,,,,,,,llama-3.1-8b-instruct,0,drop,no,no,no,no,no,no,,functional connectivity,higher,"The sentence does not support the claim because it mentions a different brain region (orbitofrontal cortex) and a different brain system (reward-motivation regions) than the extracted claim. Additionally, the direction of the relationship is mixed (higher and lower connectivity) and does not match the extracted direction (lower).",
597,25936249,The neurobiology of aggression and violence.,2015,CNS spectrums,attentional impulsivity functional connectivity,unknown,functional connectivity,attentional impulsivity,unknown,unknown,unclear,,background,,,no,evidence_strength not a number,yes,no,unclear,,,,,,,,,,llama-3.1-8b-instruct,1,revise,yes,yes,no,no,no,no,attentional impulsivity,functional connectivity,,The sentence partially supports the claim but needs revision or is indirect. The relationship and direction are unclear.,
598,10570690,What is attention-deficit/hyperactivity disorder?,1999,Pediatric clinics of North America,attentional impulsivity functional connectivity,unknown,unknown,attentional impulsivity,unknown,unknown,unclear,,background,,,no,evidence_strength not a number,yes,no,unclear,,,,,,,,,,llama-3.1-8b-instruct,2,keep,yes,yes,yes,yes,yes,no,attentional impulsivity,,,,
599,29033857,An Update Overview on Brain Imaging Studies of Internet Gaming Disorder.,2017,Frontiers in psychiatry,attentional impulsivity functional connectivity,unknown,functional connectivity,attentional impulsivity,Internet gaming disorder,disruption_in,lower,,direct,0.7,"IGD adolescents had also disruption in the functional connectivity in areas responsible for learning memory and executive function, processing of auditory, visual, and somatosensory stimuli and relay of sensory and motor signals.",yes,,yes,yes,yes,,,,,,,,,,llama-3.1-8b-instruct,1,revise,yes,yes,yes,no,no,no,attentional impulsivity,functional connectivity,lower,"The sentence partially supports the claim, but the direction and directness need to be revised to match the extracted claim.",
600,40840870,Comparison of 5-Day Multidaily Neuronavigated Theta-Burst Sessions With 6-Week Standard Repetitive Transcranial Magnetic Stimulation (the Dutch Depression Outcome Trial): Protocol for a Randomized Controlled Trial.,2025,JMIR research protocols,attentional impulsivity functional connectivity,unknown,functional connectivity,attentional impulsivity,major depressive disorder,unclear,unclear,,background,,,no,evidence_strength not a number,yes,no,unclear,,,,,,,,,,llama-3.1-8b-instruct,0,drop,no,no,no,no,no,no,,,,"The sentence does not mention attentional impulsivity, functional connectivity, or any relationship between them.",
601,24023940,Elevated functional connectivity in a striatal-amygdala circuit in pathological gamblers.,2013,PloS one,attentional impulsivity functional connectivity,unknown,functional connectivity,nonplanning impulsivity,pathological gamblers,associated_with,higher,,direct,0.85,we observed reliable increases in functional coupling between striatum and bilateral amygdala in gamblers vs. controls.,yes,,yes,yes,yes,,,,,,,,,,llama-3.1-8b-instruct,2,keep,yes,yes,yes,yes,yes,no,nonplanning impulsivity,functional connectivity,higher,The sentence directly supports the association between nonplanning impulsivity and higher functional connectivity in the striatal-amygdala circuit in pathological gamblers.,
602,24926234,Subcircuit-specific neuromodulation in the prefrontal cortex.,2014,Frontiers in neural circuits,attentional impulsivity functional connectivity,unknown,functional connectivity,attentional impulsivity,unknown,associated_with,unclear,,indirect,,,no,evidence_strength not a number,yes,no,unclear,,,,,,,,,,llama-3.1-8b-instruct,1,revise,yes,yes,yes,no,no,no,attentional impulsivity,functional connectivity,,The sentence partially supports the claim but needs revision or is indirect. The direction and directness are unclear.,
603,32066697,Shared and distinct resting functional connectivity in children and adults with attention-deficit/hyperactivity disorder.,2020,Translational psychiatry,attentional impulsivity functional connectivity,"default mode network, salience/ventral attention network, somatomotor network, dorsal attention network, limbic network",functional connectivity,nonplanning impulsivity,"ADHDchild, ADHDadult",correlated_with,higher,,direct,0.8,"The ADHD-discriminative FCs shared in children and adults lie in the intra-network within default mode network (DMN) and the inter-network between DMN and ventral attention network, positively correlated with total scores of ADHD symptoms.",yes,,yes,yes,yes,,,,,,,,,,llama-3.1-8b-instruct,2,keep,yes,yes,yes,yes,yes,no,nonplanning impulsivity,functional connectivity,higher,"The sentence clearly supports the claim, mentioning a specific phenotype (ADHD symptoms), feature type (functional connectivity), relationship (correlated with), direction (positively correlated), and directness (direct). The brain system mentioned in the sentence (default mode network and ventral attention network) is a subset of the brain systems mentioned in the extracted claim, which is acceptable.",
604,38176941,The Role of the Cerebellum in Drug Reward: A Review.,2023,Journal of integrative neuroscience,attentional impulsivity functional connectivity,unknown,unknown,attentional impulsivity,unknown,unknown,unclear,,background,,,no,evidence_strength not a number,yes,no,unclear,,,,,,,,,,llama-3.1-8b-instruct,0,drop,no,no,no,no,no,no,,,,"The sentence does not mention attentional impulsivity, so it does not support the phenotype. Additionally, it does not support the feature, relationship, direction, or directness.",
605,18568333,[Legal aspects of hyperkinetic disorders/ADHD].,2008,Der Nervenarzt,attentional impulsivity functional connectivity,unknown,unknown,attentional impulsivity,unknown,unknown,unclear,,background,,,no,evidence_strength not a number,yes,no,unclear,,,,,,,,,,llama-3.1-8b-instruct,0,drop,no,no,no,no,no,no,,,,"The sentence does not mention a phenotype-feature association, making it unsupported for the claim.",
606,32994553,Impulsive prepotent actions and tics in Tourette disorder underpinned by a common neural network.,2021,Molecular psychiatry,attentional impulsivity functional connectivity,unknown,functional connectivity,nonplanning impulsivity,Tourette disorder,correlates_with,higher,,direct,0.8,This effect was mediated by connectivity between the right orbito-frontal cortex with caudate nucleus bilaterally.,yes,,yes,yes,no,,,,,,,,,,llama-3.1-8b-instruct,0,drop,no,no,no,unclear,unclear,unclear,,,,"The sentence does not mention nonplanning impulsivity, and it does not describe a correlation between nonplanning impulsivity and functional connectivity.",
607,9571295,Frontal lobe functions and dysfunctions.,1998,Clinical EEG (electroencephalography),attentional impulsivity functional connectivity,unknown,unknown,attentional impulsivity,unknown,unknown,unclear,,unclear,,,no,evidence_strength not a number,yes,no,unclear,,,,,,,,,,llama-3.1-8b-instruct,1,revise,yes,no,no,no,no,no,attentional impulsivity,behavioral,positive,"The sentence does not explicitly mention a feature type or relationship, but it does mention a phenotype. The direction is unclear, but the corrected direction is assumed to be positive based on the context of the paper title.",
608,39284401,"Transcranial Magnetic Stimulation-Induced Plasticity Improving Cognitive Control in Obsessive-Compulsive Disorder, Part II: Task-Based Neural Predictors of Treatment Response.",2025,Biological psychiatry,attentional impulsivity functional connectivity,unknown,functional connectivity,attentional impulsivity,Obsessive-Compulsive Disorder,associated_with,lower,,direct,0.75,Lower precuneus activation with increased planning taskload was correlated with symptom reduction in the dorsolateral prefrontal cortex group.,yes,,yes,yes,yes,,,,,,,,,,llama-3.1-8b-instruct,1,revise,yes,yes,yes,no,no,no,attentional impulsivity,functional connectivity,lower,"The sentence does not directly support the direction of the claim. The direction of the claim is 'lower', but the sentence states 'lower precuneus activation', which is a different direction. The sentence also does not directly support the directness of the claim, as it does not name both phenotype and feature. The phenotype 'attentional impulsivity' is supported, as it is mentioned in the diagnostic context. The feature 'functional connectivity' is also supported, as it is implied by the mention of 'activation' and 'cortical group'. The relationship 'associated_with' is supported, as the sentence states 'correlated with'. The brain system is not supported, as it is not mentioned in the sentence. The mechanism is not supported, as it is not mentioned in the sentence.",
609,31704786,The Claustrum-Prefrontal Cortex Pathway Regulates Impulsive-Like Behavior.,2019,The Journal of neuroscience : the official journal of the Society for Neuroscience,attentional impulsivity functional connectivity,unknown,functional connectivity,nonplanning impulsivity,unknown,regulates,higher,,direct,0.8,"By using immunofluorescent staining of the c-Fos-positive neurons, we showed that chemogenetic activation and inhibition of the CLA-PFC pathway reduced and increased overall activity of the PFC, respectively.",yes,,yes,yes,yes,,,,,,,,,,llama-3.1-8b-instruct,0,drop,no,no,no,no,no,no,,,,"The sentence does not mention nonplanning impulsivity, functional connectivity, or the relationship between the Claustrum-Prefrontal Cortex pathway and nonplanning impulsivity.",
610,39676699,Early-life IL-4 administration induces long-term changes in microglia in the cerebellum and prefrontal cortex.,2025,Journal of neurochemistry,attentional impulsivity functional connectivity,unknown,functional connectivity,attentional impulsivity,unknown,associated_with,unclear,"elevated IL-4 levels prevent microglia-mediated engulfment of neurons, leading to cerebellar connectivity dysfunction",indirect,0.5,"Mechanistically, elevated IL-4 levels prevented microglia-mediated engulfment of neurons in the cerebellum, resulting in a surplus of granule cells and consequent dysfunction in cerebellar connectivity.",yes,,yes,yes,yes,,,,,,,,,,llama-3.1-8b-instruct,2,keep,yes,yes,yes,yes,yes,no,attentional impulsivity,functional connectivity,unclear,"The sentence directly supports the relationship between elevated IL-4 levels and cerebellar connectivity dysfunction, which is associated with attentional impulsivity. The direction of the relationship is unclear, but the sentence does not contradict the extracted direction. The directness of the relationship is also supported, as the sentence names both the phenotype (cerebellar connectivity dysfunction) and the feature (elevated IL-4 levels).",
611,25900066,Impulsivity and aggression in schizophrenia: a neural circuitry perspective with implications for treatment.,2015,CNS spectrums,attentional impulsivity functional connectivity,unknown,functional connectivity,nonplanning impulsivity,schizophrenia,associated_with,unclear,,indirect,0.7,"Many studies have implicated dysfunctional frontotemporal circuitry in impulsivity and aggression in schizophrenia, and pharmacological treatments may act via that circuitry to reduce urgency and aggressive behaviors;",yes,,yes,yes,yes,,,,,,,,,,llama-3.1-8b-instruct,1,revise,yes,no,yes,no,no,no,nonplanning impulsivity,functional connectivity,decreased,"The sentence partially supports the claim, but the feature type and direction need to be corrected. The sentence implies that dysfunctional frontotemporal circuitry is associated with impulsivity and aggression, and that pharmacological treatments may act to reduce urgency and aggressive behaviors, which suggests a decrease in impulsivity.",
612,25748775,The role of the thalamus in ADHD symptomatology and treatment.,2015,Applied neuropsychology. Child,attentional impulsivity functional connectivity,unknown,EEG connectivity,attentional impulsivity,ADHD,correlates_with,unclear,,indirect,0.3,Research demonstrates a specific abnormality in the thalamic pulvinar nucleus in ADHD populations.,yes,,yes,yes,yes,,,,,,,,,,llama-3.1-8b-instruct,0,drop,no,no,no,unclear,unclear,no,,,,"The sentence does not mention a phenotype-feature association, and it does not support the extracted claim.",
613,20374289,Disturbed structural connectivity is related to inattention and impulsivity in adult attention deficit hyperactivity disorder.,2010,The European journal of neuroscience,attentional impulsivity functional connectivity,unknown,structural connectivity,attentional impulsivity,adult attention deficit hyperactivity disorder,correlates_with,unclear,,direct,0.85,measures of impulsivity were correlated with FA in right orbitofrontal fibre tracts.,yes,,yes,yes,yes,,,,,,,,,,llama-3.1-8b-instruct,2,keep,yes,yes,yes,yes,yes,no,attentional impulsivity,structural connectivity,positive,"The sentence directly states a correlation between impulsivity and FA in a specific brain region, which matches the extracted claim.",
614,35126772,Functional neuronal networks reveal emotional processing differences in children with ADHD.,2022,Cognitive neurodynamics,attentional impulsivity functional connectivity,unknown,functional connectivity,attentional impulsivity,ADHD,associated_with,higher,,direct,0.8,We find that the functional connectivity of the frontal and occipital lobes in the ADHD group is significantly (P-value < 0.01) higher than in the healthy group.,yes,,yes,yes,yes,,,,,,,,,,llama-3.1-8b-instruct,2,keep,yes,yes,yes,yes,yes,no,attentional impulsivity,functional connectivity,higher,The sentence directly supports the association between attentional impulsivity and higher functional connectivity in the ADHD group compared to the healthy group.,
615,37442497,Possible effects of pair bonds on general cognition: Evidence from shared roles of dopamine.,2023,Neuroscience and biobehavioral reviews,attentional impulsivity functional connectivity,unknown,functional connectivity,attentional impulsivity,unknown,associated_with,unclear,,indirect,0.5,"Highlighting dopamine as a key player in pair bonds and non-social cognition will provide evidence that pair bonding can alter general cognitive processes like attention, working memory, cognitive flexibility, and impulse control.",yes,,yes,yes,yes,,,,,,,,,,llama-3.1-8b-instruct,1,revise,yes,no,yes,no,no,no,attentional impulsivity,functional connectivity,,"The sentence partially supports the claim by mentioning a relationship between pair bonding and general cognitive processes, but it does not directly support the specific phenotype-feature association. The direction and directness of the relationship are also unclear.",
616,17184598,Polymorphisms of dopamine-beta-hydroxylase in ADHD children.,2006,Folia biologica,attentional impulsivity functional connectivity,unknown,unknown,attentional impulsivity,ADHD,unknown,unclear,,unclear,,,no,evidence_strength not a number,yes,no,unclear,,,,,,,,,,llama-3.1-8b-instruct,2,keep,yes,yes,yes,yes,yes,no,attentional impulsivity,,,,
617,29692743,Bupropion Shows Different Effects on Brain Functional Connectivity in Patients With Internet-Based Gambling Disorder and Internet Gaming Disorder.,2018,Frontiers in psychiatry,attentional impulsivity functional connectivity,default mode network,functional connectivity,attentional impulsivity,Internet gaming disorder (IGD) and internet-based gambling disorder (ibGD),correlates_with,lower,,direct,0.8,"In the IGD group, the functional connectivity (FC) within the posterior DMN as well as the FC between the DMN and the CCN decreased following treatment. Moreover, the FC within the DMN in the IGD group was positively correlated with changes in Young Internet Addiction Scale scores after the bupropion treatment period.",yes,,yes,yes,yes,,,,,,,,,,llama-3.1-8b-instruct,2,keep,yes,yes,yes,yes,yes,no,attentional impulsivity,functional connectivity,lower,"The sentence clearly supports the claim, mentioning a direct relationship between the phenotype (attentional impulsivity) and feature (functional connectivity) in the context of IGD, with a lower direction.",
618,38161933,The Impact of Sleep Disorders on Cardiovascular Health: Mechanisms and Interventions.,2023,Cureus,attentional impulsivity functional connectivity,unknown,unknown,attentional impulsivity,unknown,unknown,unclear,,unclear,,,no,evidence_strength not a number,yes,no,unclear,,,,,,,,,,llama-3.1-8b-instruct,1,revise,yes,no,no,no,no,no,attentional impulsivity,behavioral,positive,"The sentence partially supports the claim by mentioning attentional impulsivity, but it does not specify the feature type, relationship, direction, or directness. The corrected fields are based on the extracted claim and the sentence's content.",
619,38359839,The resting-state brain activity signatures for addictive disorders.,2024,"Med (New York, N.Y.)",motor impulsivity resting-state fMRI,unknown,BOLD variability,nonplanning impulsivity,addictive disorders,associated_with,higher,,direct,0.7,"The overall comparison between addiction cohorts and healthy subjects indicated significantly increased ReHo and ALFF in the right striatum (putamen) and bilateral supplementary motor area, as well as decreased ReHo and ALFF in the bilateral anterior cingulate cortex and ventral medial prefrontal cortex, in the addiction group.",yes,,yes,yes,yes,,,,,,,,,,llama-3.1-8b-instruct,1,revise,yes,yes,yes,no,no,no,nonplanning impulsivity,BOLD variability,higher,"The sentence partially supports the claim because it mentions increased and decreased ReHo and ALFF in certain brain regions, but it does not directly link these changes to nonplanning impulsivity. The direction of the association is also not explicitly stated for nonplanning impulsivity.",
620,39422700,Evolution of aberrant brain-wide spatiotemporal dynamics of resting-state networks in a Huntington's disease mouse model.,2024,Clinical and translational medicine,motor impulsivity resting-state fMRI,unknown,dynamic connectivity,nonplanning impulsivity,Huntington's disease mouse model,correlates_with,unclear,,indirect,0.6,Hyperactivity in the LCN-linked regions within short QPPs observed before motor impairment onset.,yes,,yes,yes,yes,,,,,,,,,,llama-3.1-8b-instruct,1,revise,yes,yes,yes,no,yes,no,nonplanning impulsivity,dynamic connectivity,unclear,"The sentence supports the phenotype (nonplanning impulsivity) and feature (dynamic connectivity), but the direction is unclear. The relationship is also supported as it implies a correlation. However, the direction is not captured exactly, so direction_supported is set to false. The directness is supported as the sentence does not name both phenotype and feature, but it does imply a relationship between them. The corrected fields are set to the extracted claim values.",
621,37558974,Static and dynamic changes of intrinsic brain local connectivity in internet gaming disorder.,2023,BMC psychiatry,motor impulsivity resting-state fMRI,unknown,BOLD variability,nonplanning impulsivity,internet gaming disorder,associated_with,higher,,direct,0.8,"Compared with HCs, IGDs showed both increased static and dynamic intrinsic local connectivity in bilateral medial superior frontal gyrus (mSFG), superior frontal gyrus (SFG), and supplementary motor area (SMA).",yes,,yes,yes,yes,,,,,,,,,,llama-3.1-8b-instruct,0,drop,no,no,no,no,no,no,,,,"The sentence does not mention nonplanning impulsivity, BOLD variability, or any association with it. It only talks about increased intrinsic local connectivity in certain brain areas in IGDs compared to HCs.",
622,27447451,Altered brain functional networks in people with Internet gaming disorder: Evidence from resting-state fMRI.,2016,Psychiatry research. Neuroimaging,motor impulsivity resting-state fMRI,unknown,functional connectivity,impulsivity (general),Internet gaming disorder,associated_with,unclear,,indirect,0.7,"the IGD subjects showed reduced regional centralities in the prefrontal cortex, left posterior cingulate cortex, right amygdala, and bilateral lingual gyrus, and increased functional connectivity in sensory-motor-related brain networks compared to the HC subjects.",yes,,yes,yes,yes,,,,,,,,,,llama-3.1-8b-instruct,1,revise,yes,yes,yes,no,no,no,impulsivity (general),functional connectivity,decreased,"The sentence supports the phenotype and feature, but the direction is unclear. The corrected direction is 'decreased' for the regional centralities in the prefrontal cortex, left posterior cingulate cortex, right amygdala, and bilateral lingual gyrus, and 'increased' for the functional connectivity in sensory-motor-related brain networks.",
623,28715675,Resting-state brain networks in patients with Parkinson's disease and impulse control disorders.,2017,Cortex; a journal devoted to the study of the nervous system and behavior,motor impulsivity resting-state fMRI,"salience/ventral attention network, default mode network, central executive network",functional connectivity,impulsivity (general),Parkinson's disease with and without impulse control disorders,associated_with,higher,disrupted connectivity within the three core neurocognitive networks,direct,0.8,"The presence of ICD symptoms was associated with an increased connectivity within the salience and default-mode networks, as well as with a decreased connectivity within the central executive network (p < .05 corrected).",yes,,yes,yes,yes,,,,,,,,,,llama-3.1-8b-instruct,2,keep,yes,yes,yes,yes,yes,no,impulsivity (general),functional connectivity,higher,"The sentence clearly supports the extracted claim, mentioning a specific association between impulsivity and functional connectivity in the salience and default-mode networks, as well as a decrease in the central executive network.",
624,35567768,Extracting electrophysiological correlates of functional magnetic resonance imaging data using the canonical polyadic decomposition.,2022,Human brain mapping,motor impulsivity resting-state fMRI,unknown,unknown,unknown,unknown,unknown,unclear,,background,,,no,evidence_strength not a number,yes,no,unclear,,,,,,,,,,llama-3.1-8b-instruct,0,drop,no,no,no,no,no,no,,,,"The sentence does not mention any phenotype, feature, relationship, or direction, making it unsupported for the extracted claim.",
625,27381822,Altered resting-state neural activity and changes following a craving behavioral intervention for Internet gaming disorder.,2016,Scientific reports,motor impulsivity resting-state fMRI,unknown,functional connectivity,unknown,Internet gaming disorder,associated_with,lower,,direct,0.85,"those receiving CBI demonstrated significantly reduced resting-state functional connectivity between the: (1) orbital frontal cortex with hippocampus/parahippocampal gyrus; and, (2) posterior cingulate cortex with supplementary motor area, precentral gyrus, and postcentral gyrus.",yes,,yes,yes,yes,,,,,,,,,,llama-3.1-8b-instruct,2,keep,yes,yes,yes,yes,yes,no,unknown,functional connectivity,lower,"The sentence clearly supports the claim by stating a direct association between a phenotype (unknown) and a feature (functional connectivity) in a specific brain region, with a lower direction.",
626,27083527,Dissociated neural substrates underlying impulsive choice and impulsive action.,2016,NeuroImage,motor impulsivity resting-state fMRI,unknown,functional connectivity,impulsivity (general),unknown,predicts,unclear,,direct,0.8,"RSFC between the FP and VMPFC was predictive of k, whereas the RSFC between the IFG and pre-SMA was predictive of SSRT.",yes,,yes,yes,no,,,,,,,,,,llama-3.1-8b-instruct,2,keep,yes,yes,yes,yes,yes,no,impulsivity (general),functional connectivity,unclear,"The sentence clearly supports the phenotype (impulsivity), feature type (functional connectivity), relationship (predicts), and directness. The direction is unclear but matches the extracted claim.",
627,38300175,Alterations in the brain functional network of abstinent male individuals with methamphetamine use disorder.,2024,"Cerebral cortex (New York, N.Y. : 1991)",motor impulsivity resting-state fMRI,unknown,functional connectivity,motor impulsivity,methamphetamine use disorder,associated_with,higher,,direct,0.8,we revealed that the small-word attribute significantly mediated the effect of methamphetamine use frequency on motor impulsivity in the methamphetamine use disorder group.,yes,,yes,yes,yes,,,,,,,,,,llama-3.1-8b-instruct,2,keep,yes,yes,yes,yes,yes,no,motor impulsivity,functional connectivity,higher,"The sentence clearly supports the extracted claim by stating a direct association between methamphetamine use frequency and motor impulsivity in the context of methamphetamine use disorder, with a higher level of motor impulsivity. The small-word attribute is mentioned as a mediator, but it does not affect the overall support for the claim.",
628,37502837,Early Life Stress and Body-Mass Index Modulate Brain Connectivity in Alcohol Use Disorder.,2023,Research square,motor impulsivity resting-state fMRI,salience/ventral attention network,functional connectivity,impulsivity (general),Alcohol Use Disorder,correlates_with,lower,,indirect,0.7,"For example, the left supramarginal gyrus (SMG) seed exhibited decreased connectivity with emotion regulation and decision-making regions, including the right occipital cortex, posterior cingulate cortex, and precuneus clusters (all |β| < -0.03, |p| < 0.05).",yes,,yes,yes,yes,,,,,,,,,,llama-3.1-8b-instruct,2,keep,yes,yes,yes,yes,yes,no,impulsivity (general),functional connectivity,lower,"The sentence directly supports the claim by mentioning a specific brain region (left supramarginal gyrus) and its decreased connectivity with emotion regulation and decision-making regions, which are related to impulsivity. The direction of the relationship is also supported as the connectivity is decreased.",
629,32428984,Adolescent alcohol use disrupts functional neurodevelopment in sensation seeking girls.,2021,Addiction biology,motor impulsivity resting-state fMRI,unknown,functional connectivity,nonplanning impulsivity,unknown,associated_with,unclear,,indirect,0.7,"In particular, girls showed greater within-network connectivity in two motor networks with more alcohol consumption, and these effects were mediated by sensation-seeking only in girls.",yes,,yes,yes,yes,,,,,,,,,,llama-3.1-8b-instruct,2,keep,yes,yes,yes,yes,yes,no,nonplanning impulsivity,functional connectivity,associated with increased,"The sentence clearly supports the claim by stating that girls showed greater within-network connectivity in two motor networks with more alcohol consumption, which is associated with nonplanning impulsivity. The direction is supported as it implies a positive association. The directness is supported as it names both the phenotype (nonplanning impulsivity) and the feature (functional connectivity).",
630,22901705,Alterations in regional homogeneity of resting-state brain activity in internet gaming addicts.,2012,Behavioral and brain functions : BBF,motor impulsivity resting-state fMRI,unknown,BOLD variability,motor impulsivity,internet gaming addiction,correlates_with,higher,,direct,0.8,"Comparing to the healthy controls, IGA subjects show enhanced ReHo in brainstem, inferior parietal lobule, left posterior cerebellum, and left middle frontal gyrus. All of these regions are thought related with sensory-motor coordination.",yes,,yes,yes,yes,,,,,,,,,,llama-3.1-8b-instruct,0,drop,no,no,no,no,no,no,,,,"The sentence does not mention motor impulsivity, BOLD variability, or any relationship between them. It only talks about ReHo in brain regions related to sensory-motor coordination in internet gaming addicts compared to healthy controls.",
631,28168274,"Influences of Age, Sex, and Moderate Alcohol Drinking on the Intrinsic Functional Architecture of Adolescent Brains.",2018,"Cerebral cortex (New York, N.Y. : 1991)",motor impulsivity resting-state fMRI,unknown,functional connectivity,impulsivity (general),unknown,predicts,higher,,indirect,0.7,"executive-control frontolimbicstriatal connectivity was stronger in older than younger adolescents, particularly boys, and predicted better ability in balance, memory, and impulse control.",yes,,yes,yes,yes,,,,,,,,,,llama-3.1-8b-instruct,1,revise,yes,yes,yes,no,no,no,impulsivity (specific: impulse control),functional connectivity (specific: executive-control frontolimbicstriatal connectivity),lower,"The sentence partially supports the claim, but the direction and directness need to be revised. The corrected phenotype is 'impulsivity (specific: impulse control)' because the sentence specifically mentions 'impulse control'. The corrected feature type is 'functional connectivity (specific: executive-control frontolimbicstriatal connectivity)' because the sentence specifically mentions 'executive-control frontolimbicstriatal connectivity'. The corrected direction is 'lower' because the sentence states that the connectivity is 'stronger' in older adolescents, implying that it is lower in younger adolescents.",
632,36807959,Internet gaming disorder and tobacco use disorder share neural connectivity patterns between the subcortical and the motor network.,2023,Human brain mapping,motor impulsivity resting-state fMRI,unknown,functional connectivity,impulsivity (general),Internet gaming disorder (IGD) and tobacco use disorder (TUD),associated_with,higher,"greater association between rewards and behaviors, inducing addiction behaviors without flexible and complex regulation",direct,0.8,"PIGD and PTUD exhibited common enhanced node strength between the subcortical and motor networks. Additionally, a common enhanced resting-state functional connectivity (RSFC) was found between the right thalamus and right postcentral gyrus in PIGD and PTUD.",yes,,yes,yes,yes,,,,,,,,,,llama-3.1-8b-instruct,2,keep,yes,yes,yes,yes,yes,no,impulsivity (general),functional connectivity,higher,"The sentence clearly supports the extracted claim, mentioning a direct association between impulsivity (general) and functional connectivity in the context of Internet gaming disorder and tobacco use disorder, with a higher direction.",
633,30914304,Cognitive variability in bipolar I disorder: A cluster-analytic approach informed by resting-state data.,2019,Neuropharmacology,motor impulsivity resting-state fMRI,unknown,unknown,motor impulsivity,bipolar I disorder,associated_with,unclear,,direct,0.7,"Cluster 1 (n = 22) was characterized by deficits in cognitive flexibility and motor inhibition, cluster 2 (n = 12) displayed impulsive decision-making, while cluster 3 (n = 20) showed good visuospatial planning.",yes,,yes,yes,yes,,,,,,,,,,llama-3.1-8b-instruct,2,keep,yes,yes,yes,yes,yes,no,motor impulsivity,behavioral,increased,"The sentence directly associates motor impulsivity with bipolar I disorder, mentioning specific behaviors (impulsive decision-making) that are related to the phenotype.",
634,28462585,Pramipexole Modulates Interregional Connectivity Within the Sensorimotor Network.,2017,Brain connectivity,motor impulsivity resting-state fMRI,sensorimotor network,functional connectivity,motor impulsivity,unknown,modulates,lower,,direct,0.8,"Within the SMN, the connectivity between the right caudate nucleus and other cortical regions was weaker under pramipexole than under placebo.",yes,,yes,yes,yes,,,,,,,,,,llama-3.1-8b-instruct,2,keep,yes,yes,yes,yes,yes,no,motor impulsivity,functional connectivity,lower,"The sentence directly supports the claim by mentioning a specific brain region (right caudate nucleus) and its connectivity with other cortical regions, which is related to the sensorimotor network.",
635,25925985,Impaired corticostriatal connectivity in impulse control disorders in Parkinson disease.,2015,Neurology,motor impulsivity resting-state fMRI,unknown,functional connectivity,nonplanning impulsivity,Parkinson disease with and without impulse control disorders,associated_with,lower,,direct,0.85,"The presence of an ICD in patients with PD was associated with functional disconnection between the left anterior putamen and both the left inferior temporal gyrus and the left anterior cingulate gyrus, as well as a trend toward a functional disconnection between several motor and associative striatal regions and limbic, associative, and motor cortical regions.",yes,,yes,yes,yes,,,,,,,,,,llama-3.1-8b-instruct,1,revise,yes,yes,yes,no,no,no,nonplanning impulsivity,functional connectivity,lower,"The sentence partially supports the claim because it mentions a specific type of impulsivity, but the direction of the association is not explicitly stated as lower. The directness of the association is also not clearly stated as direct between the phenotype and feature, but rather between brain regions.",
636,28265121,Brain structural and functional signatures of impulsive-compulsive behaviours in Parkinson's disease.,2018,Molecular psychiatry,motor impulsivity resting-state fMRI,unknown,functional connectivity,nonplanning impulsivity,Parkinson's disease,associated_with,unclear,,indirect,0.7,"Additionally, PD no-ICB showed increased functional connectivity of bilateral precentral and postcentral gyri within the sensorimotor network compared with controls and PD-ICB.",yes,,yes,yes,yes,,,,,,,,,,llama-3.1-8b-instruct,2,keep,yes,yes,yes,yes,yes,no,nonplanning impulsivity,functional connectivity,increased,"The sentence directly states that PD no-ICB has increased functional connectivity, which is a clear association with the phenotype of nonplanning impulsivity. The direction is also supported as 'increased' is a clear direction. The directness is supported as both phenotype and feature are named in the sentence. The sentence does not overclaim as it only mentions a group difference and a phenotype-feature association.",
637,41932579,Improvement in Tics and Motor Impulsivity Is Associated with Functional and Receptor-Enriched Connectivity changes in Adolescents with Tourette Disorder.,2026,Biological psychiatry. Cognitive neuroscience and neuroimaging,motor impulsivity resting-state fMRI,unknown,functional connectivity,motor impulsivity,Tourette Disorder,associated_with,unclear,,direct,0.8,"Longitudinally, tic reduction (YGTSS/50) was linked to increased connectivity between nucleus accumbens (NAcc) - ventral tegmental area on the left; reduced WI correlated with a higher left caudate - subgenual ACC and bilateral putamen-supplementary motor area (SMA) connectivity.",yes,,yes,yes,yes,,,,,,,,,,llama-3.1-8b-instruct,2,keep,yes,yes,yes,yes,yes,no,motor impulsivity,receptor-enriched connectivity,positive,"The sentence directly supports the association between motor impulsivity and receptor-enriched connectivity changes in adolescents with Tourette Disorder. The corrected feature type is receptor-enriched connectivity, which is mentioned in the paper title. The corrected direction is positive, as increased connectivity is linked to tic reduction.",
638,39003410,Data-driven exploratory method investigation on the effect of dyslexia education at brain connectivity in Turkish children: a preliminary study.,2024,Brain structure & function,motor impulsivity resting-state fMRI,unknown,functional connectivity,impulsivity (general),dyslexia,associated_with,unclear,,indirect,0.6,"Our findings confirmed that impulsivity is associated with motor coordination and visuality, and that the dyslexic group has weaknesses in brain connectivity related to these conditions.",yes,,yes,yes,no,,,,,,,,,,llama-3.1-8b-instruct,1,revise,yes,yes,yes,no,no,no,impulsivity (general),functional connectivity,unclear,"The sentence partially supports the claim, but the direction and directness are not clearly stated. The corrected phenotype, feature type, and direction are based on the extracted claim.",
639,28490656,Role of habenula and amygdala dysfunction in Parkinson disease patients with punding.,2017,Neurology,motor impulsivity resting-state fMRI,unknown,functional connectivity,nonplanning impulsivity,Parkinson disease patients with punding,associated_with,higher,,direct,0.8,"PD-punding patients showed higher functional connectivity of habenula and amygdala with thalamus and striatum bilaterally, and lower connectivity between bilateral habenula and left frontal and precentral cortices.",yes,,yes,yes,yes,,,,,,,,,,llama-3.1-8b-instruct,1,revise,yes,yes,yes,no,no,no,nonplanning impulsivity,functional connectivity,higher,"The sentence partially supports the claim because it mentions the phenotype (nonplanning impulsivity) and feature (functional connectivity), but the direction is mixed (higher and lower connectivity). The directness is also not fully supported because the sentence does not name both phenotype and feature explicitly. The corrected fields are the phenotype, feature type, and direction.",
640,28040671,Decisional impulsivity and the associative-limbic subthalamic nucleus in obsessive-compulsive disorder: stimulation and connectivity.,2017,Brain : a journal of neurology,motor impulsivity resting-state fMRI,unknown,functional connectivity,nonplanning impulsivity,obsessive-compulsive disorder,associated_with,higher,,direct,0.9,We show that stimulation of the subthalamic nucleus is causally implicated in increasing decisional impulsivity with less accumulation of evidence during probabilistic uncertainty and in enhancing delay discounting.,yes,,yes,yes,yes,,,,,,,,,,llama-3.1-8b-instruct,2,keep,yes,yes,yes,yes,yes,no,nonplanning impulsivity,functional connectivity,higher,"The sentence directly supports the association between the subthalamic nucleus and nonplanning impulsivity, which is a type of decisional impulsivity. The direction of the association is also correctly captured as 'higher'. The feature type is also correctly identified as 'functional connectivity'.",
641,25864599,New developments on the neurobiological and pharmaco-genetic mechanisms underlying internet and videogame addiction.,2015,The American journal on addictions,motor impulsivity resting-state fMRI,unknown,unknown,motor impulsivity,internet and videogame addiction,associated_with,unclear,faulty inhibitory control and reward mechanisms,indirect,0.7,"Brain imaging studies of the resting state have shown that long-term internet game playing affected brain regions responsible for reward, impulse control and sensory-motor coordination.",yes,,yes,yes,yes,,,,,,,,,,llama-3.1-8b-instruct,1,revise,yes,no,yes,no,no,no,motor impulsivity,sensory-motor coordination,increased,"The sentence partially supports the claim by mentioning a relationship between internet game playing and brain regions responsible for reward, impulse control, and sensory-motor coordination. However, it does not directly support the specific phenotype of motor impulsivity. The feature type is also not explicitly mentioned, but can be inferred as sensory-motor coordination. The direction is unclear, but can be inferred as increased activity in brain regions responsible for sensory-motor coordination.",
642,26185010,Jumping the Gun: Mapping Neural Correlates of Waiting Impulsivity and Relevance Across Alcohol Misuse.,2016,Biological psychiatry,motor impulsivity resting-state fMRI,subthalamic nucleus,functional connectivity,impulsivity (general),"binge drinkers, individuals with alcohol use disorders",associated_with,lower,,direct,0.8,"Waiting impulsivity was associated with lower connectivity of the subthalamic nucleus with ventral striatum and subgenual cingulate, regions similarly implicated in rodent lesion studies.",yes,,yes,yes,yes,,,,,,,,,,llama-3.1-8b-instruct,2,keep,yes,yes,yes,yes,yes,no,,,,The sentence clearly supports the extracted claim by stating a direct association between impulsivity and lower connectivity of the subthalamic nucleus with specific brain regions.,
643,24223843,Amplitude of low frequency fluctuation abnormalities in adolescents with online gaming addiction.,2013,PloS one,motor impulsivity resting-state fMRI,unknown,BOLD variability,impulsivity (general),online gaming addiction,correlates_with,higher,,direct,0.75,The ALFF values of the left medial OFC were also correlated with the color-word Stroop test performance.,yes,,yes,yes,yes,,,,,,,,,,llama-3.1-8b-instruct,0,drop,no,no,no,unclear,no,no,,BOLD variability,,The sentence does not support the claim because it does not mention impulsivity or any other phenotype related to the claim. It also does not mention a relationship between BOLD variability and impulsivity.,
644,41148227,The alteration of dorsal attention network in internet gaming disorder and tobacco use disorder: an independent component analysis.,2025,"Cerebral cortex (New York, N.Y. : 1991)",motor impulsivity resting-state fMRI,dorsal attention network,functional connectivity,nonplanning impulsivity,internet gaming disorder and tobacco use disorder,associated_with,higher,,direct,0.8,"Rs-fMRI revealed increased functional connectivity in the precuneus cortex, left postcentral gyrus, and right superior frontal gyrus in the dorsal attention network (DAN) in the IGD group in contrast to HC group.",yes,,yes,yes,yes,,,,,,,,,,llama-3.1-8b-instruct,1,revise,yes,yes,yes,no,no,no,nonplanning impulsivity,functional connectivity,increased,"The sentence partially supports the claim because it mentions increased functional connectivity in the dorsal attention network, but it does not directly link this to nonplanning impulsivity. The direction is also not explicitly stated as 'higher', but rather as 'increased'.",
645,32169732,Structural and functional abnormalities within sensori-motor and limbic networks underpin intermittent explosive symptoms in Tourette disorder.,2020,Journal of psychiatric research,motor impulsivity resting-state fMRI,unknown,functional connectivity,nonplanning impulsivity,Tourette disorder,correlates_with,lower,"less efficient top-down control on action selection, impairments related to emotional regulation, impulse control and aggressive behaviours",direct,0.85,"using these three nodes as seeds for resting state functional connectivity, we showed a lower connectivity within the sensori-motor cortico-basal ganglia network, and an altered connectivity pattern among the orbito-frontal cortex, amygdala and hippocampus.",yes,,yes,yes,no,,,,,,,,,,llama-3.1-8b-instruct,2,keep,yes,yes,yes,yes,yes,no,nonplanning impulsivity,functional connectivity,lower,"The sentence directly supports the claim by mentioning a lower connectivity within the sensori-motor cortico-basal ganglia network, which is related to nonplanning impulsivity.",
646,26689148,Brain connectivity and psychiatric comorbidity in adolescents with Internet gaming disorder.,2017,Addiction biology,motor impulsivity resting-state fMRI,unknown,functional connectivity,nonplanning impulsivity,Internet gaming disorder,associated_with,unclear,,indirect,0.5,"patients with IGD showed an increased functional correlation between seven pairs of regions, all satisfying q < 0.05 False discovery rates in light of multiple statistical tests: left frontal eye field to dorsal anterior cingulate, left frontal eye field to right anterior insula, left dorsolateral prefrontal cortex (DLPFC) to left temporoparietal junction (TPJ), right DLPFC to right TPJ, right auditory cortex to right motor cortex, right auditory cortex to supplementary motor area and right auditory cortex to dorsal anterior cingulate.",yes,,yes,yes,no,,,,,,,,,,llama-3.1-8b-instruct,2,keep,yes,yes,yes,yes,yes,no,nonplanning impulsivity,functional connectivity,increased,"The sentence clearly supports the claim by stating that patients with IGD showed an increased functional correlation between seven pairs of regions, which is a direct association between a phenotype (IGD) and a feature (functional connectivity). The direction of the association is also clearly stated as 'increased', which matches the corrected direction. The directness of the association is also supported as it is a direct statement about the correlation between brain regions.",
647,31801105,A preliminary study of disrupted functional network in individuals with Internet gaming disorder: Evidence from the comparison with recreational game users.,2020,Addictive behaviors,motor impulsivity resting-state fMRI,unknown,functional connectivity,nonplanning impulsivity,Internet gaming disorder,associated_with,higher,,direct,0.7,"subjects with IGD as compared to those with RGU showed increased nodal centralities in the reward, craving, emotional memory and sensory-motor processing regions.",yes,,yes,yes,yes,,,,,,,,,,llama-3.1-8b-instruct,1,revise,yes,yes,yes,no,no,no,nonplanning impulsivity,functional connectivity,higher,"The sentence partially supports the claim, but the direction and directness need to be revised to match the extracted claim. The sentence does not explicitly mention nonplanning impulsivity, but it can be inferred as the phenotype is related to IGD. The feature type is also inferred as functional connectivity from the context of the sentence.",
648,22331588,Periods of rest in fMRI contain individual spontaneous events which are related to slowly fluctuating spontaneous activity.,2013,Human brain mapping,motor impulsivity resting-state fMRI,unknown,unknown,unknown,unknown,unknown,unclear,,background,,,no,evidence_strength not a number,yes,no,unclear,,,,,,,,,,llama-3.1-8b-instruct,1,revise,yes,yes,yes,no,no,no,unknown,unknown,unclear,"The sentence partially supports the claim but needs revision or is indirect. The phenotype and feature are mentioned, but the direction and directness are unclear.",
649,41556979,Connectome-based predictive modelling of problematic gaming in youth from the ABCD study.,2026,Journal of behavioral addictions,motor impulsivity resting-state fMRI,unknown,functional connectivity,nonplanning impulsivity,unknown,predicts,unclear,,indirect,0.6,"Predictive networks involved several connections within and between canonical networks implicated in visual processing (visual area 2 and visual association networks), cognitive control and executive functioning (frontoparietal and medial frontal networks), and relevance and motor response (salience and sensorimotor networks).",yes,,yes,yes,yes,,,,,,,,,,llama-3.1-8b-instruct,1,revise,yes,yes,yes,no,no,no,nonplanning impulsivity,functional connectivity,unclear,"The sentence partially supports the claim by mentioning functional connectivity, but the direction and directness are unclear. The phenotype 'nonplanning impulsivity' is not explicitly mentioned in the sentence, but it can be inferred as the target of prediction. The feature type 'functional connectivity' is supported, but the corrected direction should be 'unclear' as the sentence does not provide clear information about the direction of the relationship.",
650,41612124,Next Generation 7 Tesla Arterial Spin Labeling With Rotated Spiral Acquisition Enables Mesoscale Resolution in 3D Brain Perfusion and Functional MRI.,2026,Magnetic resonance in medicine,motor impulsivity resting-state fMRI,unknown,unknown,unknown,unknown,unknown,unclear,,unclear,,,no,evidence_strength not a number,yes,no,unclear,,,,,,,,,,llama-3.1-8b-instruct,0,drop,no,no,no,no,no,no,,,,"The sentence does not mention any phenotype, feature, relationship, or direction, making it unsupported for the extracted claim.",
651,41740634,Connectome-based prediction of problematic use of social media in adolescents: Findings from the ABCD study.,2026,NeuroImage,motor impulsivity resting-state fMRI,unknown,functional connectivity,nonplanning impulsivity,unknown,predicts,unclear,,direct,0.8,"CPM successfully predicted PUSM scores and identified connectivity within and between multiple large-scale neural networks predictive of PUSM severity, which could be categorized into two key systems: (i) a cognitive control and self-regulation system consisting of the default mode, frontoparietal, and medial frontal networks, and (ii) a perceptual-motor integration system consisting of the visual area 1 and sensorimotor networks.",yes,,yes,yes,yes,,,,,,,,,,llama-3.1-8b-instruct,2,keep,yes,yes,yes,yes,yes,no,nonplanning impulsivity,functional connectivity,predicts,"The sentence clearly supports the claim by stating that CPM predicted PUSM scores and identified connectivity within and between multiple large-scale neural networks predictive of PUSM severity. The two key systems mentioned (cognitive control and self-regulation, and perceptual-motor integration) are directly related to the phenotype and feature type in the claim. The direction is supported as the sentence implies a predictive relationship. The directness is supported as the sentence names both phenotype (PUSM scores) and feature (connectivity within and between multiple large-scale neural networks).",
652,41748653,Serotonergic cortico-limbic and executive network dysfunction in Parkinson's disease impulse control disorders: a PET-fMRI study.,2026,NPJ Parkinson's disease,motor impulsivity resting-state fMRI,salience/ventral attention network,functional connectivity,nonplanning impulsivity,Parkinson's disease,associated_with,higher,"increased SMA 5-HT₂ₐ receptor availability was associated with enhanced SMA-amygdala coupling, which in turn was positively associated with ICD symptoms.",direct,0.8,"Critically, aberrant right supplementary motor area-amygdala connectivity was linked to ICD severity and decisional impulsivity.",yes,,yes,yes,yes,,,,,,,,,,llama-3.1-8b-instruct,1,revise,yes,yes,yes,no,no,no,nonplanning impulsivity,functional connectivity,higher,"The sentence partially supports the claim but needs revision or is indirect. The phenotype mentioned in the sentence is decisional impulsivity, which is a related but not identical concept to nonplanning impulsivity. The feature type is also mentioned as connectivity, which is correct. However, the direction is not explicitly stated as higher, and the directness is not explicitly stated as direct.",
653,41932505,Intrinsic functional connectivity alterations in medication-naïve children with combined and inattentive ADHD types: Evidence from cortical surface-based analysis.,2026,Journal of affective disorders,motor impulsivity resting-state fMRI,default mode network,functional connectivity,nonplanning impulsivity,"ADHD-C, ADHD-I, HCs",correlates_with,higher,,direct,0.8,The hypo-connectivity linking the DMN (Default-PFC7_L) and SMN (SomMot27_L) was correlated with both higher SNAP-IV Hyperactivity/Impulsivity and Total scores.,yes,,yes,yes,yes,,,,,,,,,,llama-3.1-8b-instruct,2,keep,yes,yes,yes,yes,yes,no,nonplanning impulsivity,functional connectivity,higher,"The sentence clearly supports the claim by stating a correlation between hypo-connectivity in the default mode network and higher SNAP-IV Hyperactivity/Impulsivity and Total scores, which is a measure of nonplanning impulsivity.",
654,35302338,Involvement of muscle satellite cell dysfunction in neuromuscular disorders: Expanding the portfolio of satellite cell-opathies.,2022,European journal of translational myology,motor impulsivity functional connectivity,unknown,unknown,unknown,unknown,unknown,unclear,,background,,,no,evidence_strength not a number,yes,no,unclear,,,,,,,,,,llama-3.1-8b-instruct,2,keep,yes,yes,yes,yes,yes,no,unknown,unknown,unclear,,
655,31003231,Convergent neural connectivity in motor impulsivity and high-fat food binge-like eating in male Sprague-Dawley rats.,2019,Neuropsychopharmacology : official publication of the American College of Neuropsychopharmacology,motor impulsivity functional connectivity,unknown,functional connectivity,motor impulsivity,unknown,associated_with,higher,,direct,0.85,HI rats repeatedly exhibited significantly higher bingeing on HFF vs. LI rats.,yes,,yes,yes,yes,,,,,,,,,,llama-3.1-8b-instruct,0,drop,no,no,no,no,unclear,no,,,,"The sentence does not mention the phenotype 'motor impulsivity' or the feature 'functional connectivity', and it does not establish an association between the two.",
656,38842027,Cross-Frequency Coupling as a Biomarker for Early Stroke Recovery.,2024,Neurorehabilitation and neural repair,motor impulsivity functional connectivity,unknown,functional connectivity,motor impulsivity,stroke,associated_with,unclear,,indirect,0.5,Greater baseline coupling was associated with better motor status at admission and discharge and positively related to motor recovery.,yes,,yes,yes,yes,,,,,,,,,,llama-3.1-8b-instruct,2,keep,yes,yes,yes,yes,yes,no,motor status,functional connectivity,positive,"The sentence clearly supports the claim, and the phenotype, feature, relationship, and direction/directness are all stated correctly.",
657,21259388,Altered motor network activation and functional connectivity in adult Tourette's syndrome.,2011,Human brain mapping,motor impulsivity functional connectivity,unknown,functional connectivity,motor impulsivity,Tourette's syndrome,correlates_with,unclear,,direct,0.7,"In addition, performance-related functional connectivity of lower- and higher-order motor networks differed between patients and controls.",yes,,yes,yes,yes,,,,,,,,,,llama-3.1-8b-instruct,1,revise,yes,yes,yes,no,no,no,motor impulsivity,functional connectivity,unclear,"The sentence partially supports the claim but needs revision or is indirect. The phenotype 'motor impulsivity' is mentioned in the paper title, but not in the sentence. The feature type 'functional connectivity' is mentioned in the sentence. The relationship 'correlates_with' is not explicitly mentioned, but it can be inferred. The direction is unclear. The directness is direct, but the sentence does not name both phenotype and feature.",
658,40260305,Effective connectivity analysis of response inhibition functional network.,2025,Frontiers in neuroscience,motor impulsivity functional connectivity,"salience/ventral attention network, frontoparietal/control network, ventral default mode network, somatomotor network",dynamic connectivity,nonplanning impulsivity,unknown,correlates_with,unclear,,direct,0.8,"Finally, correlation analyses between self-reported impulsivity levels and causal network interactions revealed that highly impulsive individuals require greater interhemispheric integration between the right and left ECNs for effective inhibition, as well as a causal excitatory modulation from the right executive control network (rECN) to the vDMN.",yes,,yes,yes,yes,,,,,,,,,,llama-3.1-8b-instruct,2,keep,yes,yes,yes,yes,yes,no,nonplanning impulsivity,dynamic connectivity,increases,"The sentence clearly supports the phenotype (nonplanning impulsivity), feature type (dynamic connectivity), relationship (correlates_with), and direction (increases) when stated. The sentence also directly names both the phenotype and feature, supporting the directness of the claim.",
659,39341756,Imaging of impulse control disorders in Parkinson's disease.,2024,Revue neurologique,motor impulsivity functional connectivity,limbic and the associative and motor networks,functional connectivity,motor impulsivity,Parkinson's disease,correlates_with,unclear,alterations in reinforcement learning and inhibitory control mechanisms,direct,0.8,"These alterations pinpoint the dysfunction of reinforcement learning in ICD, which is biased toward the overvaluation of reward and underestimation of risk, and the deficit in inhibitory control mechanisms related to abnormal connectivity within and between the limbic and the associative and motor networks.",yes,,yes,yes,yes,,,,,,,,,,llama-3.1-8b-instruct,2,keep,yes,yes,yes,yes,yes,no,motor impulsivity,functional connectivity,unclear,"The sentence clearly supports the phenotype (motor impulsivity), feature type (functional connectivity), relationship (correlates with), direction (unclear), and directness (direct) of the claim. The sentence also supports the brain system (limbic and the associative and motor networks) and diagnostic context (Parkinson's disease) of the claim. The sentence mentions the mechanism (alterations in reinforcement learning and inhibitory control mechanisms) which is related to the claim, but it is not a requirement for the claim. Therefore, the support score is 2.",
660,8595027,Social and emotional self-regulation.,1995,Annals of the New York Academy of Sciences,motor impulsivity functional connectivity,unknown,functional connectivity,motor impulsivity,unknown,associated_with,unclear,,indirect,0.2,"The dorsal limbic mechanisms projecting through the cingulate gyrus may be influenced by hedonic evaluations, social attachments, and they may initiate a mode of motor control that is holistic and impulsive.",yes,,yes,yes,yes,,,,,,,,,,llama-3.1-8b-instruct,1,revise,yes,no,yes,no,no,no,motor impulsivity,functional connectivity,unclear,"The sentence partially supports the claim by mentioning the phenotype (motor impulsivity) and relationship (associated with), but it does not clearly support the feature type (functional connectivity) and direction. The sentence also does not directly name the feature, making the directness unsupported. The corrected phenotype and feature type are provided as they are mentioned in the sentence, but the direction is left as unclear as it is in the original claim.",
661,38772504,The association of impulsivity with depression and anxiety symptoms: A transdiagnostic network analysis and replication.,2024,Journal of affective disorders,motor impulsivity functional connectivity,unknown,functional connectivity,nonplanning impulsivity,unknown,associated_with,unclear,,direct,0.8,The motor impulsivity dimension was revealed to be closely connected with individual symptoms of depression and anxiety regardless of whether they were in separate disorder forms or comorbid forms.,yes,,yes,yes,yes,,,,,,,,,,llama-3.1-8b-instruct,1,revise,yes,no,yes,no,yes,no,nonplanning impulsivity,functional connectivity,unclear,"The sentence mentions a different type of impulsivity (motor impulsivity) than the extracted claim (nonplanning impulsivity). The feature type is also not explicitly mentioned, but it can be inferred to be functional connectivity. The direction is unclear, but the extracted direction is 'unclear', so no correction is needed. The directness is supported as the sentence names both phenotype and feature.",
662,20174620,On the similarity of functional connectivity between neurons estimated across timescales.,2010,PloS one,motor impulsivity functional connectivity,unknown,functional connectivity,motor impulsivity,unknown,correlates_with,unclear,common-input related to stimuli or movement,indirect,0.3,"Moreover, there is a weak correlation for physiological filters such as hemodynamic or Ca2+ impulse responses and filters based on local field potentials.",yes,,yes,yes,yes,,,,,,,,,,llama-3.1-8b-instruct,0,drop,no,no,no,unclear,no,no,,functional connectivity,,"The sentence does not mention motor impulsivity, and the relationship is not clearly stated as a correlation with motor impulsivity.",
663,20728878,Prefrontal cortex and impulsive decision making.,2011,Biological psychiatry,motor impulsivity functional connectivity,unknown,functional connectivity,motor impulsivity,unknown,associated_with,unclear,,indirect,0.5,"Despite this heterogeneous nature, the prefrontal cortex and its connected areas, such as the basal ganglia, play an important role in gating impulsive actions in a variety of behavioral tasks.",yes,,yes,yes,yes,,,,,,,,,,llama-3.1-8b-instruct,2,keep,yes,yes,yes,yes,yes,no,motor impulsivity,functional connectivity,associated_with,"The sentence clearly supports the association between the prefrontal cortex and motor impulsivity, and the direction of this association is supported as it implies a positive relationship between the two.",
664,34274404,Exploring cortico-cortical interactions during action preparation by means of dual-coil transcranial magnetic stimulation: A systematic review.,2021,Neuroscience and biobehavioral reviews,motor impulsivity functional connectivity,unknown,functional connectivity,motor impulsivity,unknown,associated_with,unclear,,indirect,0.5,,yes,,yes,no,unclear,,,,,,,,,,llama-3.1-8b-instruct,1,revise,yes,yes,yes,no,no,no,motor impulsivity,functional connectivity,,"The sentence partially supports the claim, but the direction and directness are unclear. The phenotype and feature are supported, but the relationship is indirect and the direction is unclear.",
665,39218589,[A review of functional electrical stimulation based on brain-computer interface].,2024,Sheng wu yi xue gong cheng xue za zhi = Journal of biomedical engineering = Shengwu yixue gongchengxue zazhi,motor impulsivity functional connectivity,unknown,unknown,unknown,unknown,unknown,unclear,,unclear,,,no,evidence_strength not a number,yes,no,unclear,,,,,,,,,,llama-3.1-8b-instruct,0,drop,no,no,no,no,no,no,,,,"The sentence does not mention any phenotype, feature, relationship, or direction, making it unsupported for the extracted claim.",
666,36579893,A circuit-based approach to modulate hypersexuality in Parkinson's disease.,2023,Psychiatry and clinical neurosciences,motor impulsivity functional connectivity,unknown,functional connectivity,nonplanning impulsivity,Parkinson's disease,associated_with,higher,,direct,0.8,"Compared with their nonhypersexual peers, patients with hypersexuality recruited caudate, pre-supplementary motor area, ventral tegmental area, and anterior cingulate cortex while on medication.",yes,,yes,yes,yes,,,,,,,,,,llama-3.1-8b-instruct,1,revise,yes,yes,yes,no,no,no,hypersexuality,brain region recruitment,higher,"The sentence supports the phenotype (hypersexuality) and feature (brain region recruitment), but the direction is not explicitly stated as 'higher' in the context of the claim. The claim is about nonplanning impulsivity, but the sentence is about hypersexuality. The corrected phenotype should be hypersexuality, and the corrected feature type should be brain region recruitment.",
667,36836613,Application of Repetitive Transcranial Magnetic Stimulation in Neuropathic Pain: A Narrative Review.,2023,"Life (Basel, Switzerland)",motor impulsivity functional connectivity,unknown,unknown,unknown,unknown,unknown,unclear,,unclear,,,no,evidence_strength not a number,yes,no,unclear,,,,,,,,,,llama-3.1-8b-instruct,0,drop,no,no,no,no,no,no,,,,"The sentence does not mention a specific phenotype, feature, relationship, or direction, making it unsupported for the extracted claim.",
668,35277392,Prefrontal Cortical Connectivity Mediates Locus Coeruleus Noradrenergic Regulation of Inhibitory Control in Older Adults.,2022,The Journal of neuroscience : the official journal of the Society for Neuroscience,motor impulsivity functional connectivity,unknown,functional connectivity,nonplanning impulsivity,unknown,mediates,unclear,,direct,0.8,"We confirm that better response inhibition is correlated with locus coeruleus integrity and stronger connectivity between presupplementary motor area (preSMA) and right inferior frontal gyrus (rIFG), but not volumes of the prefrontal cortical regions.",yes,,yes,yes,yes,,,,,,,,,,llama-3.1-8b-instruct,1,revise,yes,yes,yes,no,yes,no,nonplanning impulsivity,functional connectivity,positive,"The sentence supports the phenotype (nonplanning impulsivity) and feature (functional connectivity), but the direction is unclear. The relationship (mediates) is not explicitly stated in the sentence, but it can be inferred. The directness is supported as the sentence names both phenotype and feature. However, the direction needs to be corrected to positive as better response inhibition is correlated with stronger connectivity.",
669,36754503,V to VII Nerve Transfer for Smile Reanimation.,2023,Atlas of the oral and maxillofacial surgery clinics of North America,motor impulsivity functional connectivity,unknown,unknown,unknown,unknown,unknown,unclear,,background,0.0,,yes,,yes,no,unclear,,,,,,,,,,llama-3.1-8b-instruct,2,keep,yes,yes,yes,yes,yes,no,,,,,
670,41281564,Associations between structural injury and task-based corticomuscular connectivity after stroke.,2025,Frontiers in neurology,motor impulsivity functional connectivity,unknown,structural connectivity,motor impulsivity,stroke,correlates_with,unclear,,indirect,0.5,"greater injury correlated with higher coherence between electrodes overlying the supplementary motor area and affected extensor digitorum (high beta: ρ = 0.83, p = 0.001).",yes,,yes,yes,yes,,,,,,,,,,llama-3.1-8b-instruct,2,keep,yes,yes,yes,yes,yes,no,motor impulsivity,structural connectivity,positive,"The sentence clearly supports the claim, mentioning a correlation between greater injury and higher coherence between electrodes overlying the supplementary motor area and affected extensor digitorum, which is a type of structural connectivity. The direction of the correlation is positive, as higher coherence is associated with greater injury.",
671,33441433,"Motor Interference, But Not Sensory Interference, Increases Midfrontal Theta Activity and Brain Synchronization during Reactive Control.",2021,The Journal of neuroscience : the official journal of the Society for Neuroscience,motor impulsivity functional connectivity,unknown,functional connectivity,motor impulsivity,unknown,predicts,higher,,direct,0.85,"Independent of the type of conflict, theta power was predictive of motor slowing.",yes,,yes,yes,yes,,,,,,,,,,llama-3.1-8b-instruct,2,keep,yes,yes,yes,yes,yes,no,motor impulsivity,functional connectivity,higher,"The sentence clearly supports the extracted claim, mentioning motor slowing as a result of theta power, which is related to motor impulsivity. The relationship is predictive, and the direction is higher, matching the claim. The directness is also supported as the sentence names both phenotype (motor slowing) and feature (theta power).",
672,31421156,"Nicotinic acetylcholine receptor at vertebrate motor endplates: Endocytosis, recycling, and degradation.",2019,Neuroscience letters,motor impulsivity functional connectivity,unknown,unknown,unknown,unknown,unknown,unclear,,unclear,,,no,evidence_strength not a number,yes,no,unclear,,,,,,,,,,llama-3.1-8b-instruct,0,drop,no,no,no,no,no,no,,,,"The sentence does not mention any phenotype, feature, relationship, or direction, making it unsupported for the extracted claim.",
673,23074304,Are ASD and ADHD a Continuum? A Comparison of Pathophysiological Similarities Between the Disorders.,2015,Journal of attention disorders,motor impulsivity functional connectivity,unknown,functional connectivity,motor impulsivity,ASD and ADHD,correlates_with,unclear,,background,,,no,evidence_strength not a number,yes,no,unclear,,,,,,,,,,llama-3.1-8b-instruct,1,revise,yes,yes,yes,no,no,no,motor impulsivity,functional connectivity,,The sentence partially supports the claim but needs revision or is indirect. The direction and directness are unclear.,
674,10349031,An fMRI study of Stroop word-color interference: evidence for cingulate subregions subserving multiple distributed attentional systems.,1999,Biological psychiatry,motor impulsivity functional connectivity,anterior cingulate,functional connectivity,motor impulsivity,unknown,associated_with,unclear,,direct,0.7,Interregional correlation analyses suggested that the anterior cingulate is coupled functionally with multiple regions throughout the cerebrum.,yes,,yes,yes,yes,,,,,,,,,,llama-3.1-8b-instruct,1,revise,yes,yes,yes,no,yes,no,motor impulsivity,functional connectivity,unclear,"The sentence supports the phenotype, feature, and relationship, but the direction is unclear and not captured in the extracted direction. The directness is supported as the sentence names both phenotype and feature.",
675,40088861,"Phenotypic clusters of narcolepsy type 1: Insights from age of onset, weight gain, sleep patterns, and impulsivity.",2025,Sleep medicine,motor impulsivity functional connectivity,unknown,functional connectivity,motor impulsivity,unknown,associated_with,higher,,direct,0.7,"Patients with teenage onset and greater weight gain showed shorter sleep latency, more obvious disturbed nocturnal sleep (DNS), the highest proportion of hallucination and sleep paralysis, as well as the highest motor impulsivity score, but minimum volumes in the left para-hippocampal gyrus (PHG) and right precuneus.",yes,,yes,yes,yes,,,,,,,,,,llama-3.1-8b-instruct,2,keep,yes,yes,yes,yes,yes,no,motor impulsivity,functional connectivity,higher,"The sentence directly states that patients with teenage onset and greater weight gain showed the highest motor impulsivity score, which supports the claim of motor impulsivity being associated with higher functional connectivity.",
676,39453553,Behavioral disorders in Parkinson disease: current view.,2025,"Journal of neural transmission (Vienna, Austria : 1996)",motor impulsivity functional connectivity,unknown,functional connectivity,motor impulsivity,unknown,associated_with,unclear,,indirect,0.5,,yes,,yes,no,unclear,,,,,,,,,,llama-3.1-8b-instruct,1,revise,yes,yes,yes,no,no,no,motor impulsivity,functional connectivity,,The sentence partially supports the claim but needs revision or is indirect. The direction and directness are unclear.,
677,25307575,Methods of association and dissociation for establishing selective brain-behavior relations.,2014,Handbook of clinical neurology,motor impulsivity functional connectivity,unknown,unknown,motor impulsivity,unknown,unknown,unclear,,background,,,no,evidence_strength not a number,yes,no,unclear,,,,,,,,,,llama-3.1-8b-instruct,0,drop,no,no,no,no,no,no,,,,"The sentence does not mention a phenotype, feature, relationship, or direction, making it unsupported for the extracted claim.",
678,38504872,Neurocomputational mechanisms underlying perception and sentience in the neocortex.,2024,Frontiers in computational neuroscience,motor impulsivity functional connectivity,unknown,unknown,unknown,unknown,unknown,unclear,,background,,,no,evidence_strength not a number,yes,no,unclear,,,,,,,,,,llama-3.1-8b-instruct,0,drop,no,no,no,no,no,no,,,,"The sentence does not support the structured claim as it does not mention any phenotype, feature, or relationship.",
679,19344685,How not to study spontaneous activity.,2009,NeuroImage,motor impulsivity functional connectivity,unknown,unknown,unknown,unknown,unknown,unclear,,unclear,,,no,evidence_strength not a number,yes,no,unclear,,,,,,,,,,llama-3.1-8b-instruct,0,drop,no,no,no,no,no,no,,,,The sentence does not support the structured claim as it does not provide any information about a phenotype-feature association.,
680,38246283,Impulsivity and neural correlates of response inhibition in bipolar disorder and their unaffected relatives: A MEG study.,2024,Journal of affective disorders,motor impulsivity functional connectivity,unknown,functional connectivity,motor impulsivity,bipolar disorder,related_to,higher,hypoactivity in rIFG and impaired dominant role of rIFG in the prefrontal control network,direct,0.85,"Furthermore, increased motor impulsiveness in BD was related to abnormal alterations in beta oscillatory activity of rIFG and functional connectivity between rIFG and pre-SMA.",yes,,yes,yes,yes,,,,,,,,,,llama-3.1-8b-instruct,2,keep,yes,yes,yes,yes,yes,no,motor impulsiveness,functional connectivity and beta oscillatory activity,higher,,
681,28193688,Compulsive Social Behavior Emerges after Selective Ablation of Striatal Cholinergic Interneurons.,2017,The Journal of neuroscience : the official journal of the Society for Neuroscience,motor impulsivity functional connectivity,unknown,functional connectivity,nonplanning impulsivity,unknown,associated_with,higher,,direct,0.85,"SCIN ablation also leads to an increase in other spontaneously emitted repetitive behaviors without alteration of motor coordination, balance, or locomotion.",yes,,yes,yes,yes,,,,,,,,,,llama-3.1-8b-instruct,0,drop,no,no,no,unclear,unclear,unclear,,,,"The sentence does not mention the phenotype 'nonplanning impulsivity' or the feature type 'functional connectivity', and does not establish a relationship between them.",
682,37113158,Brain motion networks predict head motion during rest- and task-fMRI.,2023,Frontiers in neuroscience,motor impulsivity functional connectivity,unknown,functional connectivity,unknown,unknown,unknown,unclear,,background,0.2,The cerebellum and default-mode network (DMN) regions that forecasted individual differences in d and Δd during six different tasks- and two rest-fMRI sessions were consistently prone to the deleterious effect of head motion.,yes,,yes,yes,yes,,,,,,,,,,llama-3.1-8b-instruct,2,keep,yes,yes,yes,yes,yes,no,unknown,functional connectivity,deleterious effect,The sentence clearly supports the claim by mentioning a specific brain region (cerebellum and default-mode network) and its relationship with head motion during fMRI sessions.,
683,29992242,Reorganization of cortical oscillatory dynamics underlying disinhibition in frontotemporal dementia.,2018,Brain : a journal of neurology,motor impulsivity functional connectivity,unknown,functional connectivity,motor impulsivity,behavioural variant frontotemporal dementia,associated_with,higher,"disruption of frequency-specific connectivity of the prefrontal cortex, hyper-synchronous reorganization of connectivity among preSMA and motor regions",direct,0.85,"beta power was associated with increased impulsivity, as measured by the Cambridge Behavioural Inventory, a carer-based questionnaire of changes in everyday behaviour.",yes,,yes,yes,no,,,,,,,,,,llama-3.1-8b-instruct,1,revise,yes,no,yes,yes,no,no,motor impulsivity,behavioural changes,higher,"The sentence mentions a phenotype (impulsivity) but not a feature type (functional connectivity). The relationship and direction are supported, but the directness is not because the sentence does not name both phenotype and feature.",
684,28826495,Anatomical and functional organization of the human substantia nigra and its connections.,2017,eLife,motor impulsivity functional connectivity,unknown,functional connectivity,motor impulsivity,unknown,associated_with,unclear,,direct,0.8,the salience-coding ventral SN network was associated with motor impulsivity,yes,,yes,yes,yes,,,,,,,,,,llama-3.1-8b-instruct,2,keep,yes,yes,yes,yes,yes,no,motor impulsivity,functional connectivity,associated with,"The sentence directly states that the salience-coding ventral SN network is associated with motor impulsivity, which matches the extracted claim.",
685,36185399,Geometric basis of action potential of skeletal muscle cells and neurons.,2022,Open life sciences,motor impulsivity functional connectivity,unknown,unknown,unknown,unknown,unknown,unclear,,background,,,no,evidence_strength not a number,yes,no,unclear,,,,,,,,,,llama-3.1-8b-instruct,0,drop,no,no,no,no,no,no,,,,"The sentence does not mention a phenotype or feature, making it unsupported for the extracted claim.",
686,38676689,[Associations of serum neuromarkers with clinical features of Parkinson's disease].,2024,Zhurnal nevrologii i psikhiatrii imeni S.S. Korsakova,motor impulsivity functional connectivity,unknown,unknown,nonplanning impulsivity,Parkinson's disease,correlates_with,unclear,,indirect,,"There were correlations between BDNF concentration and the severity of impulsive behavioral disorders (r=0.500, p<0.001).",no,evidence_strength not a number,yes,yes,no,,,,,,,,,,llama-3.1-8b-instruct,1,revise,yes,yes,yes,no,no,no,nonplanning impulsivity,behavioral disorder,positive,"The sentence supports the phenotype and relationship, but the direction is unclear and the feature type is not exactly 'impulsive behavioral disorders'. The directness is also indirect.",
687,19048104,Functional connectivity in tactile object discrimination: a principal component analysis of an event related fMRI-Study.,2008,PloS one,motor impulsivity functional connectivity,unknown,functional connectivity,motor impulsivity,unknown,associated_with,unclear,,indirect,0.2,"Tactile object discrimination is an essential human skill that relies on functional connectivity between the neural substrates of motor, somatosensory and supramodal areas.",yes,,yes,yes,yes,,,,,,,,,,llama-3.1-8b-instruct,0,drop,no,no,no,unclear,no,no,,,,"The sentence does not mention motor impulsivity, functional connectivity, or any relationship between them.",
688,33022684,Anatomy of Trigeminal Neuromodulation Targets: From Periphery to the Brain.,2020,Progress in neurological surgery,motor impulsivity functional connectivity,unknown,unknown,unknown,unknown,unknown,unclear,,background,,,no,evidence_strength not a number,yes,no,unclear,,,,,,,,,,llama-3.1-8b-instruct,0,drop,no,no,no,no,no,no,,,,"The sentence does not support the structured claim as it does not mention any phenotype, feature, relationship, or direction.",
689,40767014,Functional and Diffusion-Based Microstructural Correlates in Cortical and Subcortical Substrates of Motor Performance of a Complex Visuomotor Task in Middle-Aged Adults.,2025,Journal of integrative neuroscience,motor impulsivity functional connectivity,unknown,unknown,motor impulsivity,unknown,unknown,unclear,,background,,,no,evidence_strength not a number,yes,no,unclear,,,,,,,,,,llama-3.1-8b-instruct,1,revise,yes,no,no,no,no,no,motor performance,unknown,unknown,"The sentence mentions 'motor performance' which is related to the phenotype 'motor impulsivity', but it does not clearly state a feature or a relationship. The direction is also unclear.",
690,29773045,A Review on Functional Electrical Stimulation in Tetraplegic Patients to Restore Hand Function.,2017,Journal of long-term effects of medical implants,motor impulsivity functional connectivity,unknown,unknown,unknown,unknown,unknown,unclear,,background,,,no,evidence_strength not a number,yes,no,unclear,,,,,,,,,,llama-3.1-8b-instruct,0,drop,no,no,no,no,no,no,,,,The sentence does not support the structured claim because it is a title and does not contain any evidence.,
691,26190986,Mindful movement and skilled attention.,2015,Frontiers in human neuroscience,motor impulsivity functional connectivity,unknown,functional connectivity,motor impulsivity,unknown,associated_with,unclear,,indirect,0.3,"Bodily movement has long been employed as a foundation for cultivating mental skills such as attention, self-control or mindfulness, with recent studies documenting the positive impacts of mindful movement training, such as yoga and tai chi.",yes,,yes,yes,yes,,,,,,,,,,llama-3.1-8b-instruct,0,drop,no,no,no,unclear,unclear,unclear,,,,"The sentence does not mention motor impulsivity, functional connectivity, or any relationship between them.",
692,27343257,Atomoxetine restores the response inhibition network in Parkinson's disease.,2016,Brain : a journal of neurology,motor impulsivity functional connectivity,unknown,functional connectivity,nonplanning impulsivity,Parkinson's disease,restores,unclear,increases sensitivity of the inferior frontal gyrus to afferent inputs from the pre-supplementary motor cortex; enhances downstream modulation of frontal-subcortical connections for response inhibition,direct,0.8,"We found that the normal interaction between pre-supplementary motor cortex and the inferior frontal gyrus was absent in Parkinson's disease patients on placebo (despite dopaminergic therapy), but this connection was restored by atomoxetine.",yes,,yes,yes,yes,,,,,,,,,,llama-3.1-8b-instruct,2,keep,yes,yes,yes,yes,yes,no,nonplanning impulsivity,functional connectivity,unclear,"The sentence directly supports the relationship between atomoxetine and restoring the connection between pre-supplementary motor cortex and the inferior frontal gyrus, which is associated with nonplanning impulsivity in Parkinson's disease.",
693,19940844,"Probing compulsive and impulsive behaviors, from animal models to endophenotypes: a narrative review.",2010,Neuropsychopharmacology : official publication of the American College of Neuropsychopharmacology,motor impulsivity functional connectivity,unknown,functional connectivity,motor impulsivity,unknown,associated_with,unclear,,indirect,0.7,Failures in cortical control of fronto-striatal neural circuits may underpin impulsive and compulsive acts.,yes,,yes,yes,yes,,,,,,,,,,llama-3.1-8b-instruct,1,revise,yes,no,yes,no,no,no,motor impulsivity,functional connectivity,unclear,The sentence mentions a related brain system (fronto-striatal neural circuits) but does not directly relate to the extracted feature type (functional connectivity).,
694,37190759,Connectome-based prediction of craving in gambling disorder and cocaine use disorder.,2023,Dialogues in clinical neuroscience,motor impulsivity functional connectivity,unknown,functional connectivity,impulsivity (general),gambling disorder and cocaine use disorder,predicts,unclear,,indirect,0.6,Craving was predicted by neural connectivity across disorders.,yes,,yes,yes,yes,,,,,,,,,,llama-3.1-8b-instruct,1,revise,yes,yes,yes,no,no,no,impulsivity (general),functional connectivity,unclear,"The sentence partially supports the claim but needs revision or is indirect. The phenotype and feature are mentioned, but the direction is unclear and the directness is indirect.",
695,31907881,Human Brain Imaging Links Dopaminergic Systems to Impulsivity.,2020,Current topics in behavioral neurosciences,motor impulsivity functional connectivity,unknown,functional connectivity,motor impulsivity,unknown,correlates_with,lower,,direct,0.85,striatal D2-type receptor availability shows positive correlation with motor response inhibition and cognitive flexibility.,yes,,yes,yes,yes,,,,,,,,,,llama-3.1-8b-instruct,1,revise,yes,yes,yes,no,no,no,motor response inhibition and cognitive flexibility,functional connectivity,higher,"The sentence mentions a positive correlation, which is the opposite of the extracted direction. The sentence also mentions motor response inhibition and cognitive flexibility, which are the feature and phenotype in the extracted claim.",
696,18803315,Biology and pathology of nonmyelinating Schwann cells.,2008,Glia,motor impulsivity functional connectivity,unknown,unknown,unknown,unknown,unknown,unclear,,background,0.0,,yes,,yes,no,unclear,,,,,,,,,,llama-3.1-8b-instruct,0,drop,no,no,no,no,no,no,,,,"The sentence does not support the structured claim as it does not mention any phenotype, feature, relationship, or direction.",
697,23206930,Reward circuit connectivity relates to delay discounting in children with attention-deficit/hyperactivity disorder.,2013,European neuropsychopharmacology : the journal of the European College of Neuropsychopharmacology,ADHD impulsivity resting-state fMRI connectivity,unknown,functional connectivity,impulsivity (general),ADHD,associated_with,higher,"atypical signaling of the NAcc to the prefrontal cortex in ADHD may lead to excessive approach and failure in estimating future consequences; thus, leading to impulsive behavior",direct,0.85,the ADHD-related increased connectivity between NAcc and the prefrontal cortex was associated with greater impulsivity (steeper delayed-reward discounting),yes,,yes,yes,yes,,,,,,,,,,llama-3.1-8b-instruct,2,keep,yes,yes,yes,yes,yes,no,impulsivity (general),functional connectivity,higher,The sentence directly supports the claim by stating a clear association between increased connectivity between NAcc and the prefrontal cortex and greater impulsivity in children with ADHD.,
698,28938222,Inter-hemispherical asymmetry in default-mode functional connectivity and BAIAP2 gene are associated with anger expression in ADHD adults.,2017,Psychiatry research. Neuroimaging,ADHD impulsivity resting-state fMRI connectivity,default mode network,functional connectivity,unknown,ADHD,associated_with,higher,,direct,0.85,"Further, when combining FC asymmetry and the presence of the rs8079626 variant, we successfully predicted increased externalization of anger in ADHD.",yes,,yes,yes,yes,,,,,,,,,,llama-3.1-8b-instruct,1,revise,yes,yes,yes,no,no,no,anger expression,behavioral trait,higher,"The sentence partially supports the claim, but the phenotype and feature type need correction. The direction is not explicitly stated in the sentence, but the corrected direction is 'higher'.",
699,30374665,"Peer influence, Frontostriatal connectivity, and delay discounting in African American emerging adults.",2020,Brain imaging and behavior,ADHD impulsivity resting-state fMRI connectivity,frontostriatal,functional connectivity,impulsivity (general),ADHD,associated_with,lower,,direct,0.85,"Greater (i.e., more positive) frontostriatal rsFC was associated with decreased delay discounting (i.e., less impulsive decision making).",yes,,yes,yes,yes,,,,,,,,,,llama-3.1-8b-instruct,2,keep,yes,yes,yes,yes,yes,no,impulsivity (general),functional connectivity,lower,"The sentence clearly supports the extracted claim, mentioning a direct association between frontostriatal functional connectivity and impulsivity, with a lower direction.",
700,33304251,Neural Basis of Increased Cognitive Control of Impulsivity During the Mid-Luteal Phase Relative to the Late Follicular Phase of the Menstrual Cycle.,2020,Frontiers in human neuroscience,ADHD impulsivity resting-state fMRI connectivity,unknown,functional connectivity,nonplanning impulsivity,attention deficit hyperactivity disorder,correlates_with,lower,cyclical gonadal hormones affect cognitive control of impulsive behavior via DS-dlPFC circuitry,direct,0.8,"DS-dlPFC functional connectivity magnitude correlated negatively with psychometric impulsivity scores during the late FP, consistent with our behavioral data and further indicating that relative estradiol levels may play an important role in augmenting cognitive control.",yes,,yes,yes,yes,,,,,,,,,,llama-3.1-8b-instruct,2,keep,yes,yes,yes,yes,yes,no,nonplanning impulsivity,functional connectivity,lower,"The sentence clearly supports the extracted claim, mentioning nonplanning impulsivity, functional connectivity, and a negative correlation, which matches the 'correlates_with' relationship and 'lower' direction.",
