source,source_id,query,title,year,journal,brain_system,feature_type,phenotype,diagnostic_context,relationship,direction,mechanism,directness,evidence_strength,supporting_sentence,citation_id,extraction_model,extraction_confidence
pubmed,35619620,Barratt Impulsiveness Scale resting-state fMRI,How Impulsiveness Influences Obesity: The Mediating Effect of Resting-State Brain Activity in the dlPFC.,2022,Frontiers in psychiatry,unknown,functional connectivity,nonplanning impulsivity,unknown,predicts,higher,downregulating spontaneous activity,direct,0.8,We found that the right dlPFC completely mediated the relationship between non-planning impulsiveness and BMI.,35619620,vllm:mistral-7b-instruct-v0.3,high
pubmed,34427375,Barratt Impulsiveness Scale resting-state fMRI,Changes in ALFF and ReHo values in methamphetamine abstinent individuals based on the Harvard-Oxford atlas: A longitudinal resting-state fMRI study.,2022,Addiction biology,unknown,BOLD variability,impulsivity (general),unknown,associated_with,higher,,direct,0.8,"The changes in ALFF and ReHo in the right middle frontal gyrus were significantly associated with BIS total scores, BIS attention scores, and BIS nonplanning scores.",34427375,vllm:mistral-7b-instruct-v0.3,high
pubmed,39315326,Barratt Impulsiveness Scale resting-state fMRI,Resting-state brain networks alterations in adolescents with Internet Gaming Disorder associate with cognitive control impairments.,2024,Frontiers in psychiatry,unknown,functional connectivity,attentional impulsivity,Internet Gaming Disorder,associates with,unclear,unclear,unclear,0.7,"In comparison to the control group, impulsivity in adolescent IGD subjects showed a positive correlation with the severity of IGD (r=0.6350, p < 0.001), linked to impairments in the Executive Control Network (ECN) and a decrease in functional connectivity between the Salience Network (SN) and ECN.",39315326,vllm:mistral-7b-instruct-v0.3,high
pubmed,38991286,Barratt Impulsiveness Scale resting-state fMRI,Neural correlates of impulsivity in amphetamine use disorder.,2024,Psychiatry research. Neuroimaging,unknown,functional connectivity,impulsivity (general),amphetamine use disorder,associated_with,higher,unclear,direct,0.8,"Amphetamine users had higher subjective ratings of impulsivity as compared to healthy controls, and these scores correlated positively with a wide-spread prefrontal hyperconnectivity that was found among the amphetamine users.",38991286,vllm:mistral-7b-instruct-v0.3,high
pubmed,29454934,Barratt Impulsiveness Scale resting-state fMRI,Time scale properties of task and resting-state functional connectivity: Detrended partial cross-correlation analysis.,2018,NeuroImage,unknown,functional connectivity,BIS total,unknown,associated_with,lower,unclear,direct,0.8,"In regions of interest analysis, the within-network connectivity time scale of the pre-supplementary motor area - a medial prefrontal cortical structure of the task network and critical to proactive inhibitory control - correlated inversely with Barratt impulsivity and stop signal reaction time.",29454934,vllm:mistral-7b-instruct-v0.3,high
pubmed,38002468,Barratt Impulsiveness Scale resting-state fMRI,Insula Connectivity Abnormalities Predict Impulsivity in Chronic Heroin Use Disorder: A Cross-Sectional Resting-State fMRI Study.,2023,Brain sciences,unknown,functional connectivity,impulsivity (general),chronic heroin use disorder,predicts,higher,,direct,0.8,"The HUD group in this study exhibited higher total trait impulsivity scores, motor impulsivity, and nonplanning impulsivity than the control group.",38002468,vllm:mistral-7b-instruct-v0.3,high
pubmed,39469891,Barratt Impulsiveness Scale resting-state fMRI,Functional Brain Network of Trait Impulsivity: Whole-Brain Functional Connectivity Predicts Self-Reported Impulsivity.,2024,Human brain mapping,unknown,functional connectivity,impulsivity (general),unknown,predicts,unclear,,unclear,0.8,Our findings revealed a widespread neural network associated with trait impulsivity and a notable correlation between predicted and observed scores.,39469891,vllm:mistral-7b-instruct-v0.3,high
pubmed,37579016,Barratt Impulsiveness Scale resting-state fMRI,"Resting-State Functional Connectivity of the Dorsal and Ventral Striatum, Impulsivity, and Severity of Use in Recently Abstinent Cocaine-Dependent Individuals.",2023,The international journal of neuropsychopharmacology,unknown,functional connectivity,impulsivity (general),cocaine-dependent individuals,associated_with,higher,,direct,0.8,These findings associate VS rsFC with impulsivity and the severity of recent cocaine use.,37579016,vllm:mistral-7b-instruct-v0.3,high
pubmed,39313561,Barratt Impulsiveness Scale resting-state fMRI,Motor impulsivity and spicy food craving: A mediation analysis of insula-based resting state functional connectivity.,2024,Brain imaging and behavior,unknown,functional connectivity,motor impulsivity,unknown,associated_with,higher,mediation,direct,0.8,"Results revealed increased insula-occipital lobe resting-state functional connectivity in individuals with spicy food cravings, and the positive correlations between insula-middle occipital gyrus rsFC, impulsivity and spicy food craving.",39313561,vllm:mistral-7b-instruct-v0.3,high
pubmed,32670033,Barratt Impulsiveness Scale resting-state fMRI,Trait Impulsivity Associated With Altered Resting-State Functional Connectivity Within the Somatomotor Network.,2020,Frontiers in behavioral neuroscience,unknown,functional connectivity,impulsivity (general),unknown,associated_with,lower,unclear,direct,0.8,Greater self-reported impulsivity was associated with decreased connectivity of the right lateral occipital cortex with the somatomotor network.,32670033,vllm:mistral-7b-instruct-v0.3,high
pubmed,22645253,Barratt Impulsiveness Scale resting-state fMRI,Impulsivity and the modular organization of resting-state neural networks.,2013,"Cerebral cortex (New York, N.Y. : 1991)",unknown,functional connectivity,impulsivity (general),unknown,associated_with,unclear,,unclear,0.7,"Impulsivity is a complex trait associated with a range of maladaptive behaviors, including many forms of psychopathology.",22645253,vllm:mistral-7b-instruct-v0.3,high
pubmed,23555827,Barratt Impulsiveness Scale resting-state fMRI,Altered default network resting-state functional connectivity in adolescents with Internet gaming addiction.,2013,PloS one,unknown,functional connectivity,impulsivity (general),Internet gaming addiction,associated_with,unclear,,unclear,0.7,Subjects with IGA exhibited increased functional connectivity in the bilateral cerebellum posterior lobe and middle temporal gyrus. The bilateral inferior parietal lobule and right inferior temporal gyrus exhibited decreased connectivity.,23555827,vllm:mistral-7b-instruct-v0.3,high
pubmed,39577688,Barratt Impulsiveness Scale resting-state fMRI,Resting-state voxel-wise dynamic effective connectivity predicts risky decision-making in patients with bipolar disorder type I.,2025,Neuroscience,unknown,dynamic connectivity,impulsivity (general),bipolar disorder type I,predicts,unclear,,direct,0.8,This study aimed to predict risky behavior in patients with BD-I using resting-state functional magnetic resonance imaging (rs-fMRI).,39577688,vllm:mistral-7b-instruct-v0.3,high
pubmed,30178423,Barratt Impulsiveness Scale resting-state fMRI,Sex differences in resting-state cerebral activity alterations in internet gaming disorder.,2019,Brain imaging and behavior,unknown,functional connectivity,nonplanning impulsivity,Internet gaming disorder,associated_with,lower,unclear,direct,0.8,"IGDm also demonstrated lower connectivity between the orbital part of the left SFG and the posterior cingulate cortex (PCC), the right angular gyrus, and the right dorsolateral prefrontal cortex than HCm.",30178423,vllm:mistral-7b-instruct-v0.3,high
pubmed,26040546,Barratt Impulsiveness Scale resting-state fMRI,Model-free functional connectivity and impulsivity correlates of alcohol dependence: a resting-state study.,2017,Addiction biology,unknown,functional connectivity,impulsivity (general),alcohol dependence,correlates_with,unclear,,unclear,0.7,"Compared with HC, AD exhibited increased within-network FC in salience (SN), default mode (DMN), orbitofrontal cortex (OFCN), left executive control (LECN) and amygdala-striatum (ASN) networks.",26040546,vllm:mistral-7b-instruct-v0.3,high
pubmed,33519558,Barratt Impulsiveness Scale resting-state fMRI,Impulsivity and Response Inhibition Related Brain Networks in Adolescents With Internet Gaming Disorder: A Preliminary Study Utilizing Resting-State fMRI.,2020,Frontiers in psychiatry,unknown,functional connectivity,impulsivity (general),Internet Gaming Disorder,associated_with,higher,unclear,unclear,0.7,"We found significant differences in impulsivity between the IGD group and RGU group, with members of the IGD group exhibiting higher impulsivity.",33519558,vllm:mistral-7b-instruct-v0.3,high
pubmed,31264888,Barratt Impulsiveness Scale resting-state fMRI,Striatal functional connectivity in chronic ketamine users: a pilot study.,2020,The American journal of drug and alcohol abuse,unknown,functional connectivity,impulsivity (general),unknown,associated_with,higher,,direct,0.7,"Compared to controls, ketamine users showed higher connectivity between caudate and dorsal anterior cingulate cortex and between pallidum and bilateral cerebellum.",31264888,vllm:mistral-7b-instruct-v0.3,high
pubmed,33528803,Barratt Impulsiveness Scale resting-state fMRI,Impulsivity in heroin-dependent individuals: structural and functional abnormalities within frontostriatal circuits.,2021,Brain imaging and behavior,unknown,functional connectivity,motor impulsivity,heroin-dependent individuals,associated_with,higher,,direct,0.8,Higher motor impulsivity was observed in HDI.,33528803,vllm:mistral-7b-instruct-v0.3,high
pubmed,32651411,Barratt Impulsiveness Scale resting-state fMRI,Increased large-scale inter-network connectivity in relation to impulsivity in Parkinson's disease.,2020,Scientific reports,unknown,functional connectivity,impulsivity (general),Parkinson's disease,associated_with,higher,unclear,direct,0.8,FC between the right frontoparietal network (FPN) and medial visual network (MVN) was significantly higher in PD-HI patients than PD-LI patients (false discovery rate [FDR]-adjusted p = 0.0315).,32651411,vllm:mistral-7b-instruct-v0.3,high
pubmed,35385563,Barratt Impulsiveness Scale resting-state fMRI,A single-arm open-label pilot study of brief mindfulness meditation to control impulsivity in Parkinson's disease.,2022,PloS one,unknown,functional connectivity,impulsivity (general),Parkinson's disease,associated_with,unclear,unknown,direct,0.7,"After the intervention, the BIS-11 score was decreased from 59.5 [55.6, 63.3] to 55.2 [50.3, 60.1] (ΔBIS-11: -4.2, [-7.5, -0.9]).",35385563,vllm:mistral-7b-instruct-v0.3,high
pubmed,34012386,Barratt Impulsiveness Scale resting-state fMRI,Association of Disinhibited Eating and Trait of Impulsivity With Insula and Amygdala Responses to Palatable Liquid Consumption.,2021,Frontiers in systems neuroscience,unknown,functional connectivity,impulsivity (general),unknown,associated_with,higher,strengthened intrinsic functional connectivity,direct,0.8,Increased disinhibited eating was positively correlated with strengthened intrinsic functional connectivity between the insula and the amygdala.,34012386,vllm:mistral-7b-instruct-v0.3,high
pubmed,38914808,Barratt Impulsiveness Scale resting-state fMRI,Association between sleep problems and impulsivity mediated through regional homogeneity abnormalities in male methamphetamine abstainers.,2024,Brain imaging and behavior,unknown,BOLD variability,impulsivity (general),methamphetamine abstainers,associated_with,unclear,reduced ReHo values,direct,0.8,Results unveiled correlations between different dimensions of impulsivity and ReHo values in specific brain regions.,38914808,vllm:mistral-7b-instruct-v0.3,high
pubmed,37086305,Barratt Impulsiveness Scale resting-state fMRI,"Emotion dysregulation, impulsivity and anger rumination in borderline personality disorder: the role of amygdala and insula.",2024,European archives of psychiatry and clinical neuroscience,unknown,functional connectivity,impulsivity (general),Borderline Personality Disorder,associated_with,unclear,,indirect,0.7,"Reduced functional connectivity was found in BPD between amygdala and frontal pole, precuneus and temporal pole.",37086305,vllm:mistral-7b-instruct-v0.3,high
pubmed,29101492,Barratt Impulsiveness Scale resting-state fMRI,Intrinsic Network Connectivity Patterns Underlying Specific Dimensions of Impulsiveness in Healthy Young Adults.,2018,Brain topography,unknown,functional connectivity,nonplanning impulsivity,unknown,associated_with,unclear,,unclear,0.7,There were significant relationships between right frontoparietal network function and all three BIS domains.,29101492,vllm:mistral-7b-instruct-v0.3,high
pubmed,26364127,Barratt Impulsiveness Scale resting-state fMRI,Neurobiological underpinnings of sensation seeking trait in heroin abusers.,2015,European neuropsychopharmacology : the journal of the European College of Neuropsychopharmacology,unknown,functional connectivity,impulsivity (general),Heroin abusers,associated_with,unclear,unknown,direct,0.8,There was stronger coupling between the midbrain and ventromedial prefrontal cortex and weaker coupling between the midbrain and dorsolateral prefrontal cortex in heroin users.,26364127,vllm:mistral-7b-instruct-v0.3,high
pubmed,33158664,Barratt Impulsiveness Scale resting-state fMRI,Delta resting-state functional connectivity in the cognitive control network as a prognostic factor for maintaining abstinence: An eLORETA preliminary study.,2021,Drug and alcohol dependence,unknown,functional connectivity,impulsivity (general),alcohol-dependent,predicts,higher,unclear,direct,0.7,"Alcohol-dependent individuals, who maintained abstinence (N = 18), showed significantly increased lagged phase synchronization between the left dorsolateral prefrontal cortex (DLPFC) and the left posterior parietal cortex (IPL) as well as between the right anterior insula cortex/frontal operculum (IA/FO) and the right inferior frontal junction (IFJ) in the delta band compared to those who later relapsed (N = 16).",33158664,vllm:mistral-7b-instruct-v0.3,high
pubmed,28185093,Barratt Impulsiveness Scale resting-state fMRI,Altered spontaneous brain activity in adolescent boys with pure conduct disorder revealed by regional homogeneity analysis.,2017,European child & adolescent psychiatry,unknown,BOLD variability,impulsivity (general),conduct disorder,associated_with,unclear,,indirect,0.7,"Compared to HCs, the CD group showed increased ReHo bilaterally in the insula as well as decreased ReHo in the right inferior parietal lobule, right middle temporal gyrus and right fusiform gyrus, left anterior cerebellum anterior, and right posterior cerebellum.",28185093,vllm:mistral-7b-instruct-v0.3,high
pubmed,25944613,Barratt Impulsiveness Scale resting-state fMRI,Nature of functional links in valuation networks differentiates impulsive behaviors between abstinent heroin-dependent subjects and nondrug-using subjects.,2015,NeuroImage,unknown,functional connectivity,impulsivity (general),unknown,associated_with,unclear,influence,direct,0.8,"Through functional connectivity with the ventral medial prefrontal cortex, the δ-network (regions of the executive control system, such as the dorsolateral prefrontal cortex) and the β-network (regions of the reward system involved in the mesocorticolimbic pathway), jointly influence impulsivity measured by the Barratt impulsiveness scale scores.",25944613,vllm:mistral-7b-instruct-v0.3,high
pubmed,23937918,Barratt Impulsiveness Scale resting-state fMRI,Voxel-level comparison of arterial spin-labeled perfusion magnetic resonance imaging in adolescents with internet gaming addiction.,2013,Behavioral and brain functions : BBF,unknown,unknown,impulsivity (general),internet gaming addiction,associated_with,unclear,,unclear,0.6,"In this study, we used ASL perfusion fMRI and noninvasively quantified resting CBF to demonstrate that IGA alters the CBF distribution in the adolescent brain.",23937918,vllm:mistral-7b-instruct-v0.3,medium
pubmed,24971323,Barratt Impulsiveness Scale resting-state fMRI,A functional polymorphism of the MAOA gene modulates spontaneous brain activity in pons.,2014,BioMed research international,unknown,BOLD variability,impulsivity (general),unknown,associated_with,unclear,,direct,0.8,"Compared with the MAOA-H group, the MAOA-L group showed significantly lower ALFFs in the pons.",24971323,vllm:mistral-7b-instruct-v0.3,high
pubmed,26830141,Barratt Impulsiveness Scale resting-state fMRI,Midbrain functional connectivity and ventral striatal dopamine D2-type receptors: link to impulsivity in methamphetamine users.,2016,Molecular psychiatry,unknown,functional connectivity,impulsivity (general),methamphetamine-dependent,associated_with,unclear,unknown,unclear,0.8,"Impulsivity is correlated negatively with striatal D2-type receptor availability, and mesocorticolimbic RSFC is stronger than that in controls.",26830141,vllm:mistral-7b-instruct-v0.3,high
pubmed,24200212,Barratt Impulsiveness Scale resting-state fMRI,Striatal-insula circuits in cocaine addiction: implications for impulsivity and relapse risk.,2013,The American journal of drug and alcohol abuse,unknown,functional connectivity,impulsivity (general),cocaine addiction,associated_with,unclear,reduced connectivity,direct,0.8,Cocaine-addicted individuals exhibited reduced positive connectivity between the bilateral putamen and posterior insula and right postcentral gyrus.,24200212,vllm:mistral-7b-instruct-v0.3,high
pubmed,32093319,Barratt Impulsiveness Scale resting-state fMRI,"Random Forest Classification of Alcohol Use Disorder Using fMRI Functional Connectivity, Neuropsychological Functioning, and Impulsivity Measures.",2020,Brain sciences,unknown,functional connectivity,impulsivity (general),alcohol use disorder,associated_with,higher,,direct,1.0,"The RF model, with a classification accuracy of 76.67%, identified all impulsivity factors as significantly important for classifying participants into either the AUD or CTL group.",32093319,vllm:mistral-7b-instruct-v0.3,high
pubmed,27688124,Barratt Impulsiveness Scale resting-state fMRI,Association between abnormal default mode network activity and suicidality in depressed adolescents.,2016,BMC psychiatry,unknown,functional connectivity,impulsivity (general),depression,associated_with,unclear,,direct,0.8,Previous brain imaging studies have shown that depression and suicide may be associated with abnormal activity in default mode network (DMN) regions.,27688124,vllm:mistral-7b-instruct-v0.3,high
pubmed,28602816,Barratt Impulsiveness Scale resting-state fMRI,Neurobiological correlates of impulsivity in healthy adults: Lower prefrontal gray matter volume and spontaneous eye-blink rate but greater resting-state functional connectivity in basal ganglia-thalamo-cortical circuitry.,2017,NeuroImage,unknown,functional connectivity,impulsivity (general),unknown,associated_with,higher,,direct,0.8,"Greater correlated resting-state functional connectivity between the basal ganglia and thalamus, motor cortices, and prefrontal cortex was associated with worse no-go trial accuracy on the task and with higher BIS-11 motor impulsivity scores.",28602816,vllm:mistral-7b-instruct-v0.3,high
pubmed,20851718,Barratt Impulsiveness Scale resting-state fMRI,Identification of hyperactive intrinsic amygdala network connectivity associated with impulsivity in abstinent heroin addicts.,2011,Behavioural brain research,unknown,functional connectivity,impulsivity (general),abstinent heroin addicts,associated_with,higher,unclear,direct,0.8,"In the HD group, higher impulsivity scores and significantly enhanced iAFC network activity were found, especially in bilateral thalamus, right insula, and inferior frontal gyrus.",20851718,vllm:mistral-7b-instruct-v0.3,high
pubmed,39756804,Barratt Impulsiveness Scale resting-state fMRI,Altered Functional Connectivity of Prefrontal Cortex-Related Circuitry and Trait Impulsivity in Patients With Bipolar Disorder and History of Suicide Attempts.,2025,Acta psychiatrica Scandinavica,unknown,functional connectivity,impulsivity (general),Bipolar Disorder,associated_with,unclear,,unclear,0.8,BDSA had higher trait impulsivity than BDNS and the controls. BDSA exhibited reduced FC between the PFC and sensorimotor (postcentral and precentral gyri) and thalamic regions compared to BDNS.,39756804,vllm:mistral-7b-instruct-v0.3,high
pubmed,29988765,Barratt Impulsiveness Scale resting-state fMRI,Abnormal degree centrality in chronic users of codeine-containing cough syrups: A resting-state functional magnetic resonance imaging study.,2018,NeuroImage. Clinical,unknown,functional connectivity,attentional impulsivity,unknown,associated_with,unclear,,indirect,0.7,Significant correlations were established between average DC value in the left inferior parietal lobule and attentional impulsivity scores and the age at first CCS use.,29988765,vllm:mistral-7b-instruct-v0.3,high
pubmed,41207270,Barratt Impulsiveness Scale resting-state fMRI,Sex-specific alterations in brain network topology in methamphetamine use disorder: A graph theory-based fMRI study.,2025,Drug and alcohol dependence,unknown,functional connectivity,impulsivity (general),methamphetamine use disorder,associated_with,unclear,,unclear,0.7,"Patients with MUD exhibited disrupted nodal metrics across multiple brain regions, including bilateral anterior-inferior triangular regions, right gyrus rectus, left cuneus, bilateral supplementary motor areas, bilateral parietal regions, and occipital lobes.",41207270,vllm:mistral-7b-instruct-v0.3,medium
pubmed,24223847,Barratt Impulsiveness Scale resting-state fMRI,Reduced regional homogeneity in bilateral frontostriatal system relates to higher impulsivity behavior in codeine-containing cough syrups dependent individuals.,2013,PloS one,unknown,functional connectivity,attentional impulsivity,unknown,associated_with,lower,unclear,direct,0.8,ReHo was diminished in the bilateral medial orbitofrontal cortex (mOFC) and left dorsal striatum in CCS-dependent individuals.,24223847,vllm:mistral-7b-instruct-v0.3,high
pubmed,26908392,Barratt Impulsiveness Scale resting-state fMRI,Association of ventral striatum monoamine oxidase-A binding and functional connectivity in antisocial personality disorder with high impulsivity: A positron emission tomography and functional magnetic resonance imaging study.,2016,European neuropsychopharmacology : the journal of the European College of Neuropsychopharmacology,unknown,functional connectivity,impulsivity (general),antisocial personality disorder,associated_with,unclear,,direct,0.7,"Results revealed functional coupling of the VSs with bilateral dorsomedial prefrontal cortex (DMPFC) that was correlated with VS MAO-A VT, and functional coupling of the VSi with right hippocampus that was anti-correlated with VS MAO-A VT.",26908392,vllm:mistral-7b-instruct-v0.3,high
pubmed,25008351,Barratt Impulsiveness Scale resting-state fMRI,Altered intrinsic hippocmapus declarative memory network and its association with impulsivity in abstinent heroin dependent subjects.,2014,Behavioural brain research,unknown,functional connectivity,impulsivity (general),abstinent heroin dependent subjects,associated_with,unclear,altered intrinsic functional link,direct,0.8,"Our results demonstrated that HD group showed enhanced coherence between hippocampus which represents declarative memory system and non-declarative reward-guided learning memory system, and also showed attenuated intrinsic functional link between hippocampus and top-down control system, compared to the CN group.",25008351,vllm:mistral-7b-instruct-v0.3,high
pubmed,25496980,Barratt Impulsiveness Scale resting-state fMRI,Abnormal regional homogeneity in young adult suicide attempters with no diagnosable psychiatric disorder: a resting state functional magnetic imaging study.,2015,Psychiatry research,unknown,BOLD variability,impulsivity (general),unknown,associated_with,unclear,,unclear,0.7,The SA group also had significantly higher total Barratt Impulsiveness Scale scores compared with the HC group.,25496980,vllm:mistral-7b-instruct-v0.3,high
pubmed,41104323,Barratt Impulsiveness Scale resting-state fMRI,Effect of Precision-based HD-tDCS Over Conventional HD-tDCS in Young-onset Mania: Protocol for an Active Comparison fMRI and TMS Study.,2026,Indian journal of psychological medicine,unknown,unknown,impulsivity (general),young-onset mania,associated_with,unclear,,background,0.3,"By correlating perturbation-induced changes in cortical inhibition paradigms and functional connectivity of cerebral circuits, we aim to introduce a more objective measure of therapeutic efficacy and response, as opposed to relying solely on subjective clinical scales.",41104323,vllm:mistral-7b-instruct-v0.3,medium
pubmed,35040662,Barratt Impulsiveness Scale fMRI,Role of White Matter Microstructure in Impulsive Behavior.,2022,The Journal of neuropsychiatry and clinical neurosciences,unknown,structural connectivity,impulsivity (general),unknown,associated_with,lower,,direct,0.32,"Whole-brain total average FA was inversely correlated with motor impulsiveness (r=-0.32, p=0.007)",35040662,vllm:mistral-7b-instruct-v0.3,high
pubmed,37137256,Barratt Impulsiveness Scale fMRI,Transdiagnostic brain correlates of self-reported trait impulsivity: A dimensional structure-symptom investigation.,2023,NeuroImage. Clinical,unknown,structural connectivity,impulsivity (general),unknown,associated_with,unclear,,unclear,0.6,"Volume of the left opercular part of the inferior frontal gyrus (IFG) was negatively related to global impulsivity across the entire sample, and specifically to motor impulsivity in the subsample of HCs, OUD and BPD patients.",37137256,vllm:mistral-7b-instruct-v0.3,medium
pubmed,37004979,Barratt Impulsiveness Scale fMRI,Chronic cannabis use alters dACC-striatal glutamatergic balance.,2023,"Pharmacology, biochemistry, and behavior",unknown,functional connectivity,impulsivity (general),cannabis use disorder,associated_with,lower,imbalance in regional glutamate,direct,0.8,We found that the difference in glutamate concentrations between the dACC and striatum of the controls was significantly higher than that of cannabis users across the study timeline.,37004979,vllm:mistral-7b-instruct-v0.3,high
pubmed,37556131,Barratt Impulsiveness Scale fMRI,Alcohol Cue Processing in Co-Occurring Bipolar Disorder and Alcohol Use Disorder.,2023,JAMA psychiatry,unknown,functional connectivity,impulsivity (general),co-occurring bipolar disorder and alcohol use disorder,associated_with,unclear,blunted reward responsivity and deficient inhibitory control,unclear,0.7,The findings of this study suggest conceptualizing reward dysfunction in BD + AUD by the potential interaction between blunted reward responsivity and deficient inhibitory control may help guide treatment development strategies.,37556131,vllm:mistral-7b-instruct-v0.3,medium
pubmed,34175744,Barratt Impulsiveness Scale fMRI,Brain morphometry in adults with gambling disorder.,2021,Journal of psychiatric research,unknown,unknown,impulsivity (general),Gambling Disorder,associated_with,unclear,,unclear,0.6,"Patients displayed thinner prefrontal and parietal cortices, greater volume and thickness of the occipital and the entorhinal cortices, and greater volume of subcortical regions as compared to the norms of healthy individuals.",34175744,vllm:mistral-7b-instruct-v0.3,medium
pubmed,40630648,Barratt Impulsiveness Scale fMRI,Identifying a Biological Signature of Trauma-Related Neurodegeneration Following Repeated Traumatic Brain Injuries Compared with Healthy Controls.,2025,Neurotrauma reports,unknown,unknown,impulsivity (general),unknown,associated_with,unclear,,background,0.5,The Barratt Impulsivity Scale (BIS) was among the surveys included in the study.,40630648,vllm:mistral-7b-instruct-v0.3,medium
pubmed,37080490,Barratt Impulsiveness Scale fMRI,Brain structural abnormalities and trait impulsivity in suicidal and non-suicidal patients with bipolar disorder.,2023,Journal of affective disorders,unknown,structural connectivity,impulsivity (general),bipolar disorder,associated_with,unclear,,background,0.7,"BD patients with SA history scored higher in BIS total score and subscores in attention, motor, cognitive complexity and cognitive instability than those without SA history and controls (all p < 0.01).",37080490,vllm:mistral-7b-instruct-v0.3,high
pubmed,15309395,Barratt Impulsiveness Scale fMRI,Negative correlation between right prefrontal activity during response inhibition and impulsiveness: a fMRI study.,2004,European archives of psychiatry and clinical neuroscience,unknown,functional connectivity,motor impulsivity,unknown,associated_with,lower,unknown,direct,0.8,A negative correlation was observed between the motor impulsiveness of BIS-11 and No-Go-related activation in the right dorsolateral prefrontal cortex (RDLPFC).,15309395,vllm:mistral-7b-instruct-v0.3,high
pubmed,33360853,Barratt Impulsiveness Scale fMRI,Novel circuit biomarker of impulsivity and craving in male heroin-dependent individuals.,2021,Drug and alcohol dependence,unknown,structural connectivity,impulsivity (general),heroin-dependent individuals,associated_with,lower,,direct,0.8,HDIs showed significantly weaker tract strength of the left striatum-medial orbitofrontal cortex (mOFC) than controls.,33360853,vllm:mistral-7b-instruct-v0.3,high
pubmed,38627081,Barratt Impulsiveness Scale fMRI,Neural Correlates of Trait Impulsivity among Adult Healthy Individuals.,2024,Clinical psychopharmacology and neuroscience : the official scientific journal of the Korean College of Neuropsychopharmacology,unknown,functional connectivity,impulsivity (general),unknown,associated_with,unclear,,unclear,0.7,Our study showed that trait impulsivity might be associated with the lateral OC and IFG in healthy individuals.,38627081,vllm:mistral-7b-instruct-v0.3,high
pubmed,35181384,Barratt Impulsiveness Scale fMRI,"Rethinking ""aggression"" and impulsivity in bipolar disorder: Risk, clinical and brain circuitry features.",2022,Journal of affective disorders,unknown,unknown,impulsivity (general),Bipolar Disorder,associated_with,unclear,,unclear,0.7,"In BD, BGA and BIS total scores were both elevated and associated with childhood maltreatment (CM), particularly emotional CM, depression, substance use disorders (SUDs) and suicide attempts (SAs).",35181384,vllm:mistral-7b-instruct-v0.3,medium
pubmed,35247193,Barratt Impulsiveness Scale fMRI,Cerebellar Grey Matter Volumes in Reactive Aggression and Impulsivity in Healthy Volunteers.,2023,"Cerebellum (London, England)",unknown,structural connectivity,impulsivity (general),unknown,associated_with,higher,,unclear,0.7,Impulsivity was positively associated with grey matter volumes of the cerebellar vermis.,35247193,vllm:mistral-7b-instruct-v0.3,high
pubmed,26911382,Barratt Impulsiveness Scale fMRI,Impulsivity in abstinent alcohol and polydrug dependence: a multidimensional approach.,2016,Psychopharmacology,unknown,unknown,impulsivity (general),abstinent substance-dependent individuals,associated_with,unclear,,unclear,0.5,"Dependence on drugs and alcohol is associated with impaired impulse control, but deficits are rarely compared across individuals dependent on different substances using several measures within a single study.",26911382,vllm:mistral-7b-instruct-v0.3,medium
pubmed,21827861,Barratt Impulsiveness Scale fMRI,Cortical thickness correlates with impulsiveness in healthy adults.,2012,NeuroImage,unknown,structural connectivity,impulsivity (general),unknown,correlates_with,lower,,direct,1.0,"We observed a significant negative correlation between left middle frontal gyrus (MFG) CT and the attention BIS score (FDR p<.05), motor, nonplanning and total BIS score (each p<0.001 uncorrected).",21827861,vllm:mistral-7b-instruct-v0.3,high
pubmed,29751017,Barratt Impulsiveness Scale fMRI,Differential contributions of cortical thickness and surface area to trait impulsivity in healthy young adults.,2018,Behavioural brain research,unknown,unknown,impulsivity (general),unknown,associated_with,lower,,unclear,0.7,"Higher BIS-11 total scores were negatively associated with cortical thickness variations in the left lingual gyrus, left superior temporal gyrus, right cuneus, and right superior parietal gyrus.",29751017,vllm:mistral-7b-instruct-v0.3,high
pubmed,37952300,Barratt Impulsiveness Scale fMRI,Positive schizotypy and Motor Impulsivity correlate with response aberrations in ventral attention network during inhibitory control.,2023,Cortex; a journal devoted to the study of the nervous system and behavior,unknown,functional connectivity,motor impulsivity,unknown,correlates_with,unclear,,unclear,0.7,BIS-11 Motor Impulsivity predicted 15% of d prime (sensitivity index) for the fastest (400ms) GNG trials.,37952300,vllm:mistral-7b-instruct-v0.3,high
pubmed,31427669,Barratt Impulsiveness Scale fMRI,The Effect of Mindfulness Meditation on Impulsivity and its Neurobiological Correlates in Healthy Adults.,2019,Scientific reports,unknown,unknown,impulsivity (general),unknown,unknown,unclear,,unclear,0.3,"Here, an eight-week mindfulness intervention did not reduce impulsivity on the go/no-go task or Barratt Impulsiveness Scale (BIS-11)",31427669,vllm:mistral-7b-instruct-v0.3,medium
pubmed,34463411,Barratt Impulsiveness Scale fMRI,"Cocaine cue-induced mesocorticolimbic activation in cocaine users: Effects of personality traits, lifetime drug use, and acute stimulant ingestion.",2022,Addiction biology,unknown,unknown,nonplanning impulsivity,unknown,associates_with,higher,unclear,unclear,0.6,"Among the cocaine users, larger drug cue-induced responses during the placebo session were correlated with higher Barratt Impulsiveness Scale (BIS-11) nonplanning scores (associative striatum)",34463411,vllm:mistral-7b-instruct-v0.3,medium
pubmed,34792871,Barratt Impulsiveness Scale fMRI,How Interpersonal Psychotherapy Changes the Brain: A Study of fMRI in Borderline Personality Disorder.,2021,The Journal of clinical psychiatry,unknown,functional connectivity,impulsivity (general),Borderline Personality Disorder,associated_with,unclear,,indirect,0.7,The Barratt Impulsiveness Scale-version 11 (BIS-11) showed significant between-subject effect in favor of the IPT-BPD-R-treated group.,34792871,vllm:mistral-7b-instruct-v0.3,high
pubmed,21763642,Barratt Impulsiveness Scale fMRI,Neural substrates of time perception and impulsivity.,2011,Brain research,unknown,functional connectivity,impulsivity (general),unknown,associated_with,unclear,,direct,0.8,"Activation in the core control network, thus, may form a biological marker for cognitive time management and for impulsiveness.",21763642,vllm:mistral-7b-instruct-v0.3,high
pubmed,32464339,Barratt Impulsiveness Scale fMRI,Investigation of structure-function correlation among the young offspring of patients with bipolar disorder.,2020,Psychiatry research. Neuroimaging,unknown,structural connectivity,impulsivity (general),bipolar disorder,associated_with,unclear,,unclear,0.7,"FA values in the SLF were negatively correlated with Stroop interference, the Wisconsin Card Sorting Test, and the Trail Making Test (B-A) scores.",32464339,vllm:mistral-7b-instruct-v0.3,medium
pubmed,25241087,Barratt Impulsiveness Scale fMRI,Response inhibition and its relation to multidimensional impulsivity.,2014,NeuroImage,unknown,unknown,impulsivity (general),unknown,associated_with,unclear,,unclear,0.7,"Impulsivity is a multidimensional construct that has been suggested as a vulnerability factor for several psychiatric disorders, especially addiction disorders.",25241087,vllm:mistral-7b-instruct-v0.3,medium
pubmed,27095357,Barratt Impulsiveness Scale fMRI,Sex differences in impulsivity and brain morphometry in methamphetamine users.,2017,Brain structure & function,unknown,unknown,impulsivity (general),unknown,associated_with,higher,unclear,unclear,0.8,"METH users had higher impulsivity scores, on both the Cognitive and Behavioral Factors from the BIS (p < 0.0001-0.0001).",27095357,vllm:mistral-7b-instruct-v0.3,high
pubmed,37909379,Barratt Impulsiveness Scale fMRI,Changes in aspartate metabolism in the medial-prefrontal cortex of nicotine addicts based on J-edited magnetic resonance spectroscopy.,2023,Human brain mapping,unknown,unknown,impulsivity (general),nicotine addiction,associated_with,unclear,,unclear,0.6,"The elevated Asp level was observed in mPFC of NAs in contrast to nonsmokers, and the Asp level was positively correlated with the amount of daily smoking.",37909379,vllm:mistral-7b-instruct-v0.3,medium
pubmed,27743376,Barratt Impulsiveness Scale fMRI,Cortical folding patterns are associated with impulsivity in healthy young adults.,2017,Brain imaging and behavior,unknown,structural connectivity,impulsivity (general),unknown,associated_with,higher,,direct,0.8,"BIS subscores were positively correlated with cortical folding in several distinct areas: Total and attention scores were positively correlated with LGI in the left postcentral gyrus, cingulate gyrus, precentral gyrus, pars opercularis of the inferior frontal gyrus, right middle temporal gyrus, superior parietal gyrus, pericalcarine gyrus, and lateral occipital gyrus.",27743376,vllm:mistral-7b-instruct-v0.3,high
pubmed,33951944,Barratt Impulsiveness Scale fMRI,Distinct clinical manifestations of obsessive-compulsive disorder are associated with cortical thickness alteration.,2022,The Australian and New Zealand journal of psychiatry,unknown,structural connectivity,impulsivity (general),obsessive-compulsive disorder,associated_with,unclear,,unclear,0.7,"OCD patients with more obsessive beliefs and attentional impulsivity (OCD_OB_AT) had reduced cortical thickness at the inferior parietal gyrus, the superior and middle temporal gyrus and the insula compared with OCD patients with higher score on the non-planning impulsivity (OCD_NP)",33951944,vllm:mistral-7b-instruct-v0.3,high
pubmed,35852565,Barratt Impulsiveness Scale fMRI,Neural correlates of risky decision making in Parkinson's disease patients with impulse control disorders.,2022,Experimental brain research,unknown,functional connectivity,impulsivity (general),Parkinson's disease with impulse control disorders,associated_with,unclear,neural processing of risk-related information and outcomes,unclear,0.7,"Patients with ICDs showed greater urn choice-specific activation in the right middle frontal gyrus, overlapping the dorsal premotor cortex.",35852565,vllm:mistral-7b-instruct-v0.3,high
pubmed,32645662,Barratt Impulsiveness Scale fMRI,Differential brain responses for perception of pain during empathic response in binge drinkers compared to non-binge drinkers.,2020,NeuroImage. Clinical,unknown,functional connectivity,impulsivity (general),Alcohol Use Disorders (AUD),associated_with,unclear,,unclear,0.6,Individuals who engage in binge drinking behaviors may show evidence of impaired cognitive function and emotional dysregulation.,32645662,vllm:mistral-7b-instruct-v0.3,medium
pubmed,18479820,Barratt Impulsiveness Scale fMRI,An event-related fMRI study on risk taking by healthy individuals of high or low impulsiveness.,2008,Neuroscience letters,unknown,functional connectivity,impulsivity (general),unknown,associated_with,higher,,direct,0.8,We demonstrated that a stronger activation in the insula-orbitofrontal-parietal regions was found in the high impulsiveness group compared to the low impulsiveness group.,18479820,vllm:mistral-7b-instruct-v0.3,high
pubmed,21783257,Barratt Impulsiveness Scale fMRI,Is cerebellar volume related to bipolar disorder?,2011,Journal of affective disorders,unknown,unknown,impulsivity (general),bipolar disorder,associated_with,unclear,,background,0.5,The findings of cerebellar abnormalities in bipolar disorder (BD) are especially intriguing given the link between the cerebellum emotional and behavioral regulation.,21783257,vllm:mistral-7b-instruct-v0.3,medium
pubmed,39796107,Barratt Impulsiveness Scale fMRI,The Relationship Between Impulsivity Traits and In Vivo Cerebral Serotonin Transporter and Serotonin 2A Receptor Binding in Healthy Individuals: A Double-Tracer PET Study with C-11 DASB and C-11 MDL100907.,2024,International journal of molecular sciences,unknown,unknown,nonplanning impulsivity,unknown,associated_with,higher,serotonergic neurotransmission,direct,0.8,"The region of interest (ROI)-based partial correlation analysis with age, sex, and temperament traits as covariates revealed a significant positive correlation between non-planning impulsiveness and [11C]MDL100907 BPND in the caudate (CAU) at Bonferroni-corrected p < 0.0045.",39796107,vllm:mistral-7b-instruct-v0.3,high
pubmed,26189512,Barratt Impulsiveness Scale fMRI,Abnormalities of cortical structures in adolescent-onset conduct disorder.,2015,Psychological medicine,unknown,unknown,impulsivity (general),conduct disorder,associated_with,unclear,,unclear,0.7,"Cortical thickness of the paralimbic structures was found to be negatively correlated with impulsivity and antisocial behaviors measured by the BIS and APSD, respectively.",26189512,vllm:mistral-7b-instruct-v0.3,medium
pubmed,30105203,Barratt Impulsiveness Scale fMRI,Increased efficiency of brain connectivity networks in veterans with suicide attempts.,2018,NeuroImage. Clinical,unknown,structural connectivity,impulsivity (general),veterans with suicide attempts,associated_with,unclear,,unclear,0.7,Veterans with prior suicide attempt had altered connectivity networks characteristics in the white matter.,30105203,vllm:mistral-7b-instruct-v0.3,medium
pubmed,35434889,Barratt Impulsiveness Scale fMRI,Distinct neural signatures of schizotypy and psychopathy during visual word-nonword recognition.,2022,Human brain mapping,unknown,functional connectivity,impulsivity (general),unknown,associated_with,lower,unclear,unclear,0.7,"Higher Motor Impulsivity was associated with lower activity in the fusiform (bilaterally), inferior frontal (right-sided), and temporal gyri (bilaterally) across all stimuli-types over resting baseline.",35434889,vllm:mistral-7b-instruct-v0.3,high
pubmed,26079873,Barratt Impulsiveness Scale fMRI,Barratt Impulsivity and Neural Regulation of Physiological Arousal.,2015,PloS one,unknown,functional connectivity,BIS total,unknown,associated_with,unclear,Granger causality,direct,0.8,Activity of the ventromedial prefrontal cortex (vmPFC) negatively correlated to and Granger caused skin conductance time course.,26079873,vllm:mistral-7b-instruct-v0.3,high
pubmed,35131529,Barratt Impulsiveness Scale fMRI,Examination of gamma-aminobutyric acid and glutamate-glutamine levels in association with impulsive behavior in adolescent marijuana users.,2022,Drug and alcohol dependence,unknown,unknown,impulsivity (general),adolescent marijuana users,associated_with,unclear,unknown,unclear,0.3,"Impulsivity, identified as a risk factor and consequence of MJ use, has been associated with GABA and Glx levels in healthy and clinical populations.",35131529,vllm:mistral-7b-instruct-v0.3,medium
pubmed,25269835,Barratt Impulsiveness Scale fMRI,Caudate asymmetry is related to attentional impulsivity and an objective measure of ADHD-like attentional problems in healthy adults.,2016,Brain structure & function,unknown,structural connectivity,attentional impulsivity,unknown,associated_with,higher,unclear,unclear,0.7,Larger right relative to left caudate volumes correlated with both higher attentional impulsiveness and worse ADHD scores on the TOVA.,25269835,vllm:mistral-7b-instruct-v0.3,high
pubmed,19560123,Barratt Impulsiveness Scale fMRI,Ventral striatal activation during reward anticipation correlates with impulsivity in alcoholics.,2009,Biological psychiatry,unknown,functional connectivity,impulsivity (general),alcoholics,correlates_with,unclear,,unclear,0.7,Detoxified alcoholics showed reduced activation of the ventral striatum during anticipation of monetary gain relative to healthy control subjects.,19560123,vllm:mistral-7b-instruct-v0.3,medium
pubmed,14572528,Barratt Impulsiveness Scale fMRI,Response inhibition and impulsivity: an fMRI study.,2003,Neuropsychologia,unknown,functional connectivity,impulsivity (general),unknown,associated_with,unclear,,unclear,0.7,"Aggressive, suicidal and violent behaviour have been associated with impulsive personality and difficulty in inhibiting responses.",14572528,vllm:mistral-7b-instruct-v0.3,medium
pubmed,33872964,Barratt Impulsiveness Scale fMRI,Diffusion tensor imaging of corpus callosum in adolescent females with borderline personality disorder.,2021,Journal of psychiatric research,unknown,structural connectivity,impulsivity (general),Borderline Personality Disorder,associated_with,unclear,,unclear,0.7,BPD patients had significantly lower fractional anisotropy (FA) values in the genu and lower mean diffusivity (MD) values in the body of CC. There was a negative correlation between FA values in the genu and body of CC and impulsivity.,33872964,vllm:mistral-7b-instruct-v0.3,high
pubmed,31688973,Barratt Impulsiveness Scale fMRI,Volumetric Prefrontal Cortex Alterations in Patients With Alcohol Dependence and the Involvement of Self-Control.,2019,"Alcoholism, clinical and experimental research",unknown,structural connectivity,impulsivity (general),alcohol dependence,associated_with,unclear,,unclear,0.7,"Compared to HC, ALC had significantly less GM volume in bilateral middle frontal gyrus (MFG) and right medial prefrontal cortex as well as in the right anterior cingulate.",31688973,vllm:mistral-7b-instruct-v0.3,medium
pubmed,30549328,Barratt Impulsiveness Scale fMRI,Impulsivity trait and proactive cognitive control: An fMRI study.,2019,The European journal of neuroscience,unknown,functional connectivity,motor impulsivity,unknown,associated_with,unclear,disinhibition of the motor system,direct,0.8,We found a positive significant correlation between motor impulsivity scores and the activation of left sensorimotor cortices.,30549328,vllm:mistral-7b-instruct-v0.3,high
pubmed,23274773,Barratt Impulsiveness Scale fMRI,Morphometric correlation of impulsivity in medial prefrontal cortex.,2013,Brain topography,unknown,structural connectivity,impulsivity (general),unknown,correlates_with,unclear,,unclear,0.7,The VBM analysis showed that impulsivity appears to be reliant on a network of cortical (medial prefrontal cortex and dorsolateral prefrontal cortex) and subcortical (ventral striatum) structures.,23274773,vllm:mistral-7b-instruct-v0.3,high
pubmed,34461353,Barratt Impulsiveness Scale fMRI,Impulsivity is related to overhasty risk learning in attention-deficit/hyperactivity disorder: A computational psychiatric approach.,2021,Journal of psychiatric research,unknown,functional connectivity,impulsivity (general),attention-deficit/hyperactivity disorder,associated_with,unclear,overhasty updating of beliefs during risk learning,direct,0.8,The degree of overhasty learning in ADHD patients was significantly correlated with the BIS score.,34461353,vllm:mistral-7b-instruct-v0.3,high
pubmed,26460483,Barratt Impulsiveness Scale fMRI,Lateral prefrontal model-based signatures are reduced in healthy individuals with high trait impulsivity.,2015,Translational psychiatry,unknown,functional connectivity,impulsivity (general),unknown,associated_with,lower,shifted toward habitual end,direct,0.8,Right lateral prefrontal model-based signatures were reduced in high-impulsive individuals.,26460483,vllm:mistral-7b-instruct-v0.3,high
pubmed,26393430,Barratt Impulsiveness Scale fMRI,Subtypes of trait impulsivity differentially correlate with neural responses to food choices.,2016,Behavioural brain research,unknown,functional connectivity,impulsivity (general),unknown,correlates_with,unclear,modulates,unclear,0.7,"Impulsivity subtypes were measured by the monetary delay discounting task and the Barratt Impulsiveness Scale (total BIS-11 and subscales). Only temporal subtypes of impulsivity, namely delay discounting and the BIS-11 non-planning subscale, modulated responses to food choice; both measures correlated positively with striatum activation during high versus low energy choices.",26393430,vllm:mistral-7b-instruct-v0.3,high
pubmed,27766203,Barratt Impulsiveness Scale fMRI,A negative relationship between ventral striatal loss anticipation response and impulsivity in borderline personality disorder.,2016,NeuroImage. Clinical,unknown,functional connectivity,impulsivity (general),borderline personality disorder,associated_with,lower,impaired prediction of aversive outcomes,direct,0.8,BPD patients exhibited a significantly negative correlation between ventral striatal loss anticipation responses and BIS-11 scores,27766203,vllm:mistral-7b-instruct-v0.3,high
pubmed,24909828,Barratt Impulsiveness Scale fMRI,Attentional impulsivity in binge eating disorder modulates response inhibition performance and frontal brain networks.,2015,International journal of obesity (2005),unknown,functional connectivity,attentional impulsivity,binge eating disorder,modulates,unclear,attenuation,unclear,0.7,"Increased attentional impulsiveness (a subscale of the BIS-11) in BED was related to decreased response inhibition performance and hypoactivity in the prefrontal control network, which was activated when response inhibition was required.",24909828,vllm:mistral-7b-instruct-v0.3,high
pubmed,30991086,Barratt Impulsiveness Scale fMRI,A search for cortical correlates of trait impulsivity in Parkinson´s disease.,2019,Behavioural brain research,unknown,structural connectivity,impulsivity (general),Parkinson's disease,associated_with,unclear,,unclear,0.7,"PD patients showed widespread cortical thickness loss in frontal, cingulate, temporo-parietal and occipital regions.",30991086,vllm:mistral-7b-instruct-v0.3,high
pubmed,38078981,Barratt Impulsiveness Scale fMRI,Cortical thickness of the inferior parietal lobule as a potential predictor of relapse in men with alcohol dependence.,2024,Brain imaging and behavior,unknown,structural connectivity,nonplanning impulsivity,alcohol dependence,predicts,lower,unclear,direct,0.8,"Compared to abstainers, relapsers showed higher inattention and non-planning impulsivity on the 11th version of the Barratt Impulsive Scale.",38078981,vllm:mistral-7b-instruct-v0.3,high
pubmed,36945425,Barratt Impulsiveness Scale fMRI,Cortical thickness of the inferior parietal lobule as a potential predictor of relapse in men with alcohol dependence.,2023,Research square,unknown,structural connectivity,nonplanning impulsivity,alcohol dependence,predicts,lower,unclear,direct,0.8,The cortical thicknesses of the inferior-parietal lobule were significantly greater in abstainers compared with those in relapsers.,36945425,vllm:mistral-7b-instruct-v0.3,high
pubmed,27862593,Barratt Impulsiveness Scale fMRI,Serotonergic modulation of orbitofrontal activity and its relevance for decision making and impulsivity.,2017,Human brain mapping,unknown,EEG connectivity,impulsivity (general),unknown,associated_with,higher,unknown,unclear,0.7,Orbitofrontal activity was also related to the Barratt Impulsivity Scale.,27862593,vllm:mistral-7b-instruct-v0.3,high
pubmed,32571005,Barratt Impulsiveness Scale fMRI,"Cortical Volumetric Correlates of Childhood Trauma, Anxiety, and Impulsivity in Bipolar Disorder.",2020,Psychiatry investigation,unknown,structural connectivity,impulsivity (general),bipolar disorder,correlates_with,unclear,,background,0.6,BD patients revealed significant inverse correlations between the GMV in the right precentral gyrus and BIS scores; between the GMV in the left middle frontal gyrus and CTQ scores.,32571005,vllm:mistral-7b-instruct-v0.3,medium
pubmed,26245713,Barratt Impulsiveness Scale fMRI,"Association of COMT and SLC6A3 polymorphisms with impulsivity, response inhibition and brain function.",2015,Cortex; a journal devoted to the study of the nervous system and behavior,unknown,unknown,impulsivity (general),unknown,associated_with,unclear,involvement of striatal dopamine,background,0.6,"Our study thus supports the involvement of striatal dopamine in the neural mechanisms of cognitive control, in particular response inhibition.",26245713,vllm:mistral-7b-instruct-v0.3,medium
pubmed,16890410,Barratt Impulsiveness Scale fMRI,Impulsivity and BOLD fMRI activation in MDMA users and healthy control subjects.,2006,Psychiatry research,unknown,unknown,impulsivity (general),unknown,associated_with,unclear,,unclear,0.7,The correlation between scores on the Barratt Impulsiveness Scale (BIS) and activation measured by functional magnetic resonance imaging in a dorsolateral prefrontal cortical (DLPFC) activating task was examined.,16890410,vllm:mistral-7b-instruct-v0.3,high
pubmed,31071323,Barratt Impulsiveness Scale fMRI,Brain structure and trait impulsivity: A comparative VBM study contrasting neural correlates of traditional and alternative concepts in healthy subjects.,2019,Neuropsychologia,unknown,unknown,impulsivity (general),unknown,associated_with,unclear,,unclear,0.6,"Impulsivity as a trait modulates a range of cognitive functions, e.g. planning, decision-making, or response inhibition.",31071323,vllm:mistral-7b-instruct-v0.3,medium
pubmed,29876253,Barratt Impulsiveness Scale fMRI,Pedophilic sex offenders are characterised by reduced GABA concentration in dorsal anterior cingulate cortex.,2018,NeuroImage. Clinical,unknown,functional connectivity,impulsivity (general),pedophilic disorder,associated_with,lower,reduced GABA concentration,direct,0.8,Reduced GABA/Cr in patients was correlated with lower self-control measured with the Barratt Impulsiveness Scale.,29876253,vllm:mistral-7b-instruct-v0.3,high
pubmed,17994474,Barratt Impulsiveness Scale fMRI,Diffusion tensor imaging in MDMA users and controls: association with decision making.,2007,The American journal of drug and alcohol abuse,unknown,structural connectivity,nonplanning impulsivity,unknown,associated_with,unclear,,unclear,0.6,MDMA users also had a significantly higher BIS nonplanning score and greater preference for disadvantageous choices on the IGT.,17994474,vllm:mistral-7b-instruct-v0.3,medium
pubmed,29322397,Barratt Impulsiveness Scale fMRI,Overlapping and distinct neural metabolic patterns related to impulsivity and hypomania in Parkinson's disease.,2019,Brain imaging and behavior,unknown,functional connectivity,impulsivity (general),Parkinson's disease,associated_with,unclear,,unclear,0.7,We observed a positive association between BIS-11 and SRMI scores and neural metabolism only in the prefrontal areas.,29322397,vllm:mistral-7b-instruct-v0.3,high
pubmed,39875081,Barratt Impulsiveness Scale fMRI,Exploratory structural neuroimaging examination of impulsivity in severe alcohol use disorder: Persistent implication of the ventral striatum.,2025,Behavioural brain research,unknown,structural connectivity,impulsivity (general),severe alcohol use disorder,associated_with,higher,smaller volume,direct,0.8,In the sAUD group there were significant positive correlations between certain impulsivity measures and gray matter volume of the nucleus accumbens.,39875081,vllm:mistral-7b-instruct-v0.3,high
pubmed,30739462,Barratt Impulsiveness Scale fMRI,"Differentiation between young adult Internet addicts, smokers, and healthy controls by the interaction between impulsivity and temporal lobe thickness.",2019,Journal of behavioral addictions,unknown,functional connectivity,impulsivity (general),Internet addiction,associated_with,unclear,unclear,unclear,0.7,"Internet addiction, like substance-related addictions, has been linked with high impulsivity, low inhibitory control, and poor decision-making abilities.",30739462,vllm:mistral-7b-instruct-v0.3,medium
pubmed,24655656,Barratt Impulsiveness Scale fMRI,Increased structural connectivity in corpus callosum in adolescent males with conduct disorder.,2014,Journal of the American Academy of Child and Adolescent Psychiatry,unknown,structural connectivity,impulsivity (general),conduct disorder,associated_with,higher,unclear,direct,0.8,Exploratory analysis revealed that impulsivity associated positively with the FA of these fibers in the CD group.,24655656,vllm:mistral-7b-instruct-v0.3,high
pubmed,28423021,Barratt Impulsiveness Scale fMRI,Trait impulsivity components correlate differently with proactive and reactive control.,2017,PloS one,unknown,functional connectivity,impulsivity (general),unknown,correlates_with,unclear,,direct,0.8,Brain activity was associated with impulsivity scores.,28423021,vllm:mistral-7b-instruct-v0.3,high
pubmed,24582821,Barratt Impulsiveness Scale fMRI,Differential associations between impulsivity and risk-taking and brain activations underlying working memory in adolescents.,2014,Addictive behaviors,unknown,functional connectivity,impulsivity (general),unknown,associated_with,higher,,unclear,0.7,"The BIS-11A evidenced that motor impulsivity was associated with activity in regions recruited during all stages of working memory,",24582821,vllm:mistral-7b-instruct-v0.3,high
pubmed,40037660,Barratt Impulsiveness Scale fMRI,Impulse control deficits among patients with nonsuicidal self-injury: a mediation analysis based on structural imaging.,2025,Journal of psychiatry & neuroscience : JPN,unknown,structural connectivity,motor impulsivity,nonsuicidal self-injury,associated_with,higher,decreased grey matter volume and increased white matter volume,direct,0.8,"Patients with NSSI exhibited decreased grey matter volume and increased white matter volume, with no significant difference in cortical thickness.",40037660,vllm:mistral-7b-instruct-v0.3,high
pubmed,27199831,Barratt Impulsiveness Scale fMRI,Altered Gray Matter Volume and White Matter Integrity in College Students with Mobile Phone Dependence.,2016,Frontiers in psychology,unknown,structural connectivity,impulsivity (general),Mobile Phone Dependence,associated_with,lower,decreased gray matter volume and white matter integrity,direct,0.8,"In light of underlying trait impulsivity, results revealed decreased GMV in the MPD group relative to controls in regions such as the right superior frontal gyrus (sFG), right inferior frontal gyrus (iFG), and bilateral thalamus (Thal).",27199831,vllm:mistral-7b-instruct-v0.3,high
pubmed,33316716,Barratt Impulsiveness Scale fMRI,Cingulate white matter volume and associated cognitive and behavioral impulsivity in Veterans with a history of suicide behavior.,2021,Journal of affective disorders,unknown,structural connectivity,nonplanning impulsivity,Veterans with a history of suicide behavior,associated_with,unclear,,unclear,0.7,Reduction in rACC WMV in Veterans with SA was negatively correlated with nonplanning measures.,33316716,vllm:mistral-7b-instruct-v0.3,medium
pubmed,26483645,Barratt Impulsiveness Scale fMRI,"fMRI investigation of response inhibition, emotion, impulsivity, and clinical high-risk behavior in adolescents.",2015,Frontiers in systems neuroscience,unknown,unknown,impulsivity (general),unknown,associated_with,unclear,,unclear,0.7,ARBS risk scores correlated highly (0.78) with impulsivity scores from the Barratt Impulsivity scale (BIS).,26483645,vllm:mistral-7b-instruct-v0.3,medium
pubmed,29034964,Barratt Impulsiveness Scale fMRI,Hemispheric asymmetry of the frontolimbic cortex in young adults with borderline personality disorder.,2017,Acta psychiatrica Scandinavica,unknown,structural connectivity,attentional impulsivity,borderline personality disorder,associated_with,unclear,,unclear,0.7,Patients with BPD had reduced cortical thickness in left ACC and less surface area and gray matter volume in left AI.,29034964,vllm:mistral-7b-instruct-v0.3,high
pubmed,18465751,Barratt Impulsiveness Scale fMRI,A voxel-based morphometry study of frontal gray matter correlates of impulsivity.,2009,Human brain mapping,unknown,structural connectivity,impulsivity (general),unknown,associated_with,lower,,direct,0.8,GM volumes of the left and right OFC were inversely correlated with the BIS total score.,18465751,vllm:mistral-7b-instruct-v0.3,high
pubmed,26711526,Barratt Impulsiveness Scale fMRI,"Impulsivity across the psychosis spectrum: Correlates of cortical volume, suicidal history, and social and global function.",2016,Schizophrenia research,unknown,unknown,impulsivity (general),psychotic disorders,correlates_with,unclear,unclear,unclear,0.7,Patients with psychotic disorders appear to exhibit greater impulsivity-related behaviors relative to healthy controls.,26711526,vllm:mistral-7b-instruct-v0.3,medium
pubmed,25142098,Barratt Impulsiveness Scale fMRI,Dopamine D(2/3) receptor availability and human cognitive impulsivity: a high-resolution positron emission tomography imaging study with [¹¹C]raclopride.,2014,Acta neuropsychiatrica,unknown,functional connectivity,nonplanning impulsivity,unknown,associated_with,higher,unknown,direct,0.8,The analysis revealed that the non-planning impulsiveness subscale scores on the BIS-11 had significant positive correlations with D(2/3) receptor availability in the pre-commissural dorsal caudate.,25142098,vllm:mistral-7b-instruct-v0.3,high
pubmed,28695069,Barratt Impulsiveness Scale fMRI,Morphological connectivity correlates with trait impulsivity in healthy adults.,2017,PeerJ,unknown,structural connectivity,impulsivity (general),unknown,correlates_with,unclear,,unclear,0.7,The BIS total score was found to correlate with the MCs between the ACC and two other brain regions in the right hemisphere.,28695069,vllm:mistral-7b-instruct-v0.3,high
pubmed,26187551,Barratt Impulsiveness Scale fMRI,Self-reported impulsivity is negatively correlated with amygdalar volumes in cocaine dependence.,2015,Psychiatry research,unknown,structural connectivity,impulsivity (general),cocaine dependence,correlates_with,unclear,,unclear,0.7,Cocaine-dependent individuals showed significant negative correlations between amygdalar volumes and scores on the BIS-11 Attentional subscale,26187551,vllm:mistral-7b-instruct-v0.3,medium
pubmed,32428790,Barratt Impulsiveness Scale fMRI,Higher impulsivity and lower grey matter volume in the bilateral prefrontal cortex in long-term abstinent individuals with severe methamphetamine use disorder.,2020,Drug and alcohol dependence,unknown,structural connectivity,impulsivity (general),severe methamphetamine use disorder,associated_with,lower,unclear,direct,0.8,We observed significantly higher BIS-11 impulsivity scores and lower GMV in the bilateral superior frontal cortex of SMUD-A individuals than in those of control subjects.,32428790,vllm:mistral-7b-instruct-v0.3,high
pubmed,36036413,Barratt Impulsiveness Scale fMRI,[Low doses of quetiapine (Seroquel) as an impulsivity corrector in patients with bipolar affective disorder in remission].,2022,Zhurnal nevrologii i psikhiatrii imeni S.S. Korsakova,unknown,functional connectivity,impulsivity (general),bipolar affective disorder,associated_with,lower,unknown,direct,0.7,"The data of fMRI showed an increase in the connectivity of the cortex of the central and parietal tegmentum of the left hemisphere with other areas of the brain, which correlated with the changes in psychometric and test parameters.",36036413,vllm:mistral-7b-instruct-v0.3,high
pubmed,30658245,Barratt Impulsiveness Scale fMRI,"A preliminary investigation of impulsivity, aggression and white matter in patients with bipolar disorder and a suicide attempt history.",2019,Journal of affective disorders,unknown,structural connectivity,impulsivity (general),bipolar disorder,associated_with,unclear,unclear,background,0.5,White matter in the anterior limb of the internal capsule and anterior corona radiata may play a role in this phenomenology.,30658245,vllm:mistral-7b-instruct-v0.3,medium
pubmed,40845440,Barratt Impulsiveness Scale fMRI,"A multimethod examination of impulsivity and its association with gamma-aminobutyric acid (GABA), glutamate, and other neurometabolite levels in youth who do and do not use alcohol.",2025,Addictive behaviors,unknown,unknown,impulsivity (general),unknown,associated_with,higher,,unclear,0.6,"Compared to controls, youth who use alcohol had higher impulsivity on the BIS-11 attentional, non-planning, and motor subscales.",40845440,vllm:mistral-7b-instruct-v0.3,medium
pubmed,12079725,Barratt Impulsiveness Scale fMRI,"Frontal white matter microstructure, aggression, and impulsivity in men with schizophrenia: a preliminary study.",2002,Biological psychiatry,unknown,structural connectivity,motor impulsivity,schizophrenia,associated_with,unclear,,unclear,0.7,Lower fractional anisotropy in right inferior frontal white matter was associated with higher motor impulsiveness.,12079725,vllm:mistral-7b-instruct-v0.3,medium
pubmed,20406530,Barratt Impulsiveness Scale fMRI,Impulsivity and neural correlates of response inhibition in schizophrenia.,2011,Psychological medicine,unknown,unknown,impulsivity (general),schizophrenia,associated_with,higher,unclear,direct,0.8,"Patients with schizophrenia were more impulsive than healthy subjects, as indicated by higher BIS-11 scores. Patients, but not healthy subjects, were found to display a positive correlation between these scores and cerebral activation associated with response inhibition.",20406530,vllm:mistral-7b-instruct-v0.3,high
pubmed,21480730,Barratt Impulsiveness Scale fMRI,Why so impulsive? White matter alterations are associated with impulsivity in chronic marijuana smokers.,2011,Experimental and clinical psychopharmacology,unknown,structural connectivity,impulsivity (general),unknown,associated_with,unclear,,unclear,0.7,"MJ smokers also had significantly higher BIS total and motor subscale scores relative to NS, which were positively correlated with left frontal FA values.",21480730,vllm:mistral-7b-instruct-v0.3,high
pubmed,19019636,Barratt Impulsiveness Scale fMRI,Structural brain abnormalities in borderline personality disorder: a voxel-based morphometry study.,2008,Psychiatry research,unknown,unknown,impulsivity (general),borderline personality disorder,associated_with,unclear,,background,0.7,"Covarying for impulsivity, as determined by the Barratt Impulsiveness Scale, rendered all previously noted voxel-level group differences non-significant.",19019636,vllm:mistral-7b-instruct-v0.3,high
pubmed,25104290,Barratt Impulsiveness Scale fMRI,Abnormal white matter integrity in chronic users of codeine-containing cough syrups: a tract-based spatial statistics study.,2015,AJNR. American journal of neuroradiology,unknown,structural connectivity,impulsivity (general),unknown,associated_with,unclear,,unclear,0.7,"Chronic codeine-containing syrup users had significantly lower fractional anisotropy in the inferior fronto-occipital fasciculus of the bilateral temporo-occipital regions, right frontal region, and the right corona radiata WM than controls.",25104290,vllm:mistral-7b-instruct-v0.3,high
pubmed,22336565,Barratt Impulsiveness Scale fMRI,Diminished frontostriatal activity during processing of monetary rewards and losses in pathological gambling.,2012,Biological psychiatry,unknown,functional connectivity,impulsivity (general),pathological gambling,associated_with,lower,inverse relationship,direct,0.8,"The PG group exhibited significantly reduced activity in the ventromedial prefrontal cortex, insula, and ventral striatum during several phases, including the prospect and anticipation phases of both gains and losses.",22336565,vllm:mistral-7b-instruct-v0.3,high
pubmed,24177988,Barratt Impulsiveness Scale fMRI,Neural substrates of inhibitory control deficits in 22q11.2 deletion syndrome.,2015,"Cerebral cortex (New York, N.Y. : 1991)",unknown,functional connectivity,impulsivity (general),22q11.2 deletion syndrome,associated_with,lower,haploinsufficiency for genes involved in dopaminergic neurotransmission,direct,0.8,"Healthy controls showed significantly greater activation than 22q11DS patients within frontal cortical and basal ganglia regions during successful RI, whereas 22q11DS patients did not show increased neural activity relative to controls in any regions.",24177988,vllm:mistral-7b-instruct-v0.3,high
pubmed,27738995,Barratt Impulsiveness Scale fMRI,The relationship of impulsivity and cortical thickness in depressed and non-depressed adolescents.,2017,Brain imaging and behavior,unknown,structural connectivity,impulsivity (general),Major Depressive Disorder (MDD),associated_with,unclear,,unclear,0.7,We found significant moderation effects in rostral middle frontal gyrus and right paracentral lobule cortical thickness for different subscales of the Barratt Impulsiveness Scale.,27738995,vllm:mistral-7b-instruct-v0.3,high
pubmed,24656768,Barratt Impulsiveness Scale fMRI,"Impulsivity, aggression and brain structure in high and low lethality suicide attempters with borderline personality disorder.",2014,Psychiatry research,unknown,structural connectivity,impulsivity (general),borderline personality disorder,associated_with,unclear,unclear,background,0.6,Impulsivity and aggressiveness are trait dispositions associated with the vulnerability to suicidal behavior across diagnoses.,24656768,vllm:mistral-7b-instruct-v0.3,medium
pubmed,26772668,Barratt Impulsiveness Scale fMRI,"High trait aggression in men is associated with low 5-HT levels, as indexed by 5-HT4 receptor binding.",2016,Social cognitive and affective neuroscience,unknown,functional connectivity,impulsivity (general),unknown,associated_with,lower,dysfunction,unclear,0.7,"Impulsive aggression has commonly been associated with a dysfunction of the serotonin (5-HT) system: many, but not all, studies point to an inverse relationship between 5-HT and aggression.",26772668,vllm:mistral-7b-instruct-v0.3,high
pubmed,31718806,Barratt Impulsiveness Scale neuroimaging,Confirmatory factor analysis of the Barratt Impulsiveness Scale-short form (BIS-15) in patients with mental disorders.,2020,Psychiatry research,unknown,unknown,impulsivity (general),patients with mental disorders,unknown,unclear,,unclear,0.5,Impulsivity is a major component of various mental disorders.,31718806,vllm:mistral-7b-instruct-v0.3,medium
pubmed,32535505,Barratt Impulsiveness Scale neuroimaging,"The abbreviated version of the Barratt Impulsiveness Scale (ABIS): Psychometric analysis, reliable change indexes in clinical practice and normative data.",2020,Psychiatry research,unknown,unknown,impulsivity (general),unknown,associated_with,unclear,,background,0.7,Impulsivity is highly associated with psychopathology and dysfunctional behavior.,32535505,vllm:mistral-7b-instruct-v0.3,high
pubmed,17365120,Barratt Impulsiveness Scale neuroimaging,Normative data and a short form of the Barratt Impulsiveness Scale.,2007,The International journal of neuroscience,unknown,unknown,impulsivity (general),unknown,correlates_with,unclear,"prefrontal structure and function, central serotonergic function",unclear,0.7,"Neuroimaging studies show that BIS scores relate to prefrontal structure and function, as well as central serotonergic function.",17365120,vllm:mistral-7b-instruct-v0.3,medium
pubmed,30832195,Barratt Impulsiveness Scale neuroimaging,"Thai adaptation and reliability of three versions of the Barratt Impulsiveness Scale (BIS 11, BIS-15, and BIS-Brief).",2019,Psychiatry research,unknown,unknown,impulsivity (general),unknown,unknown,unclear,,unclear,0.5,All three instruments were highly correlated (r = 0.83-0.89).,30832195,vllm:mistral-7b-instruct-v0.3,medium
pubmed,30504061,Barratt Impulsiveness Scale neuroimaging,Relationship between quality of life in young adults and impulsivity/compulsivity✰.,2019,Psychiatry research,unknown,unknown,impulsivity (general),"presence of impulse control disorders, mood/anxiety disorders, post-traumatic stress disorder, and substance use disorder",correlates_with,unclear,,unclear,0.8,Worse quality of life was also significantly explained by higher impulsiveness on the Barratt scale,30504061,vllm:mistral-7b-instruct-v0.3,high
pubmed,40706276,Barratt Impulsiveness Scale neuroimaging,"Low-grade inflammation, cognitive dysfunction, impulsivity, and appetite hormone dysregulation in adolescents with attention deficit hyperactivity disorder.",2025,Psychiatry research,unknown,unknown,impulsivity (general),attention deficit hyperactivity disorder,associated_with,higher,unclear,unclear,1.0,Adolescents with ADHD and low-grade inflammation had the highest self-reported overall impulsiveness (BIS total scores),40706276,vllm:mistral-7b-instruct-v0.3,high
pubmed,37969475,Barratt Impulsiveness Scale neuroimaging,Evaluation of Optical Coherence Tomography Findings in Antisocial Personality Disorder Patients.,2023,Alpha psychiatry,unknown,unknown,impulsivity (general),Antisocial Personality Disorder,associated_with,unclear,,background,0.8,The Barratt Impulsivity Scale-total scores of the patients were significantly higher when compared to the controls.,37969475,vllm:mistral-7b-instruct-v0.3,medium
pubmed,26277035,Barratt Impulsiveness Scale neuroimaging,BDNF concentration and impulsiveness level in post-traumatic stress disorder.,2015,Psychiatry research,unknown,unknown,impulsivity (general),post-traumatic stress disorder,associated_with,higher,unclear,unclear,0.6,"The higher the BDNF levels the higher the impulsiveness score, as measured by the Barratt Impulsiveness Scale (BIS-11)",26277035,vllm:mistral-7b-instruct-v0.3,medium
pubmed,15541779,Barratt Impulsiveness Scale neuroimaging,Nicotine use in schizophrenia and disinhibition.,2004,Psychiatry research,unknown,unknown,unknown,schizophrenia,associated_with,unclear,,unclear,0.5,The differences were found exclusively with the 'disinhibition' subscale.,15541779,vllm:mistral-7b-instruct-v0.3,medium
pubmed,38645237,Barratt Impulsiveness Scale neuroimaging,Reward Circuit Local Field Potential Modulations Precede Risk Taking.,2024,bioRxiv : the preprint server for biology,unknown,EEG connectivity,impulsivity (general),unknown,predicts,higher,,direct,0.8,Risky decisions were predicted by increased oscillatory power in the high-gamma frequency range during card presentation in the orbitofrontal cortex.,38645237,vllm:mistral-7b-instruct-v0.3,high
pubmed,30920937,Barratt Impulsiveness Scale neuroimaging,"Interpersonal Problems in Borderline Personality Disorder: Associations With Mentalizing, Emotion Regulation, and Impulsiveness.",2021,Journal of personality disorders,unknown,unknown,attentional impulsivity,Borderline Personality Disorder,associates_with,unclear,,unclear,0.7,Attentional impulsiveness predicted interpersonal problems directly.,30920937,vllm:mistral-7b-instruct-v0.3,medium
pubmed,35149322,Barratt Impulsiveness Scale neuroimaging,Resting State EEG Activity Related to Impulsivity in People with Prescription Opioid Use Disorder.,2022,Psychiatry research. Neuroimaging,unknown,EEG connectivity,impulsivity (general),prescription opioid use disorder,associated_with,higher,unclear,direct,0.8,"Patients exhibited greater scores (impaired impulse control) on BIS-11 subscales (attention, motor, self-control) and impairment of these impulsive subtypes was associated with increases in β and δ oscillations.",35149322,vllm:mistral-7b-instruct-v0.3,high
pubmed,27667777,Barratt Impulsiveness Scale neuroimaging,Networks underlying trait impulsivity: Evidence from voxel-based lesion-symptom mapping.,2017,Human brain mapping,unknown,unknown,impulsivity (general),unknown,associated_with,unclear,,unclear,0.8,Heightened global impulsivity was associated with damage to multiple areas in bilateral prefrontal cortex.,27667777,vllm:mistral-7b-instruct-v0.3,high
pubmed,23603064,Barratt Impulsiveness Scale neuroimaging,Neural correlate of impulsivity in subjects at ultra-high risk for psychosis.,2013,Progress in neuro-psychopharmacology & biological psychiatry,unknown,unknown,impulsivity (general),ultra-high risk for psychosis,associated_with,unclear,,unclear,0.8,"UHR subjects were more impulsive than HC subjects in terms of attention, motor, and non-planning scores.",23603064,vllm:mistral-7b-instruct-v0.3,high
pubmed,33440292,Barratt Impulsiveness Scale neuroimaging,Childhood Trauma increases suicidal behaviour in a treatment-resistant depression population: a FACE-DR report.,2021,Journal of psychiatric research,unknown,unknown,impulsivity (general),Treatment-Resistant Depression,associated_with,unclear,,background,0.7,We report a strong association between suicidal behaviour and Childhood Trauma (in particular childhood physical neglect) in a TRD population.,33440292,vllm:mistral-7b-instruct-v0.3,high
pubmed,25071497,Barratt Impulsiveness Scale neuroimaging,A model-based analysis of impulsivity using a slot-machine gambling paradigm.,2014,Frontiers in human neuroscience,unknown,unknown,impulsivity (general),unknown,associated_with,unclear,impulsivity affects gambling behavior,unclear,0.8,Impulsivity plays a key role in decision-making under uncertainty. It is a significant contributor to problem and pathological gambling (PG).,25071497,vllm:mistral-7b-instruct-v0.3,high
pubmed,33113453,Barratt Impulsiveness Scale neuroimaging,Suicide behavior is associated with childhood emotion dysregulation but not trait impulsivity in first episode psychosis.,2020,Psychiatry research,unknown,unknown,impulsivity (general),first episode psychosis,associated_with,unclear,,unclear,0.6,"Childhood emotion dysregulation was significantly associated with a history of SB and its severity, but not SI.",33113453,vllm:mistral-7b-instruct-v0.3,medium
pubmed,30071388,Barratt Impulsiveness Scale neuroimaging,Sleep and circadian rhythm function and trait impulsivity: An actigraphy study.,2018,Psychiatry research,unknown,unknown,impulsivity (general),unknown,associated_with,unclear,,unclear,0.7,"High impulsive individuals displayed phase-delayed patterns of sleep, a decreased total sleep time and sleep efficiency, and disrupted circadian function.",30071388,vllm:mistral-7b-instruct-v0.3,medium
pubmed,19758706,Barratt Impulsiveness Scale neuroimaging,Are self-injurers impulsive?: Results from two behavioral laboratory studies.,2009,Psychiatry research,unknown,unknown,impulsivity (general),unknown,unknown,unclear,,unclear,0.5,Self-injurers reported greater impulsiveness,19758706,vllm:mistral-7b-instruct-v0.3,medium
pubmed,34274904,Barratt Impulsiveness Scale neuroimaging,Dimensions of impulsivity related to psychopathic traits and homicidal behavior among incarcerated male youth offenders.,2021,Psychiatry research,unknown,unknown,impulsivity (general),unknown,associated_with,higher,,unclear,0.8,"PCL:YV total, Factor 2, Facet 3, and Facet 4 scores were significantly positively correlated with BIS-11 total scores.",34274904,vllm:mistral-7b-instruct-v0.3,high
pubmed,29649673,Barratt Impulsiveness Scale neuroimaging,The relationship between impulsivity and panic disorder-agoraphobia: The role of affective temperament.,2018,Psychiatry research,unknown,unknown,attentional impulsivity,panic disorder,associated_with,unclear,,unclear,0.6,Patients have significantly higher scores in attentional impulsiveness subscales than the healthy controls.,29649673,vllm:mistral-7b-instruct-v0.3,medium
pubmed,29677623,Barratt Impulsiveness Scale neuroimaging,Cerebrospinal fluid FGF23 levels correlate with a measure of impulsivity.,2018,Psychiatry research,unknown,unknown,impulsivity (general),unknown,correlates_with,unclear,,unclear,0.7,"Negative correlations were found between CSF FGF23 concentrations and BIS non-planning, BIS cognition and BIS total score (all p<0.05).",29677623,vllm:mistral-7b-instruct-v0.3,high
pubmed,37731603,Barratt Impulsiveness Scale neuroimaging,Dual-site beta tACS over rIFG and M1 enhances response inhibition: A parallel multiple control and replication study.,2023,International journal of clinical and health psychology : IJCHP,unknown,EEG connectivity,unknown,unknown,associated_with,higher,increasing beta activity,direct,1.0,Increasing beta activity in multiple brain regions is a potential way to enhance response inhibition.,37731603,vllm:mistral-7b-instruct-v0.3,high
pubmed,30384282,Barratt Impulsiveness Scale neuroimaging,CSF glutamate level decreases in heavy smokers and negatively correlates with BDI scores.,2018,Psychiatry research,unknown,covariates,impulsivity (general),unknown,correlates_with,unclear,,background,0.7,"BIS action scores, total scores and BDI scores were significantly different between the groups.",30384282,vllm:mistral-7b-instruct-v0.3,high
pubmed,37992775,Barratt Impulsiveness Scale neuroimaging,Indirect effect of impulsivity on suicide risk through self-esteem and depressive symptoms in a population with treatment-resistant depression: A FACE-DR study.,2024,Journal of affective disorders,unknown,unknown,impulsivity (general),treatment-resistant depression,associated_with,unclear,indirect,background,0.6,Impulsivity was associated with self-esteem and depressive symptom severity.,37992775,vllm:mistral-7b-instruct-v0.3,medium
pubmed,39116689,Barratt Impulsiveness Scale neuroimaging,Impulsivity as a predictor of clinical and psychological outcomes in a naturalistic prospective cohort of subjects at ultra-high risk (UHR) for psychosis from Tunisia.,2024,Psychiatry research,unknown,unknown,impulsivity (general),Ultra High Risk (UHR) for psychosis,predicts,unclear,,unclear,0.7,Higher baseline BIS-11 motor impulsivity significantly predicted more severe positive psychotic symptoms at 12 months of follow-up.,39116689,vllm:mistral-7b-instruct-v0.3,medium
pubmed,15996748,Barratt Impulsiveness Scale neuroimaging,Correlates of trait impulsiveness in performance measures and neuropsychological tests.,2005,Psychiatry research,unknown,unknown,impulsivity (general),unknown,correlates_with,unclear,,unclear,0.7,"Self-ratings correlated moderately with a number of these test scores, but many correlations became non-significant after adjustment for age and education. Correlations with the Go-No Go task remained significant.",15996748,vllm:mistral-7b-instruct-v0.3,medium
pubmed,35170659,Barratt Impulsiveness Scale neuroimaging,Relationship between optical coherence tomography findings and clinical variables in patients with opiate use disorder.,2023,Arquivos brasileiros de oftalmologia,unknown,unknown,impulsivity (general),opiate use disorder,associated_with,unclear,,background,0.5,"Only the left eye was positively correlated with retinal nerve fiber layer superior quadrant measurement and hospitalization (r=0.380, p=0.039).",35170659,vllm:mistral-7b-instruct-v0.3,medium
pubmed,29337234,Barratt Impulsiveness Scale neuroimaging,Electrophysiological Activity Prior to Self-initiated Movements is Related to Impulsive Personality Traits.,2018,Neuroscience,unknown,EEG connectivity,impulsivity (general),unknown,associated_with,unclear,less effective preparatory inhibition mechanisms,unclear,0.8,"The RP showed an earlier negative rising phase and a greater amplitude, with the increasing of BIS-11 scores.",29337234,vllm:mistral-7b-instruct-v0.3,high
pubmed,32977054,Barratt Impulsiveness Scale neuroimaging,Impulsivity as a multifactorial construct and its relationship to PTSD severity and threat sensitivity.,2020,Psychiatry research,unknown,unknown,impulsivity (general),PTSD,associated_with,higher,unclear,unclear,0.7,PTSD severity was significantly associated with greater overall impulsivity and behavioral impulsivity.,32977054,vllm:mistral-7b-instruct-v0.3,high
pubmed,23122556,Barratt Impulsiveness Scale neuroimaging,Decision-making and impulsivity in eating disorder patients.,2013,Psychiatry research,unknown,unknown,impulsivity (general),eating disorder,associated_with,unclear,,unclear,0.7,"Eating disorder patients, both the restricting and the binge/purging groups, performed poorly in the Iowa Gambling Task compared to controls, confirming a deficit in decision-making in these patients.",23122556,vllm:mistral-7b-instruct-v0.3,medium
pubmed,32554185,Barratt Impulsiveness Scale neuroimaging,Adult attention-deficit hyperactivity disorder and clinical correlates of delayed sleep phase disorder.,2020,Psychiatry research,unknown,unknown,impulsivity (general),Attention-Deficit/Hyperactivity Disorder,associated_with,unclear,,unclear,0.5,"In the multivariate logistic regression analysis, Delayed Sleep Phase Disorder was significantly associated with cyclothymic temperamental traits and severe global impairment.",32554185,vllm:mistral-7b-instruct-v0.3,medium
pubmed,33426970,Barratt Impulsiveness Scale neuroimaging,Add-on repetitive transcranial magnetic stimulation in patients with opioid use disorder undergoing methadone maintenance therapy.,2021,The American journal of drug and alcohol abuse,unknown,unknown,impulsivity (general),opioid use disorder,associated_with,unclear,,unclear,0.5,"BIS-11 attentional subscales and CPTs commission T-scores (C-TS) were significantly lower in the active rTMS group (P = .003, 0.04, and 0.02, respectively) than in the sham group.",33426970,vllm:mistral-7b-instruct-v0.3,medium
pubmed,25819744,Barratt Impulsiveness Scale neuroimaging,Distinct domains of impulsivity are impaired in juvenile myoclonic epilepsy but not in temporal lobe epilepsy.,2015,Epilepsy & behavior : E&B,unknown,unknown,impulsivity (general),epilepsy,associated_with,higher,,unclear,1.0,"Patients with JME showed higher scores than patients with TLE and controls in all domains: motor, attentional, and lack of planning impulsivity.",25819744,vllm:mistral-7b-instruct-v0.3,high
pubmed,32450451,Barratt Impulsiveness Scale neuroimaging,"Problematic Internet use (PIU), personality profiles and emotion dysregulation in a cohort of young adults: trajectories from risky behaviors to addiction.",2020,Psychiatry research,unknown,unknown,impulsivity (general),Internet Addiction Diagnostic Questionnaire,associated_with,unclear,unclear,unclear,0.5,"PIU participants were more likely to report lower TPQ scores in novelty seeking, harm avoidance and reward dependence.",32450451,vllm:mistral-7b-instruct-v0.3,medium
pubmed,10359481,Barratt Impulsiveness Scale neuroimaging,Etiology of the impulsivity/aggression relationship: genes or environment?,1999,Psychiatry research,unknown,unknown,impulsivity (general),unknown,correlates_with,unclear,,background,0.5,Phenotypic relationships between the measure of impulsivity and subscales of the measure of aggression ranged from 0.22 to 0.51.,10359481,vllm:mistral-7b-instruct-v0.3,medium
pubmed,20478631,Barratt Impulsiveness Scale neuroimaging,Relationship between impulsivity and decision making in cocaine dependence.,2010,Psychiatry research,unknown,unknown,impulsivity (general),cocaine dependence,associated_with,unclear,,unclear,0.5,Cognitive model analysis showed that choice consistency factors on the IGT differed between cocaine-dependent subjects and controls.,20478631,vllm:mistral-7b-instruct-v0.3,medium
pubmed,21665292,Barratt Impulsiveness Scale neuroimaging,Impulsivity and internalizing disorders in childhood.,2011,Psychiatry research,unknown,unknown,impulsivity (general),unknown,correlates_with,higher,,unclear,0.7,"Impulsivity was related to measures of anxiety, depression and aggressive behavior, and showed higher relationships with measures of internalizing symptoms than with aggression.",21665292,vllm:mistral-7b-instruct-v0.3,medium
pubmed,28783574,Barratt Impulsiveness Scale neuroimaging,Go/No-Go task performance predicts differences in compulsivity but not in impulsivity personality traits.,2017,Psychiatry research,unknown,unknown,impulsivity (general),unknown,predicts,unclear,,unclear,0.6,The Go/No-Go task is one of the most effective means to assess response inhibition measured by the ability to appropriately withhold responding to No-Go stimuli.,28783574,vllm:mistral-7b-instruct-v0.3,medium
pubmed,20832123,Barratt Impulsiveness Scale neuroimaging,Platelet [³H] paroxetine binding in female patients with borderline personality disorder and their sisters.,2011,Psychiatry research,unknown,unknown,impulsivity (general),borderline personality disorder,associated_with,unclear,,background,0.3,Paroxetine binding could be a vulnerability marker for traits associated with borderline personality disorder (BPD).,20832123,vllm:mistral-7b-instruct-v0.3,medium
pubmed,30616125,Barratt Impulsiveness Scale neuroimaging,A multi-dimensional evaluation of craving and impulsivity among people admitted for alcohol-related problems in emergency department.,2019,Psychiatry research,unknown,unknown,impulsivity (general),alcohol-related problems,associated_with,unclear,,unclear,0.6,Craving and impulsivity are key psychological dimensions involved in the development and maintenance of severe alcohol-use disorders.,30616125,vllm:mistral-7b-instruct-v0.3,medium
pubmed,28675825,Barratt Impulsiveness Scale neuroimaging,The association between in vivo central noradrenaline transporter availability and trait impulsivity.,2017,Psychiatry research. Neuroimaging,unknown,functional connectivity,impulsivity (general),unknown,associated_with,lower,modulating,direct,0.7,We found that distribution volume ratios (DVR) used as PET outcome measures negatively correlated with BIS-11 total scores in the orbitofrontal cortex (OFC) and in the hippocampus as well as in parts of the cerebellar cortex.,28675825,vllm:mistral-7b-instruct-v0.3,high
pubmed,24608747,Barratt Impulsiveness Scale neuroimaging,Trait impulsivity is associated with the risk of falls in Parkinson's disease.,2014,PloS one,unknown,unknown,impulsivity (general),Parkinson's disease,associated_with,higher,unclear,unclear,0.7,Total impulsivity scores were higher for recurrent fallers (59.5) compared to non-fallers (56.8; p = 0.012).,24608747,vllm:mistral-7b-instruct-v0.3,high
pubmed,27371803,Barratt Impulsiveness Scale neuroimaging,Risk-taking behavior and impulsivity among HCV-infected patients.,2016,Psychiatry research,unknown,unknown,impulsivity (general),unknown,associated_with,higher,,unclear,0.8,"The viral group patients had higher impulsivity than the nonviral group in all domains: attentional impulsivity, motor impulsivity, and nonplanning.",27371803,vllm:mistral-7b-instruct-v0.3,high
pubmed,22766012,Barratt Impulsiveness Scale neuroimaging,"Neuropsychological performance, impulsivity, ADHD symptoms, and novelty seeking in compulsive buying disorder.",2012,Psychiatry research,unknown,unknown,impulsivity (general),compulsive buying disorder,associated_with,unclear,,unclear,0.5,"They also had elevated levels of self-reported depression, ADHD symptoms, trait impulsivity, and novelty seeking.",22766012,vllm:mistral-7b-instruct-v0.3,medium
pubmed,28391138,Barratt Impulsiveness Scale neuroimaging,Associations between serotonin transporter and behavioral traits and diagnoses related to anxiety.,2017,Psychiatry research,unknown,unknown,impulsivity (general),unknown,predicts,higher,,direct,0.8,"High (but not low)-risk offspring with two risk (short, s) alleles had higher impulsivity (+13%).",28391138,vllm:mistral-7b-instruct-v0.3,high
pubmed,26648853,Barratt Impulsiveness Scale neuroimaging,Impulsivity is Associated with Increased Metabolism in the Fronto-Insular Network in Parkinson's Disease.,2015,Frontiers in behavioral neuroscience,unknown,functional connectivity,impulsivity (general),Parkinson's disease,associated_with,higher,unclear,direct,0.8,"Voxel-wise group comparison revealed higher FDG-metabolism in the orbitofrontal cortex (OFC), anterior cingulate cortex (ACC), and right insula in patients with higher impulsivity scores.",26648853,vllm:mistral-7b-instruct-v0.3,high
pubmed,23770040,Barratt Impulsiveness Scale neuroimaging,Resting-state beta and gamma activity in Internet addiction.,2013,International journal of psychophysiology : official journal of the International Organization of Psychophysiology,unknown,EEG connectivity,impulsivity (general),Internet addiction,associated_with,unclear,,unclear,0.8,Internet addiction is related to impulsivity.,23770040,vllm:mistral-7b-instruct-v0.3,high
pubmed,23158972,Barratt Impulsiveness Scale neuroimaging,Impulsivity is related to striatal dopamine transporter availability in healthy males.,2013,Psychiatry research,unknown,functional connectivity,impulsivity (general),unknown,associated_with,higher,dopamine transporter availability,direct,0.8,Greater dopamine transporter availability was associated with higher BIS impulsivity.,23158972,vllm:mistral-7b-instruct-v0.3,high
pubmed,22749228,Barratt Impulsiveness Scale neuroimaging,Behavioral and cognitive impulsivity in obsessive-compulsive disorder and eating disorders.,2012,Psychiatry research,unknown,unknown,impulsivity (general),"obsessive-compulsive disorder, eating disorder",associated_with,unclear,,unclear,0.5,"Compared to controls, both clinical groups reported higher levels of impulsivity on the BIS-11",22749228,vllm:mistral-7b-instruct-v0.3,medium
pubmed,24612970,Barratt Impulsiveness Scale neuroimaging,"Anxiety, depression, impulsivity and substance misuse in violent and non-violent adolescent boys in detention in China.",2014,Psychiatry research,unknown,unknown,impulsivity (general),unknown,associated_with,higher,,unclear,0.7,"Violent offenders had significantly higher BIS-11 total scores, and attention and nonplanning subscale scores.",24612970,vllm:mistral-7b-instruct-v0.3,medium
pubmed,31616015,Barratt Impulsiveness Scale neuroimaging,Subjective estimates of uncertainty during gambling and impulsivity after subthalamic deep brain stimulation for Parkinson's disease.,2019,Scientific reports,unknown,unknown,impulsivity (general),Parkinson's disease,associated_with,unclear,modulation,background,0.6,"The gambling behaviour of participants (bet increases, slot machine switches and double or nothing gambles) was associated with this self-reported measure of impulsivity.",31616015,vllm:mistral-7b-instruct-v0.3,medium
pubmed,27449004,Barratt Impulsiveness Scale neuroimaging,"The association of Internet addiction symptoms with impulsiveness, loneliness, novelty seeking and behavioral inhibition system among adults with attention-deficit/hyperactivity disorder (ADHD).",2016,Psychiatry research,unknown,unknown,impulsivity (general),attention-deficit/hyperactivity disorder (ADHD),associated_with,unclear,,unclear,0.7,"Impulsiveness, loneliness, and behavioral inhibition system were significant predictors of Internet addition among adults with ADHD.",27449004,vllm:mistral-7b-instruct-v0.3,medium
pubmed,29120849,Barratt Impulsiveness Scale neuroimaging,Genetic analysis of impulsive personality traits: Examination of a priori candidates and genome-wide variation.,2018,Psychiatry research,unknown,unknown,impulsivity (general),unknown,unknown,unclear,,unclear,0.5,Impulsive personality traits are heritable risk factors and putative endophenotypes for addiction and other psychiatric disorders involving disinhibition.,29120849,vllm:mistral-7b-instruct-v0.3,medium
pubmed,24373553,Barratt Impulsiveness Scale neuroimaging,Anhedonia in Parkinson's disease patients with and without pathological gambling: a case-control study.,2014,Psychiatry research,unknown,unknown,impulsivity (general),Parkinson's disease,associated_with,unclear,unclear,unclear,0.7,"The PG-group, compared to the ICDs-group and PD-controls, reported a significantly higher incidence of anhedonia, higher Snaith-Hamilton Pleasure Scale (SHAPS) scores, higher levels of impulsivity traits as measured by the Barratt Impulsiveness Scale.",24373553,vllm:mistral-7b-instruct-v0.3,medium
pubmed,27614152,Barratt Impulsiveness Scale neuroimaging,"Impulsivity, implicit attitudes and explicit cognitions, and alcohol dependence as predictors of pathological gambling.",2016,Psychiatry research,unknown,unknown,impulsivity (general),pathological gambling,predicts,unclear,,unclear,0.7,"Impulsivity (BIS-11) and changes in implicit attitudes (IAT) were able to discriminate between pathological gamblers and controls, the latter being less impulsive and having fewer implicit attitudes towards gambling.",27614152,vllm:mistral-7b-instruct-v0.3,medium
pubmed,31669801,Barratt Impulsiveness Scale neuroimaging,Increased neural activity in the right dorsolateral prefrontal cortex during a risky decision-making task is associated with cocaine use in methadone-maintained patients.,2019,Drug and alcohol dependence,unknown,functional connectivity,impulsivity (general),methadone-maintained patients,associated_with,higher,,direct,0.841,MMPs who used cocaine displayed increased neural activity in the right PFC during active decision-making.,31669801,vllm:mistral-7b-instruct-v0.3,high
pubmed,29580652,Barratt Impulsiveness Scale neuroimaging,"Gambling behavior in Parkinson's Disease: Impulsivity, reward mechanism and cortical brain oscillations.",2018,Psychiatry research,unknown,EEG connectivity,impulsivity (general),Parkinson's Disease,associated_with,unclear,unclear,unclear,0.7,Results showed worse performance and an increase of the low frequency bands in the frontal area for the PDG group compared to the other two groups.,29580652,vllm:mistral-7b-instruct-v0.3,medium
pubmed,14675743,Barratt Impulsiveness Scale neuroimaging,Neurobiological correlates of diagnosis and underlying traits in patients with borderline personality disorder compared with normal controls.,2004,Psychiatry research,unknown,unknown,impulsivity (general),borderline personality disorder,associated_with,unclear,abnormalities,unclear,0.7,Borderline subjects with high BIS scores showed prolactin blunting.,14675743,vllm:mistral-7b-instruct-v0.3,medium
pubmed,12860356,Barratt Impulsiveness Scale neuroimaging,"Impulsivity, gender, and response to fenfluramine challenge in borderline personality disorder.",2003,Psychiatry research,unknown,unknown,impulsivity (general),borderline personality disorder,associated_with,unclear,inverse relationship,background,0.7,"Behavioral impulsivity in borderline personality disorder (BPD) is associated with indices of diminished central serotonergic function, independent of suicidal behavior, depression or alcohol use disorder.",12860356,vllm:mistral-7b-instruct-v0.3,high
pubmed,26803778,Barratt Impulsiveness Scale neuroimaging,Dysfunctional decision-making related to white matter alterations in bipolar I disorder.,2016,Journal of affective disorders,unknown,structural connectivity,impulsivity (general),bipolar I disorder,associated_with,lower,unclear,direct,0.8,BD-I patients displayed significantly lower integrity in the right cingulum compared to HC.,26803778,vllm:mistral-7b-instruct-v0.3,high
pubmed,26660886,Barratt Impulsiveness Scale neuroimaging,Functional Connectivity and Quantitative EEG in Women with Alcohol Use Disorders: A Resting-State Study.,2016,Brain topography,unknown,EEG connectivity,nonplanning impulsivity,alcohol use disorders,associated_with,unclear,,direct,0.7,We also found that impaired functional connectivity particularly in alpha band at fronto-central areas was negative correlated with non-planning dimension of impulsivity.,26660886,vllm:mistral-7b-instruct-v0.3,high
pubmed,40467551,BIS-11 fMRI impulsivity,Common neural patterns of substance use disorder: a seed-based resting-state functional connectivity meta-analysis.,2025,Translational psychiatry,unknown,functional connectivity,impulsivity (general),Substance use disorder,associated_with,unclear,,unclear,0.8,The total score of the BIS-11 in SUD patients was significantly negatively correlated with reduced rsFC between the striatum and MCG.,40467551,vllm:mistral-7b-instruct-v0.3,high
pubmed,38092841,BIS-11 fMRI impulsivity,White matter-based brain network topological properties associated with individual impulsivity.,2023,Scientific reports,unknown,structural connectivity,impulsivity (general),unknown,associated_with,unclear,,unclear,0.7,People with a steep DD (greater impatience) had decreased small-worldness and increased degree centrality in the medial superior prefrontal cortex.,38092841,vllm:mistral-7b-instruct-v0.3,high
pubmed,36320407,BIS-11 fMRI impulsivity,White matter integrity and functional connectivity in adolescents with a parental history of substance use disorder.,2021,Neuroimage. Reports,unknown,functional connectivity,impulsivity (general),unknown,associated_with,unclear,,indirect,0.6,"Impulsivity, assessed by the BIS-11, was significantly higher for FH+.",36320407,vllm:mistral-7b-instruct-v0.3,medium
pubmed,32889355,BIS-11 fMRI impulsivity,Functional connectome-based biomarkers predict chronic codeine-containing cough syrup dependent.,2020,Journal of psychiatric research,unknown,functional connectivity,impulsivity (general),chronic codeine-containing cough syrup dependent,predicts,unclear,,unclear,0.7,"The LR classifier models demonstrated accuracy, sensitivity, specificity, precision, and AUC of 82.5%, 82.5%, 82.5%, 76.8%, and 82.5%.",32889355,vllm:mistral-7b-instruct-v0.3,high
pubmed,40945612,BIS-11 fMRI impulsivity,Diffusion tensor imaging-based evaluation of white-matter tract alterations in schizophrenic patients with personality-related comorbidities.,2026,Behavioural brain research,unknown,structural connectivity,impulsivity (general),schizophrenia,associated_with,unclear,,unclear,0.7,"SZ patients showed significant reductions in FA and elevations in MD and RD in the right inferior fronto-occipital fasciculus, left optic radiation, and left posterior thalamic radiation, implicating both demyelination and generalized microstructural disorganization.",40945612,vllm:mistral-7b-instruct-v0.3,high
pubmed,24885073,BIS-11 fMRI impulsivity,Trait impulsivity and impaired prefrontal impulse inhibition function in adolescents with internet gaming addiction revealed by a Go/No-Go fMRI study.,2014,Behavioral and brain functions : BBF,unknown,functional connectivity,impulsivity (general),Internet gaming addiction,associated_with,higher,impaired function,direct,0.8,The activation of the left superior medial frontal gyrus was positively associated with BIS-11 and Chen Internet Addiction Scale (CIAS) total score across IGA participants.,24885073,vllm:mistral-7b-instruct-v0.3,high
pubmed,26658924,BIS-11 fMRI impulsivity,Citicoline Treatment Improves Measures of Impulsivity and Task Performance in Chronic Marijuana Smokers: A Pilot BOLD fMRI Study.,2015,International journal of neurology and neurotherapy,unknown,unknown,impulsivity (general),chronic marijuana smokers,associated_with,lower,unknown,unclear,0.7,"Following the 8 week trial, MJ smokers treated with citicoline demonstrated significantly lower levels of behavioral impulsivity.",26658924,vllm:mistral-7b-instruct-v0.3,high
pubmed,36124350,BIS-11 fMRI impulsivity,[The value of MR diffusion tensor imaging in assessing white matter changes in short-term methamphetamine withdrawal].,2022,Zhonghua yi xue za zhi,unknown,structural connectivity,impulsivity (general),methamphetamine addiction,associated_with,unclear,,background,0.7,"There were significant differences in BIS total score, BIS motivational impulsivity and BIS attentional impulsivity between MA group and healthy control group in short-term withdrawal.",36124350,vllm:mistral-7b-instruct-v0.3,medium
pubmed,22858213,BIS-11 fMRI impulsivity,Reduced posterior corpus callosum area in suicidal and non-suicidal patients with bipolar disorder.,2012,Journal of affective disorders,unknown,unknown,impulsivity (general),bipolar disorder,associated_with,unclear,,background,0.6,Impulsivity is a characteristic of bipolar disorder (BD) that can contribute to the risk for suicidal behavior.,22858213,vllm:mistral-7b-instruct-v0.3,medium
pubmed,32124022,BIS-11 fMRI impulsivity,Abnormal white matter within brain structural networks is associated with high-impulse behaviour in codeine-containing cough syrup dependent users.,2021,European archives of psychiatry and clinical neuroscience,unknown,structural connectivity,impulsivity (general),codeine-containing cough syrup dependency,associated_with,unclear,unknown,unclear,0.7,"The relationships between abnormal network metrics and clinical characteristics of CCS dependent (BIS-11 total score, CCS-dependent duration and mean dose) were examined by Spearman's correlation.",32124022,vllm:mistral-7b-instruct-v0.3,medium
pubmed,23562867,BIS-11 fMRI impulsivity,Decreased caudate response to milkshake is associated with higher body mass index and greater impulsivity.,2013,Physiology & behavior,unknown,functional connectivity,impulsivity (general),unknown,associated_with,higher,promoting impulsive eating behavior,direct,0.8,"In Study 1 (n=25) we also assessed self-reported impulsivity, and in Study 2 (n=14), we identified an inverse relationship between caudate response to milkshake vs. tasteless and failure to inhibit responses on the no-go trials.",23562867,vllm:mistral-7b-instruct-v0.3,high
pubmed,29567425,BIS-11 fMRI impulsivity,Association between self-reported impulsiveness and gray matter volume in healthy adults. An exploratory MRI study.,2018,Neuroscience letters,unknown,structural connectivity,impulsivity (general),unknown,associated_with,unclear,,unclear,0.7,We found negative and positive correlations between fronto-temporal and occipital areas respectively and BIS.,29567425,vllm:mistral-7b-instruct-v0.3,high
pubmed,22885245,BIS-11 fMRI impulsivity,Decreased saliency processing as a neural measure of Barratt impulsivity in healthy adults.,2012,NeuroImage,unknown,functional connectivity,nonplanning impulsivity,unknown,associated_with,lower,neural,direct,0.8,"In simple regressions, activation of the right anterior dorsal insula and middle frontal cortex (MFC) during stop as compared to go trials negatively correlated with motor and non-planning impulsivity score.",22885245,vllm:mistral-7b-instruct-v0.3,high
pubmed,41671767,BIS-11 fMRI impulsivity,Hippocampus in the symptom architecture of schizophrenia spectrum disorders: A network analysis approach.,2026,Schizophrenia research,unknown,unknown,impulsivity (general),schizophrenia spectrum disorders,not associated_with,unclear,,background,0.0,"Our findings indicated that hippocampal volume is more strongly linked to cognition, psychopathology and global functioning than to impulsivity or NSS.",41671767,vllm:mistral-7b-instruct-v0.3,low
pubmed,28828225,BIS-11 fMRI impulsivity,Quantifying absolute glutamate concentrations in nucleus accumbens of prescription opioid addicts by using 1H MRS.,2017,Brain and behavior,unknown,unknown,impulsivity (general),opioid addiction,associated_with,unclear,unknown,unclear,0.671,"The glutamate concentrations correlated positively with BIS-11 scores in prescription opioid addicts (r = .671, p = .001)",28828225,vllm:mistral-7b-instruct-v0.3,low
pubmed,31599080,BIS-11 fMRI impulsivity,Prefrontal GABA and glutamate levels correlate with impulsivity and cognitive function of prescription opioid addicts: A 1 H-magnetic resonance spectroscopy study.,2020,Psychiatry and clinical neurosciences,unknown,unknown,impulsivity (general),prescription opioid addicts,correlates with,unclear,,unclear,0.7,"GABA+ levels correlated negatively with BIS-11 scores but correlated positively with MoCA scores. In contrast, glutamate levels showed a positive correlation with BIS-11 scores but no significant correlation with MoCA scores.",31599080,vllm:mistral-7b-instruct-v0.3,high
pubmed,25456522,BIS-11 fMRI impulsivity,Obsessive-compulsivity and working memory are associated with differential prefrontal cortex and insula activation in adolescents with a recent diagnosis of an eating disorder.,2014,Psychiatry research,unknown,functional connectivity,impulsivity (general),eating disorder not otherwise specified (EDNOS),associated_with,higher,unclear,direct,0.7,EDNOS subjects had significantly higher scores on the BIS 11 scale.,25456522,vllm:mistral-7b-instruct-v0.3,high
pubmed,27329520,BIS-11 fMRI impulsivity,Larger corpus callosum and reduced orbitofrontal cortex homotopic connectivity in codeine cough syrup-dependent male adolescents and young adults.,2017,European radiology,unknown,functional connectivity,impulsivity (general),unknown,associated_with,unclear,,indirect,0.7,Impairment of VMHC was associated with the impulsive behaviour and correlated with the duration of CCS abuse in CCS-dependent male adolescents and young adults.,27329520,vllm:mistral-7b-instruct-v0.3,medium
pubmed,41612591,BIS-11 fMRI impulsivity,Hippocampal subfield differences in people with and without recreational ketamine use: Insights from multi-modal neuroimaging.,2026,"Addiction (Abingdon, England)",unknown,functional connectivity,impulsivity (general),unknown,associated_with,unclear,,indirect,0.6,"KUs showed reduced accuracy under higher working-memory load and KUs displayed reduced left hippocampal volume, most marked in the hippocampal-amygdaloid-transition-area.",41612591,vllm:mistral-7b-instruct-v0.3,medium
pubmed,26578922,BIS-11 fMRI impulsivity,Decreased modulation by the risk level on the brain activation during decision making in adolescents with internet gaming disorder.,2015,Frontiers in behavioral neuroscience,unknown,functional connectivity,impulsivity (general),internet gaming disorder,associated_with,lower,reduced sensitivity,direct,0.8,Reduced modulation of the risk level on the activation of the right dorsolateral prefrontal cortex (DLPFC) during the active BART was found in IGD group compared to the HCs.,26578922,vllm:mistral-7b-instruct-v0.3,high
pubmed,15637640,BIS-11 fMRI impulsivity,Reduced anterior corpus callosum white matter integrity is related to increased impulsivity and reduced discriminability in cocaine-dependent subjects: diffusion tensor imaging.,2005,Neuropsychopharmacology : official publication of the American College of Neuropsychopharmacology,unknown,structural connectivity,impulsivity (general),cocaine-dependent subjects,associated_with,higher,unclear,direct,0.8,Results of the DTI showed significantly reduced FA in the genu and rostral body of the anterior corpus callosum in cocaine-dependent subjects compared to controls.,15637640,vllm:mistral-7b-instruct-v0.3,high
pubmed,35754100,BIS-11 resting-state connectivity,Electrophysiological resting-state hyperconnectivity and poorer behavioural regulation as predisposing profiles of adolescent binge drinking.,2022,Addiction biology,unknown,functional connectivity,impulsivity (general),unknown,predicts,higher,unclear,direct,0.8,"They showed higher impulsivity, positively correlated with functional connectivity (FC).",35754100,vllm:mistral-7b-instruct-v0.3,high
pubmed,30123144,BIS-11 resting-state connectivity,Resting-State Activity of Prefrontal-Striatal Circuits in Internet Gaming Disorder: Changes With Cognitive Behavior Therapy and Predictors of Treatment Response.,2018,Frontiers in psychiatry,unknown,functional connectivity,impulsivity (general),Internet Gaming Disorder,associated_with,higher,regulation of abnormal low-frequency fluctuations,direct,0.8,"The HC group showed significantly increased FC values between the left medial OFC and the putamen compared with the IGD group, the FC values of IGD group were negatively associated with the BIS-11 scores before treatment.",30123144,vllm:mistral-7b-instruct-v0.3,high
pubmed,24286968,BIS-11 resting-state connectivity,Reduced ventral medial prefrontal cortex (vmPFC) volume and impaired vmPFC-default mode network integration in codeine-containing cough syrups users.,2014,Drug and alcohol dependence,unknown,functional connectivity,attentional impulsivity,unknown,associated_with,lower,unknown,direct,0.8,Significantly decreased GM volume was observed in CCS users in bilateral ventral medial prefrontal cortex (vmPFC) which was related to greater impulsivity in CCS users.,24286968,vllm:mistral-7b-instruct-v0.3,high
pubmed,41098388,impulsivity resting-state fMRI functional connectivity,Functional connectivity in resting-state fMRI (rs-fMRI) in opioid use disorder.,2025,The European physical journal. Special topics,unknown,functional connectivity,impulsivity (general),opioid use disorder,associated_with,unclear,,unclear,0.5,Our preliminary rs-fMRI findings reveal significant disruptions in functional connectivity in individuals with opioid addiction within DMN and SN networks involved in cognitive functions such as decision-making and impulse control.,41098388,vllm:mistral-7b-instruct-v0.3,medium
pubmed,41106487,impulsivity resting-state fMRI functional connectivity,Resting-state functional connectivity alterations in intermet gaming disorder: A fMRI study combining voxel-based morphometry meta-analysis.,2025,Brain research bulletin,unknown,functional connectivity,impulsivity (general),Internet gaming disorder,associated_with,unclear,,unclear,0.6,"Rs-FC analysis showed enhanced connectivity between the middle cingulate cortex and prefrontal, cingulate and Supplementary motor area in IGD, with functional connectivity values correlating with duration of illness; However, after correction, this correlation was not significant.",41106487,vllm:mistral-7b-instruct-v0.3,medium
pubmed,31473543,impulsivity resting-state fMRI functional connectivity,Resting-state fMRI dynamic functional network connectivity and associations with psychopathy traits.,2019,NeuroImage. Clinical,unknown,dynamic connectivity,impulsivity (general),psychopathy,associated_with,unclear,,indirect,0.7,Individuals with higher Factor 2 scores (impulsive and antisocial behaviors) showed more dynamism (changes to and from different states) than those with lower scores.,31473543,vllm:mistral-7b-instruct-v0.3,high
pubmed,31868249,impulsivity resting-state fMRI functional connectivity,Characterizing impulsivity and resting-state functional connectivity in normal-weight binge eaters.,2020,The International journal of eating disorders,unknown,functional connectivity,impulsivity (general),unknown,associated_with,unclear,,unclear,0.7,The BE group was characterized by a higher degree of trait impulsivity.,31868249,vllm:mistral-7b-instruct-v0.3,medium
pubmed,36911119,impulsivity resting-state fMRI functional connectivity,Executive control network resting state fMRI functional and effective connectivity and delay discounting in cocaine dependent subjects compared to healthy controls.,2023,Frontiers in psychiatry,unknown,functional connectivity,impulsivity (general),cocaine dependent subjects,associated_with,unclear,,unclear,0.7,"The relationship between impulsivity measured by delay discounting and functional and effective connectivity of the ECN, DMN, and SN was examined.",36911119,vllm:mistral-7b-instruct-v0.3,high
pubmed,39129375,impulsivity resting-state fMRI functional connectivity,Triple network resting-state functional connectivity patterns of alcohol heavy drinking.,2024,"Alcohol and alcoholism (Oxford, Oxfordshire)",unknown,functional connectivity,impulsivity (general),alcohol use disorder (AUD),associated_with,higher,unclear,indirect,0.5,"Connectivity in the left LPFC was correlated with monetary delay discounting (r=0.25, p=0.03).",39129375,vllm:mistral-7b-instruct-v0.3,medium
pubmed,23486959,impulsivity resting-state fMRI functional connectivity,Resting-state functional connectivity predicts impulsivity in economic decision-making.,2013,The Journal of neuroscience : the official journal of the Society for Neuroscience,unknown,functional connectivity,impulsivity (general),unknown,predicts,unclear,,direct,0.8,"We found that the resting-state functional connectivity of the brain regions in these networks was significantly correlated with participants' discounting rate, a behavioral index of impulsivity during the DDT.",23486959,vllm:mistral-7b-instruct-v0.3,high
pubmed,40800818,impulsivity resting-state fMRI functional connectivity,Functional cerebello-cortico-limbic connectivity in aggression: A resting-state 7T fMRI study in healthy volunteers.,2025,"Imaging neuroscience (Cambridge, Mass.)",unknown,functional connectivity,impulsivity (general),unknown,associated_with,higher,,direct,0.8,"Functional connectivity of the posterior vermis and FN with the hypothalamus, CMA, and left sgACC was significantly correlated with impulsivity and aggressive behaviour.",40800818,vllm:mistral-7b-instruct-v0.3,high
pubmed,28402539,impulsivity resting-state fMRI functional connectivity,Associating resting-state connectivity with trait impulsivity.,2017,Social cognitive and affective neuroscience,unknown,functional connectivity,impulsivity (general),unknown,associates_with,unclear,,direct,0.7,"Results demonstrate a novel correlation between BAS-fun seeking and resting-state connectivity between middle OFC and putamen, implying that spontaneous synchrony between reward-processing regions may play a role in defining personality characteristics related to impulsivity.",28402539,vllm:mistral-7b-instruct-v0.3,high
pubmed,37270396,impulsivity resting-state fMRI functional connectivity,Sleep mediates the effect of stressful environments on youth development of impulsivity: The moderating role of within default mode network resting-state functional connectivity.,2023,Sleep health,unknown,functional connectivity,impulsivity (general),unknown,associated_with,unclear,mediation,unclear,0.8,"Sleep problems, shorter sleep duration, and longer sleep latency significantly mediated the link between stressful environments and youth impulsivity.",37270396,vllm:mistral-7b-instruct-v0.3,high
pubmed,37759837,impulsivity resting-state fMRI functional connectivity,Task and Resting-State Functional Connectivity Predict Driving Violations.,2023,Brain sciences,unknown,functional connectivity,impulsivity (general),unknown,predicts,unclear,,unclear,0.6,"Conversely, neither impulsivity nor sensation-seeking was associated with functional connectivity.",37759837,vllm:mistral-7b-instruct-v0.3,medium
pubmed,34393836,impulsivity resting-state fMRI functional connectivity,The Association Between Resting State Functional Connectivity and the Trait of Impulsivity and Suicidal Ideation in Young Depressed Patients With Suicide Attempts.,2021,Frontiers in psychiatry,unknown,functional connectivity,impulsivity (general),major depressive disorder,associated_with,lower,unclear,direct,0.8,"The left prefrontal-parietal connectivity was associated with suicidal ideation and levels of impulsivity, but RSFC of the left prefrontal cortex with the rACC was correlated exclusively with impulsivity levels and was not related to suicidal ideation in the ATT group.",34393836,vllm:mistral-7b-instruct-v0.3,high
pubmed,38083173,impulsivity resting-state fMRI functional connectivity,Functional Connectivity Dynamics show Resting-State Instability and Rightward Parietal Dysfunction in ADHD.,2023,Annual International Conference of the IEEE Engineering in Medicine and Biology Society. IEEE Engineering in Medicine and Biology Society. Annual International Conference,unknown,functional connectivity,impulsivity (general),Attention Deficit/Hyperactivity Disorder (ADHD),associated_with,higher,,direct,0.8,"ADHD patients exhibited significantly higher variability in dFC than TD children in the cingulo-temporal, cingulo-parietal, fronto-temporal, and fronto-parietal networks.",38083173,vllm:mistral-7b-instruct-v0.3,high
pubmed,35621425,impulsivity resting-state fMRI functional connectivity,"Differentiating Individuals with and without Alcohol Use Disorder Using Resting-State fMRI Functional Connectivity of Reward Network, Neuropsychological Performance, and Impulsivity Measures.",2022,"Behavioral sciences (Basel, Switzerland)",unknown,functional connectivity,impulsivity (general),Alcohol Use Disorder,associated_with,higher,,unclear,0.8667,Individuals with AUD manifested significant differences in impulsivity and alterations in functional connectivity relative to controls.,35621425,vllm:mistral-7b-instruct-v0.3,high
pubmed,34289458,impulsivity resting-state fMRI functional connectivity,Resting state dynamic functional connectivity in children with attention deficit/hyperactivity disorder.,2021,Journal of neural engineering,unknown,dynamic connectivity,impulsivity (general),Attention deficit/hyperactivity disorder (ADHD),associated_with,unclear,unclear,unclear,0.7,Our results show distributed abnormalities in sFC and dFC between different large-scale RSNs including cortical and subcortical regions in both ADHD subtypes compared to TD.,34289458,vllm:mistral-7b-instruct-v0.3,high
pubmed,37526227,impulsivity resting-state fMRI functional connectivity,Gender-specific resting-state rDMPFC-centric functional connectivity underpinnings of intertemporal choice.,2023,"Cerebral cortex (New York, N.Y. : 1991)",unknown,functional connectivity,impulsivity (general),unknown,correlates_with,unclear,,direct,0.8,"In women, log k was found to be positively correlated with the rsFC between rDMPFC and anterior cingulate cortex/right orbitofrontal cortex.",37526227,vllm:mistral-7b-instruct-v0.3,high
pubmed,37673288,impulsivity resting-state fMRI functional connectivity,Resting-state functional magnetic resonance imaging alterations in borderline personality disorder: A systematic review.,2023,Journal of affective disorders,unknown,functional connectivity,impulsivity (general),borderline personality disorder,associated_with,unclear,,unclear,0.7,"In particular, resting-state functional magnetic resonance imaging (rs-fMRI) studies have recently suggested various connectivity alterations within and between large-scale brain networks in BPD.",37673288,vllm:mistral-7b-instruct-v0.3,high
pubmed,35225192,impulsivity resting-state fMRI functional connectivity,Dissociation of basolateral and central amygdala effective connectivity predicts the stability of emotion-related impulsivity in adolescents and emerging adults with borderline personality symptoms: a resting-state fMRI study.,2023,Psychological medicine,unknown,functional connectivity,impulsivity (general),borderline personality symptoms,predicts,unclear,,unclear,0.7,"In borderline adolescents and young adults, BLA may predominate over CeN activity, while in controls the ability of CeN to influence BLA activity predicted more rapid reductions in emotion-related impulsivity.",35225192,vllm:mistral-7b-instruct-v0.3,high
pubmed,31284029,impulsivity resting-state fMRI functional connectivity,Genetic contribution to the phenotypic correlation between trait impulsivity and resting-state functional connectivity of the amygdala and its subregions.,2019,NeuroImage,unknown,functional connectivity,impulsivity (general),unknown,associated_with,higher,,direct,0.8,Trait impulsivity was positively correlated with the rsFC between the left full amygdala and the right dorsolateral prefrontal cortex (DLPFC).,31284029,vllm:mistral-7b-instruct-v0.3,high
pubmed,30391836,impulsivity resting-state fMRI functional connectivity,Reward and executive control network resting-state functional connectivity is associated with impulsivity during reward-based decision making for cocaine users.,2019,Drug and alcohol dependence,unknown,functional connectivity,impulsivity (general),cocaine users,associated_with,unclear,,unclear,0.7,Higher impulsivity on the Balloon Analogue Risk Task (BART) was associated with inverse resting-state connectivity between the left cognitive control and subgenual anterior cingulate extended reward networks for cocaine users.,30391836,vllm:mistral-7b-instruct-v0.3,high
pubmed,30683074,impulsivity resting-state fMRI functional connectivity,Hyperactivity/restlessness is associated with increased functional connectivity in adults with ADHD: a dimensional analysis of resting state fMRI.,2019,BMC psychiatry,unknown,functional connectivity,impulsivity (general),ADHD,associated_with,higher,unclear,direct,1.0,"More severe hyperactivity was associated with increased functional connectivity in the left putamen, right caudate nucleus, right central operculum and a portion of the right postcentral gyrus within the auditory/sensorimotor network.",30683074,vllm:mistral-7b-instruct-v0.3,high
pubmed,33615095,impulsivity resting-state fMRI functional connectivity,Static and dynamic aspects of cerebro-cerebellar functional connectivity are associated with self-reported measures of impulsivity: A resting-state fMRI study.,2020,"Network neuroscience (Cambridge, Mass.)",unknown,functional connectivity,impulsivity (general),unknown,associated_with,unclear,,unclear,0.7,"We observed evidence linking BIS, BAS, sensation seeking, and lack of premeditation to the total strength and temporal variability of FC within networks connecting regions of the prefrontal cortex, precuneus, posterior cingulate cortex, basal ganglia, and thalamus with the cerebellum.",33615095,vllm:mistral-7b-instruct-v0.3,high
pubmed,29355588,impulsivity resting-state fMRI functional connectivity,Resting-state functional connectivity of neurotransmitter producing sites in female patients with borderline personality disorder.,2018,Progress in neuro-psychopharmacology & biological psychiatry,unknown,functional connectivity,motor impulsivity,borderline personality disorder,associated_with,higher,noradrenergic dysfunction in the neural inhibitory control network,direct,0.8,BPD patients showed stronger FC from the noradrenergic locus coeruleus (LC) to the ACC. Functional connectivity between the LC and ACC was positively associated with the degree of motor impulsivity in the total group.,29355588,vllm:mistral-7b-instruct-v0.3,high
pubmed,36799331,impulsivity resting-state fMRI functional connectivity,Alcohol-induced changes in mesostriatal resting-state functional connectivity are linked to sensation seeking in young adults.,2023,"Alcohol, clinical & experimental research",unknown,functional connectivity,unknown,unknown,associated_with,unclear,alcohol-induced,unclear,0.7,Young adults exhibiting smaller alcohol-induced decreases or increases in VTA-left caudate connectivity reported greater sensation seeking.,36799331,vllm:mistral-7b-instruct-v0.3,high
pubmed,36089824,impulsivity resting-state fMRI functional connectivity,Subgroups of internet gaming disorder based on addiction-related resting-state functional connectivity.,2023,"Addiction (Abingdon, England)",unknown,functional connectivity,impulsivity (general),internet gaming disorder,associated_with,unclear,,unclear,0.7,Two groups of subjects with IGD were identified and defined by distinct patterns of connectivity in brain networks previously implicated in addictions.,36089824,vllm:mistral-7b-instruct-v0.3,medium
pubmed,32948139,impulsivity resting-state fMRI functional connectivity,Aberrant functional connectivity in resting state networks of ADHD patients revealed by independent component analysis.,2020,BMC neuroscience,unknown,functional connectivity,impulsivity (general),ADHD,associated_with,lower,unclear,direct,0.8,Altered functional connectivity has been associated with ADHD symptoms.,32948139,vllm:mistral-7b-instruct-v0.3,high
pubmed,26825495,impulsivity resting-state fMRI functional connectivity,Characterising resting-state functional connectivity in a large sample of adults with ADHD.,2016,Progress in neuro-psychopharmacology & biological psychiatry,unknown,functional connectivity,impulsivity (general),ADHD,associated_with,unclear,,unclear,0.6,Patients showed significantly stronger connectivity in the anterior cingulate gyrus of the executive control network.,26825495,vllm:mistral-7b-instruct-v0.3,medium
pubmed,29040723,impulsivity resting-state fMRI functional connectivity,Resting-state functional connectivity in combat veterans suffering from impulsive aggression.,2017,Social cognitive and affective neuroscience,unknown,functional connectivity,impulsivity (general),combat veterans,associated_with,unclear,top-down regulation,direct,0.8,Impulsive aggression is common among military personnel after deployment and may arise because of impaired top-down regulation of the amygdala by prefrontal regions.,29040723,vllm:mistral-7b-instruct-v0.3,high
pubmed,40297839,impulsivity resting-state fMRI functional connectivity,"Hippocampus Functional Connectivity, Impulsivity, and Subsequent Substance Use.",2025,Journal of cellular neuroscience,unknown,functional connectivity,impulsivity (general),unknown,associated_with,unclear,,unclear,0.7,"Baseline brain-wide rsFC of the hippocampus mediates the relationship between impulsivity and subsequent substance use, specifically tobacco and marijuana use, in adolescents.",40297839,vllm:mistral-7b-instruct-v0.3,high
pubmed,30829454,impulsivity resting-state fMRI functional connectivity,Resting-state fMRI effective connectivity between the bed nucleus of the stria terminalis and amygdala nuclei.,2019,Human brain mapping,unknown,functional connectivity,unknown,unknown,associated_with,unclear,unknown,direct,0.7,"The bed nucleus of the stria terminalis (BNST) and the laterobasal nucleus (LB), centromedial nucleus (CM), and superficial nucleus (SF) of the amygdala form an interconnected dynamical system, whose combined activity mediates a variety of behavioral and autonomic responses in reaction to homeostatic challenges.",30829454,vllm:mistral-7b-instruct-v0.3,high
pubmed,29723554,impulsivity resting-state fMRI functional connectivity,Decreased resting-state BOLD regional homogeneity and the intrinsic functional connectivity within dorsal striatum is associated with greater impulsivity in food-related decision-making and BMI change at 6-month follow up.,2018,Appetite,unknown,functional connectivity,impulsivity (general),unknown,associated_with,lower,unclear,direct,0.8,"Greater impulsivity in food-related decision-making was inversely correlated with spontaneous regional homogeneity in the dorsal striatum (dorsal caudate), as well as the resting-state functional connectivity (rs-FC) between the dorsal caudate seed and the rostral putamen.",29723554,vllm:mistral-7b-instruct-v0.3,high
pubmed,33625381,impulsivity resting-state fMRI functional connectivity,Differences in resting-state functional connectivity according to the level of impulsiveness in patients with internet gaming disorder.,2021,Journal of behavioral addictions,unknown,functional connectivity,impulsivity (general),Internet gaming disorder,associated_with,unclear,unclear,unclear,0.7,"Connectivity of the vmPFC with the left temporo-parietal junction (TPJ) and NAcc-left insula connectivity were significantly decreased in the patients with high impulsivity, compared with the patients with low impulsivity and healthy controls.",33625381,vllm:mistral-7b-instruct-v0.3,high
pubmed,35193713,impulsivity resting-state fMRI functional connectivity,Enhanced resting-state EEG source functional connectivity within the default mode and reward-salience networks in internet gaming disorder.,2022,Psychological medicine,unknown,EEG connectivity,impulsivity (general),internet gaming disorder,associated_with,higher,unclear,direct,0.8,"Patients with IGD showed increased theta, alpha, and beta connectivity within the DMN between the orbitofrontal cortex and parietal regions compared with HCs.",35193713,vllm:mistral-7b-instruct-v0.3,high
pubmed,31640464,impulsivity resting-state fMRI functional connectivity,Resting-State fMRI Study of ADHD and Internet Gaming Disorder.,2021,Journal of attention disorders,unknown,functional connectivity,impulsivity (general),Attention Deficit Hyperactivity Disorder (ADHD) and Internet Gaming Disorder (IGD),associated_with,unclear,,unclear,0.7,The functional connectivity (FC) from the cortex to subcortex in both groups was decreased relative to that in age-matched healthy participants.,31640464,vllm:mistral-7b-instruct-v0.3,medium
pubmed,31611841,impulsivity resting-state fMRI functional connectivity,Altered Resting-State Functional Connectivity in Wernicke's Encephalopathy With Vestibular Impairment.,2019,Frontiers in neurology,unknown,functional connectivity,unknown,Wernicke's Encephalopathy,associated_with,unclear,,background,0.5,"Functional connections at the predefined seed regions, including the insular cortex and parietal operculum, were attenuated in the WE group compared to healthy controls.",31611841,vllm:mistral-7b-instruct-v0.3,medium
pubmed,25899520,impulsivity resting-state fMRI functional connectivity,Altered resting-state functional connectivity of the insula in young adults with Internet gaming disorder.,2016,Addiction biology,unknown,functional connectivity,impulsivity (general),Internet gaming disorder,associated_with,higher,unclear,direct,0.8,"In comparison with HCs, IGD subjects (IGDs) exhibited enhanced rsFC between the anterior insula and a network of regions including anterior cingulate cortex (ACC), putamen, angular gyrus, and precuneous.",25899520,vllm:mistral-7b-instruct-v0.3,high
pubmed,27394716,impulsivity resting-state fMRI functional connectivity,Double-dissociation between the mechanism leading to impulsivity and inattention in Attention Deficit Hyperactivity Disorder: A resting-state functional connectivity study.,2017,Cortex; a journal devoted to the study of the nervous system and behavior,unknown,functional connectivity,impulsivity (general),Attention Deficit Hyperactivity Disorder,associated_with,higher,unknown,direct,0.8,"We found a double dissociation of functional connectivity in the cortico-striatal and ventral attentional networks, reflecting the subtypes of the ADHD participants.",27394716,vllm:mistral-7b-instruct-v0.3,high
pubmed,30366001,impulsivity resting-state fMRI functional connectivity,Habenula-prefrontal resting-state connectivity in reactive aggressive men - A pilot study.,2019,Neuropharmacology,unknown,functional connectivity,impulsivity (general),intermittent-explosive disorder (IED),associated_with,unclear,,unclear,0.7,"In a pilot study, we used resting-state functional magnetic resonance imaging to investigate the effects of pronounced reactive aggression in men, exemplified by IED, on the functional organization of resting-state brain networks including subcortical nodes such as the habenula previously implicated in aggression in preclinical models.",30366001,vllm:mistral-7b-instruct-v0.3,high
pubmed,38521138,impulsivity resting-state fMRI functional connectivity,Large-scale network abnormality in behavioral addiction.,2024,Journal of affective disorders,unknown,functional connectivity,impulsivity (general),unknown,associated_with,unclear,,unclear,0.8,individuals with BAs exhibit hypo-connectivity within the fronto-parietal network (FN) and hypo- and hyper-connectivity within the ventral attention network (VAN),38521138,vllm:mistral-7b-instruct-v0.3,high
pubmed,34728230,impulsivity resting-state fMRI functional connectivity,Resting-state functional connectivity within orbitofrontal cortex and inferior frontal gyrus modulates the relationship between reflection level and risk-taking behavior in internet gaming disorder.,2022,Brain research bulletin,unknown,functional connectivity,impulsivity (general),internet gaming disorder,modulates,unclear,unknown,direct,0.8,"The mediation analyses revealed that, among IGD participants, the rsFC between OFC and IFG fully mediated the relationship between reflection level and risk-taking behavior.",34728230,vllm:mistral-7b-instruct-v0.3,high
pubmed,41257054,impulsivity resting-state fMRI functional connectivity,Ventral Attention Network Resting State Functional Connectivity: Psychosocial Correlates among US Adolescents.,2025,Journal of biomedical and life sciences,unknown,functional connectivity,impulsivity (general),unknown,correlates_with,unclear,,unclear,0.6,Greater VAN connectivity was negatively associated with impulsive reward-driven trait (drive).,41257054,vllm:mistral-7b-instruct-v0.3,high
pubmed,36963562,impulsivity resting-state fMRI functional connectivity,Youth Screen Media Activity Patterns and Associations With Behavioral Developmental Measures and Resting-state Brain Functional Connectivity.,2023,Journal of the American Academy of Child and Adolescent Psychiatry,unknown,functional connectivity,impulsivity (general),unknown,associated_with,higher,,unclear,0.8,"Compared with the lower-frequency SMA pattern group, the video-centric higher-frequency SMA pattern group showed higher impulsivity.",36963562,vllm:mistral-7b-instruct-v0.3,high
pubmed,24818075,impulsivity resting-state fMRI functional connectivity,Altered resting-state functional connectivity in patients with chronic bilateral vestibular failure.,2014,NeuroImage. Clinical,unknown,functional connectivity,unknown,chronic bilateral vestibular failure,associated_with,unclear,unknown,indirect,0.6,BVF patients showed lower bilateral connectivity in the posterior insula and parietal operculum but higher connectivity in the posterior cerebellum compared to controls.,24818075,vllm:mistral-7b-instruct-v0.3,high
pubmed,38889552,impulsivity resting-state fMRI functional connectivity,"Disrupted dynamic brain functional connectivity in male cocaine use disorder: Hyperconnectivity, strongly-connected state tendency, and links to impulsivity and borderline traits.",2024,Journal of psychiatric research,unknown,dynamic connectivity,impulsivity (general),cocaine use disorder,associated_with,higher,unclear,direct,0.8,Our analysis revealed abnormal FC patterns that are state-dependent and state-shared in CUD patients.,38889552,vllm:mistral-7b-instruct-v0.3,high
pubmed,37131072,impulsivity resting-state fMRI functional connectivity,The functional connectome in obsessive-compulsive disorder: resting-state mega-analysis and machine learning classification for the ENIGMA-OCD consortium.,2023,Molecular psychiatry,unknown,functional connectivity,unknown,obsessive-compulsive disorder,associated_with,unclear,,unclear,0.5,"Current knowledge about functional connectivity in obsessive-compulsive disorder (OCD) is based on small-scale studies, limiting the generalizability of results.",37131072,vllm:mistral-7b-instruct-v0.3,medium
pubmed,39424632,impulsivity resting-state fMRI functional connectivity,Enhanced ADHD classification through deep learning and dynamic resting state fMRI analysis.,2024,Scientific reports,unknown,dynamic connectivity,impulsivity (general),Attention Deficit Hyperactivity Disorder (ADHD),associated_with,unclear,,unclear,0.8,Resting-state functional connectivity analysis has emerged as a promising approach for ADHD classification using resting-state functional magnetic resonance imaging (rs-fMRI),39424632,vllm:mistral-7b-instruct-v0.3,high
pubmed,26311395,impulsivity resting-state fMRI functional connectivity,Abnormal prefrontal cortex resting state functional connectivity and severity of internet gaming disorder.,2016,Brain imaging and behavior,unknown,functional connectivity,impulsivity (general),Internet Gaming Disorder,associated_with,lower,decreased functional connectivity,direct,0.8,"IGD subjects showed decreased functional connectivity between several cortical regions and our seeds, including the insula, and temporal and occipital cortices.",26311395,vllm:mistral-7b-instruct-v0.3,high
pubmed,40766121,impulsivity resting-state fMRI functional connectivity,Resting-state functional connectivity alterations in obsessive-compulsive disorder: relationships between connectivity and clinical profiles in the Global OCD study.,2025,medRxiv : the preprint server for health sciences,unknown,functional connectivity,unknown,obsessive-compulsive disorder,associated_with,lower,,unclear,0.7,"Seed-based analysis showed weaker FC between the nucleus accumbens and left cerebellum in OCD versus HC, while NBS revealed a network of widespread hypoconnectivity spanning 249 regions.",40766121,vllm:mistral-7b-instruct-v0.3,high
pubmed,34272398,impulsivity resting-state fMRI functional connectivity,Abnormal interhemispheric resting state functional connectivity in Parkinson's disease patients with impulse control disorders.,2021,NPJ Parkinson's disease,unknown,functional connectivity,impulsivity (general),Parkinson's disease,associated_with,lower,reduced VMHC values,direct,0.8,PD-ICD group demonstrated reduced VMHC values in middle frontal gyrus (MFG).,34272398,vllm:mistral-7b-instruct-v0.3,high
pubmed,35091540,impulsivity resting-state fMRI functional connectivity,Brain network dysfunctions in addiction: a meta-analysis of resting-state functional connectivity.,2022,Translational psychiatry,unknown,functional connectivity,unknown,substance use disorder (SUD) and behavioral addictions (BA),associated_with,higher,unclear,direct,0.8,"Data from fifty-two studies showed that SUD was associated with putamen, caudate and middle frontal gyrus hyperconnectivity relative to healthy controls.",35091540,vllm:mistral-7b-instruct-v0.3,high
pubmed,31500674,impulsivity resting-state fMRI functional connectivity,Impairments of large-scale functional networks in attention-deficit/hyperactivity disorder: a meta-analysis of resting-state functional connectivity.,2019,Psychological medicine,unknown,functional connectivity,impulsivity (general),attention-deficit/hyperactivity disorder (ADHD),associated_with,unclear,,unclear,0.7,Altered resting-state functional connectivity (rsFC) has been noted in large-scale functional networks in attention-deficit/hyperactivity disorder (ADHD).,31500674,vllm:mistral-7b-instruct-v0.3,high
pubmed,35710854,impulsivity resting-state fMRI functional connectivity,Resting-state functional connectivity and socioemotional processes in male perpetrators of intimate partner violence against women.,2022,Scientific reports,unknown,functional connectivity,impulsivity (general),unknown,associated_with,higher,unclear,direct,0.7,"Male perpetrators in comparison to other offenders and non-offenders, presented higher rsFC between prefrontal, limbic, brainstem, temporal and basal ganglia areas.",35710854,vllm:mistral-7b-instruct-v0.3,high
pubmed,33229018,impulsivity resting-state fMRI functional connectivity,Impaired cortico-striatal functional connectivity is related to trait impulsivity in unmedicated patients with obsessive-compulsive disorder.,2021,Journal of affective disorders,unknown,functional connectivity,attentional impulsivity,obsessive-compulsive disorder,associated_with,unclear,,unclear,0.7,"The putamen-DLPFC connectivity was negatively correlated with attentional impulsivity in the OCD group, but showed a positive correlation in HCs.",33229018,vllm:mistral-7b-instruct-v0.3,high
pubmed,34425489,impulsivity resting-state fMRI functional connectivity,Prospective study on resting state functional connectivity in adolescents with major depressive disorder after antidepressant treatment.,2021,Journal of psychiatric research,unknown,functional connectivity,impulsivity (general),major depressive disorder,associated_with,unclear,,unclear,0.7,The positive rsFC between the right DLPFC and the left putamen/right frontal operculum were shown to be higher in patients than in the controls.,34425489,vllm:mistral-7b-instruct-v0.3,high
pubmed,21406160,impulsivity resting-state fMRI functional connectivity,Aberrant connectivity of resting-state networks in borderline personality disorder.,2011,Journal of psychiatry & neuroscience : JPN,unknown,functional connectivity,impulsivity (general),borderline personality disorder,associated_with,unclear,,direct,0.8,"There were 17 women with BPD and 17 female healthy controls enrolled in this study. Within a network comprising cortical midline regions ('default mode network'), patients with BPD showed an increase in functional connectivity in the left frontopolar cortex (FPC) and the left insula, whereas decreased connectivity was found in the left cuneus.",21406160,vllm:mistral-7b-instruct-v0.3,high
pubmed,39446154,impulsivity resting-state fMRI functional connectivity,Functional connectivity density of brain in children with primary nocturnal enuresis: results from a resting-state fMRI study.,2025,European child & adolescent psychiatry,unknown,functional connectivity,impulsivity (general),primary nocturnal enuresis,associated_with,unclear,,unclear,0.7,Decreased gFCD and lFCD were found in the left temporal lobe and the right posterior cerebellum in the children with PNE compared with the HC. The FCD values in these regions were negatively correlated with the scores of hyperactivity/impulsivity in the children with PNE.,39446154,vllm:mistral-7b-instruct-v0.3,high
pubmed,21709236,impulsivity resting-state fMRI functional connectivity,Premotor functional connectivity predicts impulsivity in juvenile offenders.,2011,Proceedings of the National Academy of Sciences of the United States of America,unknown,functional connectivity,impulsivity (general),unknown,predicts,higher,,direct,1.0,"In less-impulsive juveniles and normal controls, motor planning regions were correlated with brain networks associated with spatial attention and executive control. In more-impulsive juveniles, these same regions correlated with the default-mode network.",21709236,vllm:mistral-7b-instruct-v0.3,high
pubmed,32912593,impulsivity resting-state fMRI functional connectivity,Resting-state functional connectivity in drug-naive pediatric patients with Tourette syndrome and obsessive-compulsive disorder.,2020,Journal of psychiatric research,unknown,functional connectivity,impulsivity (general),Tourette syndrome and obsessive-compulsive disorder,associated_with,higher,,unclear,0.7,"TS and TS + OCD patients showed higher FC in the BGN, SMN, CBN and DMN and lower FC in the FPN and SAN.",32912593,vllm:mistral-7b-instruct-v0.3,high
pubmed,37423204,impulsivity resting-state fMRI functional connectivity,The Moderating Role of Sex in the Relation between Cue-Induced Craving and Resting-State Functional Connectivity in the Salience Network of Non-Clinically Diagnosed Drinkers.,2023,European addiction research,unknown,unknown,unknown,unknown,unknown,unclear,,background,0.0,The association between the salience network and cue-induced craving was not statistically significant.,37423204,vllm:mistral-7b-instruct-v0.3,low
pubmed,24834038,impulsivity resting-state fMRI functional connectivity,Brain functional connectivity changes in children that differ in impulsivity temperamental trait.,2014,Frontiers in behavioral neuroscience,unknown,functional connectivity,impulsivity (general),unknown,associated_with,unclear,,direct,0.8,"We related brain functional connectivity of typically developing children, measured with magnetic resonance imaging at rest, with their impulsivity scores obtained from a questionnaire completed by their parents.",24834038,vllm:mistral-7b-instruct-v0.3,high
pubmed,31898088,impulsivity resting-state fMRI functional connectivity,Sex-specific effects of cigarette smoking on caudate and amygdala volume and resting-state functional connectivity.,2021,Brain imaging and behavior,unknown,functional connectivity,impulsivity (general),unknown,associated_with,unclear,,unclear,0.7,The rsFC of the right amygala-OFC circuit was negatively associated with the craving score in male but not female smokers.,31898088,vllm:mistral-7b-instruct-v0.3,high
pubmed,26769234,impulsivity resting-state fMRI functional connectivity,"Frontostriatal circuits, resting state functional connectivity and cognitive control in internet gaming disorder.",2017,Addiction biology,unknown,functional connectivity,unknown,internet gaming disorder,associated_with,unclear,,unclear,0.7,"In IGD subjects, we demonstrated an increased volume of right caudate and nucleus accumbens (NAc) as well as reduced RSFC strength of dorsal prefrontal cortex (DLPFC)-caudate and orbitofrontal cortex (OFC)-NAc.",26769234,vllm:mistral-7b-instruct-v0.3,high
pubmed,26863028,impulsivity resting-state fMRI functional connectivity,Altered Functional Connectivity of the Insula and Nucleus Accumbens in Internet Gaming Disorder: A Resting State fMRI Study.,2016,European addiction research,unknown,functional connectivity,impulsivity (general),Internet Gaming Disorder,associated_with,higher,unclear,direct,0.8,The elevated inter-hemispheric insula FC is found to be associated with impulsivity and might explain why it is involved in IGD.,26863028,vllm:mistral-7b-instruct-v0.3,high
pubmed,40800313,impulsivity resting-state fMRI functional connectivity,"Charting the brain networks of impulsivity: Meta-analytic synthesis, functional connectivity modelling, and neurotransmitter associations.",2024,"Imaging neuroscience (Cambridge, Mass.)",unknown,functional connectivity,impulsivity (general),unknown,associated_with,unclear,,unclear,0.8,"Resting-state functional connectivity revealed the two systems were organised into four specialised communities of default-mode, cingulo-insular, fronto-parietal, and temporal regions.",40800313,vllm:mistral-7b-instruct-v0.3,high
pubmed,26767373,impulsivity resting-state fMRI functional connectivity,Serotonergic modulation of resting state default mode network connectivity in healthy women.,2016,Amino acids,unknown,functional connectivity,impulsivity (general),unknown,associated_with,unclear,serotonergic modulation,direct,0.8,Altered DMN connectivity has been linked to diminished cerebral serotonin synthesis.,26767373,vllm:mistral-7b-instruct-v0.3,high
pubmed,41092314,impulsivity resting-state fMRI functional connectivity,Time-varying brain state dynamics in trait impulsivity and anxiety: An HSMM analysis of resting-state fMRI.,2025,Social cognitive and affective neuroscience,unknown,dynamic connectivity,impulsivity (general),unknown,associated_with,unclear,,indirect,0.7,"The HI group spent more time in a state with an inverse pattern between the default mode network and the salience/ventral attention network, with anticorrelated connectivity and opposing activation, compared with the HA and HIHA groups.",41092314,vllm:mistral-7b-instruct-v0.3,high
pubmed,29926324,impulsivity resting-state fMRI functional connectivity,12-h abstinence-induced functional connectivity density changes and craving in young smokers: a resting-state study.,2019,Brain imaging and behavior,unknown,functional connectivity,nonplanning impulsivity,smoking addiction,associated_with,higher,unclear,direct,0.8,"We found young adult smokers in abstinence state (vs satiety) had higher local functional connectivity density (lFCD) and global functional connectivity density (gFCD) in brain regions including striatal subregions (i.e., bilateral caudate and putamen), frontal regions (i.e., anterior cingulate cortex (ACC) and orbital frontal cortex (OFC)) and bilateral insula.",29926324,vllm:mistral-7b-instruct-v0.3,high
pubmed,33434637,impulsivity resting-state fMRI functional connectivity,Large-scale network dysfunction in youths with Internet gaming disorder: a meta-analysis of resting-state functional connectivity studies.,2021,Progress in neuro-psychopharmacology & biological psychiatry,unknown,functional connectivity,impulsivity (general),Internet gaming disorder,associated_with,unclear,,unclear,0.7,Individuals with IGD show large-scale functional network alteration which underpins their core symptoms including impaired executive control.,33434637,vllm:mistral-7b-instruct-v0.3,high
pubmed,25727574,impulsivity resting-state fMRI functional connectivity,Abnormal gray matter volume and resting-state functional connectivity in former heroin-dependent individuals abstinent for multiple years.,2016,Addiction biology,unknown,functional connectivity,impulsivity (general),unknown,associated_with,unclear,,indirect,0.7,The altered functional connectivity was correlated with self-reported impulsivity scores in the FHD subjects.,25727574,vllm:mistral-7b-instruct-v0.3,high
pubmed,25506057,impulsivity resting-state fMRI functional connectivity,Different resting-state functional connectivity alterations in smokers and nonsmokers with Internet gaming addiction.,2014,BioMed research international,unknown,functional connectivity,unknown,Internet gaming addiction,associated_with,unclear,,unclear,0.7,This study investigated changes in resting-state functional connectivity (rsFC) of posterior cingulate cortex (PCC) in smokers and nonsmokers with Internet gaming addiction (IGA).,25506057,vllm:mistral-7b-instruct-v0.3,high
pubmed,23968837,impulsivity resting-state fMRI functional connectivity,Resting-state striato-frontal functional connectivity is sensitive to DAT1 genotype and predicts executive function.,2015,"Cerebral cortex (New York, N.Y. : 1991)",unknown,functional connectivity,impulsivity (general),unknown,predicts,unclear,,direct,0.8,"We found that stronger DC-seeded connectivity predicted superior N-back working memory performance, while stronger ventral striatum-seeded connectivity predicted reduced impulsivity in everyday life.",23968837,vllm:mistral-7b-instruct-v0.3,high
pubmed,34606774,impulsivity resting-state fMRI functional connectivity,Resting state predicts neural activity during reward-guided decision making: An fMRI study on Balloon Analogue Risk Task.,2022,Behavioural brain research,unknown,functional connectivity,impulsivity (general),unknown,predicts,unclear,,direct,0.8,"In our previous work [8], we have shown that resting state (RS) functional connectivity metrics are significantly related with behavioural performance at Balloon Analogue Risk Task (BART).",34606774,vllm:mistral-7b-instruct-v0.3,high
pubmed,36899209,impulsivity resting-state fMRI functional connectivity,Internet addiction-induced brain structure and function alterations: a systematic review and meta-analysis of voxel-based morphometry and resting-state functional connectivity studies.,2023,Brain imaging and behavior,unknown,functional connectivity,impulsivity (general),unknown,associated_with,unclear,,unclear,0.6,"These changes may underlie the core symptoms of IA, which include emotional regulation disorder, distraction, and impaired executive control.",36899209,vllm:mistral-7b-instruct-v0.3,medium
pubmed,40230597,impulsivity resting-state fMRI functional connectivity,"Resting-State Sensory-Motor Connectivity between Hand and Mouth as a Neural Marker of Socioeconomic Disadvantage, Psychosocial Stress, Cognitive Difficulties, Impulsivity, Depression, and Substance Use in Children.",2025,Journal of cellular neuroscience,unknown,functional connectivity,impulsivity (general),unknown,associated_with,higher,,unclear,0.7,Higher rsFC between the sensory-motor mouth and hand regions was linked to greater impulsivity.,40230597,vllm:mistral-7b-instruct-v0.3,high
pubmed,39054810,impulsivity resting-state fMRI functional connectivity,Food insecurity and adolescent impulsivity: The mediating role of functional connectivity in the context of family flexibility.,2024,Developmental science,unknown,functional connectivity,impulsivity (general),unknown,associated_with,higher,unclear,direct,0.8,High left anterior insula and left middle frontal gyrus connectivity was associated with increased impulsivity 1 year later.,39054810,vllm:mistral-7b-instruct-v0.3,high
pubmed,31553999,impulsivity resting-state fMRI functional connectivity,Amygdala Resting State Connectivity Differences between Bipolar II and Borderline Personality Disorders.,2019,Neuropsychobiology,unknown,functional connectivity,impulsivity (general),unknown,associated_with,unclear,,unclear,0.6,"BPD participants reported significantly higher levels of impulsivity, ... Lower amygdala-middle frontal gyrus RSFC was associated with greater impulsivity.",31553999,vllm:mistral-7b-instruct-v0.3,medium
pubmed,38847535,impulsivity resting-state fMRI functional connectivity,The mediating role of trait impulsivity in the relation between cue-induced craving and functional connectivity within the salience network among abstinent patients with methamphetamine use disorder.,2024,"Cerebral cortex (New York, N.Y. : 1991)",unknown,functional connectivity,impulsivity (general),methamphetamine use disorder,associated_with,unclear,,unclear,0.7,Impulsivity was positively correlated with FC within the SN and played a completely mediating role between METH craving and FC within the SN in MUDs.,38847535,vllm:mistral-7b-instruct-v0.3,high
pubmed,32815053,impulsivity resting-state fMRI functional connectivity,Dissociable fronto-striatal functional networks predict choice impulsivity.,2020,Brain structure & function,unknown,functional connectivity,impulsivity (general),unknown,predicts,unclear,,direct,1.0,The present study aimed to explore the predictions of dissociable frontal-striatal functional connectivity on choice impulsivity.,32815053,vllm:mistral-7b-instruct-v0.3,high
pubmed,27814639,impulsivity resting-state fMRI functional connectivity,Dopamine homeostasis: brain functional connectivity in reward deficiency syndrome.,2017,Frontiers in bioscience (Landmark edition),unknown,functional connectivity,unknown,unknown,associated_with,unclear,dysregulated,background,0.6,"A growing number of studies are helping to determine the putative roles of dopamine and glutamatergic neurotransmission in the regulation of activity in resting state networks, particularly in brain reward circuitry affected in drug use disorders.",27814639,vllm:mistral-7b-instruct-v0.3,medium
pubmed,37887440,impulsivity resting-state fMRI functional connectivity,"Neurophysiological, Neuroimaging, and Neuropsychological Predictors of Human Alcoholism and Risk.",2023,"Behavioral sciences (Basel, Switzerland)",unknown,functional connectivity,impulsivity (general),alcohol use disorder (AUD),associated_with,unclear,unclear,unclear,0.5,This Special Issue was launched to invite research and review articles that explore the utility of these neural measures to determine the effects of alcohol use on brain structure and function and/or to predict risk for developing AUD.,37887440,vllm:mistral-7b-instruct-v0.3,medium
pubmed,38334691,impulsivity resting-state fMRI functional connectivity,Connectome-based predictive modeling of Internet addiction symptomatology.,2024,Social cognitive and affective neuroscience,unknown,functional connectivity,unknown,unknown,predicts,unclear,,direct,0.8,IAS could be predicted by the functional connectivity between prefrontal cortex with the cerebellum and limbic lobe and connections of the occipital lobe with the limbic lobe and insula lobe.,38334691,vllm:mistral-7b-instruct-v0.3,high
pubmed,37331972,impulsivity resting-state fMRI functional connectivity,Altered intrinsic functional network connectivity is associated with impulsivity and emotion dysregulation in drug-naïve young patients with borderline personality disorder.,2023,Borderline personality disorder and emotion dysregulation,unknown,functional connectivity,attentional impulsivity,borderline personality disorder,associated_with,lower,unclear,direct,0.8,Intra-network FC of right angular gyrus in the anterior DMN was significantly negatively correlated with attention impulsivity in BPD.,37331972,vllm:mistral-7b-instruct-v0.3,high
pubmed,35134490,impulsivity resting-state fMRI functional connectivity,Abnormal Anatomical and Functional Connectivity of the Thalamo-sensorimotor Circuit in Chronic Low Back Pain: Resting-state Functional Magnetic Resonance Imaging and Diffusion Tensor Imaging Study.,2022,Neuroscience,unknown,functional connectivity,unknown,chronic low back pain,associated_with,unclear,,unclear,0.7,There was significantly altered resting-state functional connectivity (rsFC) of bilateral thalamo-motor/somatosensory pathways in patients with cLBP as compared to healthy controls.,35134490,vllm:mistral-7b-instruct-v0.3,high
pubmed,24793833,impulsivity resting-state fMRI functional connectivity,Bipolar and borderline patients display differential patterns of functional connectivity among resting state networks.,2014,NeuroImage,unknown,functional connectivity,impulsivity (general),unknown,associated_with,unclear,,unclear,0.7,Impaired functional network connectivity displayed an association with impulsivity in BPD.,24793833,vllm:mistral-7b-instruct-v0.3,high
pubmed,31880365,impulsivity resting-state fMRI functional connectivity,Amisulpride and l-DOPA modulate subcortical brain nuclei connectivity in resting-state pharmacologic magnetic resonance imaging.,2020,Human brain mapping,unknown,functional connectivity,impulsivity (general),unknown,modulates,unclear,dopamine-boost,unclear,0.7,"In an exploratory analysis, we demonstrated that higher self-rated impulsivity goes together with a significant increase in VTA-mid-cingulate gyrus FC during l -DOPA-challenge.",31880365,vllm:mistral-7b-instruct-v0.3,high
pubmed,36971664,impulsivity resting-state fMRI functional connectivity,Identifying individuals with attention-deficit/hyperactivity disorder based on multisite resting-state functional magnetic resonance imaging: A radiomics analysis.,2023,Human brain mapping,unknown,BOLD variability,impulsivity (general),diagnosis of ADHD,associated_with,unclear,,unclear,0.7,Our findings demonstrate that radiomics can be a novel strategy for fully utilizing rs-fMRI information to distinguish ADHD from healthy controls.,36971664,vllm:mistral-7b-instruct-v0.3,high
pubmed,37874642,impulsivity resting-state fMRI functional connectivity,Alterations in voxel based morphometry and resting state functional connectivity in men with compulsive sexual behavior disorder in the Sex@Brain study.,2023,Journal of behavioral addictions,unknown,functional connectivity,impulsivity (general),Compulsive Sexual Behavior Disorder,associated_with,unclear,,indirect,0.7,Lower connectivity between mOFC and gyrus rectus in CSBD may support the assumption that sexual stimuli are evaluated more positively because inhibition is decreased.,37874642,vllm:mistral-7b-instruct-v0.3,medium
pubmed,30108525,impulsivity resting-state fMRI functional connectivity,"Borderline Personality Disorder With Cocaine Dependence: Impulsivity, Emotional Dysregulation and Amygdala Functional Connectivity.",2018,Frontiers in psychiatry,unknown,functional connectivity,impulsivity (general),dual pathology (Borderline Personality Disorder and Cocaine Dependence),correlates_with,unclear,,unclear,0.7,"We found that clinical scores of dual pathology patients were closer to those of borderline personality disorder without cocaine dependence than to those of cocaine dependence without borderline personality disorder, while amygdala-medial prefrontal cortex functional connectivity patterns in dual pathology patients were closer to healthy controls than expected.",30108525,vllm:mistral-7b-instruct-v0.3,high
pubmed,37575566,impulsivity resting-state fMRI functional connectivity,Preliminary evidence for changes in frontoparietal network connectivity in the early abstinence period in alcohol use disorder: a longitudinal resting-state functional magnetic resonance imaging study.,2023,Frontiers in psychiatry,unknown,functional connectivity,impulsivity (general),alcohol use disorder,associated_with,unclear,,unclear,0.5,"The AUD patients showed a trend for a negative association between the change in left FPN connectivity and delay discounting (rs=-0.283, p=0.089) (uncorrected for multiple comparisons).",37575566,vllm:mistral-7b-instruct-v0.3,medium
pubmed,41888807,impulsivity resting-state fMRI functional connectivity,Risk classification of internet gaming disorder based on neurobiological subtyping from impulsivity-linked resting-state functional connectivity: a longitudinal design study.,2026,BMC medicine,unknown,functional connectivity,impulsivity (general),Internet gaming disorder,associated_with,unclear,,unclear,0.8,Impulsivity is a central vulnerability factor for IGD that may provide informative biomarkers.,41888807,vllm:mistral-7b-instruct-v0.3,high
pubmed,29277650,impulsivity resting-state fMRI functional connectivity,"Macroscale variation in resting-state neuronal activity and connectivity assessed by simultaneous calcium imaging, hemodynamic imaging and electrophysiology.",2018,NeuroImage,unknown,functional connectivity,unknown,unknown,associated_with,unclear,,background,0.5,"We found that this relationship varied across brain regions in a way that is consistent across animals, with delays increasing by600 ms towards posterior cortical regions.",29277650,vllm:mistral-7b-instruct-v0.3,medium
pubmed,33037577,impulsivity resting-state fMRI functional connectivity,Identification of internet gaming disorder individuals based on ventral tegmental area resting-state functional connectivity.,2021,Brain imaging and behavior,unknown,functional connectivity,unknown,clinical diagnosis,associated_with,unclear,abnormalities in the mesolimbic dopamine system,unclear,0.8,"IGD is associated with abnormalities in the mesolimbic dopamine system. As the key nodes of the DA pathways, ventral tegmental area (VTA) and substantia nigra (SN) and their connected brain regions may serve as potential markers to identify IGD.",33037577,vllm:mistral-7b-instruct-v0.3,high
pubmed,29636704,impulsivity resting-state fMRI functional connectivity,Altered Gray Matter Volume and Resting-State Connectivity in Individuals With Internet Gaming Disorder: A Voxel-Based Morphometry and Resting-State Functional Magnetic Resonance Imaging Study.,2018,Frontiers in psychiatry,unknown,functional connectivity,impulsivity (general),Internet Gaming Disorder,associated_with,unclear,,unclear,0.7,The results show that IGD severity was positively correlated with GM volume in the left caudate and negatively associated with functional connectivity between the left caudate and the right middle frontal gyrus.,29636704,vllm:mistral-7b-instruct-v0.3,medium
pubmed,25757797,impulsivity resting-state fMRI functional connectivity,Differential relations between juvenile psychopathic traits and resting state network connectivity.,2015,Human brain mapping,unknown,functional connectivity,impulsivity (general),unknown,associated_with,unclear,,unclear,0.7,Impulsive-irresponsible traits were associated with altered connectivity patterns in the frontoparietal cognitive control networks.,25757797,vllm:mistral-7b-instruct-v0.3,high
pubmed,28377176,impulsivity resting-state fMRI functional connectivity,Short- and long-range functional connectivity density alterations in adolescents with pure conduct disorder at resting-state.,2017,Neuroscience,unknown,functional connectivity,impulsivity (general),conduct disorder,associated_with,higher,,direct,0.8,"Increased short-range FCD values in the bilateral PCC, the bilateral PCUN, and increased long-range FCD values in the left MCC showed significant correlations with the impulsivity.",28377176,vllm:mistral-7b-instruct-v0.3,high
pubmed,32113043,impulsivity resting-state fMRI functional connectivity,Brain functional connectome-based prediction of individual decision impulsivity.,2020,Cortex; a journal devoted to the study of the nervous system and behavior,unknown,functional connectivity,impulsivity (general),unknown,predicts,unclear,,direct,1.0,We found that CPM successfully and reliably predicted the delay discounting scores in novel individuals.,32113043,vllm:mistral-7b-instruct-v0.3,high
pubmed,37505987,impulsivity resting-state fMRI functional connectivity,Abnormal structural alterations and disrupted functional connectivity in behavioral addiction: A meta-analysis of VBM and fMRI studies.,2023,Journal of behavioral addictions,unknown,functional connectivity,impulsivity (general),behavioral addiction,associated_with,unclear,unclear,unclear,0.7,"rs-FC findings illustrated that BA were characterized as abnormal networks in response to inhibition, salience attribution, self-referential mental process, and reward-driven behaviors.",37505987,vllm:mistral-7b-instruct-v0.3,high
pubmed,25738502,impulsivity resting-state fMRI functional connectivity,Decreased prefrontal lobe interhemispheric functional connectivity in adolescents with internet gaming disorder: a primary study using resting-state FMRI.,2015,PloS one,unknown,functional connectivity,impulsivity (general),Internet gaming disorder,associated_with,lower,,direct,0.8,"Compared to healthy controls, IGD participants showed decreased VMHC between the left and right superior frontal gyrus (orbital part), inferior frontal gyrus (orbital part), middle frontal gyrus and superior frontal gyrus.",25738502,vllm:mistral-7b-instruct-v0.3,high
pubmed,27252633,impulsivity resting-state fMRI functional connectivity,Reduced Functional Connectivity within the Mesocorticolimbic System in Substance Use Disorders: An fMRI Study of Puerto Rican Young Adults.,2016,Frontiers in behavioral neuroscience,unknown,functional connectivity,impulsivity (general),Substance Use Disorders,associated_with,lower,potentially by chronically promoting reward seeking behaviors,direct,0.8,Individuals with SUD had decreased connectivity between the nucleus accumbens (NAcc) and several regions within the MCLS.,27252633,vllm:mistral-7b-instruct-v0.3,high
pubmed,40722851,impulsivity resting-state fMRI functional connectivity,Understanding the Borderline Brain: A Review of Neurobiological Findings in Borderline Personality Disorder (BPD).,2025,Biomedicines,unknown,functional connectivity,impulsivity (general),Borderline Personality Disorder (BPD),associated_with,unclear,,unclear,0.7,"Evidence from 112 studies published up to 2025 is synthesized, encompassing functional MRI, ... Consistent disruptions are observed across the prefrontal-amygdala circuitry, the default mode network (DMN), and mentalization-related regions.",40722851,vllm:mistral-7b-instruct-v0.3,medium
pubmed,27341655,impulsivity resting-state fMRI functional connectivity,Intrinsic brain network abnormalities in codeine-containing cough syrup-dependent male individuals revealed in resting-state fMRI.,2017,Journal of magnetic resonance imaging : JMRI,unknown,functional connectivity,unknown,unknown,associated_with,unclear,,unclear,0.7,"Intrinsic network FC also correlated with higher impulsivity in CCS-dependent individuals (P < 0.05, AlphaSim corrected).",27341655,vllm:mistral-7b-instruct-v0.3,high
pubmed,33047425,impulsivity resting-state fMRI functional connectivity,Resting-state connectome-based support-vector-machine predictive modeling of internet gaming disorder.,2021,Addiction biology,unknown,functional connectivity,unknown,unknown,predicts,unclear,,direct,0.6,"The modified CPM was conducted with respect to classification and regression. A comparison of whole-brain and network-based analyses showed that the default-mode network (DMN) is the most informative network in predicting IGD both in classification (individual identification accuracy = 78.76%) and regression (correspondence between predicted and actual psychometric scale score: r = 0.44, P < 0.001).",33047425,vllm:mistral-7b-instruct-v0.3,high
pubmed,24746086,impulsivity resting-state fMRI functional connectivity,[Functional connectivity of temporal parietal junction in online game addicts:a resting-state functional magnetic resonance imaging study].,2014,Zhonghua yi xue za zhi,unknown,functional connectivity,impulsivity (general),online game addiction,associated_with,unclear,,indirect,0.7,"Compared with the controls, right TPJ in online game addicts showed decreased functional connectivity with bilateral ventromedial prefrontal cortex (VMPFC), bilateral hippocampal gyrus and bilateral amygdaloid nucleus, but increased functional connectivity with right cuneus.",24746086,vllm:mistral-7b-instruct-v0.3,medium
pubmed,36963236,impulsivity resting state functional connectivity,Decision-making and frontoparietal resting-state functional connectivity among impulsive-compulsive diagnoses. Insights from a Bayesian approach.,2023,Addictive behaviors,unknown,functional connectivity,impulsivity (general),"obsessive-compulsive disorder, substance abuse disorder, attention-deficit/hyperactivity disorder",associated_with,unclear,,unclear,0.5,Resting-state functional connectivity (rsFC) has been proposed as a promising biomarker of decision-making.,36963236,vllm:mistral-7b-instruct-v0.3,medium
pubmed,23294010,impulsivity resting state functional connectivity,Phenotypic variability in resting-state functional connectivity: current status.,2013,Brain connectivity,unknown,functional connectivity,impulsivity (general),unknown,associated_with,unclear,,unclear,0.8,"associated with behavioral traits (e.g., impulsiveness)",23294010,vllm:mistral-7b-instruct-v0.3,high
pubmed,41005016,impulsivity resting state functional connectivity,Resting-state functional connectivity insights: dorsolateral prefrontal cortex and superior parietal lobule in self-control and cognitive reappraisal.,2025,Brain and cognition,unknown,functional connectivity,impulsivity (general),unknown,associated_with,unclear,,direct,0.8,The neuroimaging results revealed the functional connectivity between the dorsolateral prefrontal cortex (dlPFC) and superior parietal lobule (SPL) was associated with self-control and played a mediating role in the association with cognitive reappraisal.,41005016,vllm:mistral-7b-instruct-v0.3,high
pubmed,30844604,impulsivity resting state functional connectivity,Altered topological connectivity of internet addiction in resting-state EEG through network analysis.,2019,Addictive behaviors,unknown,EEG connectivity,impulsivity (general),internet addiction,associated_with,unclear,,indirect,0.7,The results of some neuroimaging studies have revealed that people with internet addiction (IA) exhibit structural and functional changes in specific brain areas and connections.,30844604,vllm:mistral-7b-instruct-v0.3,medium
pubmed,31073695,impulsivity resting state functional connectivity,Binge drinking is associated with altered resting state functional connectivity of reward-salience and top down control networks.,2020,Brain imaging and behavior,unknown,functional connectivity,impulsivity (general),unknown,associated_with,unclear,,direct,0.8,Binge drinking is associated with altered resting state functional connectivity of reward-salience and top down control networks.,31073695,vllm:mistral-7b-instruct-v0.3,high
pubmed,42146757,impulsivity resting state functional connectivity,Resting-State Functional Connectivity Alterations in Pediatric Survivors of Severe COVID-19: An Exploratory Case-Control Study.,2026,Sage open pediatrics,unknown,functional connectivity,unknown,unknown,associated_with,unclear,,unclear,0.3,"In an exploratory subset (8 post-COVID, 12 controls), 50% of post-COVID children had abnormally low Timeliness and 25% low Impulsivity MOXO-d-CPT z-scores, whereas no controls were abnormal.",42146757,vllm:mistral-7b-instruct-v0.3,medium
pubmed,31197580,impulsivity resting state functional connectivity,Relationship of negative urgency to cingulo-insular and cortico-striatal resting state functional connectivity in tobacco use.,2020,Brain imaging and behavior,unknown,functional connectivity,nonplanning impulsivity,unknown,associated_with,unclear,,direct,0.8,"Negative urgency, defined as a tendency to act rashly under extreme negative emotion, is strongly associated with tobacco use.",31197580,vllm:mistral-7b-instruct-v0.3,high
pubmed,40305882,impulsivity resting state functional connectivity,"Functional connectivity anomalies in medication-naive children with ADHD: Diagnostic potential, symptoms interpretation, and a mediation model.",2025,Clinical neurophysiology : official journal of the International Federation of Clinical Neurophysiology,unknown,functional connectivity,impulsivity (general),ADHD,associated_with,unclear,compensating for impaired frontal regulation,direct,0.89,"Children with ADHD exhibited beta (β) band hypo-connectivity in frontal regions (Fp2-F4, Fp1-Cz, F7-Cz) and theta (θ) band hyper-connectivity in left parietal-central networks (C3-P7, P3-P7, etc.).",40305882,vllm:mistral-7b-instruct-v0.3,high
pubmed,35831231,impulsivity resting state functional connectivity,Functional Connectivity in Compulsive Sexual Behavior Disorder - Systematic Review of Literature and Study on Heterosexual Males.,2022,The journal of sexual medicine,unknown,functional connectivity,impulsivity (general),Compulsive Sexual Behavior Disorder,associated_with,unclear,,unclear,0.6,"We found increased fc between left inferior frontal gyrus and right planum temporale and polare, right and left insula, right Supplementary Motor Cortex (SMA), right parietal operculum, and also between left supramarginal gyrus and right planum polare, and between left orbitofrontal cortex and left insula when compared CSBD and HC.",35831231,vllm:mistral-7b-instruct-v0.3,medium
pubmed,25237118,impulsivity resting state functional connectivity,Resting state functional magnetic resonance imaging reveals distinct brain activity in heavy cannabis users - a multi-voxel pattern analysis.,2014,"Journal of psychopharmacology (Oxford, England)",unknown,functional connectivity,unknown,unknown,associated_with,unclear,,direct,0.7,"We found distinct clusters for male cannabis users in the middle frontal gyrus, precentral gyrus, superior frontal gyrus, posterior cingulate cortex, cerebellum and some other regions. Based on the functional connectivity of these clusters, a high overall accuracy rate of 84-88% in classification accuracy was achieved.",25237118,vllm:mistral-7b-instruct-v0.3,high
pubmed,26582309,impulsivity resting state functional connectivity,Decreased functional connectivity between ventral tegmental area and nucleus accumbens in Internet gaming disorder: evidence from resting state functional magnetic resonance imaging.,2015,Behavioral and brain functions : BBF,unknown,functional connectivity,impulsivity (general),Internet gaming disorder,associated_with,lower,,direct,1.0,"In comparison with HCs, individuals with IGD had significantly decreased rsFC between the VTA and right NAcc.",26582309,vllm:mistral-7b-instruct-v0.3,high
pubmed,32699511,impulsivity fMRI functional connectivity,Neurobiological mechanisms underlying internet gaming disorder .,2020,Dialogues in clinical neuroscience,unknown,functional connectivity,impulsivity (general),internet gaming disorder,associated_with,unclear,"reduced functional connectivity in brain networks involved in cognitive control, executive function, motivation, and reward",unclear,0.8,"reduced functional connectivity in brain networks that are involved in cognitive control, executive function, motivation, and reward",32699511,vllm:mistral-7b-instruct-v0.3,high
pubmed,38320657,impulsivity fMRI functional connectivity,Effects of internet and smartphone addiction on cognitive control in adolescents and young adults: A systematic review of fMRI studies.,2024,Neuroscience and biobehavioral reviews,unknown,functional connectivity,impulsivity (general),unknown,associated_with,unclear,,unclear,0.7,"Both behavioral addictions were associated with impairments in cognitive control related to reward processing (ACC, insula, amygdala) and executive function (DLPFC, frontal, parietal lobes) in adolescents and young adults.",38320657,vllm:mistral-7b-instruct-v0.3,medium
pubmed,38888924,impulsivity fMRI functional connectivity,Efficacy and Neural Mechanisms of Mindfulness Meditation Among Adults With Internet Gaming Disorder: A Randomized Clinical Trial.,2024,JAMA network open,unknown,functional connectivity,nonplanning impulsivity,Internet Gaming Disorder,associated_with,unclear,altered frontopallidal pathways,direct,0.8,"Mindfulness meditation was associated with decreased brain activation in the bilateral lentiform nuclei, insula, and medial frontal gyrus, and increased MFG-lentiform FC mediated the relationship between increased mindfulness and decreased craving.",38888924,vllm:mistral-7b-instruct-v0.3,high
pubmed,40913110,impulsivity fMRI functional connectivity,Impulsivity and neuroticism share distinct functional connectivity signatures with alcohol-use risk in youth.,2026,Molecular psychiatry,unknown,functional connectivity,impulsivity (general),unknown,associated_with,unclear,,unclear,0.7,Increases in impulsivity are associated with risk for alcohol-use initiation and other risk behaviors.,40913110,vllm:mistral-7b-instruct-v0.3,high
pubmed,32035425,impulsivity fMRI functional connectivity,Ventromedial prefrontal value signals and functional connectivity during decision-making in suicidal behavior and impulsivity.,2020,Neuropsychopharmacology : official publication of the American College of Neuropsychopharmacology,unknown,functional connectivity,impulsivity (general),unknown,associated_with,unclear,,unclear,0.7,"Suicide is linked to impaired value-based decision-making and impulsivity, but whether these risk factors share neural underpinnings is unclear.",32035425,vllm:mistral-7b-instruct-v0.3,high
pubmed,41088106,impulsivity fMRI functional connectivity,Effects of progressive aerobic training on neural synchrony and functional connectivity in internet gaming disorder: a randomized controlled fMRI study.,2025,BMC psychiatry,unknown,functional connectivity,impulsivity (general),Internet gaming disorder,associated_with,unclear,unclear,indirect,0.7,"Progressive moderate aerobic exercise reduced IGD symptoms and craving, alongside altered neural synchrony and connectivity in reward and control networks.",41088106,vllm:mistral-7b-instruct-v0.3,high
pubmed,39743174,impulsivity fMRI functional connectivity,The intrinsic functional connectivity of psychopathy and its relation to self-control.,2025,Biological psychology,unknown,functional connectivity,impulsivity (general),unknown,associated_with,unclear,,direct,0.8,Functional connections that correlated positively with psychopathy was mostly characterized by strong connections between the default mode network and salience network.,39743174,vllm:mistral-7b-instruct-v0.3,high
pubmed,26969418,impulsivity fMRI functional connectivity,Aberrant interhemispheric functional and structural connectivity in heroin-dependent individuals.,2017,Addiction biology,unknown,functional connectivity,impulsivity (general),heroin-dependent individuals,associated_with,unclear,,direct,0.8,"We observed significant reduction of VMHC in a number of regions, particularly the striatum/limbic system regions, and significant decrease in splenium and genu sub-regions of CC in HDI.",26969418,vllm:mistral-7b-instruct-v0.3,high
pubmed,37248201,impulsivity fMRI functional connectivity,Corticostriatal connectivity mediates the reciprocal relationship between parent-reported sleep duration and impulsivity in early adolescents.,2023,"Journal of child psychology and psychiatry, and allied disciplines",unknown,functional connectivity,impulsivity (general),unknown,associated_with,unclear,reduced corticostriatal connectivity,direct,0.8,"We found that less sleep duration is significantly associated with higher positive and negative urgency, which are two affect-related components of impulsivity. In addition, we observed a link between short sleep duration and reduced corticostriatal connectivity.",37248201,vllm:mistral-7b-instruct-v0.3,high
pubmed,39559854,impulsivity fMRI functional connectivity,Connectivity-Based Real-Time Functional Magnetic Resonance Imaging Neurofeedback in Nicotine Users: Mechanistic and Clinical Effects of Regulating a Meta-Analytically Defined Target Network in a Double-Blind Controlled Trial.,2024,Human brain mapping,unknown,functional connectivity,impulsivity (general),nicotine users,associated_with,unclear,,unclear,0.5,The analysis yielded consistent connectivity alterations between the insula and anterior cingulate cortex (ACC) as well as the dorsal striatum and the ACC.,39559854,vllm:mistral-7b-instruct-v0.3,medium
pubmed,40200728,impulsivity fMRI functional connectivity,Reproducible Effects of Sex and Acquisition Order on Multiple Global Signal Metrics: Implications for Functional Connectivity Studies of Phenotypic Individual Differences Using fMRI.,2025,Brain and behavior,unknown,functional connectivity,impulsivity (general),unknown,associated_with,unclear,,unclear,0.3,"relationships between FC and measures of affect, including depressed mood, anhedonia, and anxiety, and decision-making style, including impulsivity and sensation seeking, appear to be more inconsistent across the literature.",40200728,vllm:mistral-7b-instruct-v0.3,medium
pubmed,36987598,impulsivity fMRI functional connectivity,Transdiagnostic Connectome-Based Prediction of Craving.,2023,The American journal of psychiatry,unknown,functional connectivity,unknown,unknown,predicts,unclear,,direct,0.8,"CPM successfully predicted craving, thereby identifying a transdiagnostic 'craving network.'",36987598,vllm:mistral-7b-instruct-v0.3,high
pubmed,40541132,impulsivity fMRI functional connectivity,Food addiction severity is associated with decreased functional connectivity and responses to palatable food pictures in brain areas involved in emotion and cognitive control.,2025,"Clinical nutrition (Edinburgh, Scotland)",unknown,functional connectivity,impulsivity (general),obesity,associated_with,lower,unclear,direct,0.8,FA severity is associated with reduced activation in the dorsal striatum and pre-central gyrus for high appetizing images.,40541132,vllm:mistral-7b-instruct-v0.3,high
pubmed,28189592,impulsivity fMRI functional connectivity,Dissociable frontostriatal white matter connectivity underlies reward and motor impulsivity.,2017,NeuroImage,unknown,structural connectivity,motor impulsivity,unknown,associated_with,unclear,,unclear,0.7,"We found a double dissociation such that individual differences in white matter connectivity between the ventral striatum and the ventromedial prefrontal cortex and dorsolateral prefrontal cortex was associated with reward impulsivity, as measured by delay discounting.",28189592,vllm:mistral-7b-instruct-v0.3,high
pubmed,30273626,impulsivity fMRI functional connectivity,Mesolimbic connectivity signatures of impulsivity and BMI in early adolescence.,2019,Appetite,unknown,functional connectivity,impulsivity (general),unknown,associated_with,higher,,direct,0.8,"Connectivity within this network which included the hippocampi, amygdalae, parahippocampal gyri and the regions of interest, correlated positively with impulsivity.",30273626,vllm:mistral-7b-instruct-v0.3,high
pubmed,39153422,impulsivity fMRI functional connectivity,A comprehensive systematic review of fMRI studies on brain connectivity in healthy children and adolescents: Current insights and future directions.,2024,Developmental cognitive neuroscience,unknown,functional connectivity,impulsivity (general),unknown,associated_with,unclear,,unclear,0.5,rs-fMRI stands out as an appropriate technique for studying personality traits such as impulsivity and empathy.,39153422,vllm:mistral-7b-instruct-v0.3,medium
pubmed,39103090,impulsivity fMRI functional connectivity,Individualized prediction of online shopping addiction from whole-brain functional connectivity.,2024,Neuropsychologia,unknown,functional connectivity,impulsivity (general),Online shopping addiction,predicts,unclear,unclear,direct,0.8,The present study addressed this question by employing a connectome-based prediction model approach to predict the OSA tendency of healthy subjects from whole-brain resting-state functional connectivity.,39103090,vllm:mistral-7b-instruct-v0.3,high
pubmed,28231395,impulsivity fMRI functional connectivity,Functional connectivity in amygdalar-sensory/(pre)motor networks at rest: new evidence from the Human Connectome Project.,2017,The European journal of neuroscience,unknown,functional connectivity,unknown,unknown,associated_with,unclear,,unclear,0.5,We tested the hypothesis that the amygdala and sensory/(pre)motor cortices could be identified as part of the same resting-state functional connectivity network.,28231395,vllm:mistral-7b-instruct-v0.3,medium
pubmed,33236526,impulsivity fMRI functional connectivity,Reduced frontostriatal functional connectivity and associations with severity of Internet gaming disorder.,2021,Addiction biology,unknown,functional connectivity,impulsivity (general),Internet gaming disorder,associated_with,lower,unclear,direct,0.8,"Decreased FC was predominantly observed in IGD subjects, with IGD subjects showing decreased FC between the putamen and superior frontal gyrus (SFG), middle frontal gyrus (MFG), and inferior frontal gyrus (IFG) and the ventral striatum and IFG, superior temporal gyrus, and MFG.",33236526,vllm:mistral-7b-instruct-v0.3,high
pubmed,38715980,impulsivity fMRI functional connectivity,Identifying ADHD-Related Abnormal Functional Connectivity with a Graph Convolutional Neural Network.,2024,Neural plasticity,unknown,functional connectivity,impulsivity (general),ADHD,associated_with,unclear,unclear,unclear,0.7,"Our results suggest that the frontal, temporal, parietal, and cerebellar regions are likely the primary areas of dysfunction in individuals with ADHD.",38715980,vllm:mistral-7b-instruct-v0.3,high
pubmed,33564081,impulsivity fMRI functional connectivity,Alterations in reward network functional connectivity are associated with increased food addiction in obese individuals.,2021,Scientific reports,unknown,functional connectivity,impulsivity (general),food addiction,associated_with,higher,dysregulation of the dopaminergic pathway,direct,0.8,Individuals with food addiction showed greater connectivity between regions of the reward network suggesting dysregulation of the dopaminergic pathway.,33564081,vllm:mistral-7b-instruct-v0.3,high
pubmed,35835210,impulsivity fMRI functional connectivity,Fronto-striatal connectivity patterns account for the impact of methylphenidate on choice impulsivity among healthy adults.,2022,Neuropharmacology,unknown,functional connectivity,impulsivity (general),unknown,associated_with,lower,reduces,direct,1.0,Acute MPH administration was found to reduce choice impulsivity at the group level.,35835210,vllm:mistral-7b-instruct-v0.3,high
pubmed,36244800,impulsivity fMRI functional connectivity,Neuroanatomical Correlates of Emotion-Related Impulsivity.,2023,Biological psychiatry,unknown,functional connectivity,impulsivity (general),unknown,associated_with,unclear,,unclear,0.7,Lower cortical gyrification in the right lateral OFC was associated with high ERI severity.,36244800,vllm:mistral-7b-instruct-v0.3,high
pubmed,24878823,impulsivity fMRI functional connectivity,"Interindividual differences in cognitive flexibility: influence of gray matter volume, functional connectivity and trait impulsivity.",2015,Brain structure & function,unknown,functional connectivity,impulsivity (general),unknown,associated_with,unclear,,unclear,0.7,Card-sorting performance correlated positively with FC between bilateral anterior insula and midcingulate cortex/supplementary motor area.,24878823,vllm:mistral-7b-instruct-v0.3,high
pubmed,40768779,impulsivity fMRI functional connectivity,Aberrant degree centrality and functional connectivity in patients with internet gaming disorder.,2025,Journal of psychiatric research,unknown,functional connectivity,impulsivity (general),internet gaming disorder,associated_with,unclear,,unclear,0.8,This study combined degree centrality (DC) with functional connectivity (FC) analysis based on resting-state functional magnetic resonance imaging (rs-fMRI) to investigate the connectivity patterns of whole-brain functional networks at the voxel level in patients with IGD.,40768779,vllm:mistral-7b-instruct-v0.3,high
pubmed,36958794,impulsivity fMRI functional connectivity,Adaptive control of functional connectivity: dorsal and ventral limbic divisions regulate the dorsal and ventral neocortical networks.,2023,"Cerebral cortex (New York, N.Y. : 1991)",unknown,functional connectivity,impulsivity (general),unknown,regulates,unclear,feedforward (dorsal limbic division) and feedback (ventral limbic division),unclear,0.7,"The limbic networks at the apex of the cerebral hierarchy must then be responsible for the most general expectancies, which are propagated through the hierarchy to organize the multiple component network levels of experience and behavior.",36958794,vllm:mistral-7b-instruct-v0.3,high
pubmed,38598290,impulsivity fMRI functional connectivity,"Effects of bilateral tDCS over DLPFC on response inhibition, craving, and brain functional connectivity in Internet gaming disorder: A randomized, double-blind, sham-controlled trial with fMRI.",2024,Journal of behavioral addictions,unknown,functional connectivity,unknown,Internet gaming disorder,improves,unclear,transcranial direct current stimulation (tDCS),direct,0.7,"A significant group-by-time interaction was observed in response inhibition. After tDCS, only the active group showed a decrease in the stop-signal reaction time (SSRT).",38598290,vllm:mistral-7b-instruct-v0.3,high
pubmed,31665241,impulsivity fMRI functional connectivity,The structural connectivity of discrete networks underlies impulsivity and gambling in Parkinson's disease.,2019,Brain : a journal of neurology,unknown,functional connectivity,impulsivity (general),Parkinson's disease,underlies,unclear,,unclear,0.8,Impulsivity in Parkinson's disease may be mediated by faulty evaluation of rewards or the failure to inhibit inappropriate choices.,31665241,vllm:mistral-7b-instruct-v0.3,high
pubmed,32434751,impulsivity fMRI functional connectivity,Increased functional connectivity in gambling disorder correlates with behavioural and emotional dysregulation: Evidence of a role for the cerebellum.,2020,Behavioural brain research,unknown,functional connectivity,impulsivity (general),gambling disorder,correlates_with,higher,,direct,0.8,"GD patients displayed higher emotional and behavioural impairment than HC, together with an increased resting state functional connectivity in the network including anterior cingulate cortex, the caudate nucleus and nucleus accumbens, and within the cerebellum, in comparison with the control group.",32434751,vllm:mistral-7b-instruct-v0.3,high
pubmed,37721727,impulsivity fMRI functional connectivity,Acupuncture modulates the functional connectivity among the subcortical nucleus and fronto-parietal network in adolescents with internet addiction.,2023,Brain and behavior,unknown,functional connectivity,unknown,internet addiction,modulates,unclear,not yet clear,unclear,0.7,"Acupuncture has been demonstrated to be effective in alleviating IA; however, the mechanism is not yet clear.",37721727,vllm:mistral-7b-instruct-v0.3,high
pubmed,25282597,impulsivity fMRI functional connectivity,Differences in functional connectivity between alcohol dependence and internet gaming disorder.,2015,Addictive behaviors,unknown,functional connectivity,impulsivity (general),unknown,differences,unclear,,unclear,0.7,"Both AD and IGD subjects have positive functional connectivity between the dorsolateral prefrontal cortex (DLPFC), cingulate, and cerebellum. In addition, both groups have negative functional connectivity between the DLPFC and the orbitofrontal cortex.",25282597,vllm:mistral-7b-instruct-v0.3,medium
pubmed,25853901,impulsivity fMRI functional connectivity,Impaired functional connectivity within and between frontostriatal circuits and its association with compulsive drug use and trait impulsivity in cocaine addiction.,2015,JAMA psychiatry,unknown,functional connectivity,impulsivity (general),cocaine addiction,associated_with,unclear,,unclear,0.7,Cocaine addiction is associated with disturbed rsFC in several specific striatal-cortical circuits.,25853901,vllm:mistral-7b-instruct-v0.3,high
pubmed,36149062,impulsivity fMRI functional connectivity,Reduced brain activity and functional connectivity during creative idea generation in individuals with smartphone addiction.,2023,Social cognitive and affective neuroscience,unknown,functional connectivity,impulsivity (general),unknown,associated_with,lower,unclear,direct,0.8,The prefrontal cortex (PFC) and temporal regions were less active during creative idea generation in the SAT group than in the HC group.,36149062,vllm:mistral-7b-instruct-v0.3,high
pubmed,27119360,impulsivity fMRI functional connectivity,Decreased functional connectivity of insula-based network in young adults with internet gaming disorder.,2016,Experimental brain research,unknown,functional connectivity,impulsivity (general),internet gaming disorder,associated_with,lower,reduced ability to inhibit motor responses to internet gaming or diminished executive control over craving for internet gaming,direct,0.8,"The IGD group showed decreased functional connectivity between left posterior insula and bilateral supplementary motor area and middle cingulated cortex, between right posterior insula and right superior frontal gyrus, and decreased functional integration between insular subregions.",27119360,vllm:mistral-7b-instruct-v0.3,high
pubmed,28888152,impulsivity fMRI functional connectivity,Altered functional connectivity to stressful stimuli in prenatally cocaine-exposed adolescents.,2017,Drug and alcohol dependence,unknown,functional connectivity,unknown,unknown,associated_with,unclear,,indirect,0.7,Prenatal cocaine exposure (PCE) is linked to addiction and obesity vulnerability. Neural responses to stressful and appetitive cues in adolescents with PCE versus those without have been differentially linked to substance-use initiation.,28888152,vllm:mistral-7b-instruct-v0.3,high
pubmed,38468374,impulsivity fMRI functional connectivity,Functional connectivity alterations in individuals with gaming disorder assessed by functional magnetic resonance imaging: a systematic review.,2025,Journal of addictive diseases,unknown,functional connectivity,unknown,Internet Gaming Disorder,associated_with,unclear,,unclear,0.7,The main findings reveal changes such as significant increases or decreases in functional connectivity in certain regions of the brain.,38468374,vllm:mistral-7b-instruct-v0.3,medium
pubmed,31362183,impulsivity fMRI functional connectivity,Oxytocin modulates alcohol-cue induced functional connectivity in the nucleus accumbens of social drinkers.,2019,Psychoneuroendocrinology,unknown,functional connectivity,impulsivity (general),unknown,associated_with,unclear,attenuates,direct,0.8,"Oxytocin application significantly reduced NAc connectivity with the cuneus and thalamo-occipital connectivity, while enhancing connectivity between the paracingulate gyrus and precentral gyrus.",31362183,vllm:mistral-7b-instruct-v0.3,high
pubmed,31401546,impulsivity fMRI functional connectivity,Functional connectivity of emotional well-being: Overconnectivity between default and attentional networks is associated with attitudes of anger and aggression.,2019,Psychiatry research. Neuroimaging,unknown,functional connectivity,impulsivity (general),unknown,associated_with,higher,decreased response inhibition,direct,0.7,Functional connectivity between the default and attentional networks was positively correlated with scores of attitudes of anger and aggression.,31401546,vllm:mistral-7b-instruct-v0.3,high
pubmed,25073506,impulsivity fMRI functional connectivity,"Cortical thinning, functional connectivity, and mood-related impulsivity in schizophrenia: relationship to aggressive attitudes and behavior.",2014,The American journal of psychiatry,unknown,functional connectivity,impulsivity (general),schizophrenia,associated_with,unclear,,unclear,0.8,"Urgency scores correlated with reduced cortical thickness in ventral prefrontal regions including the right frontal pole, the medial and lateral orbitofrontal gyrus and inferior frontal gyri, and the rostral anterior cingulate cortex. In patients, reduced resting-state functional connectivity in some of these regions was associated with higher urgency.",25073506,vllm:mistral-7b-instruct-v0.3,high
pubmed,24367675,impulsivity fMRI functional connectivity,Increased functional connectivity between prefrontal cortex and reward system in pathological gambling.,2013,PloS one,unknown,functional connectivity,nonplanning impulsivity,pathological gambling,associated_with,higher,unclear,direct,0.8,"PG patients demonstrated increased connectivity from the right middle frontal gyrus to the right striatum as compared to controls, which was also positively correlated with nonplanning aspect of impulsiveness,",24367675,vllm:mistral-7b-instruct-v0.3,high
pubmed,40032530,impulsivity fMRI functional connectivity,Cocaine Self-Administration Increases Impulsive Decision-Making in Low-Impulsive Rats Associated with Impaired Functional Connectivity in the Mesocorticolimbic System.,2025,eNeuro,unknown,functional connectivity,impulsivity (general),unknown,associated_with,unclear,reduced functional connectivity and DA receptor expression,direct,0.8,"Chronic cocaine SA selectively increased impulsive choice in low-impulsive rats. Resting-state fMRI analysis revealed a negative correlation between impulsivity and functional connectivity between the midbrain and frontal cortex, as well as between the thalamus and frontal cortex in low-impulsive rats.",40032530,vllm:mistral-7b-instruct-v0.3,high
pubmed,39419186,impulsivity fMRI functional connectivity,Alternations voxel-wise interhemispheric and intrahemipheric functional connectivity dynamics in internet gaming disorder.,2025,Journal of affective disorders,unknown,functional connectivity,impulsivity (general),internet gaming disorder,associated_with,unclear,,direct,0.8,Individuals with internet gaming disorder (IGDs) have aberrant functional connection patterns between multiple brain regions and networks.,39419186,vllm:mistral-7b-instruct-v0.3,high
pubmed,34469847,impulsivity fMRI functional connectivity,Sex-specific frontal-striatal connectivity differences among adolescents with externalizing disorders.,2021,NeuroImage. Clinical,unknown,functional connectivity,impulsivity (general),externalizing disorders,associated_with,unclear,,direct,0.8,The findings provide evidence supporting sex differences in both ventral striatal-ventromedial prefrontal and medial-lateral prefrontal functional networks in youth with externalizing disorders.,34469847,vllm:mistral-7b-instruct-v0.3,high
pubmed,36662797,impulsivity fMRI functional connectivity,The continuum of attention dysfunction: Evidence from dynamic functional network connectivity analysis in neurotypical adolescents.,2023,PloS one,unknown,dynamic connectivity,impulsivity (general),unknown,associated_with,unclear,,indirect,0.7,We found that dynamic FNC analysis detects significant differences in large-scale neural connectivity as a function of individual differences in attention and impulsivity.,36662797,vllm:mistral-7b-instruct-v0.3,high
pubmed,30054871,impulsivity fMRI functional connectivity,Internet gaming disorder: deficits in functional and structural connectivity in the ventral tegmental area-Accumbens pathway.,2019,Brain imaging and behavior,unknown,functional connectivity,impulsivity (general),Internet gaming disorder,associated_with,lower,unclear,direct,0.8,Both the NAc and medial orbitofrontal cortex (mOFC) showed lower RSFC with VTA in IGD subjects compared with controls.,30054871,vllm:mistral-7b-instruct-v0.3,high
pubmed,28777996,impulsivity fMRI functional connectivity,Neural connectivity moderates the association between sleep and impulsivity in adolescents.,2017,Developmental cognitive neuroscience,unknown,functional connectivity,impulsivity (general),unknown,associated_with,unclear,,unclear,0.6,"Poor sleep quality was related to greater affect-related impulsivity among adolescents with low, but not high, connectivity.",28777996,vllm:mistral-7b-instruct-v0.3,medium
pubmed,34262129,impulsivity fMRI functional connectivity,Dorsal and ventral striatal functional connectivity shifts play a potential role in internet gaming disorder.,2021,Communications biology,unknown,functional connectivity,impulsivity (general),internet gaming disorder,associated_with,higher,unclear,direct,0.8,IGD relative to RGU subjects showed higher dorsal-striatum-to-MFG functional connectivity.,34262129,vllm:mistral-7b-instruct-v0.3,high
pubmed,30277562,impulsivity fMRI functional connectivity,The role of the dorsal striatum in choice impulsivity.,2019,Annals of the New York Academy of Sciences,unknown,functional connectivity,impulsivity (general),unknown,associated_with,unclear,,unclear,0.7,"In principle, intertemporal choice in the delay-discounting task-a validated measure of choice impulsivity-involves reward-associated actions that require the recruitment of the dorsal striatum.",30277562,vllm:mistral-7b-instruct-v0.3,high
pubmed,41667050,impulsivity fMRI functional connectivity,Task-based functional connectivity in internet gaming disorder: A systematic review.,2026,Progress in neuro-psychopharmacology & biological psychiatry,unknown,functional connectivity,impulsivity (general),internet gaming disorder,associated_with,higher,unclear,direct,0.8,"During reward responsiveness tasks, IGD individuals demonstrated a pattern of increased FC of reward network regions.",41667050,vllm:mistral-7b-instruct-v0.3,high
pubmed,25553620,impulsivity fMRI functional connectivity,A selective involvement of putamen functional connectivity in youth with internet gaming disorder.,2015,Brain research,unknown,functional connectivity,impulsivity (general),internet gaming disorder,associated_with,unclear,,direct,0.7,Adolescents with internet gaming disorder showed significantly reduced dorsal putamen functional connectivity with the posterior insula-parietal operculum.,25553620,vllm:mistral-7b-instruct-v0.3,high
pubmed,34861396,impulsivity fMRI functional connectivity,Individual differences in (dis)honesty are represented in the brain's functional connectivity at rest.,2022,NeuroImage,unknown,functional connectivity,impulsivity (general),unknown,correlates_with,unclear,,direct,0.8,"Functional connectivity, especially between brain networks linked to self-referential thinking (vmPFC, temporal poles, and PCC) and reward processing (caudate nucleus), reliably correlates with participants' propensity to cheat.",34861396,vllm:mistral-7b-instruct-v0.3,high
pubmed,35007715,impulsivity fMRI functional connectivity,Risk-taking in humans and the medial orbitofrontal cortex reward system.,2022,NeuroImage,unknown,functional connectivity,impulsivity (general),unknown,associated_with,higher,unclear,direct,0.9,"Functional connectivities of the medial orbitofrontal cortex, ventromedial prefrontal cortex (VMPFC), and the parahippocampal areas were significantly higher in the risk-taking group.",35007715,vllm:mistral-7b-instruct-v0.3,high
pubmed,40991106,impulsivity fMRI functional connectivity,Functional connectome fingerprinting related to BMI and its association with impulsivity.,2025,Brain imaging and behavior,unknown,functional connectivity,impulsivity (general),unknown,associated_with,unclear,,unclear,0.7,"Notably, these rsFC fingerprintings significantly accounted for scores on the delay discounting task.",40991106,vllm:mistral-7b-instruct-v0.3,high
pubmed,32214339,impulsivity fMRI functional connectivity,Alcohol effects on globus pallidus connectivity: Role of impulsivity and binge drinking.,2020,PloS one,unknown,functional connectivity,impulsivity (general),unknown,associated_with,unclear,alcohol-induced changes,unclear,0.7,"We found that individuals with greater number of drinks or heavy drinking days in the recent past had greater alcohol-induced deficits in GPe connectivity, particularly to the striatum.",32214339,vllm:mistral-7b-instruct-v0.3,high
pubmed,27975158,impulsivity fMRI functional connectivity,Compensatory increase of functional connectivity density in adolescents with internet gaming disorder.,2017,Brain imaging and behavior,unknown,functional connectivity,unknown,internet gaming disorder,associated_with,higher,compensatory,direct,0.8,Individuals with IGD presented abnormalities in brain structures and functions including resting-state functional connectivity (rsFC) disturbance.,27975158,vllm:mistral-7b-instruct-v0.3,high
pubmed,41067444,impulsivity fMRI functional connectivity,Altered functional connectivity of reward circuits in adolescents with addictive nonsuicidal self-injury.,2025,Brain research bulletin,unknown,functional connectivity,impulsivity (general),adolescents with addictive nonsuicidal self-injury,associated_with,unclear,,unclear,0.7,"The purpose of this study is to explore the alterations in resting-state functional connectivity (rs-FC) between regions of the reward circuits and the whole brain, and to elucidate the link between these rs-FC alterations and clinical characteristics among NSSI adolescents with addictive features.",41067444,vllm:mistral-7b-instruct-v0.3,high
pubmed,25445475,impulsivity fMRI functional connectivity,Decreased functional connectivity in an executive control network is related to impaired executive function in Internet gaming disorder.,2015,Progress in neuro-psychopharmacology & biological psychiatry,unknown,functional connectivity,impulsivity (general),Internet gaming disorder,associated_with,lower,unclear,direct,0.8,IGD subjects show lower functional connectivity in ECNs than do HC participants during resting state,25445475,vllm:mistral-7b-instruct-v0.3,high
pubmed,34964209,impulsivity fMRI functional connectivity,Neural processes during response inhibition in complex posttraumatic stress disorder.,2022,Depression and anxiety,unknown,functional connectivity,impulsivity (general),complex posttraumatic stress disorder,associated_with,unclear,,unclear,0.5,A common feature of complex posttraumatic stress disorder (CPTSD) is impulsivity.,34964209,vllm:mistral-7b-instruct-v0.3,medium
pubmed,29442271,impulsivity fMRI functional connectivity,Exploring variability in basal ganglia connectivity with functional MRI in healthy aging.,2018,Brain imaging and behavior,unknown,functional connectivity,impulsivity (general),unknown,associated_with,unclear,,unclear,0.5,Changes in functional connectivity measured using resting state fMRI within the basal ganglia network (BGN) have been observed in pathologies with altered neurotransmitter systems and conditions involving motor control and dopaminergic processes.,29442271,vllm:mistral-7b-instruct-v0.3,medium
pubmed,32361415,impulsivity fMRI functional connectivity,Impulsivity Relates to Relative Preservation of Mesolimbic Connectivity in Patients with Parkinson Disease.,2020,NeuroImage. Clinical,unknown,functional connectivity,impulsivity (general),Parkinson Disease,associated_with,higher,unclear,direct,0.8,There is greater probability of connectivity between the SN and limbic network targets relative to motor and associative network targets in PD patients with recent history of severe impulsivity as compared to PD patients without impulsivity.,32361415,vllm:mistral-7b-instruct-v0.3,high
pubmed,33813866,impulsivity fMRI functional connectivity,Aberrant Salient and Corticolimbic Connectivity in Hypersexual Parkinson's Disease.,2021,Brain connectivity,unknown,functional connectivity,impulsivity (general),Parkinson's disease with hypersexuality,associated_with,unclear,enhanced salience network activity and corticolimbic disconnections,direct,0.8,Enhanced salience network (SN) activity represented by a significant rise in the right inferior frontal gyrus was found in PD+HS compared with PD-HS.,33813866,vllm:mistral-7b-instruct-v0.3,high
pubmed,31886611,impulsivity fMRI functional connectivity,Dorsal striatal functional connectivity changes in Internet gaming disorder: A longitudinal magnetic resonance imaging study.,2021,Addiction biology,unknown,functional connectivity,impulsivity (general),Internet gaming disorder,associated_with,unclear,,direct,0.8,Subjects with IGD exhibited decreased FC between the left dorsal putamen and left medial prefrontal cortex (mPFC) compared with controls.,31886611,vllm:mistral-7b-instruct-v0.3,high
pubmed,40043540,impulsivity fMRI functional connectivity,A brief review of MRI studies in patients with attention-deficit/hyperactivity disorder and future perspectives.,2025,Brain & development,unknown,functional connectivity,impulsivity (general),attention-deficit/hyperactivity disorder,associated_with,unclear,,indirect,0.7,"rs-fMRI research has shown altered connectivity patterns within and between key brain networks, including the default mode, fronto-parietal, and salience networks.",40043540,vllm:mistral-7b-instruct-v0.3,medium
pubmed,32987241,impulsivity fMRI functional connectivity,Intrinsic functional connectivity of the default mode and cognitive control networks relate to change in behavioral performance over two years.,2020,Cortex; a journal devoted to the study of the nervous system and behavior,unknown,functional connectivity,unknown,unknown,correlates_with,unclear,,direct,0.8,Increased within-network connectivity through central and left DMN was associated with increased memory performance.,32987241,vllm:mistral-7b-instruct-v0.3,high
pubmed,37753565,impulsivity fMRI functional connectivity,The role of the cerebellum in internet gaming disorder-A systematic review.,2023,Addiction biology,unknown,functional connectivity,impulsivity (general),internet gaming disorder,associated_with,unclear,unclear,unclear,0.7,"Studies have further indicated that differential activation patterns in the cerebellum may enable discrimination between healthy subjects and subjects with IGD, even allowing for prediction of treatment outcomes.",37753565,vllm:mistral-7b-instruct-v0.3,medium
pubmed,38594324,impulsivity neuroimaging functional connectivity,From compulsivity to compulsion: the neural basis of compulsive disorders.,2024,Nature reviews. Neuroscience,unknown,functional connectivity,impulsivity (general),unknown,associated_with,unclear,,unclear,0.7,"Several main elements of this circuitry are identified, focused on fronto-striatal systems implicated in goal-directed behaviour and habits.",38594324,vllm:mistral-7b-instruct-v0.3,medium
pubmed,31691415,impulsivity neuroimaging functional connectivity,Risk proneness modulates the impact of impulsivity on brain functional connectivity.,2020,Human brain mapping,unknown,EEG connectivity,impulsivity (general),unknown,associated_with,unclear,unclear,indirect,0.7,"The associations of impulsivity- and sensation seeking-related traits with the between and within coupling of seven major brain functional networks, estimated from electroencefalograma (EEG) recordings, differ according to whether an individual is risk prone or not.",31691415,vllm:mistral-7b-instruct-v0.3,high
pubmed,12359667,impulsivity neuroimaging functional connectivity,Drug addiction and its underlying neurobiological basis: neuroimaging evidence for the involvement of the frontal cortex.,2002,The American journal of psychiatry,unknown,functional connectivity,impulsivity (general),unknown,associated_with,unclear,,unclear,0.7,"The orbitofrontal cortex and the anterior cingulate gyrus, which are regions neuroanatomically connected with limbic structures, are the frontal cortical areas most frequently implicated in drug addiction.",12359667,vllm:mistral-7b-instruct-v0.3,high
pubmed,24815984,impulsivity neuroimaging functional connectivity,"EEG functional connectivity, axon delays and white matter disease.",2015,Clinical neurophysiology : official journal of the International Federation of Clinical Neurophysiology,unknown,EEG connectivity,unknown,unknown,associated_with,unclear,axon conduction speed and myelin control,background,0.6,"Myelin controls axon speed, and the synchrony of impulse traffic between distant cortical regions appears to be critical for optimal mental performance and learning.",24815984,vllm:mistral-7b-instruct-v0.3,high
pubmed,30885789,impulsivity neuroimaging functional connectivity,Whole-brain functional connectivity during script-driven aggression in borderline personality disorder.,2019,Progress in neuro-psychopharmacology & biological psychiatry,unknown,functional connectivity,impulsivity (general),borderline personality disorder,associated_with,higher,unclear,direct,1.0,We identified a large network showing a significantly stronger increase in connectivity from baseline to the aggression phase in female patients with BPD compared to healthy women.,30885789,vllm:mistral-7b-instruct-v0.3,high
pubmed,30652907,impulsivity neuroimaging functional connectivity,Functional and structural neuroimaging studies of delayed reward discounting in addiction: A systematic review.,2019,Psychological bulletin,unknown,functional connectivity,impulsivity (general),addictive behavior,associated_with,unclear,,unclear,0.7,There was substantial evidence of greater neural activity in the executive control network during choices for larger-delayed rewards (delayed gratification) relative to choices for smaller-immediate rewards (immediate gratification),30652907,vllm:mistral-7b-instruct-v0.3,high
pubmed,39378092,impulsivity neuroimaging functional connectivity,Adolescent alcohol consumption predicted by differences in electrophysiological functional connectivity and neuroanatomy.,2024,Proceedings of the National Academy of Sciences of the United States of America,unknown,functional connectivity,unknown,unknown,predicts,higher,,direct,0.8,"Alcohol consumption during adolescence has been associated with neuroanatomical abnormalities and the appearance of future disorders. However, the latest advances in this field point to the existence of risk profiles which may lead to some individuals into an early consumption. To date, some studies have established predictive models of consumption based on sociodemographic, behavioral, and anatomical-functional variables using MRI. However, the neuroimaging variables employed are usually restricted to local and hemodynamic phenomena. Given the potential of connectome approaches, and the high temporal dynamics of electrophysiology, we decided to explore the relationship between future alcohol consumption and electrophysiological connectivity measured by MEG in a cohort of 83 individuals aged 14 to 16.",39378092,vllm:mistral-7b-instruct-v0.3,high
pubmed,23451272,impulsivity neuroimaging functional connectivity,Decreased functional brain connectivity in adolescents with internet addiction.,2013,PloS one,unknown,functional connectivity,impulsivity (general),internet addiction,associated_with,lower,,direct,1.0,Adolescents with internet addiction showed reduced functional connectivity spanning a distributed network.,23451272,vllm:mistral-7b-instruct-v0.3,high
pubmed,38852751,impulsivity neuroimaging functional connectivity,Multimodal neuroimaging fusion unravel structural-functional-neurotransmitter change in Parkinson's disease with impulse control disorders.,2024,Neurobiology of disease,unknown,functional connectivity,impulsivity (general),Parkinson's disease,associated_with,unclear,,unclear,0.7,PD-ICD patients showed decreased FC between interhemispheric OFG.,38852751,vllm:mistral-7b-instruct-v0.3,high
pubmed,35041909,impulsivity neuroimaging functional connectivity,Brain functional connectivity during and after imagery of gaming and alternative leisure activities in patients with internet gaming disorder.,2022,Neuroscience letters,unknown,functional connectivity,impulsivity (general),internet gaming disorder,associated_with,unclear,,unclear,0.7,The effect of imagery tasks on brain connectivity has not been investigated in patients with internet gaming disorder.,35041909,vllm:mistral-7b-instruct-v0.3,medium
pubmed,38000138,impulsivity neuroimaging functional connectivity,The functional connectivity between right parahippocampal gyrus and precuneus underlying the association between reward sensitivity and procrastination.,2024,Cortex; a journal devoted to the study of the nervous system and behavior,unknown,functional connectivity,impulsivity (general),unknown,associated_with,unclear,,direct,1.0,The RSFC result found reward sensitivity was negatively associated with the functional connectivity of the right parahippocampal gyrus-precuneus.,38000138,vllm:mistral-7b-instruct-v0.3,high
pubmed,37992501,impulsivity neuroimaging functional connectivity,Testing the triple network model of psychopathology in a transdiagnostic neurodevelopmental cohort.,2023,NeuroImage. Clinical,unknown,functional connectivity,impulsivity (general),unknown,associated_with,higher,,direct,0.8,"Hyperactivity/impulsivity was associated with increased functional connectivity between the Salience (SN), Central Executive (CEN), and Default Mode Networks (DMN) in at-risk children, whereas it was associated with decreased functional connectivity between the CEN and DMN in comparison children.",37992501,vllm:mistral-7b-instruct-v0.3,high
pubmed,32312566,impulsivity neuroimaging functional connectivity,[The contribution of forensic neuroscience to psychopathy].,2020,L'Encephale,unknown,functional connectivity,impulsivity (general),forensic populations with psychopathic traits,associated_with,unclear,unknown,unclear,0.6,"They report numerous functional abnormalities that include the striatum, hippocampus, and uncinate fasciculus.",32312566,vllm:mistral-7b-instruct-v0.3,medium
pubmed,41310178,impulsivity neuroimaging functional connectivity,The role of the salience network in adolescent impulsivity using memory tasks and neuroimaging.,2025,Communications medicine,unknown,functional connectivity,impulsivity (general),unknown,associated_with,higher,,direct,0.8,Neural activity and connectivity involving the insula and dorsal anterior cingulate cortex (dACC) are significantly associated with behavioral responses and individual impulsivity.,41310178,vllm:mistral-7b-instruct-v0.3,high
pubmed,24705817,impulsivity neuroimaging functional connectivity,Imaging functional and structural brain connectomics in attention-deficit/hyperactivity disorder.,2014,Molecular neurobiology,unknown,functional connectivity,impulsivity (general),attention-deficit/hyperactivity disorder,associated_with,unclear,,unclear,0.8,These behavior deficits in ADHD children are associated with changes in functional and structural connectivity among regions.,24705817,vllm:mistral-7b-instruct-v0.3,high
pubmed,23223295,impulsivity neuroimaging functional connectivity,Altered functional brain connectivity in a non-clinical sample of young adults with attention-deficit/hyperactivity disorder.,2012,The Journal of neuroscience : the official journal of the Society for Neuroscience,unknown,functional connectivity,impulsivity (general),attention-deficit/hyperactivity disorder,associated_with,unclear,,unclear,0.7,Results from this study show that the diagnosis and the two main symptom dimensions of ADHD are related to altered intrinsic connectivity in orbitofrontal-temporal-occipital and fronto-amygdala-occipital networks.,23223295,vllm:mistral-7b-instruct-v0.3,high
pubmed,30616717,impulsivity neuroimaging functional connectivity,Decreased brain connectivity in smoking contrasts with increased connectivity in drinking.,2019,eLife,unknown,functional connectivity,impulsivity (general),unknown,associated_with,lower,,direct,0.8,"Increased impulsivity was found in smokers, associated with decreased functional connectivity of the non-reward-related lateral orbitofrontal cortex; and increased impulsivity was found in high amount drinkers, associated with increased functional connectivity of the reward-related medial orbitofrontal cortex.",30616717,vllm:mistral-7b-instruct-v0.3,high
pubmed,26116812,impulsivity neuroimaging functional connectivity,The mediating role of LPFC-vmPFC functional connectivity in the relation between regulatory mode and delay discounting.,2015,Behavioural brain research,unknown,functional connectivity,impulsivity (general),unknown,predicts,unclear,,direct,0.8,The effect of regulatory mode on delay discounting is mediated by LPFC-vmPFC functional connectivity.,26116812,vllm:mistral-7b-instruct-v0.3,high
pubmed,21546000,impulsivity neuroimaging functional connectivity,Atypical prefrontal connectivity in attention-deficit/hyperactivity disorder: pathway to disease or pathological end point?,2011,Biological psychiatry,unknown,functional connectivity,impulsivity (general),attention-deficit/hyperactivity disorder (ADHD),associated_with,unclear,dysregulated modulation of cortical plasticity,unclear,0.8,Functional neuroimaging studies have identified multiple nodes of dysfunction in frontostriatal and mesocorticolimbic networks in attention-deficit/hyperactivity disorder (ADHD).,21546000,vllm:mistral-7b-instruct-v0.3,high
pubmed,40193128,impulsivity neuroimaging functional connectivity,Subthalamic Deep Brain Stimulation: Mapping Non-Motor Outcomes to Structural Connections.,2025,Human brain mapping,unknown,structural connectivity,impulsivity (general),Parkinson's Disease,associated_with,unclear,,unclear,0.7,"The study aimed at providing a proof of concept for this approach by mapping changes along extensive score batteries to a few anatomical fiber bundles and, in turn, estimating changes in individual scores based on stimulation of these tracts. Each component was associated with the stimulation of spatially segregated fiber bundles connecting regions of the frontal cortex with the subthalamic nucleus.",40193128,vllm:mistral-7b-instruct-v0.3,high
pubmed,37141645,impulsivity neuroimaging functional connectivity,Value-based decision-making network functional connectivity correlates with substance use and delay discounting behaviour among young adults.,2023,NeuroImage. Clinical,unknown,functional connectivity,impulsivity (general),unknown,correlates_with,unclear,,unclear,0.7,"Functional connectivity of these networks could serve as susceptibility biomarkers for substance use disorders, informing earlier identification and treatment.",37141645,vllm:mistral-7b-instruct-v0.3,medium
pubmed,27942448,impulsivity neuroimaging functional connectivity,Brain connectivity aberrations in anabolic-androgenic steroid users.,2017,NeuroImage. Clinical,unknown,functional connectivity,impulsivity (general),unknown,associated_with,lower,disruptions,direct,0.8,current users exhibited reduced functional connectivity between key nodes involved in emotional and cognitive regulation,27942448,vllm:mistral-7b-instruct-v0.3,high
pubmed,33137406,impulsivity neuroimaging functional connectivity,The functional connectivity between the prefrontal cortex and supplementary motor area moderates the relationship between internet gaming disorder and loneliness.,2021,Progress in neuro-psychopharmacology & biological psychiatry,unknown,functional connectivity,impulsivity (general),internet gaming disorder,moderates,unclear,unclear,direct,0.8,The rsFC of the DLPFC-precentral gyrus and the DLPFC-postcentral gyrus moderated the relationship between IGD severity and loneliness scores.,33137406,vllm:mistral-7b-instruct-v0.3,high
pubmed,27851842,impulsivity neuroimaging functional connectivity,Estimating the Heritability of Structural and Functional Brain Connectivity in Families Affected by Attention-Deficit/Hyperactivity Disorder.,2017,JAMA psychiatry,unknown,functional connectivity,impulsivity (general),Attention-Deficit/Hyperactivity Disorder (ADHD),associated_with,unclear,unclear,unclear,0.7,"Disruption of such connectivity is a key pathophysiologic mechanism for ADHD, and identifying heritable phenotypes within these connections could provide candidates for genomic studies.",27851842,vllm:mistral-7b-instruct-v0.3,high
pubmed,31515054,impulsivity neuroimaging functional connectivity,Somatosensory-Motor Dysconnectivity Spans Multiple Transdiagnostic Dimensions of Psychopathology.,2019,Biological psychiatry,unknown,functional connectivity,impulsivity (general),unknown,associated_with,unclear,,unclear,0.8,"The components were shared across all participants. The components were robust across multiple control analyses and replicated using independent task functional magnetic resonance imaging data from the same participants. Strikingly, all three components featured connectivity alterations within the somatosensory-motor network and its connectivity with subcortical structures and cortical executive networks.",31515054,vllm:mistral-7b-instruct-v0.3,high
pubmed,28402565,impulsivity neuroimaging functional connectivity,Impulsive-antisocial psychopathic traits linked to increased volume and functional connectivity within prefrontal cortex.,2017,Social cognitive and affective neuroscience,unknown,functional connectivity,impulsivity (general),unknown,associated_with,higher,,direct,0.8,"Psychopathy is a personality disorder characterized by callous lack of empathy, impulsive antisocial behavior, and criminal recidivism. Studies of brain structure and function in psychopathy have frequently identified abnormalities in the prefrontal cortex. However, findings have not yet converged to yield a clear relationship between specific subregions of prefrontal cortex and particular psychopathic traits. We performed a multimodal neuroimaging study of prefrontal cortex volume and functional connectivity in psychopathy, using a sample of adult male prison inmates (N = 124). We conducted volumetric analyses in prefrontal subregions, and subsequently assessed resting-state functional connectivity in areas where volume was related to psychopathy severity. We found that overall psychopathy severity and Factor 2 scores (which index the impulsive/antisocial traits of psychopathy) were associated with larger prefrontal subregion volumes, particularly in the medial orbitofrontal cortex and dorsolateral prefrontal cortex. Furthermore, Factor 2 scores were also positively correlated with functional connectivity between several areas of the prefrontal cortex.",28402565,vllm:mistral-7b-instruct-v0.3,high
pubmed,41029257,impulsivity neuroimaging functional connectivity,Impaired neural activity and functional connectivity in the hippocampus of adolescents with non-suicidal self-injury addiction.,2025,BMC psychiatry,unknown,functional connectivity,impulsivity (general),non-suicidal self-injury addiction,associated_with,lower,unknown,direct,0.8,ALFF analysis revealed decreased ALFF values in the bilateral hippocampus of NSSI adolescents compared to healthy controls.,41029257,vllm:mistral-7b-instruct-v0.3,high
pubmed,32568370,impulsivity neuroimaging functional connectivity,The structural connectivity of subthalamic deep brain stimulation correlates with impulsivity in Parkinson's disease.,2020,Brain : a journal of neurology,unknown,structural connectivity,impulsivity (general),Parkinson's disease,correlates_with,unclear,mediated by differential recruitment of frontostriatal networks,unclear,0.8,Greater connectivity of the stimulation site with these frontostriatal networks was related to greater postoperative impulsiveness and disinhibition as assessed by the neuropsychiatric instruments.,32568370,vllm:mistral-7b-instruct-v0.3,high
pubmed,37917435,impulsivity neuroimaging functional connectivity,"Parental warmth, stressful life events, and impulsivity: A gene-environment-wide interaction study.",2024,Neuropsychology,unknown,functional connectivity,impulsivity (general),unknown,associated_with,unclear,,unclear,0.7,The polygenic risk score for parental warmth was significantly correlated with functional connectivity especially the left middle frontal gyrus (MFG)-left inferior occipital and left MFG-left superior frontal gyrus functional connectivity.,37917435,vllm:mistral-7b-instruct-v0.3,high
pubmed,37209127,impulsivity neuroimaging functional connectivity,Reduced loss aversion in value-based decision-making and edge-centric functional connectivity in patients with internet gaming disorder.,2023,Journal of behavioral addictions,unknown,functional connectivity,impulsivity (general),internet gaming disorder,associated_with,unclear,reduced loss aversion,unclear,0.7,PIGD performed worse with lower average net score in IGT. The computational model results showed that PIGD significantly reduced loss aversion.,37209127,vllm:mistral-7b-instruct-v0.3,high
pubmed,30674933,trait impulsivity resting-state fMRI,Physical characteristics not psychological state or trait characteristics predict motion during resting state fMRI.,2019,Scientific reports,unknown,unknown,impulsivity (general),unknown,unknown,unclear,,unclear,0.05,ML models with 105 self-report measures for state and trait psychological characteristics identified impulsivity inhibitory control variables but explain only 5 percent of HM variance,30674933,vllm:mistral-7b-instruct-v0.3,low
pubmed,21889990,trait impulsivity resting-state fMRI,Randomness of resting-state brain oscillations encodes Gray's personality trait.,2012,NeuroImage,unknown,functional connectivity,impulsivity (general),unknown,associated_with,higher,unclear,direct,0.9,The Hurst exponent in the ventral striatum as well as in the orbitofrontal cortex (OFC) was significantly associated with the measure of Gray's trait Impulsivity.,21889990,vllm:mistral-7b-instruct-v0.3,high
pubmed,39299662,trait impulsivity resting-state fMRI,Microstructural and functional substrates underlying dispositional greed and its link with trait but not state impulsivity.,2024,NeuroImage,unknown,functional connectivity,impulsivity (general),unknown,associated_with,unclear,,unclear,0.7,"Functional imaging analyses further identified that brain activation strengths and patterns related to delay length, particularly in the dorsomedial prefrontal cortex, superior parietal lobule, and cerebellum, were associated with Greed Personality Traits.",39299662,vllm:mistral-7b-instruct-v0.3,high
pubmed,41927766,trait impulsivity resting-state fMRI,Neural representations of dynamical state and trait impulsivity in individuals at risk for internet gaming disorder.,2026,Molecular psychiatry,unknown,functional connectivity,impulsivity (general),internet gaming disorder,predicts,higher,unclear,direct,0.8,Resting-state functional connectivity (rs-FC) within these regions not only identified IGD risk but also predicted trait impulsivity.,41927766,vllm:mistral-7b-instruct-v0.3,high
pubmed,31786275,trait impulsivity resting-state fMRI,You do not have to act to be impulsive: Brain resting-state activity predicts performance and impulsivity on the Balloon Analogue Risk Task.,2020,Behavioural brain research,unknown,functional connectivity,impulsivity (general),unknown,predicts,higher,,direct,0.8,"Impulsivity was inversely correlated to monetary earnings, and ALFF significantly correlates with total earnings in the ventral part of the ACC/MPFC.",31786275,vllm:mistral-7b-instruct-v0.3,high
pubmed,35552233,trait impulsivity resting-state fMRI,Brain Functional Connectivity Mapping of Behavioral Flexibility in Rhesus Monkeys.,2022,The Journal of neuroscience : the official journal of the Society for Neuroscience,unknown,functional connectivity,impulsivity (general),unknown,associated_with,unclear,,unclear,0.7,The results identify trait-like characteristics of behavioral flexibility that are associated with correlated brain activity involving specific nuclei of frontostriatal networks.,35552233,vllm:mistral-7b-instruct-v0.3,medium
pubmed,34982027,trait impulsivity resting-state fMRI,Dissociation of impulsive traits by subthalamic metabotropic glutamate receptor 4.,2022,eLife,unknown,functional connectivity,impulsivity (general),unknown,predicts,unclear,metabotropic glutamate receptor 4 (mGlu4) function,unclear,0.8,"In vivo recorded STN neural activity encoded impulsive action as a separable state from basic motor control, characterized by decoupled STN/substantia nigra pars reticulata (SNr) mesoscale networks.",34982027,vllm:mistral-7b-instruct-v0.3,high
pubmed,24526181,trait impulsivity resting-state fMRI,Trait impulsivity is related to ventral ACC and amygdala activity during primary reward anticipation.,2015,Social cognitive and affective neuroscience,unknown,functional connectivity,impulsivity (general),unknown,associated_with,higher,unclear,direct,0.8,Trait impulsivity was associated with increased activation during anticipation of primary reward in the anterior cingulate cortex (ACC) and amygdala.,24526181,vllm:mistral-7b-instruct-v0.3,high
pubmed,40262490,trait impulsivity resting-state fMRI,"The relationships of resting-state brain entropy (BEN), ovarian hormones and behavioral inhibition and activation systems (BIS/BAS).",2025,NeuroImage,unknown,functional connectivity,impulsivity (general),unknown,associated_with,unclear,decreased BEN leads to increased functional connectivity,direct,0.8,"Results from mediation analysis demonstrated that PROG reduces impulsivity, as measured by BAS-drive, by decreasing BEN in the left DLPFC and subsequently increasing functional connectivity (FC) within this region.",40262490,vllm:mistral-7b-instruct-v0.3,high
pubmed,36912839,trait impulsivity resting-state fMRI,Identifying Replicable Subgroups in Neurodevelopmental Conditions Using Resting-State Functional Magnetic Resonance Imaging Data.,2023,JAMA network open,unknown,unknown,impulsivity (general),unknown,associated_with,unclear,,unclear,0.5,"There was a significant difference in Strengths and Weaknesses ADHD Symptoms and Normal Behavior Hyperactivity/Impulsivity subscale (SWAN-HI) between 2 subgroups in the POND data (C and D), with subgroup D having increased hyperactivity and impulsivity traits compared with subgroup C.",36912839,vllm:mistral-7b-instruct-v0.3,medium
pubmed,30633429,trait impulsivity resting-state fMRI,Connectome-based model predicts individual differences in propensity to trust.,2019,Human brain mapping,unknown,functional connectivity,unknown,unknown,predicts,unclear,,direct,0.8,We demonstrated that individual variations in the propensity to trust were primarily predicted by RSFC rooted in the functional integration of distributed key nodes...,30633429,vllm:mistral-7b-instruct-v0.3,high
pubmed,37986005,trait impulsivity resting-state fMRI,Specific brain imaging alterations underlying autistic traits in children with attention-deficit/hyperactivity disorder.,2023,Behavioral and brain functions : BBF,unknown,functional connectivity,impulsivity (general),Attention-Deficit/Hyperactivity Disorder (ADHD),correlates_with,unclear,,unclear,0.6,The co-occurrence of ATs in children with ADHD manifested as different behavioral characteristics and specific brain functional alterations.,37986005,vllm:mistral-7b-instruct-v0.3,medium
pubmed,22645252,trait impulsivity resting-state fMRI,Dopamine-dependent architecture of cortico-subcortical network connectivity.,2013,"Cerebral cortex (New York, N.Y. : 1991)",unknown,functional connectivity,impulsivity (general),unknown,associated_with,unclear,dopaminergic modulation,unclear,0.8,"We found that, relative to a placebo, levodopa and haloperidol challenges, respectively, increased or decreased the functional connectivity between specific subcortical regions and corresponding neocortical networks.",22645252,vllm:mistral-7b-instruct-v0.3,high
pubmed,29744800,trait impulsivity resting-state fMRI,Trait and state patterns of basolateral amygdala connectivity at rest are related to endogenous testosterone and aggression in healthy young women.,2019,Brain imaging and behavior,unknown,functional connectivity,impulsivity (general),unknown,predicts,unclear,endogenous testosterone,direct,0.7,"Pre-scan T was negatively correlated with basal rsFC between BLA and left superior temporal gyrus (STG), which in turn was associated with increased aggression.",29744800,vllm:mistral-7b-instruct-v0.3,high
pubmed,39866687,trait impulsivity resting-state fMRI,Atypical functional connectome is associated with low reflective functioning in incarcerated adolescents.,2024,Frontiers in psychiatry,unknown,functional connectivity,impulsivity (general),unknown,associated_with,unclear,,unclear,0.7,"Compared to the CA, the IA group presented significantly increased resting state FC in a distributed subnetwork including medial prefrontal, posterior and dorsal cingulate, temporal, and occipital regions.",39866687,vllm:mistral-7b-instruct-v0.3,high
pubmed,31642530,trait impulsivity resting-state fMRI,The neural substrates responsible for how trait anxiety affects delay discounting: Right hippocampal and cerebellar connectivity with bistable right inferior parietal lobule.,2020,Psychophysiology,unknown,functional connectivity,impulsivity (general),unknown,associated_with,lower,,direct,0.8,bistable right inferior parietal lobule (RIPL) connectivity with the RHPC and RCere were all inversely associated with trait anxiety.,31642530,vllm:mistral-7b-instruct-v0.3,high
pubmed,38446245,trait impulsivity resting-state fMRI,Topological features of functional brain networks and subclinical impulsivity: an investigation in younger and older adults.,2024,Brain structure & function,unknown,functional connectivity,impulsivity (general),unknown,associated_with,unclear,,unclear,0.7,"Impulsive traits (i.e., the tendency to act without forethought regardless of negative outcomes) are frequently found in healthy populations.",38446245,vllm:mistral-7b-instruct-v0.3,high
pubmed,26494799,trait impulsivity resting-state fMRI,Dopaminergic Modulation of the Functional Ventrodorsal Architecture of the Human Striatum.,2017,"Cerebral cortex (New York, N.Y. : 1991)",unknown,functional connectivity,impulsivity (general),unknown,associated_with,higher,dopaminergic modulation,direct,0.9,Individuals with high trait impulsivity exhibited greater drug-induced increases (after stimulation) and decreases (after blockade) of ventral-to-dorsal striatal connectivity than those with low trait impulsivity.,26494799,vllm:mistral-7b-instruct-v0.3,high
pubmed,32180738,trait impulsivity resting-state fMRI,Psychopathy and Corticostriatal Connectivity: The Link to Criminal Behavior in Methamphetamine Dependence.,2020,Frontiers in psychiatry,unknown,functional connectivity,impulsivity (general),unknown,associated_with,unclear,maladaptive and impulsive decision-making processes,unclear,0.7,"Methamphetamine use and psychopathy are associated with criminal behavior; however, it is unclear how methamphetamine use and psychopathy interact to promote violent, economic and drug offenses. Abnormalities in corticostriatal functional connectivity are exhibited in both psychopathic and methamphetamine dependent individuals, which may contribute to criminal behavior through maladaptive and impulsive decision-making processes.",32180738,vllm:mistral-7b-instruct-v0.3,high
pubmed,34482279,trait impulsivity resting-state fMRI,Risk and resilience for alcohol use disorder revealed in brain functional connectivity.,2021,NeuroImage. Clinical,unknown,functional connectivity,impulsivity (general),unknown,associated_with,unclear,,unclear,0.7,"FH is associated with intermediate levels of risk phenotypes, whereas distinct, compensatory brain changes likely promote resilience.",34482279,vllm:mistral-7b-instruct-v0.3,medium
pubmed,30268936,trait impulsivity resting-state fMRI,Amygdala-orbitofrontal functional connectivity mediates the relationship between sensation seeking and alcohol use among binge-drinking adults.,2018,Drug and alcohol dependence,unknown,functional connectivity,impulsivity (general),unknown,mediates,unclear,impaired emotion regulation or reward processing,direct,0.8,Individuals with higher weekly alcohol use displayed decreased right amygdala-OFC FC.,30268936,vllm:mistral-7b-instruct-v0.3,high
pubmed,26406311,trait impulsivity resting-state fMRI,Intrinsic Affective Network Is Impaired in Children with Attention-Deficit/Hyperactivity Disorder.,2015,PloS one,unknown,functional connectivity,impulsivity (general),Attention-Deficit/Hyperactivity Disorder (ADHD),associated_with,unclear,unclear,direct,0.8,"Children with ADHD demonstrated less integrated affective network, evidenced by increased bilateral amygdalar and decreased left orbitofrontal connectivity within the affective network compared to healthy controls.",26406311,vllm:mistral-7b-instruct-v0.3,high
pubmed,40384807,trait impulsivity resting-state fMRI,The Role of Temperament Traits in Bipolar Disorder: Neuroimaging Study.,2025,Depression and anxiety,unknown,functional connectivity,impulsivity (general),bipolar disorder,associated_with,unclear,,indirect,0.7,Lower Reward Dependence in bipolar patients was associated with increased functional connectivity between Salience Network and Default Mode and FrontoParietal Networks.,40384807,vllm:mistral-7b-instruct-v0.3,high
pubmed,30991616,trait impulsivity resting-state fMRI,Adolescent binge drinking disrupts normal trajectories of brain functional organization and personality maturation.,2019,NeuroImage. Clinical,unknown,functional connectivity,impulsivity (general),unknown,associated_with,unclear,,unclear,0.7,We demonstrated longitudinally that after the onset of binge drinking the developmental trajectory of improvement in impulsivity slowed down.,30991616,vllm:mistral-7b-instruct-v0.3,medium
pubmed,32989168,trait impulsivity resting-state fMRI,Compulsivity is linked to reduced adolescent development of goal-directed control and frontostriatal functional connectivity.,2020,Proceedings of the National Academy of Sciences of the United States of America,unknown,functional connectivity,unknown,unknown,associated_with,unclear,,unclear,0.7,"Compulsivity is associated with a less pronounced change of within-subject developmental remodeling of functional connectivity, specifically between the striatum and a frontoparietal network.",32989168,vllm:mistral-7b-instruct-v0.3,high
pubmed,32289458,trait impulsivity resting-state fMRI,Sensation-seeking is related to functional connectivities of the medial orbitofrontal cortex with the anterior cingulate cortex.,2020,NeuroImage,unknown,functional connectivity,impulsivity (general),unknown,associated_with,unclear,reward system,direct,0.73,The sensation-seeking score could be optimally predicted from the functional connectivity with typically (in different participants) 18 links between brain areas (measured in the resting state with fMRI) with correlation r ​= ​0.34 (p ​= ​7.3 ​× ​10-13) between the predicted and actual sensation-seeking score across all participants.,32289458,vllm:mistral-7b-instruct-v0.3,high
pubmed,35796689,trait impulsivity resting-state fMRI,Overnight Abstinence Is Associated With Smaller Secondary Somatosensory Cortical Volumes and Higher Somatosensory-Motor Cortical Functional Connectivity in Cigarette Smokers.,2022,Nicotine & tobacco research : official journal of the Society for Research on Nicotine and Tobacco,unknown,functional connectivity,motor impulsivity,unknown,associated_with,higher,,direct,0.8,right SII rsFC with the precentral gyrus was stronger in abstinence as compared to satiety.,35796689,vllm:mistral-7b-instruct-v0.3,high
pubmed,23139901,trait impulsivity resting-state fMRI,The association between cingulate cortex glutamate concentration and delay discounting is mediated by resting state functional connectivity.,2012,Brain and behavior,unknown,functional connectivity,impulsivity (general),unknown,associated_with,unclear,mediated by,direct,0.8,delay discounting was associated with both dACC glutamate concentrations and resting state functional connectivity of the dACC with a midbrain region including ventral tegmental area and substantia nigra.,23139901,vllm:mistral-7b-instruct-v0.3,high
pubmed,39807989,trait impulsivity resting-state fMRI,Exploring common and distinct neural basis of procrastination and impulsivity through elastic net regression.,2025,"Cerebral cortex (New York, N.Y. : 1991)",unknown,functional connectivity,impulsivity (general),unknown,associated_with,unclear,dysfunction,direct,0.8,"The functional connections between the default network and the visual network were positively associated with both traits, indicating that the dysfunction of higher-order cognition (eg self-control) may account for their tight relationship.",39807989,vllm:mistral-7b-instruct-v0.3,high
pubmed,29225975,trait impulsivity resting-state fMRI,Correlation between Traits of Emotion-Based Impulsivity and Intrinsic Default-Mode Network Activity.,2017,Neural plasticity,unknown,functional connectivity,impulsivity (general),unknown,associated_with,unclear,,direct,0.8,Trait urgency measures showed significant correlations with the functional connectivity of the posterior cingulate cortex/precuneus seed with the thalamus and midbrain region.,29225975,vllm:mistral-7b-instruct-v0.3,high
pubmed,25148416,trait impulsivity resting-state fMRI,Individual differences in impulsivity predict head motion during magnetic resonance imaging.,2014,PloS one,unknown,functional connectivity,impulsivity (general),unknown,predicts,higher,,direct,1.0,"In the first two studies, we demonstrated in both children (N  =  245) and adults (N  =  581) that head motion, estimated from resting-state functional MRI, was reliably correlated with impulsivity scores.",25148416,vllm:mistral-7b-instruct-v0.3,high
pubmed,40949952,trait impulsivity resting-state fMRI,Connectome-Based Predictive Modeling of Concurrent and Prospective Substance Use in Adolescence.,2025,bioRxiv : the preprint server for biology,unknown,functional connectivity,impulsivity (general),unknown,predicts,unclear,,unclear,0.6,"Trait impulsivity, a known risk factor, was also examined.",40949952,vllm:mistral-7b-instruct-v0.3,medium
pubmed,25774886,trait impulsivity resting-state fMRI,Interindividual variability in functional connectivity as long-term correlate of temporal discounting.,2015,PloS one,unknown,functional connectivity,impulsivity (general),unknown,correlates_with,unclear,,unclear,0.7,"fcMRI within and between critical nodes of task-evoked neural networks associated with TD correlates with discounting behavior measured a long time afterwards, independently of impulsivity.",25774886,vllm:mistral-7b-instruct-v0.3,high
pubmed,40516848,trait impulsivity resting-state fMRI,Neural basis of the association between future time perspective and ADHD characteristics: functional connectivity between Left inferior parietal lobule and mPFC.,2025,Progress in neuro-psychopharmacology & biological psychiatry,unknown,functional connectivity,impulsivity (general),ADHD,associated_with,unclear,,direct,0.8,RSFC results indicated individuals with higher levels of FTP exhibited greater functional connectivity between the IPL and both the dorsomedial prefrontal cortex (dmPFC) and the ventromedial prefrontal cortex (vmPFC).,40516848,vllm:mistral-7b-instruct-v0.3,high
pubmed,26745144,trait impulsivity resting-state fMRI,Head Motion and Inattention/Hyperactivity Share Common Genetic Influences: Implications for fMRI Studies of ADHD.,2016,PloS one,unknown,unknown,impulsivity (general),ADHD,associated_with,unclear,genetic,background,0.7,"Head motion is a well known confound in analyses of functional MRI data. Neuroimaging researchers therefore typically treat HM as a nuisance covariate in their analyses. Even so, it is possible that HM shares a common genetic influence with the trait of interest.",26745144,vllm:mistral-7b-instruct-v0.3,high
pubmed,28860514,trait impulsivity resting-state fMRI,Delay discounting is associated with the fractional amplitude of low-frequency fluctuations and resting-state functional connectivity in late adolescence.,2017,Scientific reports,unknown,functional connectivity,impulsivity (general),unknown,associated_with,unclear,,direct,0.8,DD was positively correlated with the RSFC between the dACC and the left dorsolateral prefrontal cortex (DLPFC),28860514,vllm:mistral-7b-instruct-v0.3,high
pubmed,40666274,trait impulsivity resting-state fMRI,Salience and default networks predict borderline personality traits and affective symptoms: a dynamic functional connectivity analysis.,2025,Frontiers in human neuroscience,unknown,dynamic connectivity,impulsivity (general),borderline personality traits,predicts,higher,temporal variability,direct,0.8,"Results indicated abnormal dynamic functional connectivity inside the SN, and in a network that includes DMN and mentalization regions. Specifically, the higher the BPT, the higher the temporal variability inside the SN, and the lower the temporal variability in a network that includes DMN and mentalization regions.",40666274,vllm:mistral-7b-instruct-v0.3,high
pubmed,30294823,trait impulsivity resting-state fMRI,Cluster analysis with MOODS-SR illustrates a potential bipolar disorder risk phenotype in young adults with remitted major depressive disorder.,2018,Bipolar disorders,unknown,unknown,impulsivity (general),remitted major depressive disorder,associated_with,unclear,,background,0.5,Differences in impulsivity exist between moderate and severe groups.,30294823,vllm:mistral-7b-instruct-v0.3,medium
pubmed,32592635,trait impulsivity resting-state fMRI,Altered core networks of brain connectivity and personality traits in internet gaming disorder.,2020,Journal of behavioral addictions,unknown,functional connectivity,impulsivity (general),Internet gaming disorder,associated_with,unclear,,unclear,0.7,IGD participants showed lower functional connectivity between the dorsal lateral prefrontal cortex (DLPFC) and other regions in the CEN than HC participants during resting state.,32592635,vllm:mistral-7b-instruct-v0.3,high
pubmed,41763017,trait impulsivity resting-state fMRI,Connectome-based predictive modeling of concurrent and longitudinal substance use vulnerability in adolescence.,2026,Developmental cognitive neuroscience,unknown,functional connectivity,impulsivity (general),unknown,associated_with,unclear,,unclear,0.6,"Trait impulsivity, a known risk factor, was also examined.",41763017,vllm:mistral-7b-instruct-v0.3,medium
pubmed,40345392,trait impulsivity resting-state fMRI,The mediating role of social anxiety in the association between personality traits and Internet addiction and its underlying neural basis.,2025,International journal of psychophysiology : official journal of the International Organization of Psychophysiology,unknown,functional connectivity,unknown,unknown,associated_with,unclear,mediated by social anxiety,direct,0.8,"fMRI results showed that SA was negatively correlated with precuneus-occipital connectivity, which is associated with emotional face processing and self-focused attention.",40345392,vllm:mistral-7b-instruct-v0.3,high
pubmed,37223038,trait impulsivity functional connectivity,Increased meso-striatal connectivity mediates trait impulsivity in FTO variant carriers.,2023,Frontiers in endocrinology,unknown,functional connectivity,motor impulsivity,unknown,associated_with,higher,altered structural connectivity,direct,0.8,"We found that FTO risk allele carriers compared to non-carriers, demonstrated greater motor impulsivity and increased structural connectivity between VTA/SN and the NAc.",37223038,vllm:mistral-7b-instruct-v0.3,high
pubmed,33192412,trait impulsivity functional connectivity,Higher Trait Impulsivity and Altered Frontostriatal Connectivity in Betel-Quid Dependent Individuals.,2020,Frontiers in human neuroscience,unknown,functional connectivity,impulsivity (general),Betel-Quid Dependent Individuals,associated_with,lower,unknown,direct,0.8,There was a significantly decreased functional connectivity between the right caudate and right dorsolateral prefrontal cortex (DLPFC) when watching BQ related images than control images in individuals with BQD.,33192412,vllm:mistral-7b-instruct-v0.3,high
pubmed,38009082,trait impulsivity functional connectivity,Adolescent Neurodevelopment Within the Context of Impulsivity and Substance Use.,2023,Current addiction reports,unknown,functional connectivity,impulsivity (general),unknown,associated_with,unclear,,unclear,0.7,Altered functional connectivity in networks including the inhibitory control network and reward processing network confers risk for greater impulsivity and substance use.,38009082,vllm:mistral-7b-instruct-v0.3,high
pubmed,41098856,trait impulsivity functional connectivity,The CB1 receptor: linking impulsivity and substance use disorder.,2025,Frontiers in neuroscience,unknown,functional connectivity,impulsivity (general),unknown,associated_with,unclear,modulates synaptic transmission through retrograde endocannabinoid signaling,unclear,0.7,"CB1R signaling in these regions influences decision-making, reward sensitivity, and response inhibition-all processes critical to the emergence of impulsive traits and drug-seeking behavior.",41098856,vllm:mistral-7b-instruct-v0.3,high
pubmed,39834272,trait impulsivity functional connectivity,Functional and effective connectivity between reward and inhibitory control networks underlying subclinical binge eating.,2025,The British journal of psychiatry : the journal of mental science,unknown,dynamic connectivity,impulsivity (general),binge eating,associated_with,unclear,undirectional and directional synchronisations,direct,0.8,"The binge eating group relative to controls displayed fewer reward-inhibition undirectional and directional synchronisations (i.e. medial orbitofrontal cortex [mOFC]-superior parietal gyrus [SPG] connectivity, mOFC → SPG excitatory connectivity) during food reward_nogo condition.",39834272,vllm:mistral-7b-instruct-v0.3,high
pubmed,36063759,trait impulsivity functional connectivity,Linking cerebellar functional gradients to transdiagnostic behavioral dimensions of psychopathology.,2022,NeuroImage. Clinical,unknown,functional connectivity,impulsivity (general),unknown,associated_with,unclear,,unclear,0.7,"This multivariate analysis revealed significant correlated patterns of cerebellar connectivity gradients and behavioral measures that could be represented into four latent dimensions: general psychopathology, impulsivity and mood, internalizing symptoms and executive dysfunction.",36063759,vllm:mistral-7b-instruct-v0.3,high
pubmed,25818325,trait impulsivity functional connectivity,Increased corticolimbic connectivity in cocaine dependence versus pathological gambling is associated with drug severity and emotion-related impulsivity.,2016,Addiction biology,unknown,functional connectivity,impulsivity (general),unknown,associated_with,higher,unclear,direct,0.8,"CD compared with PG displayed increased global functional connectivity in a large-scale ventricolimbic network involving the orbitofrontal cortex, caudate, thalamus and amygdala.",25818325,vllm:mistral-7b-instruct-v0.3,high
pubmed,35487297,trait impulsivity functional connectivity,The implications of frontotemporal dementia for brain dysfunction in psychopathy.,2022,Biological psychology,unknown,functional connectivity,impulsivity (general),unknown,associated_with,unclear,,unclear,0.6,"In conclusion, many frontotemporal areas are hypoactive in psychopathy and bvFTD, but differences in dysfunctional connectivity in psychopathy vs. direct involvement in bvFTD potentially explain similarities and differences between these two conditions.",35487297,vllm:mistral-7b-instruct-v0.3,medium
pubmed,27940074,trait impulsivity functional connectivity,ACC GABA levels are associated with functional activation and connectivity in the fronto-striatal network during interference inhibition in patients with borderline personality disorder.,2017,NeuroImage,unknown,functional connectivity,impulsivity (general),borderline personality disorder,associated_with,higher,regulation,direct,0.8,ACC-caudate functional connectivity during interference inhibition is associated with ACC GABA levels in patients with BPD.,27940074,vllm:mistral-7b-instruct-v0.3,high
pubmed,30705624,trait impulsivity functional connectivity,The Degree of Modulation of Beta Band Activity During Motor Planning Is Related to Trait Impulsivity.,2019,Frontiers in integrative neuroscience,unknown,functional connectivity,impulsivity (general),unknown,associated_with,unclear,beta band activity modulation during motor planning,direct,0.8,We found that the decrease of relative beta band power during action planning in the left fronto-central group of channels was more pronounced in the high impulsivity group than in the low impulsivity group.,30705624,vllm:mistral-7b-instruct-v0.3,high
pubmed,28367514,trait impulsivity functional connectivity,Impulsive-antisocial dimension of psychopathy linked to enlargement and abnormal functional connectivity of the striatum.,2017,Biological psychiatry. Cognitive neuroscience and neuroimaging,unknown,functional connectivity,impulsivity (general),psychopathy,associated_with,higher,unclear,direct,0.8,"Psychopathy severity was also associated with abnormal functional connectivity with other brain regions, including dorsolateral prefrontal cortex, ventral midbrain and other areas of the striatum.",28367514,vllm:mistral-7b-instruct-v0.3,high
pubmed,18214718,trait impulsivity functional connectivity,Neurobiological processes in adolescent addictive disorders.,2008,The American journal on addictions,unknown,functional connectivity,impulsivity (general),unknown,associated_with,unclear,developmental factors,unclear,0.7,"These neurobiological liabilities may correspond to neurobehavioral impairments in decision-making, affiliation with deviant peers and externalizing behavior; these and other cognitive and behavioral traits converge with neurobiological factors to increase SUD risk.",18214718,vllm:mistral-7b-instruct-v0.3,medium
pubmed,31275737,trait impulsivity functional connectivity,Weakened Functional Connectivity Between the Amygdala and the Ventromedial Prefrontal Cortex Is Longitudinally Related to Psychopathic Traits in Low-Income Males During Early Adulthood.,2019,Clinical psychological science : a journal of the Association for Psychological Science,unknown,functional connectivity,impulsivity (general),unknown,associated_with,unclear,,unclear,0.7,"Weakened functional connectivity between the amygdala and ventromedial prefrontal cortex during the processing of fearful, but not neutral or angry, faces at age 20 was related to higher psychopathic traits at age 22.",31275737,vllm:mistral-7b-instruct-v0.3,high
pubmed,42069879,trait impulsivity functional connectivity,Aberrant cortico-striato-limbic functional connectivity to alcohol cues in co-occurring bipolar disorder and alcohol use disorder.,2026,Neuropsychopharmacology : official publication of the American College of Neuropsychopharmacology,unknown,functional connectivity,impulsivity (general),co-occurring bipolar disorder and alcohol use disorder,associated_with,higher,cue-modulated hyperconnectivity,direct,0.8,"BD + AUD individuals exhibited cue-modulated hyperconnectivity between the left dorsal striatum and right posterior cingulate cortex (p-FDR = 0.045) versus the AUD and BD groups, who both exhibited hypoconnectivity between these regions versus healthy participants.",42069879,vllm:mistral-7b-instruct-v0.3,high
pubmed,38451271,trait impulsivity functional connectivity,Trait anxiety and corresponding neuromarkers predict internet addiction: A longitudinal study.,2024,Journal of behavioral addictions,unknown,functional connectivity,impulsivity (general),unknown,predicts,unclear,,direct,0.8,The results of mediation demonstrated that stressful life events and correlated functional connectivity mediated the association between TA and IA.,38451271,vllm:mistral-7b-instruct-v0.3,high
pubmed,31383336,trait impulsivity functional connectivity,Hypothesis: Compulsive hoarding as an atavism.,2019,Medical hypotheses,unknown,unknown,impulsivity (general),unknown,associated_with,unclear,ancestral mammalian behavior,background,0.3,"We propose that hoarding disorder may be an ancestral mammalian behavior, possibly hard-wired but dormant in present-day humans, that can be activated by traumatic experiences.",31383336,vllm:mistral-7b-instruct-v0.3,medium
pubmed,22805501,trait impulsivity functional connectivity,Trait impulsivity as an endophenotype for bipolar I disorder.,2012,Bipolar disorders,unknown,unknown,impulsivity (general),bipolar I disorder,associated_with,higher,,unclear,0.8,Individuals with bipolar I disorder had elevated scores compared to healthy comparison subjects on BIS-11 total score and all three subscales (p < 0.0001).,22805501,vllm:mistral-7b-instruct-v0.3,high
pubmed,33246710,trait impulsivity functional connectivity,Abnormal organization of inhibitory control functional networks in future binge drinkers.,2021,Drug and alcohol dependence,unknown,functional connectivity,impulsivity (general),unknown,associated_with,higher,unknown,direct,0.8,"fBD exhibit a distinctive pattern of beta band hyperconnectivity among crucial regions of inhibitory control networks, positively correlated with behavioral traits and future alcohol intake rate.",33246710,vllm:mistral-7b-instruct-v0.3,high
pubmed,37533885,trait impulsivity functional connectivity,Biopsychosocial factors of gaming disorder: a systematic review employing screening tools with well-defined psychometric properties.,2023,Frontiers in psychiatry,unknown,functional connectivity,impulsivity (general),unknown,associated_with,unclear,,unclear,0.5,"Biological factors (n = 8) included reward, self-concept, brain structure, and functional connectivity.",37533885,vllm:mistral-7b-instruct-v0.3,medium
pubmed,29946511,trait impulsivity functional connectivity,Abnormal cortical gyrification in criminal psychopathy.,2018,NeuroImage. Clinical,unknown,structural connectivity,impulsivity (general),criminal psychopathy,associated_with,unclear,,unclear,0.7,PCL-R scores were negatively associated with LGI measures within the right hemisphere in the midcingulate cortex (MCC) and adjacent regions of the superior frontal gyrus as well as lateral superior parietal cortex.,29946511,vllm:mistral-7b-instruct-v0.3,high
pubmed,41099174,trait impulsivity functional connectivity,"Suicidal ideation with and without intention to act: A transdiagnostic network analysis on the interplay between psychopathology, impulsivity, and childhood maltreatment.",2025,Psychological medicine,unknown,functional connectivity,nonplanning impulsivity,unknown,correlates_with,unclear,,unclear,0.6,"Network analyses revealed that in the SI without intention to act group, obsessive-compulsive symptoms were central, connecting to depression and anxiety, while negatively correlating with non-planning impulsivity.",41099174,vllm:mistral-7b-instruct-v0.3,medium
pubmed,41590514,trait impulsivity functional connectivity,Connecting the Airways: Current Trends in United Airway Diseases.,2026,Journal of personalized medicine,unknown,unknown,unknown,unknown,associated_with,unclear,inflammation,background,0.3,"The concept of united airway disease (UAD) highlights the bidirectional relationship between inflammatory disorders of the upper airways-such as allergic rhinitis and chronic rhinosinusitis with or without nasal polyps (CRSwNP/CRSsNP)-and lower airway diseases, most notably asthma.",41590514,vllm:mistral-7b-instruct-v0.3,medium
pubmed,35317338,trait impulsivity functional connectivity,Insights into myelin dysfunction in schizophrenia and bipolar disorder.,2022,World journal of psychiatry,unknown,unknown,unknown,unknown,unknown,unclear,,unclear,,,35317338,vllm:mistral-7b-instruct-v0.3,low
pubmed,40168432,trait impulsivity functional connectivity,Protocol for a Randomized Controlled Trial to Enhance Executive Function via Brief Mindfulness Training in Individuals with Internet Gaming Disorder.,2025,PloS one,unknown,EEG connectivity,impulsivity (general),Internet Gaming Disorder,associated_with,unclear,,background,0.3,"Internet Gaming Disorder has been associated with neuropsychological impairments, especially executive function deficits, and emotional difficulties.",40168432,vllm:mistral-7b-instruct-v0.3,medium
pubmed,37884552,trait impulsivity functional connectivity,Neural correlates of aggression in personality disorders from the perspective of DSM-5 maladaptive traits: a systematic review.,2023,Translational psychiatry,unknown,functional connectivity,impulsivity (general),DSM-5 maladaptive traits,associated_with,unclear,"alterations in the interplay between prefrontal and subcortical regions, alterations of fronto-temporal-limbic regions and serotonergic and endocannabinoid signaling systems",unclear,0.7,alterations of fronto-temporal-limbic regions and serotonergic and endocannabinoid signaling systems may link impulsivity to aggression in BPD and ASPD,37884552,vllm:mistral-7b-instruct-v0.3,high
pubmed,37890532,trait impulsivity functional connectivity,Food go/no-go training alters neural circuits for food evaluation for appetite reduction.,2024,Appetite,unknown,functional connectivity,unknown,unknown,associated_with,unclear,unknown,direct,0.8,The food go/no-go training did alter the functional connectivity of brain regions associated with food evaluation.,37890532,vllm:mistral-7b-instruct-v0.3,high
pubmed,22047966,trait impulsivity functional connectivity,Effect of dopamine transporter genotype on intrinsic functional connectivity depends on cognitive state.,2012,"Cerebral cortex (New York, N.Y. : 1991)",unknown,functional connectivity,impulsivity (general),unknown,associated_with,higher,genetic regulation of dopamine,direct,0.8,"We found that connections between frontal, parietal, and striatal nodes of Task-Positive networks (TPNs) and Task-Negative networks (TNNs) showed higher functional connectivity in 10/10 homozygotes of the dopamine transporter gene, a polymorphism influencing synaptic dopamine, than in 9/10 heterozygotes.",22047966,vllm:mistral-7b-instruct-v0.3,high
pubmed,34678357,trait impulsivity functional connectivity,Sex-specific static and dynamic functional networks of sub-divisions of striatum linking to the greed personality trait.,2021,Neuropsychologia,unknown,functional connectivity,impulsivity (general),unknown,associated_with,unclear,,unclear,0.7,The study revealed a significant interaction effect between sex and GPT on the static reward functional networks.,34678357,vllm:mistral-7b-instruct-v0.3,medium
pubmed,38018143,trait impulsivity functional connectivity,Converging Evidence for Frontopolar Cortex as a Target for Neuromodulation in Addiction Treatment.,2024,The American journal of psychiatry,unknown,functional connectivity,impulsivity (general),substance use disorders,associated_with,unclear,unknown,direct,0.8,"This approach is supported by converging multimodal evidence, including functional MRI-based maps.",38018143,vllm:mistral-7b-instruct-v0.3,high
pubmed,29610548,trait impulsivity functional connectivity,Personality and Neural Correlates of Mentalizing Ability.,2017,European journal of personality,unknown,unknown,impulsivity (general),unknown,correlates_with,unclear,,unclear,0.6,"Performance on the theory of mind task was significantly associated with patterns of connectivity between the dorsal medial and core subsystems of the default network, consistent with evidence implicating these regions in mentalization.",29610548,vllm:mistral-7b-instruct-v0.3,medium
pubmed,25660033,trait impulsivity functional connectivity,Characterizing heterogeneity in children with and without ADHD based on reward system connectivity.,2015,Developmental cognitive neuroscience,unknown,functional connectivity,impulsivity (general),ADHD,associated_with,unclear,,unclear,0.7,"Our findings showed that children with ADHD and typically developing children could be classified into distinct subgroups according to brain functional connectivity. Results also suggested that the differentiation in 'functional' subgroups is related to specific behavioral characteristics, in this case impulsivity.",25660033,vllm:mistral-7b-instruct-v0.3,high
pubmed,25557777,trait impulsivity functional connectivity,Amygdala subnuclei connectivity in response to violence reveals unique influences of individual differences in psychopathic traits in a nonforensic sample.,2015,Human brain mapping,unknown,functional connectivity,impulsivity (general),unknown,associated_with,unclear,,unclear,0.7,Psychopathic personality factors were related to specific patterns of connectivity.,25557777,vllm:mistral-7b-instruct-v0.3,medium
pubmed,27240677,trait impulsivity functional connectivity,The Need for Treatment Responsive Translational Biomarkers in Alcoholism Research.,2016,Current topics in behavioral neurosciences,unknown,functional connectivity,unknown,unknown,associated_with,unclear,alcohol-induced,unclear,0.5,"We discuss translational biomarker strategies that may help turn this tide. Following an approach patterned on an endophenotype approach to complex behavioral traits, we hypothesize that relatively simple biological measures should be sought that can be obtained both in experimental animals and in humans, and that may be responsive to alcoholism medications. These biomarkers have to be tailored to the specific mechanism targeted by candidate medications and may in fact also help identify biologically more homogeneous subpopulations of patients. We introduce as examples alcohol-induced dopamine (DA) release, measures of central glutamate levels, and network connectivity, and discuss our experience to date with these biomarker strategies.",27240677,vllm:mistral-7b-instruct-v0.3,medium
pubmed,14719047,trait impulsivity functional connectivity,"Eating disorders and the serotonin connection: state, trait and developmental effects.",2004,Journal of psychiatry & neuroscience : JPN,unknown,unknown,impulsivity (general),unknown,associated_with,unclear,unknown,background,0.5,"Alterations in brain serotonin (5-hydroxytryptamine [5-HT]) function are thought to contribute to diverse aspects of eating disorders, including binge eating, impulsivity and mood-regulation problems.",14719047,vllm:mistral-7b-instruct-v0.3,medium
pubmed,40376927,trait impulsivity functional connectivity,Classification of internet addiction using machine learning on electroencephalography synchronization and functional connectivity.,2025,Psychological medicine,unknown,EEG connectivity,unknown,Internet addiction,associated_with,unclear,unknown,unclear,0.7,Functional connectivity analysis and machine learning algorithms can jointly distinguish participants with IA from HCs based on EEG data.,40376927,vllm:mistral-7b-instruct-v0.3,high
pubmed,34993375,trait impulsivity functional connectivity,Brain Networks Associated With COVID-19 Risk: Data From 3662 Participants.,2021,"Chronic stress (Thousand Oaks, Calif.)",unknown,functional connectivity,unknown,unknown,associated_with,unclear,,unclear,0.7,"Individuals are at increased risk of COVID-19 infections if their brain connectome is consistent with reduced connectivity in the top-down attention and executive networks, along with increased internal connectivity in the introspective and instinctive networks.",34993375,vllm:mistral-7b-instruct-v0.3,high
pubmed,36270509,trait impulsivity functional connectivity,Investigating a role of orexin and 'cocaine- and amphetamine-regulated transcript' in the nucleus accumbens shell in binge eating of male rats and the relationship with impulsivity.,2022,Physiology & behavior,unknown,functional connectivity,impulsivity (general),unknown,associated_with,unclear,blockade of accumbal OX1Rs reduces PF intake,unclear,0.7,"The blockade of accumbal OX1Rs effectively reduced PF intake only in the control group that had daily access to PF, with impulsivity trait as a decisive factor.",36270509,vllm:mistral-7b-instruct-v0.3,high
pubmed,27896939,trait impulsivity functional connectivity,"A multimodal study of impulsivity and body weight: Integrating behavioral, cognitive, and neuroimaging approaches.",2017,"Obesity (Silver Spring, Md.)",unknown,functional connectivity,impulsivity (general),unknown,associated_with,unclear,,unclear,0.7,BMI was positively associated with functional connectivity between the right inferior frontal gyrus and right middle frontal gyrus during successful response inhibition.,27896939,vllm:mistral-7b-instruct-v0.3,medium
pubmed,24935353,trait impulsivity functional connectivity,Neural and psychological mechanisms underlying compulsive drug seeking habits and drug memories--indications for novel treatments of addiction.,2014,The European journal of neuroscience,unknown,functional connectivity,impulsivity (general),unknown,associated_with,unclear,loss of prefrontal cortical inhibitory control,unclear,0.7,"Only some individuals lose control over their drug use, and the importance of behavioural impulsivity as a vulnerability trait predicting stimulant abuse and addiction in animals and humans",24935353,vllm:mistral-7b-instruct-v0.3,medium
pubmed,27566121,trait impulsivity functional connectivity,Reduced Default Mode Connectivity in Adolescents With Conduct Disorder.,2016,Journal of the American Academy of Child and Adolescent Psychiatry,unknown,functional connectivity,impulsivity (general),Conduct Disorder,associated_with,lower,unclear,direct,0.8,The group with CD showed hypoconnectivity between core DMN regions compared with typically developing controls.,27566121,vllm:mistral-7b-instruct-v0.3,high
pubmed,11301519,trait impulsivity functional connectivity,"Neurobiology of the structure of personality: dopamine, facilitation of incentive motivation, and extraversion.",1999,The Behavioral and brain sciences,unknown,functional connectivity,impulsivity (general),unknown,associated_with,unclear,dopamine modulation,unclear,0.7,"The corticolimbic-striatal-thalamic network integrates the salient incentive context in the medial orbital cortex, amygdala, and hippocampus, encodes the intensity of incentive stimuli in a motive circuit composed of the nucleus accumbens, ventral pallidum, and ventral tegmental area dopamine projection system, and creates an incentive motivational state.",11301519,vllm:mistral-7b-instruct-v0.3,high
pubmed,26690326,trait impulsivity functional connectivity,Interpersonal dependency and online gaming addiction.,2016,Journal of behavioral addictions,unknown,functional connectivity,impulsivity (general),unknown,associated_with,unclear,,unclear,0.6,High scores on subscales measuring dysfunctional detachment and destructive overdependence were positively associated with online gaming addiction,26690326,vllm:mistral-7b-instruct-v0.3,medium
pubmed,37058964,trait impulsivity functional connectivity,Impulsivity and self-regulation: A dual-process model of risky driving in young drivers in Iran.,2023,Accident; analysis and prevention,unknown,unknown,impulsivity (general),unknown,associated_with,unclear,mediatory role of cognitive and self-regulatory capacities,unclear,0.8,"The dual-process model of risky driving (Lazuras, Rowe, Poulter, Powell, & Ypsilanti, 2019) suggested that regulatory processes mediate the effect of impulsivity on risky driving.",37058964,vllm:mistral-7b-instruct-v0.3,high
pubmed,35388180,trait impulsivity functional connectivity,Corticolimbic DCC gene co-expression networks as predictors of impulsivity in children.,2022,Molecular psychiatry,unknown,functional connectivity,impulsivity (general),unknown,predicts,lower,Netrin-1/DCC signaling pathway,direct,0.8,We found that lower ePRS scores associate with higher measurements of impulsive choice in 6-year-old children tested in the Information Sampling Task and with impulsive action in 6- and 10-year-old children tested in the Stop Signal Task.,35388180,vllm:mistral-7b-instruct-v0.3,high
pubmed,24128659,trait impulsivity functional connectivity,Examining the link between adolescent brain development and risk taking from a social-developmental perspective.,2013,Brain and cognition,unknown,functional connectivity,impulsivity (general),unknown,associated_with,unclear,asynchrony in developmental time courses,unclear,0.6,"Asynchrony in developmental time courses between the affective/approach and cognitive control brain systems, as well as the ongoing maturation of neural connectivity are thought to lead to increased vulnerability for risk taking in adolescence.",24128659,vllm:mistral-7b-instruct-v0.3,medium
pubmed,9198777,trait impulsivity functional connectivity,[Impulsiveness and impulse control. On the psychological and psychopathological conceptualization].,1997,Der Nervenarzt,unknown,unknown,impulsivity (general),unknown,associated_with,unclear,,background,0.3,Impulsiveness and impaired impulse control are connected with an increasing number of psychic disorders.,9198777,vllm:mistral-7b-instruct-v0.3,medium
pubmed,41769519,trait impulsivity functional connectivity,Evil's Anatomy: Structural Correlates of Violent Behavior.,2026,Cureus,unknown,structural connectivity,impulsivity (general),unknown,associated_with,unclear,,unclear,0.7,Alterations in grey matter and neural connectivity may influence the manifestation of violent behavior.,41769519,vllm:mistral-7b-instruct-v0.3,medium
pubmed,28900210,trait impulsivity functional connectivity,Alterations of Brain Functional Architecture Associated with Psychopathic Traits in Male Adolescents with Conduct Disorder.,2017,Scientific reports,unknown,functional connectivity,impulsivity (general),Conduct Disorder,associated_with,unclear,unclear,unclear,0.7,"We found decreased anti-synchronization between the fronto-parietal network (FPN) and default mode network (DMN), and increased intra-network synchronization within the frontothalamic-basal ganglia, right frontoparietal, and temporal/limbic/visual networks in CD patients.",28900210,vllm:mistral-7b-instruct-v0.3,high
pubmed,32121585,nonplanning impulsivity functional connectivity,"Random Forest Classification of Alcohol Use Disorder Using EEG Source Functional Connectivity, Neuropsychological Functioning, and Impulsivity Measures.",2020,"Behavioral sciences (Basel, Switzerland)",unknown,EEG connectivity,nonplanning impulsivity,alcohol use disorder,associated_with,higher,hyperconnectivity,direct,1.0,"The AUD group showed a predominant pattern of hyperconnectivity among 29 significant connections, indicating aberrant network functioning during resting state suggestive of neural hyperexcitability and impulsivity.",32121585,vllm:mistral-7b-instruct-v0.3,high
pubmed,24781521,nonplanning impulsivity functional connectivity,Compromised frontocerebellar circuitry contributes to nonplanning impulsivity in recovering alcoholics.,2014,Psychopharmacology,unknown,functional connectivity,nonplanning impulsivity,recovering alcoholics,associated_with,lower,compromised,direct,1.0,Alcoholic patients demonstrated compromised dorsal anterior cingulate cortex (dACC) -cerebellar functional connectivity,24781521,vllm:mistral-7b-instruct-v0.3,high
pubmed,37162878,nonplanning impulsivity functional connectivity,A generalizable functional connectivity signature characterizes brain dysfunction and links to rTMS treatment response in cocaine use disorder.,2023,medRxiv : the preprint server for health sciences,unknown,functional connectivity,nonplanning impulsivity,cocaine use disorder,associated_with,higher,unclear,direct,0.8,"We identified phenotyping FCs involving increased connectivity between the visual network and dorsal attention network, and between the frontoparietal control network and ventral attention network, as well as decreased connectivity between the default mode network and limbic network in CUD patients compared to healthy controls.",37162878,vllm:mistral-7b-instruct-v0.3,high
pubmed,37030546,nonplanning impulsivity functional connectivity,Disrupted functional networks within white-matter served as neural features in adolescent patients with conduct disorder.,2023,Behavioural brain research,unknown,functional connectivity,nonplanning impulsivity,conduct disorder,associated_with,lower,,direct,0.8,"Compared with TDs, CD patients showed decreased FCs between occipital network (ON) and superior temporal network (STN), which were significantly negatively associated with non-planning impulsivity scores in CD.",37030546,vllm:mistral-7b-instruct-v0.3,high
pubmed,24200210,nonplanning impulsivity functional connectivity,An intrinsic connectivity network approach to insula-derived dysfunctions among cocaine users.,2013,The American journal of drug and alcohol abuse,unknown,functional connectivity,nonplanning impulsivity,cocaine addiction,associated_with,lower,malfunction of integration,direct,0.8,"The inter-network connectivity between an ICN involving the anterior insula and ACC, and an ICN involving the striatum, was significantly weaker in cocaine users relative to controls.",24200210,vllm:mistral-7b-instruct-v0.3,high
pubmed,38902791,nonplanning impulsivity functional connectivity,Graph analysis uncovers an opposing impact of methylphenidate on connectivity patterns within default mode network sub-divisions.,2024,Behavioral and brain functions : BBF,unknown,functional connectivity,nonplanning impulsivity,unknown,associated_with,unclear,,unclear,0.7,Decreased connectivity of the DMN sub-network with the cinguloopercular network following MPH administration was associated with elevated impulsivity and non-planning impulsiveness.,38902791,vllm:mistral-7b-instruct-v0.3,high
pubmed,32194455,nonplanning impulsivity functional connectivity,Deficient Decision Making in Pathological Gamblers Correlates With Gray Matter Volume in Medial Orbitofrontal Cortex.,2020,Frontiers in psychiatry,unknown,functional connectivity,nonplanning impulsivity,pathological gambling,correlates_with,unclear,,unclear,0.7,"Our findings showed that the association between decision making and impulsivity can also be found in PG patients, but only for certain impulsivity facets.",32194455,vllm:mistral-7b-instruct-v0.3,high
pubmed,23355606,nonplanning impulsivity functional connectivity,Synchrony of anterior cingulate cortex and insular-striatal activation predicts ambiguity aversion in individuals with low impulsivity.,2014,"Cerebral cortex (New York, N.Y. : 1991)",unknown,functional connectivity,nonplanning impulsivity,unknown,predicts,higher,unclear,direct,0.8,Stronger activation synchrony between the left dACC and the right anterior insula correlated with greater use of a Pass response option.,23355606,vllm:mistral-7b-instruct-v0.3,high
pubmed,35126053,nonplanning impulsivity resting-state fMRI,Regional Homogeneity Abnormalities and Its Correlation With Impulsivity in Male Abstinent Methamphetamine Dependent Individuals.,2021,Frontiers in molecular neuroscience,unknown,BOLD variability,nonplanning impulsivity,Methamphetamine Dependent Individuals,correlates_with,unclear,,unclear,0.7,"The ReHo values of the left precentral gyrus were negatively correlated with the BIS-attention, BIS-motor, and BIS-nonplanning subscale scores,",35126053,vllm:mistral-7b-instruct-v0.3,medium
pubmed,29198277,attentional impulsivity resting-state fMRI,Attention-Deficit/Hyperactivity Disorder: A Historical Neuropsychological Perspective.,2017,Journal of the International Neuropsychological Society : JINS,unknown,unknown,impulsivity (general),unknown,unknown,unclear,,background,0.2,"The behavior patterns of hyperactivity, impulsivity and inattention that would ultimately become recognized as Attention-Deficit Hyperactivity Disorder (ADHD) have been described for centuries.",29198277,vllm:mistral-7b-instruct-v0.3,low
pubmed,34406053,attentional impulsivity resting-state fMRI,Neuroimaging in Attention-Deficit/Hyperactivity Disorder: Recent Advances.,2022,AJR. American journal of roentgenology,unknown,functional connectivity,attentional impulsivity,Attention-Deficit/Hyperactivity Disorder (ADHD),correlates_with,unclear,,indirect,0.6,"Using fMRI, researchers have focused on the prefrontal and temporal regions, reflecting perception-action mapping alterations.",34406053,vllm:mistral-7b-instruct-v0.3,medium
pubmed,34602972,attentional impulsivity resting-state fMRI,Altered Variability and Concordance of Dynamic Resting-State fMRI Indices in Patients With Attention Deficit Hyperactivity Disorder.,2021,Frontiers in neuroscience,unknown,dynamic connectivity,attentional impulsivity,Attention deficit hyperactivity disorder (ADHD),associated_with,unclear,,direct,0.8,"Patients with ADHD showed decreased variability of dynamic amplitude of low-frequency fluctuation (dALFF) in the left middle frontal gyrus and increased one in right middle occipital gyrus, as compared with the HCs.",34602972,vllm:mistral-7b-instruct-v0.3,high
pubmed,33484850,attentional impulsivity resting-state fMRI,The neural substrates of subliminal attentional bias and reduced inhibition in individuals with a higher BMI: A VBM and resting state connectivity study.,2021,NeuroImage,unknown,functional connectivity,attentional impulsivity,unknown,associated_with,unclear,,indirect,0.8,"A higher BMI predicts slower subliminal processing of images, which is linked to lower resting-state connectivity of the orbital gyrus to visual areas.",33484850,vllm:mistral-7b-instruct-v0.3,high
pubmed,35859076,attentional impulsivity resting-state fMRI,Centrality and interhemispheric coordination are related to different clinical/behavioral factors in attention deficit/hyperactivity disorder: a resting-state fMRI study.,2022,Brain imaging and behavior,unknown,functional connectivity,impulsivity (general),ADHD,associated_with,higher,,unclear,0.6,EC was significantly higher in ADHD compared to neurotypicals in several brain regions.,35859076,vllm:mistral-7b-instruct-v0.3,medium
pubmed,36843348,attentional impulsivity resting-state fMRI,"Construction of Meta-Thinking Educational Program Based on Mental-Brain Simulation (MTMBS) and Evaluating its Effectiveness on Executive Functions, Emotion Regulation, and Impulsivity in Children With ADHD: A Resting-State Functional MRI Study.",2023,Journal of attention disorders,unknown,unknown,impulsivity (general),ADHD,associated_with,unclear,,background,0.5,The Meta-Thinking Educational Program had effect on performance of ADHD children and suppressed brain regions related to DMN.,36843348,vllm:mistral-7b-instruct-v0.3,medium
pubmed,40309601,attentional impulsivity resting-state fMRI,Vulnerable brain regions in adolescent attention deficit hyperactivity disorder: An activation likelihood estimation meta-analysis.,2025,World journal of psychiatry,unknown,BOLD variability,impulsivity (general),ADHD,associated_with,unclear,,unclear,0.7,Resting-state functional magnetic resonance imaging (rs-fMRI) provides critical insights into the functional architecture of the brain in ADHD.,40309601,vllm:mistral-7b-instruct-v0.3,high
pubmed,30520697,attentional impulsivity resting-state fMRI,Exploring the Brain Lateralization in ADHD Based on Variability of Resting-State fMRI Signal.,2021,Journal of attention disorders,unknown,functional connectivity,impulsivity (general),ADHD,associated_with,unclear,,unclear,0.7,"ADHD patients showed significantly increased rightward lateralization in the inferior frontal gyrus (opercular), precuneus, and paracentral lobule, and decreased rightward lateralization in the insula.",30520697,vllm:mistral-7b-instruct-v0.3,high
pubmed,38281353,attentional impulsivity resting-state fMRI,Neurofeedback for alcohol addiction: Changes in resting state network activity✰.,2024,Psychiatry research. Neuroimaging,unknown,functional connectivity,impulsivity (general),alcohol dependence,associated_with,unclear,,unclear,0.6,"We compared the resting state data in the active group as part of the NF training on six measurement days. When comparing the results of the active group from neurofeedback day 3 with baseline 1, a significant reduction in activated voxels in the ventral attention network area was seen.",38281353,vllm:mistral-7b-instruct-v0.3,medium
pubmed,25928822,attentional impulsivity resting-state fMRI,Altered resting-state frontoparietal control network in children with attention-deficit/hyperactivity disorder.,2015,Journal of the International Neuropsychological Society : JINS,unknown,functional connectivity,attentional impulsivity,attention-deficit/hyperactivity disorder (ADHD),associated_with,unclear,unclear,unclear,0.7,"Individuals with ADHD commonly exhibit deficits in executive functions, which are mainly mediated by the frontoparietal control network.",25928822,vllm:mistral-7b-instruct-v0.3,high
pubmed,28193454,attentional impulsivity resting-state fMRI,New developments in brain research of internet and gaming disorder.,2017,Neuroscience and biobehavioral reviews,unknown,functional connectivity,attentional impulsivity,unknown,associated_with,unclear,changes to brain regions,direct,0.8,"Internet game playing was associated with changes to brain regions responsible for attention and control, impulse control, motor function, emotional regulation, sensory-motor coordination.",28193454,vllm:mistral-7b-instruct-v0.3,high
pubmed,38047402,attentional impulsivity resting-state fMRI,Similarity and difference in large-scale functional network alternations between behavioral addictions and substance use disorder: a comparative meta-analysis.,2024,Psychological medicine,unknown,functional connectivity,impulsivity (general),unknown,correlates_with,unclear,,unclear,0.7,"BA and SUD exhibited common alterations in rs-FC between frontoparietal network (FPN) and other high-level neurocognitive networks (i.e. default mode network (DMN), affective network (AN), and salience network (SN))",38047402,vllm:mistral-7b-instruct-v0.3,high
pubmed,37327696,attentional impulsivity resting-state fMRI,"Individual differences in delay discounting are associated with dorsal prefrontal cortex connectivity in children, adolescents, and adults.",2023,Developmental cognitive neuroscience,unknown,functional connectivity,impulsivity (general),unknown,associated_with,unclear,,direct,0.8,Individual differences in delay discounting were associated with patterns of connectivity emanating from the left dorsal prefrontal cortex.,37327696,vllm:mistral-7b-instruct-v0.3,high
pubmed,24513387,attentional impulsivity resting-state fMRI,Altered regional homogeneity and efficient response inhibition in restrained eaters.,2014,Neuroscience,unknown,BOLD variability,attentional impulsivity,unknown,associated_with,higher,unclear,direct,0.7,"Compared with UREs, REs showed more ReHo in brain regions associated with food reward (i.e., orbitofrontal cortex (OFC), dorsal-lateral prefrontal cortex (dlPFC)), attention (i.e., lingual gyrus, cuneus, inferior parietal lobule) and somatosensory functioning (i.e., paracentral lobule, anterior insula).",24513387,vllm:mistral-7b-instruct-v0.3,high
pubmed,39454714,attentional impulsivity resting-state fMRI,Frequent absent mindedness and the neural mechanism trapped by mobile phone addiction.,2024,Neuroscience,unknown,functional connectivity,unknown,unknown,associated_with,unclear,increased functional connectivity,direct,0.8,"FC among the default mode, motor, frontoparietal, basal ganglia, limbic, medial frontal, visual association, and cerebellar networks formed the neural basis of mind wandering.",39454714,vllm:mistral-7b-instruct-v0.3,high
pubmed,27467529,attentional impulsivity resting-state fMRI,Resting-state functional MRI of abnormal baseline brain activity in young depressed patients with and without suicidal behavior.,2016,Journal of affective disorders,unknown,functional connectivity,impulsivity (general),depressed youths,associated_with,unclear,,indirect,0.7,"The SU group had abnormal spontaneous neural activity during the resting state, and decreased activity in L-SFG and L-MFG was associated with increased impulsivity in SU group.",27467529,vllm:mistral-7b-instruct-v0.3,high
pubmed,29048582,attentional impulsivity resting-state fMRI,Salience network dynamics underlying successful resistance of temptation.,2017,Social cognitive and affective neuroscience,unknown,dynamic connectivity,attentional impulsivity,unknown,associated_with,unclear,,indirect,0.7,Individuals whose intrinsic dynamic functional connectivity patterns gravitate toward configurations in which salience detection systems are less strongly coupled with visual systems resist tempting distractors more effectively.,29048582,vllm:mistral-7b-instruct-v0.3,high
pubmed,41781648,attentional impulsivity resting-state fMRI,ADBrainNet: a deep neural network for Autism Spectrum Disorder (ASD) and Attention Deficit and Hyperactivity Disorder (ADHD) classification using resting-state fMRI images based on explainable artificial intelligence.,2026,Medical & biological engineering & computing,unknown,functional connectivity,impulsivity (general),classification,associated_with,unclear,,unclear,0.6,"Our proposed methodology was benchmarked against prevalent ImageNet transfer learning methods, including AlexNet, MobileNet, ResNet18, and Xception, for training on resting-state fMRI images sourced from ABIDE and ADHD-200 datasets.",41781648,vllm:mistral-7b-instruct-v0.3,medium
pubmed,39592983,attentional impulsivity resting-state fMRI,Abnormal stability of dynamic functional architecture in drug-naïve children with attention-deficit/hyperactivity disorder.,2024,BMC psychiatry,unknown,dynamic connectivity,attentional impulsivity,attention-deficit/hyperactivity disorder,associated_with,unclear,,direct,0.8,"We found that children with ADHD exhibited decreased FS in the bilateral superior frontal gyrus (SFG) and increased FS in the right middle temporal gyrus (MTG), which both belong to the default mode network (DMN).",39592983,vllm:mistral-7b-instruct-v0.3,high
pubmed,35089635,attentional impulsivity resting-state fMRI,Enduring effect of abuse: Childhood maltreatment links to altered theory of mind network among adults.,2022,Human brain mapping,unknown,functional connectivity,attentional impulsivity,unknown,associated_with,lower,unclear,direct,0.8,"Adults with CM showed decreased FC between the insula and superior temporal gyrus (STG) and between inferior parietal lobule (IPL) and middle frontal gyrus, STG, and dorsal anterior cingulate cortex (dACC),",35089635,vllm:mistral-7b-instruct-v0.3,high
pubmed,18824195,attentional impulsivity resting-state fMRI,Default-mode brain dysfunction in mental disorders: a systematic review.,2009,Neuroscience and biobehavioral reviews,unknown,unknown,impulsivity (general),unknown,associated_with,unclear,unknown,background,0.5,"We relate DMN dysfunction to dementia, schizophrenia, epilepsy, anxiety and depression, autism and attention deficit/hyperactivity disorder drawing out common and unique elements of the disorders.",18824195,vllm:mistral-7b-instruct-v0.3,medium
pubmed,26363140,attentional impulsivity resting-state fMRI,The executive control network and symptomatic improvement in attention-deficit/hyperactivity disorder.,2015,Cortex; a journal devoted to the study of the nervous system and behavior,unknown,functional connectivity,attentional impulsivity,ADHD,associated_with,higher,improved prefrontal top-down control,direct,0.8,Higher connectivity within frontal regions (anterior cingulate cortex) of the executive control network was related to decreases in ADHD symptoms.,26363140,vllm:mistral-7b-instruct-v0.3,high
pubmed,26296778,attentional impulsivity resting-state fMRI,Aberrant orbitofrontal connectivity in marijuana smoking adolescents.,2015,Developmental cognitive neuroscience,unknown,functional connectivity,impulsivity (general),unknown,associated_with,higher,,direct,0.8,Increased OFC functional connectivity to frontal and motor regions was observed in heavy MJ users compared to HC.,26296778,vllm:mistral-7b-instruct-v0.3,high
pubmed,30798413,attentional impulsivity resting-state fMRI,Abnormal functional network centrality in drug-naïve boys with attention-deficit/hyperactivity disorder.,2019,European child & adolescent psychiatry,unknown,functional connectivity,attentional impulsivity,drug-naïve boys with attention-deficit/hyperactivity disorder,associated_with,lower,unclear,direct,0.8,Boys with ADHD exhibited decreased centrality in the left superior temporal gyrus (STG) and increased centrality in the left superior occipital lobe (SOL) and right inferior parietal lobe.,30798413,vllm:mistral-7b-instruct-v0.3,high
pubmed,25959594,attentional impulsivity resting-state fMRI,Neurobiological indicators of disinhibition in posttraumatic stress disorder.,2015,Human brain mapping,unknown,functional connectivity,attentional impulsivity,posttraumatic stress disorder,associated_with,higher,reduced cortical thickness,direct,0.8,"Deficits in impulse control are increasingly recognized in association with posttraumatic stress disorder (PTSD). To our further understanding of the neurobiology of PTSD-related disinhibition, we examined alterations in brain morphology and network connectivity associated with response inhibition failures and PTSD severity.",25959594,vllm:mistral-7b-instruct-v0.3,high
pubmed,31936471,attentional impulsivity resting-state fMRI,Comparison of Behavioral Changes and Brain Activity between Adolescents with Internet Gaming Disorder and Student Pro-Gamers.,2020,International journal of environmental research and public health,unknown,functional connectivity,attentional impulsivity,Internet Gaming Disorder,associated_with,higher,,direct,0.8,IGD adolescents showed higher brain activity within the left orbitofrontal cortex.,31936471,vllm:mistral-7b-instruct-v0.3,high
pubmed,30773473,attentional impulsivity resting-state fMRI,An Integrated Analysis of Neural Network Correlates of Categorical and Dimensional Models of Attention-Deficit/Hyperactivity Disorder.,2019,Biological psychiatry. Cognitive neuroscience and neuroimaging,unknown,functional connectivity,attentional impulsivity,ADHD,correlates_with,unclear,,unclear,0.7,We identified functional connectivity abnormalities related to ADHD across 14 networks within a large resting-state functional magnetic resonance imaging dataset.,30773473,vllm:mistral-7b-instruct-v0.3,high
pubmed,37011715,attentional impulsivity resting-state fMRI,Conscientiousness associated with efficiency of the salience/ventral attention network: Replication in three samples using individualized parcellation.,2023,NeuroImage,unknown,functional connectivity,unknown,unknown,associated_with,unclear,,unclear,0.7,Efficiency of a set of parcels in the SVAN was significantly associated with conscientiousness in all samples.,37011715,vllm:mistral-7b-instruct-v0.3,high
pubmed,23684384,attentional impulsivity resting-state fMRI,Altered regional homogeneity patterns in adults with attention-deficit hyperactivity disorder.,2013,European journal of radiology,unknown,BOLD variability,attentional impulsivity,ADHD,associated_with,higher,,direct,0.8,The ADHD brains exhibit more increased activities than normal controls in bilateral occipital lobes and left front lobe.,23684384,vllm:mistral-7b-instruct-v0.3,high
pubmed,27894158,attentional impulsivity resting-state fMRI,Craving behavioral intervention for internet gaming disorder: remediation of functional connectivity of the ventral striatum.,2018,Addiction biology,unknown,functional connectivity,attentional impulsivity,Internet gaming disorder,associated_with,unclear,remediation,direct,0.8,"IGD subjects showed greater resting-state functional connectivity of the VS to left inferior parietal lobule (lIPL), right inferior frontal gyrus and left middle frontal gyrus, in positive association with the severity of IGD.",27894158,vllm:mistral-7b-instruct-v0.3,high
pubmed,32114120,attentional impulsivity resting-state fMRI,Estimating individual scores of inattention and impulsivity based on dynamic features of intrinsic connectivity network.,2020,Neuroscience letters,unknown,dynamic connectivity,impulsivity (general),ADHD,associated_with,unclear,,unclear,0.7,The most associating ICNs are sensorimotor network (SMN) for inattention and executive control network (ECN) for impulsivity.,32114120,vllm:mistral-7b-instruct-v0.3,high
pubmed,30366150,attentional impulsivity resting-state fMRI,Mapping Internet gaming disorder using effective connectivity: A spectral dynamic causal modeling study.,2019,Addictive behaviors,unknown,functional connectivity,unknown,unknown,associated_with,unclear,,direct,1.0,"Aberrant resting-state functional connectivity (rsFC) of the default mode network (DMN) has been reported in individuals with IGD. Since rsFC is not a directional analysis, the effective connectivity within the DMN in IGD remains unclear.",30366150,vllm:mistral-7b-instruct-v0.3,high
pubmed,36055063,attentional impulsivity resting-state fMRI,PTSD symptomatology is selectively associated with impaired sustained attention ability and dorsal attention network synchronization.,2022,NeuroImage. Clinical,unknown,functional connectivity,attentional impulsivity,Posttraumatic Stress Disorder (PTSD),associated_with,unclear,disrupted proactive engagement of attentional control circuitry,direct,0.8,"PTSD symptomatology was selectively associated with reduced sustained attention ability, but not more impulsive response strategies.",36055063,vllm:mistral-7b-instruct-v0.3,high
pubmed,27812554,attentional impulsivity resting-state fMRI,Attention-Deficit/Hyperactivity Disorder symptoms coincide with altered striatal connectivity.,2016,Biological psychiatry. Cognitive neuroscience and neuroimaging,unknown,functional connectivity,impulsivity (general),ADHD,associated_with,higher,unclear,direct,0.8,"In contrast, inattention and hyperactivity/impulsivity symptom scores were associated with increases in functional connectivity in the networks of posterior putamen and ventral caudate.",27812554,vllm:mistral-7b-instruct-v0.3,high
pubmed,39551190,attentional impulsivity resting-state fMRI,Attention and emotion in adolescents with ADHD; a time-varying functional connectivity study.,2025,Journal of affective disorders,unknown,dynamic connectivity,impulsivity (general),ADHD,associated_with,lower,unclear,direct,0.8,"Compared to controls, adolescents with ADHD had diminished salience network-centered dynamic FNC that was driven by an integrated ADHD phenotype (p < .004, r = 0.57)",39551190,vllm:mistral-7b-instruct-v0.3,high
pubmed,39147392,attentional impulsivity resting-state fMRI,"Evaluation of potential alterations related to ADHD in the effective connectivity between the default mode network and cerebellum, hippocampus, thalamus, and primary visual cortex.",2024,"Cerebral cortex (New York, N.Y. : 1991)",unknown,dynamic connectivity,attentional impulsivity,attention-deficit/hyperactivity disorder (ADHD),correlates_with,higher,increase in effective connectivity leads to more inhibition imposition,direct,0.8,Our results demonstrated a positive correlation between ADHD and effective connectivity between the right cerebellum and three DMN nodes (intrinsically inhibitory connections).,39147392,vllm:mistral-7b-instruct-v0.3,high
pubmed,24615988,attentional impulsivity resting-state fMRI,Network connectivity abnormality profile supports a categorical-dimensional hybrid model of ADHD.,2014,Human brain mapping,unknown,unknown,impulsivity (general),ADHD,associated_with,unclear,functional connectivity abnormality,unclear,0.7,"Functional connectivity analyses of resting-state fMRI data from 155 children with ADHD and 145 typically developing children (TDC) defined the dorsal attention network (DA), default mode network (DM), salience processing network (SAL) and executive control network (CON).",24615988,vllm:mistral-7b-instruct-v0.3,high
pubmed,27881961,attentional impulsivity resting-state fMRI,Functional Connectivity of Child and Adolescent Attention Deficit Hyperactivity Disorder Patients: Correlation with IQ.,2016,Frontiers in human neuroscience,unknown,functional connectivity,attentional impulsivity,Attention Deficit Hyperactivity Disorder (ADHD),correlates_with,unclear,,direct,0.7,The frontoparietal network is known to be related to hyperactive and impulsive behaviors.,27881961,vllm:mistral-7b-instruct-v0.3,high
pubmed,28762756,attentional impulsivity resting-state fMRI,Intranasal Oxytocin Selectively Modulates Large-Scale Brain Networks in Humans.,2017,Brain connectivity,unknown,functional connectivity,attentional impulsivity,unknown,associated_with,unclear,unknown,direct,0.8,"Our results show that OT mainly alters connectivity in the VA, on one side reducing the coupling to regions that typically form the nodes of DM, an introspective and self-referential network, and on the other side increasing the coupling to the edges of the CO, which is involved in salience processing.",28762756,vllm:mistral-7b-instruct-v0.3,high
pubmed,36747838,attentional impulsivity resting-state fMRI,Individual Differences in Delay Discounting are Associated with Dorsal Prefrontal Cortex Connectivity in Youth.,2023,bioRxiv : the preprint server for biology,unknown,functional connectivity,impulsivity (general),unknown,associated_with,unclear,,unclear,0.7,Individual differences in delay discounting were associated with patterns of connectivity emanating from the left dorsal prefrontal cortex.,36747838,vllm:mistral-7b-instruct-v0.3,high
pubmed,34732691,attentional impulsivity resting-state fMRI,The sooner the better: clinical and neural correlates of impulsive choice in Tourette disorder.,2021,Translational psychiatry,unknown,functional connectivity,impulsivity (general),Tourette disorder,associated_with,unclear,underpinned by,direct,0.8,"Reward discounting was underpinned by resting-state activity of a network comprising the orbito-frontal, cingulate, pre-supplementary motor area, temporal and insular cortices, as well as ventral striatum and hippocampus.",34732691,vllm:mistral-7b-instruct-v0.3,high
pubmed,28173729,attentional impulsivity resting-state fMRI,Structural and Functional Abnormalities in Children with Attention-Deficit/Hyperactivity Disorder: A Focus on Subgenual Anterior Cingulate Cortex.,2017,Brain connectivity,unknown,functional connectivity,attentional impulsivity,Attention-Deficit/Hyperactivity Disorder (ADHD),associated_with,unclear,,direct,0.8,Network-based statistic analysis of the rs-fMRI data revealed a disconnected functional network between the sgACC and multiple regions in the occipital lobe and cerebellum.,28173729,vllm:mistral-7b-instruct-v0.3,high
pubmed,29409566,attentional impulsivity resting-state fMRI,Brain-behavior patterns define a dimensional biotype in medication-naïve adults with attention-deficit hyperactivity disorder.,2018,Psychological medicine,unknown,functional connectivity,impulsivity (general),attention-deficit hyperactivity disorder,correlates_with,higher,unclear,direct,0.8,"Adults with ADHD showed stronger functional connectivity compared to healthy controls, predominantly between the default-mode, cingulo-opercular and subcortical networks.",29409566,vllm:mistral-7b-instruct-v0.3,high
pubmed,36866118,attentional impulsivity resting-state fMRI,"Structural differences among children, adolescents, and adults with attention-deficit/hyperactivity disorder and abnormal Granger causality of the right pallidum and whole-brain.",2023,Frontiers in human neuroscience,unknown,functional connectivity,impulsivity (general),attention-deficit/hyperactivity disorder,predicts,unclear,unknown,indirect,0.7,"The right pallidum as a seed precedes and granger causes the right middle occipital cortex, bilateral fusiform, left postcentral gyrus, left paracentral lobule, left amygdala, and right cerebellum.",36866118,vllm:mistral-7b-instruct-v0.3,high
pubmed,31978743,attentional impulsivity resting-state fMRI,Neural correlates and role of medication in reactive motor impulsivity in Tourette disorder.,2020,Cortex; a journal devoted to the study of the nervous system and behavior,unknown,functional connectivity,motor impulsivity,Tourette disorder,associated_with,higher,unclear,direct,0.8,We found a higher reactive motor impulsivity in TD patients medicated with antipsychotics compared to unmedicated TD patients and controls.,31978743,vllm:mistral-7b-instruct-v0.3,high
pubmed,37561637,attentional impulsivity resting-state fMRI,Abnormal frontostriatal connectivity and serotonin function in gambling disorder: A preliminary exploratory study.,2023,Journal of behavioral addictions,unknown,functional connectivity,attentional impulsivity,gambling disorder,associated_with,unclear,serotonin function,direct,0.8,Individuals with gambling disorder showed loss of functional connectivity between the right nucleus accumbens (NAcc) and a region in the right dorsolateral prefrontal cortex (DLPFC),37561637,vllm:mistral-7b-instruct-v0.3,high
pubmed,27664824,attentional impulsivity resting-state fMRI,Perceived social isolation is associated with altered functional connectivity in neural networks associated with tonic alertness and executive control.,2017,NeuroImage,unknown,functional connectivity,impulsivity (general),unknown,associated_with,unclear,,unclear,0.7,Perceived social isolation may also be related to altered resting-state functional connectivity in the brain.,27664824,vllm:mistral-7b-instruct-v0.3,high
pubmed,36937718,attentional impulsivity resting-state fMRI,"The clinical, neuropsychological, and brain functional characteristics of the ADHD restrictive inattentive presentation.",2023,Frontiers in psychiatry,unknown,functional connectivity,attentional impulsivity,ADHD restrictive inattentive presentation,associated_with,unclear,,unclear,0.7,"In terms of brain functional connectivity (FC), reduced FC in the DMN was identified in the ADHD-C and the ADHD-I groups but not the ADHD-RI group, compared to the healthy controls.",36937718,vllm:mistral-7b-instruct-v0.3,medium
pubmed,34294803,attentional impulsivity resting-state fMRI,Functional network topology of the right insula affects emotion dysregulation in hyperactive-impulsive attention-deficit/hyperactivity disorder.,2021,Scientific reports,unknown,functional connectivity,impulsivity (general),attention-deficit/hyperactivity disorder (ADHD),affects,higher,clustered network formation,direct,0.8,"In individuals with ADHD characterized by prominent hyperactivity-impulsivity, the latent emotion dysregulation variable was related to an increased clustering and local efficiency of the right insula.",34294803,vllm:mistral-7b-instruct-v0.3,high
pubmed,28174127,attentional impulsivity resting-state fMRI,Altered functional connectivity in default mode network in Internet gaming disorder: Influence of childhood ADHD.,2017,Progress in neuro-psychopharmacology & biological psychiatry,unknown,functional connectivity,impulsivity (general),"Internet gaming disorder, Attention deficit and hyperactivity disorder (ADHD)",associated_with,unclear,unclear,unclear,0.7,"Individuals with IGD showed altered PCC-based FC, the characteristics of which might be dependent upon history of childhood ADHD.",28174127,vllm:mistral-7b-instruct-v0.3,high
pubmed,38964089,attentional impulsivity resting-state fMRI,Multimodal frontal neuroimaging markers predict longitudinal craving reduction in abstinent individuals with heroin use disorder.,2024,Journal of psychiatric research,unknown,functional connectivity,impulsivity (general),heroin use disorder,associated_with,unclear,unclear,unclear,0.7,"The multimodal neuroimaging features, primarily converging in frontal regions (e.g., the left superior frontal thickness, fractional anisotropy of the LSF-occipital tract, and resting-state functional connectivity of left middle frontal-right superior temporal lobe), collectively contributed to prediction alongside dosage and attention impulsiveness.",38964089,vllm:mistral-7b-instruct-v0.3,high
pubmed,40334458,attentional impulsivity resting-state fMRI,Temporal variability-based alternations in dynamic functional networks in internet gaming disorder.,2025,Journal of psychiatric research,unknown,dynamic connectivity,attentional impulsivity,internet gaming disorder,associated_with,unclear,,indirect,0.8,"Changes in temporal variability at the network level occur in participants with IGD, indicating impaired executive inhibitory functions and attention, as well as imbalances between sensory-attention, sensory-emotion, and emotion-motivation functions.",40334458,vllm:mistral-7b-instruct-v0.3,high
pubmed,29554302,attentional impulsivity resting-state fMRI,Ventral Striatal D2/3 Receptor Availability Is Associated with Impulsive Choice Behavior As Well As Limbic Corticostriatal Connectivity.,2018,The international journal of neuropsychopharmacology,unknown,functional connectivity,impulsivity (general),unknown,associated_with,unclear,,indirect,0.7,D2/3 receptor availability was associated with stronger connectivity between the cingulate cortex and hippocampus of high- vs low-impulsive rats.,29554302,vllm:mistral-7b-instruct-v0.3,medium
pubmed,26802508,attentional impulsivity resting-state fMRI,A failure of suppression within the default mode network in depressed adolescents with compulsive internet game play.,2016,Journal of affective disorders,unknown,functional connectivity,attentional impulsivity,depression,associated_with,higher,failure to suppress,direct,0.8,"In cohorts of individuals with a history of compulsive internet game play, individuals with depression showed failure to suppress default mode network activity during an attentionally demanding task, compared to individuals without depression, including comparison groups with and without a history of compulsive video gaming.",26802508,vllm:mistral-7b-instruct-v0.3,high
pubmed,30898336,attentional impulsivity resting-state fMRI,Age-Normative Pathways of Striatal Connectivity Related to Clinical Symptoms in the General Population.,2019,Biological psychiatry,unknown,functional connectivity,impulsivity (general),unknown,associated_with,unclear,,unclear,0.7,"Altered striatal development contributes to core deficits in motor and inhibitory control, impulsivity, and inattention associated with attention-deficit/hyperactivity disorder",30898336,vllm:mistral-7b-instruct-v0.3,high
pubmed,39965782,attentional impulsivity resting-state fMRI,MRI-based surrogates of brain clearance in narcolepsy type 1.,2025,Journal of sleep research,unknown,functional connectivity,unknown,narcolepsy type 1,not associated_with,unclear,,background,0.3,The hypothesis of altered brain clearance in narcolepsy type 1 is not supported by evidence from the current study.,39965782,vllm:mistral-7b-instruct-v0.3,medium
pubmed,36511133,attentional impulsivity resting-state fMRI,TTLL11 gene is associated with sustained attention performance and brain networks: A genome-wide association study of a healthy Chinese sample.,2023,"Genes, brain, and behavior",unknown,functional connectivity,attentional impulsivity,unknown,associated_with,unclear,unknown,indirect,0.7,"The imaging genetics study replicated this association and showed that the TTLL11 gene was associated with resting state activity and connectivity of the somatomoter network, and can be predicted by dorsal attention network connectivity.",36511133,vllm:mistral-7b-instruct-v0.3,high
pubmed,29171429,attentional impulsivity resting-state fMRI,Age-related connectivity differences between attention deficit and hyperactivity disorder patients and typically developing subjects: a resting-state functional MRI study.,2017,Neural regeneration research,unknown,functional connectivity,attentional impulsivity,Attention deficit and hyperactivity disorder (ADHD),associated_with,unclear,,unclear,0.7,"We explored age-related brain network differences between ADHD patients and typically developing (TD) subjects using resting state fMRI (rs-fMRI) for three age groups of children, adolescents, and adults.",29171429,vllm:mistral-7b-instruct-v0.3,high
pubmed,32800380,attentional impulsivity resting-state fMRI,"Estimating the Heritability of Developmental Change in Neural Connectivity, and Its Association With Changing Symptoms of Attention-Deficit/Hyperactivity Disorder.",2021,Biological psychiatry,unknown,functional connectivity,impulsivity (general),Attention-Deficit/Hyperactivity Disorder (ADHD),associated_with,unclear,,indirect,0.7,Change in hyperactivity-impulsivity was associated with heritable change in white matter tracts metrics and change in the connectivity between the ventral attention and cognitive networks.,32800380,vllm:mistral-7b-instruct-v0.3,high
pubmed,34851976,attentional impulsivity resting-state fMRI,Differential structure-function network coupling in the inattentive and combined types of attention deficit hyperactivity disorder.,2021,PloS one,unknown,functional connectivity,attentional impulsivity,attention deficit hyperactivity disorder (ADHD),associated_with,unclear,,unclear,0.7,"Children with ADHD had lower structural connectivity and network efficiency in the DMN, without significant group differences in functional networks.",34851976,vllm:mistral-7b-instruct-v0.3,high
pubmed,30099805,attentional impulsivity resting-state fMRI,Binge drinking is associated with attenuated frontal and parietal activation during successful response inhibition in fearful context.,2019,The European journal of neuroscience,unknown,functional connectivity,attentional impulsivity,unknown,associated_with,lower,disrupted functional connectivity within brain substrates directing attention,direct,0.8,Higher binge drinking was associated with attenuated frontal and parietal activation during successful response inhibition within a fearful context.,30099805,vllm:mistral-7b-instruct-v0.3,high
pubmed,34497483,attentional impulsivity resting-state fMRI,Abnormal Topological Network in Parkinson's Disease With Impulse Control Disorders: A Resting-State Functional Magnetic Resonance Imaging Study.,2021,Frontiers in neuroscience,unknown,functional connectivity,impulsivity (general),Parkinson's disease with impulse control disorders,associated_with,unclear,,unclear,0.7,The brains of Parkinson disease (PD) with impulse control disorders (ICDs) patients have functional disconnection changes.,34497483,vllm:mistral-7b-instruct-v0.3,high
pubmed,41572717,attentional impulsivity resting-state fMRI,Machine Learning-driven ADHD Classification: Exploring Medication Effects with VMD Sub-band Analysis.,2026,Current computer-aided drug design,unknown,functional connectivity,impulsivity (general),ADHD,associated_with,unclear,,unclear,0.7,This study aims to classify ADHD subtypes and assess medication effects by converting resting-state fMRI images into one-dimensional (1D) signals and extracting statistical features using Variational Mode Decomposition (VMD).,41572717,vllm:mistral-7b-instruct-v0.3,high
pubmed,35682491,attentional impulsivity functional connectivity,Digital Addiction and Sleep.,2022,International journal of environmental research and public health,unknown,functional connectivity,impulsivity (general),unknown,associated_with,unclear,"altered GABAergic and glutamatergic neurotransmitter systems, dopamine and serotonin synaptic plasticity",unclear,0.8,"Digital addiction is identified as functionally equivalent to all addictions, characterized by the compulsive, habitual, and uncontrolled use of digital devices and an excessively repeated engagement in a particular online behavior.",35682491,vllm:mistral-7b-instruct-v0.3,high
pubmed,40525051,attentional impulsivity functional connectivity,"The Role of Sleep and the Effects of Sleep Loss on Cognitive, Affective, and Behavioral Processes.",2025,Cureus,unknown,functional connectivity,attentional impulsivity,unknown,associated_with,lower,weakens prefrontal-amygdalacontinuity,direct,0.8,"Sleep deprivation increases amygdala reactivity, weakens prefrontal-amygdalacontinuity, and contributes to emotional dysregulation, impulsivity, and risk-taking behaviors.",40525051,vllm:mistral-7b-instruct-v0.3,high
pubmed,39339712,attentional impulsivity functional connectivity,Investigating the Impact of Nutrition and Oxidative Stress on Attention Deficit Hyperactivity Disorder.,2024,Nutrients,unknown,functional connectivity,attentional impulsivity,unknown,associated_with,unclear,oxidative stress,unclear,0.7,"Individuals with ADHD exhibit reduced levels of key antioxidant enzymes, including glutathione peroxidase (GPx), catalase (CAT), and superoxide dismutase (SOD), as well as a diminished total antioxidant status (TOS) compared to healthy controls.",39339712,vllm:mistral-7b-instruct-v0.3,high
pubmed,39500949,attentional impulsivity functional connectivity,Exploring the impact of probiotics on adult ADHD management through a double-blind RCT.,2024,Scientific reports,unknown,functional connectivity,attentional impulsivity,ADHD,associated_with,unclear,unknown,unclear,0.6,There was also a negative correlation between FCC and symptoms of attention and impulsivity.,39500949,vllm:mistral-7b-instruct-v0.3,medium
pubmed,35754775,attentional impulsivity functional connectivity,Intrinsic Functional Connectivity in the Default Mode Network Differentiates the Combined and Inattentive Attention Deficit Hyperactivity Disorder Types.,2022,Frontiers in human neuroscience,unknown,functional connectivity,impulsivity (general),Attention Deficit Hyperactivity Disorder (ADHD),differentiates,unclear,unclear,direct,0.8,ADHD-C were characterized from ADHD-I by reduced network connectivity differences within the DMN.,35754775,vllm:mistral-7b-instruct-v0.3,high
pubmed,38123729,attentional impulsivity functional connectivity,Inactivation of hypocretin receptor-2 signaling in dopaminergic neurons induces hyperarousal and enhanced cognition but impaired inhibitory control.,2024,Molecular psychiatry,unknown,functional connectivity,impulsivity (general),unknown,associated_with,unclear,inactivation,unclear,0.7,"Loss of Hcrtr2, but not Hcrtr1 or Hcrtr1&2, induced a dramatic increase in theta (7-11 Hz) electroencephalographic (EEG) activity... DAHcrtr2-deficient mice displayed maladaptive patterns of reward-seeking, with behavioral indices of enhanced impulsivity and compulsivity.",38123729,vllm:mistral-7b-instruct-v0.3,high
pubmed,24576926,attentional impulsivity functional connectivity,Functional connectivity and temporal variability of brain connections in adults with attention deficit/hyperactivity disorder and bipolar disorder.,2014,Neuropsychobiology,unknown,EEG connectivity,impulsivity (general),"ADHD, bipolar disorder",associated_with,unclear,,unclear,0.7,An enhancement of functional connectivity was observed in the ADHD group.,24576926,vllm:mistral-7b-instruct-v0.3,medium
pubmed,22153589,attentional impulsivity functional connectivity,Abnormal functional connectivity in children with attention-deficit/hyperactivity disorder.,2012,Biological psychiatry,unknown,functional connectivity,attentional impulsivity,attention-deficit/hyperactivity disorder (ADHD),associated_with,unclear,impaired interactions,direct,0.8,Children with ADHD had lower connectivity (short- and long-range) in regions of the dorsal attention (superior parietal cortex) and default-mode (precuneus) networks and in cerebellum and higher connectivity (short-range) in reward-motivation regions (ventral striatum and orbitofrontal cortex) than control subjects.,22153589,vllm:mistral-7b-instruct-v0.3,high
pubmed,25936249,attentional impulsivity functional connectivity,The neurobiology of aggression and violence.,2015,CNS spectrums,unknown,functional connectivity,impulsivity (general),unknown,associated_with,unclear,,unclear,0.5,"We will examine the neuroanatomy of aggression and violence, focusing on regional volumes, functional studies, and interregional connectivity.",25936249,vllm:mistral-7b-instruct-v0.3,medium
pubmed,10570690,attentional impulsivity functional connectivity,What is attention-deficit/hyperactivity disorder?,1999,Pediatric clinics of North America,unknown,functional connectivity,attentional impulsivity,unknown,associated_with,unclear,,unclear,0.5,"Neurobiologic studies suggest that the circuitry involving frontal cortical-basal ganglia connections may be structurally or functionally different in individuals with ADHD, although the specificity of these findings has not been researched thoroughly.",10570690,vllm:mistral-7b-instruct-v0.3,medium
pubmed,29033857,attentional impulsivity functional connectivity,An Update Overview on Brain Imaging Studies of Internet Gaming Disorder.,2017,Frontiers in psychiatry,unknown,functional connectivity,impulsivity (general),Internet Gaming Disorder,associated_with,lower,disruption,direct,0.8,"IGD adolescents had disruption in the functional connectivity in areas responsible for learning, memory, and executive function.",29033857,vllm:mistral-7b-instruct-v0.3,high
pubmed,40840870,attentional impulsivity functional connectivity,Comparison of 5-Day Multidaily Neuronavigated Theta-Burst Sessions With 6-Week Standard Repetitive Transcranial Magnetic Stimulation (the Dutch Depression Outcome Trial): Protocol for a Randomized Controlled Trial.,2025,JMIR research protocols,unknown,functional connectivity,impulsivity (general),treatment-resistant depression,associated_with,unclear,,unclear,0.3,Personalized targets will be identified in the accelerated intermittent theta-burst stimulation condition based on negative functional coupling between the subgenual anterior cingulate cortex and the dorsolateral prefrontal cortex.,40840870,vllm:mistral-7b-instruct-v0.3,medium
pubmed,24023940,attentional impulsivity functional connectivity,Elevated functional connectivity in a striatal-amygdala circuit in pathological gamblers.,2013,PloS one,unknown,functional connectivity,impulsivity (general),pathological gamblers,associated_with,higher,unclear,direct,1.0,We observed reliable increases in functional coupling between striatum and bilateral amygdala in gamblers vs. controls.,24023940,vllm:mistral-7b-instruct-v0.3,high
pubmed,24926234,attentional impulsivity functional connectivity,Subcircuit-specific neuromodulation in the prefrontal cortex.,2014,Frontiers in neural circuits,unknown,functional connectivity,unknown,unknown,associated_with,unclear,neuromodulation,unclear,0.6,"During goal-directed behavior, the prefrontal cortex (PFC) exerts top-down control over numerous cortical and subcortical regions.",24926234,vllm:mistral-7b-instruct-v0.3,medium
pubmed,32066697,attentional impulsivity functional connectivity,Shared and distinct resting functional connectivity in children and adults with attention-deficit/hyperactivity disorder.,2020,Translational psychiatry,unknown,functional connectivity,impulsivity (general),attention-deficit/hyperactivity disorder,associated_with,lower,unclear,direct,0.8,"The ADHD-discriminative FCs shared in children and adults lie in the intra-network within default mode network (DMN) and the inter-network between DMN and ventral attention network, positively correlated with total scores of ADHD symptoms.",32066697,vllm:mistral-7b-instruct-v0.3,high
pubmed,38176941,attentional impulsivity functional connectivity,The Role of the Cerebellum in Drug Reward: A Review.,2023,Journal of integrative neuroscience,unknown,functional connectivity,unknown,unknown,associated_with,unclear,unclear,unclear,0.6,evidence from neuroimaging and behavioral studies has suggested the role of cerebellum in drug reward,38176941,vllm:mistral-7b-instruct-v0.3,medium
pubmed,18568333,attentional impulsivity functional connectivity,[Legal aspects of hyperkinetic disorders/ADHD].,2008,Der Nervenarzt,unknown,unknown,impulsivity (general),hyperkinetic disorders/ADHD,associated_with,unclear,,background,0.3,Children and adolescents diagnosed with ADHD suffer from hyperactivity and deficits in attention and impulse control.,18568333,vllm:mistral-7b-instruct-v0.3,medium
pubmed,32994553,attentional impulsivity functional connectivity,Impulsive prepotent actions and tics in Tourette disorder underpinned by a common neural network.,2021,Molecular psychiatry,unknown,functional connectivity,motor impulsivity,Tourette disorder,associated_with,higher,unclear,direct,0.8,"We found that unmedicated TD patients showed increased waiting impulsivity compared to controls, which was independent of comorbid conditions, but correlated with the severity of tics.",32994553,vllm:mistral-7b-instruct-v0.3,high
pubmed,9571295,attentional impulsivity functional connectivity,Frontal lobe functions and dysfunctions.,1998,Clinical EEG (electroencephalography),unknown,EEG connectivity,impulsivity (general),unknown,associated_with,unclear,unknown,background,0.3,"The prefrontal cortex is also involved in motor action: in its initiation, planning, designing and sequencing rather than its mere execution.",9571295,vllm:mistral-7b-instruct-v0.3,medium
pubmed,39284401,attentional impulsivity functional connectivity,"Transcranial Magnetic Stimulation-Induced Plasticity Improving Cognitive Control in Obsessive-Compulsive Disorder, Part II: Task-Based Neural Predictors of Treatment Response.",2025,Biological psychiatry,unknown,functional connectivity,impulsivity (general),Obsessive-Compulsive Disorder,associated_with,unclear,unknown,indirect,0.6,Higher activation in several task-relevant regions during planning and response inhibition and lower error-related activation corresponded with better short-term clinical improvement.,39284401,vllm:mistral-7b-instruct-v0.3,medium
pubmed,31704786,attentional impulsivity functional connectivity,The Claustrum-Prefrontal Cortex Pathway Regulates Impulsive-Like Behavior.,2019,The Journal of neuroscience : the official journal of the Society for Neuroscience,unknown,functional connectivity,impulsivity (general),unknown,regulates,unclear,unknown,unclear,0.8,"We found that chemogenetic activation and inhibition of the CLA-PFC pathway increased and reduced the impulsive-like behavior (i.e., premature responses), respectively.",31704786,vllm:mistral-7b-instruct-v0.3,high
pubmed,39676699,attentional impulsivity functional connectivity,Early-life IL-4 administration induces long-term changes in microglia in the cerebellum and prefrontal cortex.,2025,Journal of neurochemistry,unknown,functional connectivity,impulsivity (general),unknown,associated_with,unclear,elevated IL-4 levels prevent microglia-mediated engulfment of neurons,indirect,0.7,Early-life allergic asthma induces hyperactive and impulsive behaviors in mice. This phenotype was reproduced in animals administered with IL-4 in the second postnatal week.,39676699,vllm:mistral-7b-instruct-v0.3,high
pubmed,25900066,attentional impulsivity functional connectivity,Impulsivity and aggression in schizophrenia: a neural circuitry perspective with implications for treatment.,2015,CNS spectrums,unknown,functional connectivity,impulsivity (general),schizophrenia,associated_with,unclear,,unclear,0.7,Many studies have implicated dysfunctional frontotemporal circuitry in impulsivity and aggression in schizophrenia,25900066,vllm:mistral-7b-instruct-v0.3,medium
pubmed,25748775,attentional impulsivity functional connectivity,The role of the thalamus in ADHD symptomatology and treatment.,2015,Applied neuropsychology. Child,unknown,EEG connectivity,impulsivity (general),ADHD,associated_with,unclear,generates waking-state electroencephalography (EEG) rhythms,unclear,0.7,"The thalamus likely plays a prominent role in ADHD symptomatology, based on evidence that the thalamus generates waking-state electroencephalography (EEG) rhythms",25748775,vllm:mistral-7b-instruct-v0.3,medium
pubmed,20374289,attentional impulsivity functional connectivity,Disturbed structural connectivity is related to inattention and impulsivity in adult attention deficit hyperactivity disorder.,2010,The European journal of neuroscience,unknown,structural connectivity,impulsivity (general),ADHD,correlates_with,unclear,,unclear,0.7,Measures of impulsivity were correlated with FA in right orbitofrontal fibre tracts.,20374289,vllm:mistral-7b-instruct-v0.3,high
pubmed,35126772,attentional impulsivity functional connectivity,Functional neuronal networks reveal emotional processing differences in children with ADHD.,2022,Cognitive neurodynamics,unknown,functional connectivity,attentional impulsivity,ADHD,associated_with,higher,unclear,direct,0.8,We find that the functional connectivity of the frontal and occipital lobes in the ADHD group is significantly (P-value < 0.01) higher than in the healthy group.,35126772,vllm:mistral-7b-instruct-v0.3,high
pubmed,37442497,attentional impulsivity functional connectivity,Possible effects of pair bonds on general cognition: Evidence from shared roles of dopamine.,2023,Neuroscience and biobehavioral reviews,unknown,functional connectivity,impulsivity (general),unknown,correlates_with,unclear,dopaminergic pathways,unclear,0.6,"Highlighting dopamine as a key player in pair bonds and non-social cognition will provide evidence that pair bonding can alter general cognitive processes like attention, working memory, cognitive flexibility, and impulse control.",37442497,vllm:mistral-7b-instruct-v0.3,medium
pubmed,17184598,attentional impulsivity functional connectivity,Polymorphisms of dopamine-beta-hydroxylase in ADHD children.,2006,Folia biologica,unknown,unknown,impulsivity (general),ADHD,associated_with,unclear,indirect,indirect,0.6,Patients with ADHD showed decreased activities of DBH in serum and urine.,17184598,vllm:mistral-7b-instruct-v0.3,medium
pubmed,29692743,attentional impulsivity functional connectivity,Bupropion Shows Different Effects on Brain Functional Connectivity in Patients With Internet-Based Gambling Disorder and Internet Gaming Disorder.,2018,Frontiers in psychiatry,unknown,functional connectivity,impulsivity (general),Internet-Based Gambling Disorder and Internet Gaming Disorder,associated_with,unclear,,unclear,0.7,"After the 12-week bupropion treatment, clinical symptoms, including the severity of IGD or GD, depressive symptoms, attention, and impulsivity improved in both groups.",29692743,vllm:mistral-7b-instruct-v0.3,high
pubmed,38161933,attentional impulsivity functional connectivity,The Impact of Sleep Disorders on Cardiovascular Health: Mechanisms and Interventions.,2023,Cureus,unknown,functional connectivity,impulsivity (general),unknown,associated_with,unclear,"aberrant metabolic processes, inflammation, disruption of the autonomic nervous system, endothelial dysfunction",unclear,0.7,"Sleep disorders, which include conditions like insomnia and sleep apnea, are drawing increasing amounts of attention due to their serious detrimental consequences on cardiovascular health.",38161933,vllm:mistral-7b-instruct-v0.3,medium
pubmed,38359839,motor impulsivity resting-state fMRI,The resting-state brain activity signatures for addictive disorders.,2024,"Med (New York, N.Y.)",unknown,BOLD variability,impulsivity (general),substance use disorder (SUD) or behavioral addiction (BEA),associated_with,higher,"altered dopaminergic, GABAergic, and acetylcholine system in SUD, while this also includes the serotonergic system in BEA",direct,0.8,The overall comparison between addiction cohorts and healthy subjects indicated significantly increased ReHo and ALFF in the right striatum (putamen) and bilateral supplementary motor area.,38359839,vllm:mistral-7b-instruct-v0.3,high
pubmed,39422700,motor impulsivity resting-state fMRI,Evolution of aberrant brain-wide spatiotemporal dynamics of resting-state networks in a Huntington's disease mouse model.,2024,Clinical and translational medicine,unknown,dynamic connectivity,impulsivity (general),Huntington's disease,associated_with,unclear,unknown,unclear,0.6,Hyperactivity in the LCN-linked regions within short QPPs observed before motor impairment onset.,39422700,vllm:mistral-7b-instruct-v0.3,medium
pubmed,37558974,motor impulsivity resting-state fMRI,Static and dynamic changes of intrinsic brain local connectivity in internet gaming disorder.,2023,BMC psychiatry,unknown,dynamic connectivity,impulsivity (general),internet gaming disorder,associated_with,higher,,direct,0.8,"Compared with HCs, IGDs showed both increased static and dynamic intrinsic local connectivity in bilateral medial superior frontal gyrus (mSFG), superior frontal gyrus (SFG), and supplementary motor area (SMA).",37558974,vllm:mistral-7b-instruct-v0.3,high
pubmed,27447451,motor impulsivity resting-state fMRI,Altered brain functional networks in people with Internet gaming disorder: Evidence from resting-state fMRI.,2016,Psychiatry research. Neuroimaging,unknown,functional connectivity,impulsivity (general),Internet gaming disorder,associated_with,unclear,,unclear,0.6,"The IGD subjects showed reduced regional centralities in the prefrontal cortex, left posterior cingulate cortex, right amygala, and bilateral lingual gyrus, and increased functional connectivity in sensory-motor-related brain networks compared to the HC subjects.",27447451,vllm:mistral-7b-instruct-v0.3,medium
pubmed,28715675,motor impulsivity resting-state fMRI,Resting-state brain networks in patients with Parkinson's disease and impulse control disorders.,2017,Cortex; a journal devoted to the study of the nervous system and behavior,unknown,functional connectivity,impulsivity (general),Parkinson's disease,associated_with,unclear,unclear,indirect,0.7,"The presence of ICD symptoms was associated with an increased connectivity within the salience and default-mode networks, as well as with a decreased connectivity within the central executive network.",28715675,vllm:mistral-7b-instruct-v0.3,medium
pubmed,35567768,motor impulsivity resting-state fMRI,Extracting electrophysiological correlates of functional magnetic resonance imaging data using the canonical polyadic decomposition.,2022,Human brain mapping,unknown,EEG connectivity,unknown,unknown,associated_with,unclear,neurovascular coupling mechanisms,unclear,0.5,The relation between electrophysiology and BOLD-fMRI requires further elucidation.,35567768,vllm:mistral-7b-instruct-v0.3,low
pubmed,27381822,motor impulsivity resting-state fMRI,Altered resting-state neural activity and changes following a craving behavioral intervention for Internet gaming disorder.,2016,Scientific reports,unknown,functional connectivity,impulsivity (general),Internet gaming disorder,associated_with,unclear,unclear,direct,0.8,"IGD subjects showed decreased amplitude of low fluctuation in the orbital frontal cortex and posterior cingulate cortex, and exhibited increased resting-state functional connectivity between the posterior cingulate cortex and dorsolateral prefrontal cortex, compared with HC subjects.",27381822,vllm:mistral-7b-instruct-v0.3,high
pubmed,27083527,motor impulsivity resting-state fMRI,Dissociated neural substrates underlying impulsive choice and impulsive action.,2016,NeuroImage,unknown,functional connectivity,impulsivity (general),unknown,associated_with,unclear,,unclear,0.7,"RSFC analysis using the FP and right IFG as seed regions revealed two distinct networks that correspond well to the 'waiting' and 'stopping' systems, respectively.",27083527,vllm:mistral-7b-instruct-v0.3,high
pubmed,38300175,motor impulsivity resting-state fMRI,Alterations in the brain functional network of abstinent male individuals with methamphetamine use disorder.,2024,"Cerebral cortex (New York, N.Y. : 1991)",unknown,functional connectivity,motor impulsivity,methamphetamine use disorder,associated_with,lower,unclear,direct,0.8,participants with methamphetamine use disorder had decreased frontoparietal functional connectivity strength.,38300175,vllm:mistral-7b-instruct-v0.3,high
pubmed,37502837,motor impulsivity resting-state fMRI,Early Life Stress and Body-Mass Index Modulate Brain Connectivity in Alcohol Use Disorder.,2023,Research square,unknown,functional connectivity,impulsivity (general),alcohol use disorder,associated_with,unclear,unknown,indirect,0.7,"The link between AUD and higher body-mass index (BMI) is known, but we lack understanding of how BMI impacts the relationship between ELS and brain connectivity in individuals with AUD.",37502837,vllm:mistral-7b-instruct-v0.3,high
pubmed,32428984,motor impulsivity resting-state fMRI,Adolescent alcohol use disrupts functional neurodevelopment in sensation seeking girls.,2021,Addiction biology,unknown,functional connectivity,motor impulsivity,unknown,associated_with,unclear,disrupts,unclear,0.7,"Girls showed greater within-network connectivity in two motor networks with more alcohol consumption, and these effects were mediated by sensation-seeking only in girls.",32428984,vllm:mistral-7b-instruct-v0.3,high
pubmed,22901705,motor impulsivity resting-state fMRI,Alterations in regional homogeneity of resting-state brain activity in internet gaming addicts.,2012,Behavioral and brain functions : BBF,unknown,BOLD variability,unknown,internet gaming addiction,associated_with,unclear,,unclear,0.6,"Comparing to the healthy controls, IGA subjects show enhanced ReHo in brainstem, inferior parietal lobule, left posterior cerebellum, and left middle frontal gyrus. All of these regions are thought related with sensory-motor coordination.",22901705,vllm:mistral-7b-instruct-v0.3,medium
pubmed,28168274,motor impulsivity resting-state fMRI,"Influences of Age, Sex, and Moderate Alcohol Drinking on the Intrinsic Functional Architecture of Adolescent Brains.",2018,"Cerebral cortex (New York, N.Y. : 1991)",unknown,functional connectivity,impulsivity (general),unknown,associated_with,unclear,,unclear,0.5,"executive-control frontolimbicstriatal connectivity was stronger in older than younger adolescents, particularly boys, and predicted better ability in balance, memory, and impulse control.",28168274,vllm:mistral-7b-instruct-v0.3,medium
pubmed,36807959,motor impulsivity resting-state fMRI,Internet gaming disorder and tobacco use disorder share neural connectivity patterns between the subcortical and the motor network.,2023,Human brain mapping,unknown,functional connectivity,impulsivity (general),unknown,associated_with,unclear,"enhanced connectivity may indicate a greater association between rewards and behaviors, inducing addiction behaviors without flexible and complex regulation",direct,0.8,PIGD and PTUD exhibited common enhanced node strength between the subcortical and motor networks.,36807959,vllm:mistral-7b-instruct-v0.3,high
pubmed,30914304,motor impulsivity resting-state fMRI,Cognitive variability in bipolar I disorder: A cluster-analytic approach informed by resting-state data.,2019,Neuropharmacology,unknown,functional connectivity,impulsivity (general),bipolar I disorder,associated_with,unclear,,indirect,0.7,"Cluster 1 (n=22) was characterized by deficits in cognitive flexibility and motor inhibition, cluster 2 (n=12) displayed impulsive decision-making.",30914304,vllm:mistral-7b-instruct-v0.3,medium
pubmed,28462585,motor impulsivity resting-state fMRI,Pramipexole Modulates Interregional Connectivity Within the Sensorimotor Network.,2017,Brain connectivity,unknown,functional connectivity,motor impulsivity,unknown,associated_with,lower,D2 agonists distort functional connections,direct,0.9,The connectivity between the right caudate nucleus and other cortical regions was weaker under pramipexole than under placebo.,28462585,vllm:mistral-7b-instruct-v0.3,high
pubmed,25925985,motor impulsivity resting-state fMRI,Impaired corticostriatal connectivity in impulse control disorders in Parkinson disease.,2015,Neurology,unknown,functional connectivity,impulsivity (general),Parkinson disease,associated_with,unclear,,direct,0.8,The presence of an ICD in patients with PD was associated with functional disconnection between the left anterior putamen and both the left inferior temporal gyrus and the left anterior cingulate gyrus.,25925985,vllm:mistral-7b-instruct-v0.3,high
pubmed,28265121,motor impulsivity resting-state fMRI,Brain structural and functional signatures of impulsive-compulsive behaviours in Parkinson's disease.,2018,Molecular psychiatry,unknown,functional connectivity,motor impulsivity,Parkinson's disease,associated_with,unclear,,unclear,0.7,"Compared with controls, all patients had an increased functional connectivity within the visual network.",28265121,vllm:mistral-7b-instruct-v0.3,medium
pubmed,41932579,motor impulsivity resting-state fMRI,Improvement in Tics and Motor Impulsivity Is Associated with Functional and Receptor-Enriched Connectivity changes in Adolescents with Tourette Disorder.,2026,Biological psychiatry. Cognitive neuroscience and neuroimaging,unknown,functional connectivity,motor impulsivity,Tourette Disorder,associated_with,unclear,,unclear,0.7,Changes in motor and limbic fronto-striatal functional connectivity were associated with longitudinal improvements in tics and WI in TD adolescents.,41932579,vllm:mistral-7b-instruct-v0.3,high
pubmed,39003410,motor impulsivity resting-state fMRI,Data-driven exploratory method investigation on the effect of dyslexia education at brain connectivity in Turkish children: a preliminary study.,2024,Brain structure & function,unknown,functional connectivity,impulsivity (general),dyslexia,associated_with,unclear,,unclear,0.6,"Our findings confirmed that impulsivity is associated with motor coordination and visuality, and that the dyslexic group has weaknesses in brain connectivity related to these conditions.",39003410,vllm:mistral-7b-instruct-v0.3,medium
pubmed,28490656,motor impulsivity resting-state fMRI,Role of habenula and amygdala dysfunction in Parkinson disease patients with punding.,2017,Neurology,unknown,functional connectivity,impulsivity (general),Parkinson disease,associated_with,unclear,,unclear,0.7,"PD-punding patients showed higher functional connectivity of habenula and amygdala with thalamus and striatum bilaterally, and lower connectivity between bilateral habenula and left frontal and precentral cortices.",28490656,vllm:mistral-7b-instruct-v0.3,high
pubmed,28040671,motor impulsivity resting-state fMRI,Decisional impulsivity and the associative-limbic subthalamic nucleus in obsessive-compulsive disorder: stimulation and connectivity.,2017,Brain : a journal of neurology,unknown,functional connectivity,impulsivity (general),obsessive-compulsive disorder,associated_with,higher,stimulation,direct,0.8,We show that stimulation of the subthalamic nucleus is causally implicated in increasing decisional impulsivity...,28040671,vllm:mistral-7b-instruct-v0.3,high
pubmed,25864599,motor impulsivity resting-state fMRI,New developments on the neurobiological and pharmaco-genetic mechanisms underlying internet and videogame addiction.,2015,The American journal on addictions,unknown,functional connectivity,impulsivity (general),unknown,associated_with,unclear,involved changes in reward and loss of control,unclear,0.7,"Brain imaging studies of the resting state have shown that long-term internet game playing affected brain regions responsible for reward, impulse control and sensory-motor coordination.",25864599,vllm:mistral-7b-instruct-v0.3,high
pubmed,26185010,motor impulsivity resting-state fMRI,Jumping the Gun: Mapping Neural Correlates of Waiting Impulsivity and Relevance Across Alcohol Misuse.,2016,Biological psychiatry,unknown,functional connectivity,impulsivity (general),alcohol misuse,associated_with,lower,connectivity of limbic and motor cortical and striatal nodes,direct,0.8,Connectivity of limbic and motor cortical and striatal nodes mapped onto a mesial-lateral axis of the subthalamic nucleus.,26185010,vllm:mistral-7b-instruct-v0.3,high
pubmed,24223843,motor impulsivity resting-state fMRI,Amplitude of low frequency fluctuation abnormalities in adolescents with online gaming addiction.,2013,PloS one,unknown,BOLD variability,impulsivity (general),online gaming addiction,associated_with,higher,unclear,direct,0.7,"Adolescents with OGA showed a significant increase in ALFF values in the left medial orbitofrontal cortex (OFC), the left precuneus, the left supplementary motor area (SMA), the right parahippocampal gyrus (PHG) and the bilateral middle cingulate cortex (MCC).",24223843,vllm:mistral-7b-instruct-v0.3,high
pubmed,41148227,motor impulsivity resting-state fMRI,The alteration of dorsal attention network in internet gaming disorder and tobacco use disorder: an independent component analysis.,2025,"Cerebral cortex (New York, N.Y. : 1991)",unknown,functional connectivity,impulsivity (general),unknown,associated_with,higher,,direct,0.8,"Rs-fMRI revealed increased functional connectivity in the precuneus cortex, left postcentral gyrus, and right superior frontal gyrus in the dorsal attention network (DAN) in the IGD group in contrast to HC group.",41148227,vllm:mistral-7b-instruct-v0.3,high
pubmed,32169732,motor impulsivity resting-state fMRI,Structural and functional abnormalities within sensori-motor and limbic networks underpin intermittent explosive symptoms in Tourette disorder.,2020,Journal of psychiatric research,unknown,functional connectivity,impulsivity (general),Tourette disorder,associated_with,unclear,unclear,direct,0.8,"TD patients (without ADHD) with IEO compared to TD without IEO, showed altered connectivity pattern among the orbito-frontal cortex, amygdala and hippocampus.",32169732,vllm:mistral-7b-instruct-v0.3,high
pubmed,26689148,motor impulsivity resting-state fMRI,Brain connectivity and psychiatric comorbidity in adolescents with Internet gaming disorder.,2017,Addiction biology,unknown,functional connectivity,unknown,"Internet gaming disorder, major depressive disorder, attention deficit hyperactivity disorder (ADHD)",associated_with,unclear,unclear,unclear,0.6,Patients with IGD showed an increased functional correlation between seven pairs of regions...,26689148,vllm:mistral-7b-instruct-v0.3,medium
pubmed,31801105,motor impulsivity resting-state fMRI,A preliminary study of disrupted functional network in individuals with Internet gaming disorder: Evidence from the comparison with recreational game users.,2020,Addictive behaviors,unknown,functional connectivity,impulsivity (general),Internet gaming disorder,associated_with,unclear,,unclear,0.6,"subjects with IGD as compared to those with RGU showed increased nodal centralities in the reward, craving, emotional memory and sensory-motor processing regions.",31801105,vllm:mistral-7b-instruct-v0.3,medium
pubmed,22331588,motor impulsivity resting-state fMRI,Periods of rest in fMRI contain individual spontaneous events which are related to slowly fluctuating spontaneous activity.,2013,Human brain mapping,unknown,functional connectivity,unknown,unknown,correlates_with,unclear,unknown,indirect,0.7,"The correspondence between spontaneous events and slow fluctuations in these networks was assessed using a sliding window, seed-correlation analysis, where seed regions were selected based on the individual spontaneous event BOLD activity maps.",22331588,vllm:mistral-7b-instruct-v0.3,high
pubmed,41556979,motor impulsivity resting-state fMRI,Connectome-based predictive modelling of problematic gaming in youth from the ABCD study.,2026,Journal of behavioral addictions,unknown,functional connectivity,impulsivity (general),unknown,predicts,unclear,,indirect,0.12,"CPM successfully predicted problematic-gaming scores (r = 0.12, p = 0.002).",41556979,vllm:mistral-7b-instruct-v0.3,high
pubmed,41612124,motor impulsivity resting-state fMRI,Next Generation 7 Tesla Arterial Spin Labeling With Rotated Spiral Acquisition Enables Mesoscale Resolution in 3D Brain Perfusion and Functional MRI.,2026,Magnetic resonance in medicine,unknown,unknown,unknown,unknown,unknown,unclear,,background,0.3,"Laminar perfusion fMRI revealed a two-peak activation in the primary motor cortex induced by FT, and distinct laminar profiles for task-positive and task-negative networks during WM task.",41612124,vllm:mistral-7b-instruct-v0.3,medium
pubmed,41740634,motor impulsivity resting-state fMRI,Connectome-based prediction of problematic use of social media in adolescents: Findings from the ABCD study.,2026,NeuroImage,unknown,functional connectivity,impulsivity (general),unknown,predicts,unclear,,indirect,0.7,CPM successfully predicted PUSM scores and identified connectivity within and between multiple large-scale neural networks predictive of PUSM severity.,41740634,vllm:mistral-7b-instruct-v0.3,high
pubmed,41748653,motor impulsivity resting-state fMRI,Serotonergic cortico-limbic and executive network dysfunction in Parkinson's disease impulse control disorders: a PET-fMRI study.,2026,NPJ Parkinson's disease,unknown,functional connectivity,impulsivity (general),Parkinson's disease,associated_with,unclear,serotonergic dysfunction,direct,0.8,"PDICD+ patients showed steeper delay discounting and altered functional connectivity, including enhanced posterior parietal coupling within executive networks and disrupted salience-executive interactions.",41748653,vllm:mistral-7b-instruct-v0.3,high
pubmed,41932505,motor impulsivity resting-state fMRI,Intrinsic functional connectivity alterations in medication-naïve children with combined and inattentive ADHD types: Evidence from cortical surface-based analysis.,2026,Journal of affective disorders,unknown,functional connectivity,impulsivity (general),ADHD,associated_with,unclear,,unclear,0.7,"Significant intra- and inter-network FC disruptions emerged in children with ADHD, particularly in default mode (DMN), ventral attentional (VAN), and somatosensory-motor (SMN) networks.",41932505,vllm:mistral-7b-instruct-v0.3,high
pubmed,35302338,motor impulsivity functional connectivity,Involvement of muscle satellite cell dysfunction in neuromuscular disorders: Expanding the portfolio of satellite cell-opathies.,2022,European journal of translational myology,unknown,unknown,unknown,unknown,unknown,unclear,,background,0.3,Muscular weakness is often progressive and paralleled by continuous decline in the ability of skeletal muscle to functionally adapt and regenerate.,35302338,vllm:mistral-7b-instruct-v0.3,medium
pubmed,31003231,motor impulsivity functional connectivity,Convergent neural connectivity in motor impulsivity and high-fat food binge-like eating in male Sprague-Dawley rats.,2019,Neuropsychopharmacology : official publication of the American College of Neuropsychopharmacology,unknown,functional connectivity,motor impulsivity,unknown,associated_with,unclear,chemogenetic activation of the ventral mPFC to NAcSh pathway,direct,1.0,Compromised signaling between the mPFC and nucleus accumbens shell (NAcSh) is thought to underlie the cognitive inability to withhold prepotent responses (motor impulsivity) and binge intake of high-fat food (HFF) seen in binge eating disorder.,31003231,vllm:mistral-7b-instruct-v0.3,high
pubmed,38842027,motor impulsivity functional connectivity,Cross-Frequency Coupling as a Biomarker for Early Stroke Recovery.,2024,Neurorehabilitation and neural repair,unknown,EEG connectivity,unknown,unknown,associated_with,unclear,unknown,indirect,0.7,"The application of neuroimaging-based biomarkers in stroke has enriched our understanding of post-stroke recovery mechanisms, including alterations in functional connectivity based on synchronous oscillatory activity across various cortical regions.",38842027,vllm:mistral-7b-instruct-v0.3,high
pubmed,21259388,motor impulsivity functional connectivity,Altered motor network activation and functional connectivity in adult Tourette's syndrome.,2011,Human brain mapping,unknown,functional connectivity,motor impulsivity,Tourette's syndrome,associated_with,unclear,unclear,indirect,0.7,"We observed differential neuronal activation patterns depending on both handedness (dominant vs. nondominant) and tapping frequency in frontal, parietal, and subcortical areas.",21259388,vllm:mistral-7b-instruct-v0.3,high
pubmed,40260305,motor impulsivity functional connectivity,Effective connectivity analysis of response inhibition functional network.,2025,Frontiers in neuroscience,unknown,functional connectivity,nonplanning impulsivity,unknown,associated_with,unclear,,unclear,0.7,"Our results identified four functional networks activated during correct motor response inhibition: the salience network (SN), the right and left executive control networks (ECNs), and the ventral default mode network (vDMN).",40260305,vllm:mistral-7b-instruct-v0.3,high
pubmed,39341756,motor impulsivity functional connectivity,Imaging of impulse control disorders in Parkinson's disease.,2024,Revue neurologique,unknown,functional connectivity,motor impulsivity,Parkinson's disease,associated_with,unclear,abnormal connectivity within the reward system,direct,1.0,Functional magnetic resonance imaging (fMRI) studies reveal abnormal connectivity within the reward system involving the ventral striatum and orbitofrontal cortex.,39341756,vllm:mistral-7b-instruct-v0.3,high
pubmed,8595027,motor impulsivity functional connectivity,Social and emotional self-regulation.,1995,Annals of the New York Academy of Sciences,unknown,functional connectivity,impulsivity (general),unknown,associated_with,unclear,unclear,background,0.3,"In humans, frontal lesions result in deficits of social and emotional behavior that are often surprising in the presence of intact language and other cognitive skills.",8595027,vllm:mistral-7b-instruct-v0.3,medium
pubmed,38772504,motor impulsivity functional connectivity,The association of impulsivity with depression and anxiety symptoms: A transdiagnostic network analysis and replication.,2024,Journal of affective disorders,unknown,functional connectivity,motor impulsivity,unknown,associated_with,unclear,,unclear,0.7,The motor impulsivity dimension was revealed to be closely connected with individual symptoms of depression and anxiety regardless of whether they were in separate disorder forms or comorbid forms.,38772504,vllm:mistral-7b-instruct-v0.3,high
pubmed,20174620,motor impulsivity functional connectivity,On the similarity of functional connectivity between neurons estimated across timescales.,2010,PloS one,unknown,functional connectivity,unknown,unknown,associated_with,unclear,,indirect,0.5,We find that functional connectivity is relatively robust to low-pass filtering--dropping by about 10% when low pass filtering at 10 hz and about 50% when low pass filtering down to about 1 Hz--and that estimates are robust to high levels of additive noise.,20174620,vllm:mistral-7b-instruct-v0.3,medium
pubmed,20728878,motor impulsivity functional connectivity,Prefrontal cortex and impulsive decision making.,2011,Biological psychiatry,unknown,functional connectivity,motor impulsivity,unknown,associated_with,unclear,unclear,unclear,0.7,"The prefrontal cortex and its connected areas, such as the basal ganglia, play an important role in gating impulsive actions in a variety of behavioral tasks.",20728878,vllm:mistral-7b-instruct-v0.3,high
pubmed,34274404,motor impulsivity functional connectivity,Exploring cortico-cortical interactions during action preparation by means of dual-coil transcranial magnetic stimulation: A systematic review.,2021,Neuroscience and biobehavioral reviews,unknown,functional connectivity,unknown,unknown,associated_with,unclear,,unclear,0.7,Action preparation is characterized by a set of complex and distributed processes that occur in multiple brain areas.,34274404,vllm:mistral-7b-instruct-v0.3,high
pubmed,39218589,motor impulsivity functional connectivity,[A review of functional electrical stimulation based on brain-computer interface].,2024,Sheng wu yi xue gong cheng xue za zhi = Journal of biomedical engineering = Shengwu yixue gongchengxue zazhi,unknown,unknown,unknown,unknown,unclear,unclear,Functional electrical stimulation (FES) based on brain-computer interface (BCI) connects the patient's intentions with muscle contraction,background,0.5,Functional electrical stimulation (FES) based on brain-computer interface (BCI) connects the patient's intentions with muscle contraction,39218589,vllm:mistral-7b-instruct-v0.3,medium
pubmed,36579893,motor impulsivity functional connectivity,A circuit-based approach to modulate hypersexuality in Parkinson's disease.,2023,Psychiatry and clinical neurosciences,unknown,functional connectivity,impulsivity (general),Parkinson's disease,associated_with,unclear,unclear,unclear,0.7,"Compared with their nonhypersexual peers, patients with hypersexuality recruited caudate, pre-supplementary motor area, ventral tegmental area, and anterior cingulate cortex while on medication.",36579893,vllm:mistral-7b-instruct-v0.3,high
pubmed,36836613,motor impulsivity functional connectivity,Application of Repetitive Transcranial Magnetic Stimulation in Neuropathic Pain: A Narrative Review.,2023,"Life (Basel, Switzerland)",unknown,functional connectivity,unknown,unknown,associated_with,unclear,altering imbalanced functional connectivity,unclear,0.5,"rTMS was hypothesized to achieve analgesic effects by upregulating the pain threshold, inhibiting pain impulse, modulating the brain cortex, altering imbalanced functional connectivity",36836613,vllm:mistral-7b-instruct-v0.3,medium
pubmed,35277392,motor impulsivity functional connectivity,Prefrontal Cortical Connectivity Mediates Locus Coeruleus Noradrenergic Regulation of Inhibitory Control in Older Adults.,2022,The Journal of neuroscience : the official journal of the Society for Neuroscience,unknown,functional connectivity,impulsivity (general),unknown,associated_with,unclear,regulation,unclear,0.7,We confirm that better response inhibition is correlated with locus coeruleus integrity and stronger connectivity between presupplementary motor area (preSMA) and right inferior frontal gyrus (rIFG),35277392,vllm:mistral-7b-instruct-v0.3,high
pubmed,36754503,motor impulsivity functional connectivity,V to VII Nerve Transfer for Smile Reanimation.,2023,Atlas of the oral and maxillofacial surgery clinics of North America,unknown,unknown,unknown,unknown,associated_with,unclear,neural impulse transfer,background,0.3,"The masseteric nerve can be usually connected directly to the facial nerve without the interposition of a nerve graft, with a faster reinnervation.",36754503,vllm:mistral-7b-instruct-v0.3,medium
pubmed,41281564,motor impulsivity functional connectivity,Associations between structural injury and task-based corticomuscular connectivity after stroke.,2025,Frontiers in neurology,unknown,EEG connectivity,unknown,unknown,associates_with,unclear,unclear,background,0.6,"In this study, we examined relationships between structural injury and integrity measures with task-based functional connectivity between electrodes overlying sensorimotor cortical regions and affected upper-extremity musculature (referred to as corticomuscular coherence; CMC).",41281564,vllm:mistral-7b-instruct-v0.3,medium
pubmed,33441433,motor impulsivity functional connectivity,"Motor Interference, But Not Sensory Interference, Increases Midfrontal Theta Activity and Brain Synchronization during Reactive Control.",2021,The Journal of neuroscience : the official journal of the Society for Neuroscience,unknown,functional connectivity,motor impulsivity,unknown,associated_with,higher,increases,direct,1.0,"Motor conflicts, but not attentional conflicts, elicited increases in midfrontal theta power during conflict resolution.",33441433,vllm:mistral-7b-instruct-v0.3,high
pubmed,31421156,motor impulsivity functional connectivity,"Nicotinic acetylcholine receptor at vertebrate motor endplates: Endocytosis, recycling, and degradation.",2019,Neuroscience letters,unknown,unknown,unknown,unknown,unknown,unclear,not applicable,background,0.2,The conversion of nerve impulses into muscle contraction is initiated by binding of acetylcholine to its nicotinic receptor (nAChR) at the postsynapse.,31421156,vllm:mistral-7b-instruct-v0.3,medium
pubmed,23074304,motor impulsivity functional connectivity,Are ASD and ADHD a Continuum? A Comparison of Pathophysiological Similarities Between the Disorders.,2015,Journal of attention disorders,unknown,functional connectivity,impulsivity (general),unknown,associated_with,unclear,,unclear,0.6,"shared involvement of sensory processing, motor and impulse control, abnormal patterns of neural connectivity",23074304,vllm:mistral-7b-instruct-v0.3,medium
pubmed,10349031,motor impulsivity functional connectivity,An fMRI study of Stroop word-color interference: evidence for cingulate subregions subserving multiple distributed attentional systems.,1999,Biological psychiatry,unknown,functional connectivity,unknown,unknown,associated_with,unclear,unclear,background,0.5,The goal of this study was to model the functional connectivity of the neural systems that subserve attention and impulse control.,10349031,vllm:mistral-7b-instruct-v0.3,medium
pubmed,40088861,motor impulsivity functional connectivity,"Phenotypic clusters of narcolepsy type 1: Insights from age of onset, weight gain, sleep patterns, and impulsivity.",2025,Sleep medicine,unknown,functional connectivity,motor impulsivity,unknown,associated_with,higher,,unclear,0.7,Patients with teenage onset and greater weight gain showed the highest motor impulsivity score.,40088861,vllm:mistral-7b-instruct-v0.3,high
pubmed,39453553,motor impulsivity functional connectivity,Behavioral disorders in Parkinson disease: current view.,2025,"Journal of neural transmission (Vienna, Austria : 1996)",unknown,functional connectivity,impulsivity (general),Parkinson disease,associated_with,unclear,neurodegeneration and altered neuronal connectivity,unclear,0.7,"Behavioral changes in PD show distinct patterns of brain atrophy, dopaminergic and serotonergic deterioration, altered neuronal connectivity in frontostriatal, corticolimbic, default mode and other networks",39453553,vllm:mistral-7b-instruct-v0.3,medium
pubmed,25307575,motor impulsivity functional connectivity,Methods of association and dissociation for establishing selective brain-behavior relations.,2014,Handbook of clinical neurology,unknown,functional connectivity,impulsivity (general),unknown,associated_with,unclear,,unclear,0.6,Enhanced spatial and temporal resolution in brain imaging modalities has led to refined visualization and quantification of the brain's functional connectivity of neural networks.,25307575,vllm:mistral-7b-instruct-v0.3,medium
pubmed,38504872,motor impulsivity functional connectivity,Neurocomputational mechanisms underlying perception and sentience in the neocortex.,2024,Frontiers in computational neuroscience,unknown,functional connectivity,unknown,unknown,associated_with,unclear,quantum-phase processing,background,0.3,"We demonstrate, using the threshold and refractory period of a quantum-phase pulse, that action potentials diffract across a neural network due to the annulment of parallel collisions in the phase ternary computation (PTC).",38504872,vllm:mistral-7b-instruct-v0.3,medium
pubmed,19344685,motor impulsivity functional connectivity,How not to study spontaneous activity.,2009,NeuroImage,unknown,functional connectivity,unknown,unknown,associated_with,unclear,unknown,background,0.3,A growing number of electrophysiological and functional magnetic resonance imaging (fMRI) studies are appearing that report on various aspects of the brain's spontaneous activity or 'default mode' of operation.,19344685,vllm:mistral-7b-instruct-v0.3,medium
pubmed,38246283,motor impulsivity functional connectivity,Impulsivity and neural correlates of response inhibition in bipolar disorder and their unaffected relatives: A MEG study.,2024,Journal of affective disorders,unknown,functional connectivity,motor impulsivity,bipolar disorder,associated_with,lower,hypoactivity,direct,0.8,Increased motor impulsiveness in BD was related to abnormal alterations in beta oscillatory activity of rIFG and functional connectivity between rIFG and pre-SMA.,38246283,vllm:mistral-7b-instruct-v0.3,high
pubmed,28193688,motor impulsivity functional connectivity,Compulsive Social Behavior Emerges after Selective Ablation of Striatal Cholinergic Interneurons.,2017,The Journal of neuroscience : the official journal of the Society for Neuroscience,unknown,functional connectivity,impulsivity (general),unknown,associated_with,unclear,reduced number of striatal cholinergic interneurons,unclear,0.7,"Selective SCIN ablation results in an increase of the functional connectivity between different cortical areas and the motor, but not associative, region of the striatum.",28193688,vllm:mistral-7b-instruct-v0.3,high
pubmed,37113158,motor impulsivity functional connectivity,Brain motion networks predict head motion during rest- and task-fMRI.,2023,Frontiers in neuroscience,unknown,functional connectivity,unknown,unknown,predicts,unclear,,background,0.7,"Parametric testing, as well as CPM-based permutations for null hypothesis testing, revealed strong linear associations between observed and predicted values of head motion.",37113158,vllm:mistral-7b-instruct-v0.3,high
pubmed,29992242,motor impulsivity functional connectivity,Reorganization of cortical oscillatory dynamics underlying disinhibition in frontotemporal dementia.,2018,Brain : a journal of neurology,unknown,functional connectivity,unknown,frontotemporal dementia,associated_with,unclear,altered cross-frequency coupling,unclear,0.8,"We predicted that in frontotemporal dementia, core functional deficits such as disinhibition would be associated with differences in the frequency spectrum and altered cross-frequency coupling between frontal cortical regions.",29992242,vllm:mistral-7b-instruct-v0.3,high
pubmed,28826495,motor impulsivity functional connectivity,Anatomical and functional organization of the human substantia nigra and its connections.,2017,eLife,unknown,functional connectivity,motor impulsivity,unknown,associated_with,unclear,,direct,0.8,"The lateral SN connects with somatomotor regions of striatum and cortex and also encodes salience. Behavioral measures from delay discounting and flanker tasks supported a role for the value-coding medial SN network in decisional impulsivity, while the salience-coding ventral SN network was associated with motor impulsivity.",28826495,vllm:mistral-7b-instruct-v0.3,high
pubmed,36185399,motor impulsivity functional connectivity,Geometric basis of action potential of skeletal muscle cells and neurons.,2022,Open life sciences,unknown,unknown,unknown,unknown,unknown,unclear,,background,0.0,"The action potential of motor nerve fibers has the characteristics of a time curve manifold, and this time-manifold curve of motor nerve fibers comes from the visual cortex in which spatial geometric manifolds are formed within the synaptic connection of neurons.",36185399,vllm:mistral-7b-instruct-v0.3,low
pubmed,38676689,motor impulsivity functional connectivity,[Associations of serum neuromarkers with clinical features of Parkinson's disease].,2024,Zhurnal nevrologii i psikhiatrii imeni S.S. Korsakova,unknown,unknown,motor impulsivity,Parkinson's disease,associated_with,unclear,unknown,background,0.7,"There were correlations between BDNF concentration and the severity of impulsive behavioral disorders (r=0.500, p<0.001)",38676689,vllm:mistral-7b-instruct-v0.3,medium
pubmed,19048104,motor impulsivity functional connectivity,Functional connectivity in tactile object discrimination: a principal component analysis of an event related fMRI-Study.,2008,PloS one,unknown,functional connectivity,unknown,unknown,associated_with,unclear,,unclear,0.5,"Tactile object discrimination is an essential human skill that relies on functional connectivity between the neural substrates of motor, somatosensory and supramodal areas.",19048104,vllm:mistral-7b-instruct-v0.3,medium
pubmed,33022684,motor impulsivity functional connectivity,Anatomy of Trigeminal Neuromodulation Targets: From Periphery to the Brain.,2020,Progress in neurological surgery,unknown,unknown,unknown,unknown,unknown,unclear,electrical neuromodulation,background,0.3,Electrical neuromodulation refers to adjustable manipulation of the central or peripheral pain pathways using electrical current for the purpose of reversible modification of the function of the nociceptive system through the use of implantable devices.,33022684,vllm:mistral-7b-instruct-v0.3,medium
pubmed,40767014,motor impulsivity functional connectivity,Functional and Diffusion-Based Microstructural Correlates in Cortical and Subcortical Substrates of Motor Performance of a Complex Visuomotor Task in Middle-Aged Adults.,2025,Journal of integrative neuroscience,unknown,unknown,unknown,unknown,unknown,unclear,,background,0.3,"There were also significant training-induced changes in functional activity in cerebellar, cortical and subcortical brain regions.",40767014,vllm:mistral-7b-instruct-v0.3,medium
pubmed,29773045,motor impulsivity functional connectivity,A Review on Functional Electrical Stimulation in Tetraplegic Patients to Restore Hand Function.,2017,Journal of long-term effects of medical implants,unknown,unknown,unknown,unknown,unknown,unclear,,unclear,0.0,,29773045,vllm:mistral-7b-instruct-v0.3,low
pubmed,26190986,motor impulsivity functional connectivity,Mindful movement and skilled attention.,2015,Frontiers in human neuroscience,unknown,functional connectivity,impulsivity (general),unknown,associated_with,unclear,,unclear,0.6,Deficient motor control correlates with impaired (disinhibited) behavioral control contributing to defining features of excessive distractibility and impulsivity.,26190986,vllm:mistral-7b-instruct-v0.3,medium
pubmed,27343257,motor impulsivity functional connectivity,Atomoxetine restores the response inhibition network in Parkinson's disease.,2016,Brain : a journal of neurology,unknown,functional connectivity,nonplanning impulsivity,Parkinson's disease,restores,higher,noradrenergic denervation,direct,0.8,"We found that the normal interaction between pre-supplementary motor cortex and the inferior frontal gyrus was absent in Parkinson's disease patients on placebo (despite dopaminergic therapy), but this connection was restored by atomoxetine.",27343257,vllm:mistral-7b-instruct-v0.3,high
pubmed,19940844,motor impulsivity functional connectivity,"Probing compulsive and impulsive behaviors, from animal models to endophenotypes: a narrative review.",2010,Neuropsychopharmacology : official publication of the American College of Neuropsychopharmacology,unknown,functional connectivity,impulsivity (general),unknown,associated_with,unclear,unclear,unclear,0.6,Failures in cortical control of fronto-striatal neural circuits may underpin impulsive and compulsive acts.,19940844,vllm:mistral-7b-instruct-v0.3,medium
pubmed,37190759,motor impulsivity functional connectivity,Connectome-based prediction of craving in gambling disorder and cocaine use disorder.,2023,Dialogues in clinical neuroscience,unknown,functional connectivity,impulsivity (general),unknown,predicts,unclear,,unclear,0.7,Craving was predicted by neural connectivity across disorders.,37190759,vllm:mistral-7b-instruct-v0.3,high
pubmed,31907881,motor impulsivity functional connectivity,Human Brain Imaging Links Dopaminergic Systems to Impulsivity.,2020,Current topics in behavioral neurosciences,unknown,functional connectivity,motor impulsivity,unknown,associated_with,higher,dopaminergic,direct,0.9,"Strong evidence links striatal dopaminergic function with impulsivity, measured by self-reports and laboratory tests of cognitive control and reward-based decision-making.",31907881,vllm:mistral-7b-instruct-v0.3,high
pubmed,18803315,motor impulsivity functional connectivity,Biology and pathology of nonmyelinating Schwann cells.,2008,Glia,unknown,unknown,unknown,unknown,unknown,unclear,,background,0.2,"The CNS contains relatively few unmyelinated nerve fibers, and thus benefits from the advantages that are conferred by myelination, including faster conduction velocities, lower energy consumption for impulse transmission, and greater stability of point-to-point connectivity.",18803315,vllm:mistral-7b-instruct-v0.3,low
pubmed,23206930,ADHD impulsivity resting-state fMRI connectivity,Reward circuit connectivity relates to delay discounting in children with attention-deficit/hyperactivity disorder.,2013,European neuropsychopharmacology : the journal of the European College of Neuropsychopharmacology,unknown,functional connectivity,impulsivity (general),Attention-deficit/hyperactivity disorder (ADHD),associated_with,higher,altered processing of anticipated rewards,direct,0.8,We found that functional connectivity of NAcc was atypical in children with ADHD and the ADHD-related increased connectivity between NAcc and the prefrontal cortex was associated with greater impulsivity (steeper delayed-reward discounting).,23206930,vllm:mistral-7b-instruct-v0.3,high
pubmed,28938222,ADHD impulsivity resting-state fMRI connectivity,Inter-hemispherical asymmetry in default-mode functional connectivity and BAIAP2 gene are associated with anger expression in ADHD adults.,2017,Psychiatry research. Neuroimaging,unknown,functional connectivity,impulsivity (general),ADHD,associated_with,unclear,unknown,unclear,0.7,We investigated the association between BAIAP2 polymorphisms and DMN functional connectivity (FC) asymmetry as well as behavioral measures in ADHD adults.,28938222,vllm:mistral-7b-instruct-v0.3,high
pubmed,30374665,ADHD impulsivity resting-state fMRI connectivity,"Peer influence, Frontostriatal connectivity, and delay discounting in African American emerging adults.",2020,Brain imaging and behavior,unknown,functional connectivity,impulsivity (general),ADHD,associated_with,lower,unknown,direct,0.8,"Greater (i.e., more positive) frontostriatal rsFC was associated with decreased delay discounting (i.e., less impulsive decision making).",30374665,vllm:mistral-7b-instruct-v0.3,high
pubmed,33304251,ADHD impulsivity resting-state fMRI connectivity,Neural Basis of Increased Cognitive Control of Impulsivity During the Mid-Luteal Phase Relative to the Late Follicular Phase of the Menstrual Cycle.,2020,Frontiers in human neuroscience,unknown,functional connectivity,impulsivity (general),unknown,associated_with,unclear,,unclear,0.7,"Discount rate (transformed k) correlated with functional connectivity between the DS and dorsal lateral prefrontal cortex (dlPFC), consistent with previous findings indicating that DS-dlPFC circuitry may regulate impulsivity.",33304251,vllm:mistral-7b-instruct-v0.3,high
