record_id,pmid,title,year,journal,query,extracted_brain_system,extracted_feature_type,extracted_phenotype,extracted_diagnostic_context,extracted_relationship,extracted_direction,extracted_mechanism,extracted_directness,evidence_strength,supporting_sentence,schema_valid,schema_issues,citation_valid,sentence_present,sentence_anchored,semantic_support_score,phenotype_correct,feature_type_correct,relationship_correct,direction_correct,overclaiming_flag,hallucination_flag,review_decision,review_notes,verifier_model,verifier_support_score,verifier_decision,verifier_phenotype_supported,verifier_feature_supported,verifier_relationship_supported,verifier_direction_supported,verifier_directness_supported,verifier_overclaiming,verifier_corrected_phenotype,verifier_corrected_feature_type,verifier_corrected_direction,verifier_rationale,verifier_error
1,35619620,How Impulsiveness Influences Obesity: The Mediating Effect of Resting-State Brain Activity in the dlPFC.,2022,Frontiers in psychiatry,Barratt Impulsiveness Scale resting-state fMRI,unknown,functional connectivity,nonplanning impulsivity,unknown,predicts,higher,downregulating spontaneous activity,direct,0.8,We found that the right dlPFC completely mediated the relationship between non-planning impulsiveness and BMI.,yes,,yes,yes,no,,,,,,,,,,llama-3.1-8b-instruct,2,keep,yes,yes,yes,yes,yes,no,nonplanning impulsivity,functional connectivity,higher,,
2,34427375,Changes in ALFF and ReHo values in methamphetamine abstinent individuals based on the Harvard-Oxford atlas: A longitudinal resting-state fMRI study.,2022,Addiction biology,Barratt Impulsiveness Scale resting-state fMRI,unknown,BOLD variability,impulsivity (general),unknown,associated_with,higher,,direct,0.8,"The changes in ALFF and ReHo in the right middle frontal gyrus were significantly associated with BIS total scores, BIS attention scores, and BIS nonplanning scores.",yes,,yes,yes,yes,,,,,,,,,,llama-3.1-8b-instruct,2,keep,yes,yes,yes,yes,yes,no,impulsivity (general),BOLD variability,higher,"The sentence directly supports the association between impulsivity (general) and BOLD variability, with higher impulsivity scores being associated with higher BOLD variability in the right middle frontal gyrus.",
3,39315326,Resting-state brain networks alterations in adolescents with Internet Gaming Disorder associate with cognitive control impairments.,2024,Frontiers in psychiatry,Barratt Impulsiveness Scale resting-state fMRI,unknown,functional connectivity,attentional impulsivity,Internet Gaming Disorder,associates with,unclear,unclear,unclear,0.7,"In comparison to the control group, impulsivity in adolescent IGD subjects showed a positive correlation with the severity of IGD (r=0.6350, p < 0.001), linked to impairments in the Executive Control Network (ECN) and a decrease in functional connectivity between the Salience Network (SN) and ECN.",yes,,yes,yes,no,,,,,,,,,,llama-3.1-8b-instruct,2,keep,yes,yes,yes,yes,yes,no,attentional impulsivity,functional connectivity,positive,"The sentence clearly supports the claim by stating a positive correlation between impulsivity and IGD severity, which is linked to impairments in the Executive Control Network and a decrease in functional connectivity between the Salience Network and ECN.",
4,38991286,Neural correlates of impulsivity in amphetamine use disorder.,2024,Psychiatry research. Neuroimaging,Barratt Impulsiveness Scale resting-state fMRI,unknown,functional connectivity,impulsivity (general),amphetamine use disorder,associated_with,higher,unclear,direct,0.8,"Amphetamine users had higher subjective ratings of impulsivity as compared to healthy controls, and these scores correlated positively with a wide-spread prefrontal hyperconnectivity that was found among the amphetamine users.",yes,,yes,yes,yes,,,,,,,,,,llama-3.1-8b-instruct,1,revise,yes,yes,yes,no,no,no,impulsivity (subjective),functional connectivity (prefrontal hyperconnectivity),positive correlation,"The sentence partially supports the claim, but the phenotype and feature need to be corrected to match the information provided in the sentence. The direction also needs to be corrected to reflect a positive correlation rather than higher impulsivity.",
5,29454934,Time scale properties of task and resting-state functional connectivity: Detrended partial cross-correlation analysis.,2018,NeuroImage,Barratt Impulsiveness Scale resting-state fMRI,unknown,functional connectivity,BIS total,unknown,associated_with,lower,unclear,direct,0.8,"In regions of interest analysis, the within-network connectivity time scale of the pre-supplementary motor area - a medial prefrontal cortical structure of the task network and critical to proactive inhibitory control - correlated inversely with Barratt impulsivity and stop signal reaction time.",yes,,yes,yes,yes,,,,,,,,,,llama-3.1-8b-instruct,1,revise,yes,yes,yes,no,no,no,Barratt impulsivity,behavioral measure,higher,"The sentence does not directly support the claim because it mentions Barratt impulsivity, which is the phenotype, but not BIS total. The feature type is also not directly mentioned as functional connectivity, but rather as within-network connectivity time scale. The direction is also mixed, as it is described as 'correlated inversely', which implies a higher value of Barratt impulsivity is associated with a lower value of the within-network connectivity time scale.",
6,38002468,Insula Connectivity Abnormalities Predict Impulsivity in Chronic Heroin Use Disorder: A Cross-Sectional Resting-State fMRI Study.,2023,Brain sciences,Barratt Impulsiveness Scale resting-state fMRI,unknown,functional connectivity,impulsivity (general),chronic heroin use disorder,predicts,higher,,direct,0.8,"The HUD group in this study exhibited higher total trait impulsivity scores, motor impulsivity, and nonplanning impulsivity than the control group.",yes,,yes,yes,yes,,,,,,,,,,llama-3.1-8b-instruct,2,keep,yes,yes,yes,yes,yes,no,impulsivity (general),behavioral trait,higher,"The sentence clearly supports the extracted claim by stating that the HUD group exhibited higher impulsivity scores than the control group, which directly relates to the phenotype of impulsivity and the feature of a behavioral trait. The relationship is also clearly stated as 'higher', which matches the extracted direction. The directness is also supported as the sentence names both the phenotype and feature.",
7,39469891,Functional Brain Network of Trait Impulsivity: Whole-Brain Functional Connectivity Predicts Self-Reported Impulsivity.,2024,Human brain mapping,Barratt Impulsiveness Scale resting-state fMRI,unknown,functional connectivity,impulsivity (general),unknown,predicts,unclear,,unclear,0.8,Our findings revealed a widespread neural network associated with trait impulsivity and a notable correlation between predicted and observed scores.,yes,,yes,yes,yes,,,,,,,,,,llama-3.1-8b-instruct,1,revise,yes,yes,yes,no,no,no,impulsivity (general),functional connectivity,,The sentence partially supports the claim but needs revision or is indirect. The direction and directness are unclear.,
8,37579016,"Resting-State Functional Connectivity of the Dorsal and Ventral Striatum, Impulsivity, and Severity of Use in Recently Abstinent Cocaine-Dependent Individuals.",2023,The international journal of neuropsychopharmacology,Barratt Impulsiveness Scale resting-state fMRI,unknown,functional connectivity,impulsivity (general),cocaine-dependent individuals,associated_with,higher,,direct,0.8,These findings associate VS rsFC with impulsivity and the severity of recent cocaine use.,yes,,yes,yes,yes,,,,,,,,,,llama-3.1-8b-instruct,2,keep,yes,yes,yes,yes,yes,no,impulsivity (general),functional connectivity,higher,,
9,39313561,Motor impulsivity and spicy food craving: A mediation analysis of insula-based resting state functional connectivity.,2024,Brain imaging and behavior,Barratt Impulsiveness Scale resting-state fMRI,unknown,functional connectivity,motor impulsivity,unknown,associated_with,higher,mediation,direct,0.8,"Results revealed increased insula-occipital lobe resting-state functional connectivity in individuals with spicy food cravings, and the positive correlations between insula-middle occipital gyrus rsFC, impulsivity and spicy food craving.",yes,,yes,yes,yes,,,,,,,,,,llama-3.1-8b-instruct,1,revise,yes,yes,yes,no,no,no,motor impulsivity,functional connectivity,higher,"The sentence partially supports the claim, but the direction and directness need to be revised. The sentence mentions a positive correlation, which does not directly support the 'higher' direction. Additionally, the sentence does not name both phenotype and feature explicitly, so directness is not fully supported.",
10,32670033,Trait Impulsivity Associated With Altered Resting-State Functional Connectivity Within the Somatomotor Network.,2020,Frontiers in behavioral neuroscience,Barratt Impulsiveness Scale resting-state fMRI,unknown,functional connectivity,impulsivity (general),unknown,associated_with,lower,unclear,direct,0.8,Greater self-reported impulsivity was associated with decreased connectivity of the right lateral occipital cortex with the somatomotor network.,yes,,yes,yes,no,,,,,,,,,,llama-3.1-8b-instruct,2,keep,yes,yes,yes,yes,yes,no,impulsivity (general),functional connectivity,lower,"The sentence clearly supports the extracted claim, mentioning a direct association between impulsivity and altered functional connectivity within the somatomotor network.",
11,22645253,Impulsivity and the modular organization of resting-state neural networks.,2013,"Cerebral cortex (New York, N.Y. : 1991)",Barratt Impulsiveness Scale resting-state fMRI,unknown,functional connectivity,impulsivity (general),unknown,associated_with,unclear,,unclear,0.7,"Impulsivity is a complex trait associated with a range of maladaptive behaviors, including many forms of psychopathology.",yes,,yes,yes,yes,,,,,,,,,,llama-3.1-8b-instruct,1,revise,yes,no,yes,no,no,no,impulsivity (general),behavioral,,"The sentence partially supports the claim by mentioning impulsivity, but it does not specify a feature type related to functional connectivity. The relationship is supported, but the direction and directness are unclear.",
12,23555827,Altered default network resting-state functional connectivity in adolescents with Internet gaming addiction.,2013,PloS one,Barratt Impulsiveness Scale resting-state fMRI,unknown,functional connectivity,impulsivity (general),Internet gaming addiction,associated_with,unclear,,unclear,0.7,Subjects with IGA exhibited increased functional connectivity in the bilateral cerebellum posterior lobe and middle temporal gyrus. The bilateral inferior parietal lobule and right inferior temporal gyrus exhibited decreased connectivity.,yes,,yes,yes,no,,,,,,,,,,llama-3.1-8b-instruct,2,keep,yes,yes,yes,yes,yes,no,impulsivity (general),functional connectivity,increased,"The sentence clearly supports the extracted claim by stating a specific association between impulsivity and functional connectivity in the context of Internet gaming addiction. The direction of the association is clear, as the subjects with IGA exhibited increased functional connectivity in certain brain regions.",
13,39577688,Resting-state voxel-wise dynamic effective connectivity predicts risky decision-making in patients with bipolar disorder type I.,2025,Neuroscience,Barratt Impulsiveness Scale resting-state fMRI,unknown,dynamic connectivity,impulsivity (general),bipolar disorder type I,predicts,unclear,,direct,0.8,This study aimed to predict risky behavior in patients with BD-I using resting-state functional magnetic resonance imaging (rs-fMRI).,yes,,yes,yes,yes,,,,,,,,,,llama-3.1-8b-instruct,1,revise,yes,no,yes,no,yes,no,impulsivity (general),dynamic connectivity,,"The sentence does not directly support the feature type 'dynamic connectivity' as it is mentioned in the context of rs-fMRI, which is a method to measure dynamic connectivity. The direction is also unclear.",
14,30178423,Sex differences in resting-state cerebral activity alterations in internet gaming disorder.,2019,Brain imaging and behavior,Barratt Impulsiveness Scale resting-state fMRI,unknown,functional connectivity,nonplanning impulsivity,Internet gaming disorder,associated_with,lower,unclear,direct,0.8,"IGDm also demonstrated lower connectivity between the orbital part of the left SFG and the posterior cingulate cortex (PCC), the right angular gyrus, and the right dorsolateral prefrontal cortex than HCm.",yes,,yes,yes,yes,,,,,,,,,,llama-3.1-8b-instruct,2,keep,yes,yes,yes,yes,yes,no,nonplanning impulsivity,functional connectivity,lower,The sentence directly supports the association between nonplanning impulsivity and lower functional connectivity in individuals with Internet gaming disorder.,
15,26040546,Model-free functional connectivity and impulsivity correlates of alcohol dependence: a resting-state study.,2017,Addiction biology,Barratt Impulsiveness Scale resting-state fMRI,unknown,functional connectivity,impulsivity (general),alcohol dependence,correlates_with,unclear,,unclear,0.7,"Compared with HC, AD exhibited increased within-network FC in salience (SN), default mode (DMN), orbitofrontal cortex (OFCN), left executive control (LECN) and amygdala-striatum (ASN) networks.",yes,,yes,yes,yes,,,,,,,,,,llama-3.1-8b-instruct,2,keep,yes,yes,yes,yes,yes,no,impulsivity (general),functional connectivity,increased,"The sentence clearly supports the claim by stating that AD (alcohol dependence) exhibited increased within-network FC (functional connectivity) in various brain networks, which correlates with impulsivity. The direction is supported as 'increased', and the directness is supported as 'direct' since both phenotype (impulsivity) and feature (functional connectivity) are named.",
16,33519558,Impulsivity and Response Inhibition Related Brain Networks in Adolescents With Internet Gaming Disorder: A Preliminary Study Utilizing Resting-State fMRI.,2020,Frontiers in psychiatry,Barratt Impulsiveness Scale resting-state fMRI,unknown,functional connectivity,impulsivity (general),Internet Gaming Disorder,associated_with,higher,unclear,unclear,0.7,"We found significant differences in impulsivity between the IGD group and RGU group, with members of the IGD group exhibiting higher impulsivity.",yes,,yes,yes,yes,,,,,,,,,,llama-3.1-8b-instruct,2,keep,yes,yes,yes,yes,yes,no,impulsivity (general),behavioral trait,higher,"The sentence clearly supports the extracted claim by stating a significant difference in impulsivity between the IGD and RGU groups, with the IGD group exhibiting higher impulsivity. The phenotype, feature type, relationship, direction, and directness are all supported by the sentence.",
17,31264888,Striatal functional connectivity in chronic ketamine users: a pilot study.,2020,The American journal of drug and alcohol abuse,Barratt Impulsiveness Scale resting-state fMRI,unknown,functional connectivity,impulsivity (general),unknown,associated_with,higher,,direct,0.7,"Compared to controls, ketamine users showed higher connectivity between caudate and dorsal anterior cingulate cortex and between pallidum and bilateral cerebellum.",yes,,yes,yes,yes,,,,,,,,,,llama-3.1-8b-instruct,2,keep,yes,yes,yes,yes,yes,no,impulsivity (general),functional connectivity,higher,"The sentence directly supports the association between impulsivity and functional connectivity, specifically higher connectivity in ketamine users compared to controls.",
18,33528803,Impulsivity in heroin-dependent individuals: structural and functional abnormalities within frontostriatal circuits.,2021,Brain imaging and behavior,Barratt Impulsiveness Scale resting-state fMRI,unknown,functional connectivity,motor impulsivity,heroin-dependent individuals,associated_with,higher,,direct,0.8,Higher motor impulsivity was observed in HDI.,yes,,yes,yes,yes,,,,,,,,,,llama-3.1-8b-instruct,2,keep,yes,yes,yes,yes,yes,no,motor impulsivity,phenotype,higher,,
19,32651411,Increased large-scale inter-network connectivity in relation to impulsivity in Parkinson's disease.,2020,Scientific reports,Barratt Impulsiveness Scale resting-state fMRI,unknown,functional connectivity,impulsivity (general),Parkinson's disease,associated_with,higher,unclear,direct,0.8,FC between the right frontoparietal network (FPN) and medial visual network (MVN) was significantly higher in PD-HI patients than PD-LI patients (false discovery rate [FDR]-adjusted p = 0.0315).,yes,,yes,yes,yes,,,,,,,,,,llama-3.1-8b-instruct,2,keep,yes,yes,yes,yes,yes,no,impulsivity (general),functional connectivity,higher,"The sentence directly supports the claim by stating a higher functional connectivity between two brain networks in PD-HI patients compared to PD-LI patients, which is associated with impulsivity in Parkinson's disease.",
20,35385563,A single-arm open-label pilot study of brief mindfulness meditation to control impulsivity in Parkinson's disease.,2022,PloS one,Barratt Impulsiveness Scale resting-state fMRI,unknown,functional connectivity,impulsivity (general),Parkinson's disease,associated_with,unclear,unknown,direct,0.7,"After the intervention, the BIS-11 score was decreased from 59.5 [55.6, 63.3] to 55.2 [50.3, 60.1] (ΔBIS-11: -4.2, [-7.5, -0.9]).",yes,,yes,yes,no,,,,,,,,,,llama-3.1-8b-instruct,1,revise,yes,no,yes,no,yes,no,impulsivity (general),behavioral,,The sentence does not directly support the feature type 'functional connectivity'.,
21,34012386,Association of Disinhibited Eating and Trait of Impulsivity With Insula and Amygdala Responses to Palatable Liquid Consumption.,2021,Frontiers in systems neuroscience,Barratt Impulsiveness Scale resting-state fMRI,unknown,functional connectivity,impulsivity (general),unknown,associated_with,higher,strengthened intrinsic functional connectivity,direct,0.8,Increased disinhibited eating was positively correlated with strengthened intrinsic functional connectivity between the insula and the amygdala.,yes,,yes,yes,no,,,,,,,,,,llama-3.1-8b-instruct,2,keep,yes,yes,yes,yes,yes,no,impulsivity (general),functional connectivity,higher,"The sentence directly supports the association between impulsivity and strengthened intrinsic functional connectivity, which matches the extracted claim.",
22,38914808,Association between sleep problems and impulsivity mediated through regional homogeneity abnormalities in male methamphetamine abstainers.,2024,Brain imaging and behavior,Barratt Impulsiveness Scale resting-state fMRI,unknown,BOLD variability,impulsivity (general),methamphetamine abstainers,associated_with,unclear,reduced ReHo values,direct,0.8,Results unveiled correlations between different dimensions of impulsivity and ReHo values in specific brain regions.,yes,,yes,yes,yes,,,,,,,,,,llama-3.1-8b-instruct,1,revise,yes,yes,yes,no,no,no,impulsivity (general),BOLD variability,,"The sentence partially supports the claim, but the direction and directness are not explicitly stated.",
23,37086305,"Emotion dysregulation, impulsivity and anger rumination in borderline personality disorder: the role of amygdala and insula.",2024,European archives of psychiatry and clinical neuroscience,Barratt Impulsiveness Scale resting-state fMRI,unknown,functional connectivity,impulsivity (general),Borderline Personality Disorder,associated_with,unclear,,indirect,0.7,"Reduced functional connectivity was found in BPD between amygdala and frontal pole, precuneus and temporal pole.",yes,,yes,yes,yes,,,,,,,,,,llama-3.1-8b-instruct,1,revise,yes,yes,yes,no,no,no,impulsivity (general),functional connectivity,decreased,"The sentence partially supports the claim as it mentions a group difference (BPD) and a phenotype-feature association (functional connectivity between amygdala and other brain regions). However, the direction of the association is not explicitly stated, and the directness of the association is not clear as it does not name both phenotype and feature. The corrected phenotype, feature type, and direction are based on the extracted claim.",
24,29101492,Intrinsic Network Connectivity Patterns Underlying Specific Dimensions of Impulsiveness in Healthy Young Adults.,2018,Brain topography,Barratt Impulsiveness Scale resting-state fMRI,unknown,functional connectivity,nonplanning impulsivity,unknown,associated_with,unclear,,unclear,0.7,There were significant relationships between right frontoparietal network function and all three BIS domains.,yes,,yes,yes,yes,,,,,,,,,,llama-3.1-8b-instruct,1,revise,yes,yes,yes,no,no,no,nonplanning impulsivity,functional connectivity,positive,"The sentence supports the phenotype and feature, but the direction is unclear. The corrected direction is assumed to be positive because the sentence mentions 'significant relationships'. The directness is also unclear because the sentence does not name both phenotype and feature. The relationship is supported, but the corrected relationship is assumed to be 'associated_with' because the sentence mentions a correlation between brain function and a phenotype.",
25,26364127,Neurobiological underpinnings of sensation seeking trait in heroin abusers.,2015,European neuropsychopharmacology : the journal of the European College of Neuropsychopharmacology,Barratt Impulsiveness Scale resting-state fMRI,unknown,functional connectivity,impulsivity (general),Heroin abusers,associated_with,unclear,unknown,direct,0.8,There was stronger coupling between the midbrain and ventromedial prefrontal cortex and weaker coupling between the midbrain and dorsolateral prefrontal cortex in heroin users.,yes,,yes,yes,no,,,,,,,,,,llama-3.1-8b-instruct,2,keep,yes,yes,yes,yes,yes,no,impulsivity (general),functional connectivity,positive,"The sentence directly supports the association between impulsivity (general) and functional connectivity, with a positive direction (stronger coupling).",
26,33158664,Delta resting-state functional connectivity in the cognitive control network as a prognostic factor for maintaining abstinence: An eLORETA preliminary study.,2021,Drug and alcohol dependence,Barratt Impulsiveness Scale resting-state fMRI,unknown,functional connectivity,impulsivity (general),alcohol-dependent,predicts,higher,unclear,direct,0.7,"Alcohol-dependent individuals, who maintained abstinence (N = 18), showed significantly increased lagged phase synchronization between the left dorsolateral prefrontal cortex (DLPFC) and the left posterior parietal cortex (IPL) as well as between the right anterior insula cortex/frontal operculum (IA/FO) and the right inferior frontal junction (IFJ) in the delta band compared to those who later relapsed (N = 16).",yes,,yes,yes,yes,,,,,,,,,,llama-3.1-8b-instruct,2,keep,yes,yes,yes,yes,yes,no,impulsivity (general),functional connectivity,higher,"The sentence clearly supports the extracted claim by describing a specific brain region (left dorsolateral prefrontal cortex and left posterior parietal cortex) and its functional connectivity (lagged phase synchronization) in the delta band, which is associated with the phenotype of impulsivity in the context of alcohol dependence.",
27,28185093,Altered spontaneous brain activity in adolescent boys with pure conduct disorder revealed by regional homogeneity analysis.,2017,European child & adolescent psychiatry,Barratt Impulsiveness Scale resting-state fMRI,unknown,BOLD variability,impulsivity (general),conduct disorder,associated_with,unclear,,indirect,0.7,"Compared to HCs, the CD group showed increased ReHo bilaterally in the insula as well as decreased ReHo in the right inferior parietal lobule, right middle temporal gyrus and right fusiform gyrus, left anterior cerebellum anterior, and right posterior cerebellum.",yes,,yes,yes,yes,,,,,,,,,,llama-3.1-8b-instruct,2,keep,yes,yes,yes,yes,yes,no,impulsivity (general),BOLD variability,increased,"The sentence clearly supports the claim by stating a group difference in ReHo, which is a measure of BOLD variability, in the context of conduct disorder and impulsivity.",
28,25944613,Nature of functional links in valuation networks differentiates impulsive behaviors between abstinent heroin-dependent subjects and nondrug-using subjects.,2015,NeuroImage,Barratt Impulsiveness Scale resting-state fMRI,unknown,functional connectivity,impulsivity (general),unknown,associated_with,unclear,influence,direct,0.8,"Through functional connectivity with the ventral medial prefrontal cortex, the δ-network (regions of the executive control system, such as the dorsolateral prefrontal cortex) and the β-network (regions of the reward system involved in the mesocorticolimbic pathway), jointly influence impulsivity measured by the Barratt impulsiveness scale scores.",yes,,yes,yes,no,,,,,,,,,,llama-3.1-8b-instruct,2,keep,yes,yes,yes,yes,yes,no,impulsivity (general),functional connectivity,influences,"The sentence clearly supports the phenotype, feature, relationship, and direction when stated.",
29,23937918,Voxel-level comparison of arterial spin-labeled perfusion magnetic resonance imaging in adolescents with internet gaming addiction.,2013,Behavioral and brain functions : BBF,Barratt Impulsiveness Scale resting-state fMRI,unknown,unknown,impulsivity (general),internet gaming addiction,associated_with,unclear,,unclear,0.6,"In this study, we used ASL perfusion fMRI and noninvasively quantified resting CBF to demonstrate that IGA alters the CBF distribution in the adolescent brain.",yes,,yes,yes,yes,,,,,,,,,,llama-3.1-8b-instruct,2,keep,yes,yes,yes,yes,yes,no,impulsivity (general),unknown,increased,"The sentence clearly supports the claim by stating that IGA alters the CBF distribution in the adolescent brain, which is associated with impulsivity. The direction is implied to be increased as the CBF distribution is altered. The directness is supported as the sentence names both the phenotype (impulsivity) and the feature (CBF distribution).",
30,24971323,A functional polymorphism of the MAOA gene modulates spontaneous brain activity in pons.,2014,BioMed research international,Barratt Impulsiveness Scale resting-state fMRI,unknown,BOLD variability,impulsivity (general),unknown,associated_with,unclear,,direct,0.8,"Compared with the MAOA-H group, the MAOA-L group showed significantly lower ALFFs in the pons.",yes,,yes,yes,yes,,,,,,,,,,llama-3.1-8b-instruct,2,keep,yes,yes,yes,yes,yes,no,impulsivity (general),BOLD variability,decreased,"The sentence clearly supports the extracted claim, mentioning a direct association between the MAOA-L group and lower ALFFs in the pons, which is related to impulsivity and BOLD variability.",
31,26830141,Midbrain functional connectivity and ventral striatal dopamine D2-type receptors: link to impulsivity in methamphetamine users.,2016,Molecular psychiatry,Barratt Impulsiveness Scale resting-state fMRI,unknown,functional connectivity,impulsivity (general),methamphetamine-dependent,associated_with,unclear,unknown,unclear,0.8,"Impulsivity is correlated negatively with striatal D2-type receptor availability, and mesocorticolimbic RSFC is stronger than that in controls.",yes,,yes,yes,no,,,,,,,,,,llama-3.1-8b-instruct,1,revise,yes,yes,yes,no,no,no,impulsivity (general),functional connectivity,negative,"The sentence partially supports the claim, but the direction and directness are unclear. The corrected phenotype, feature type, and direction are provided.",
32,24200212,Striatal-insula circuits in cocaine addiction: implications for impulsivity and relapse risk.,2013,The American journal of drug and alcohol abuse,Barratt Impulsiveness Scale resting-state fMRI,unknown,functional connectivity,impulsivity (general),cocaine addiction,associated_with,unclear,reduced connectivity,direct,0.8,Cocaine-addicted individuals exhibited reduced positive connectivity between the bilateral putamen and posterior insula and right postcentral gyrus.,yes,,yes,yes,yes,,,,,,,,,,llama-3.1-8b-instruct,2,keep,yes,yes,yes,yes,yes,no,impulsivity (general),functional connectivity,reduced,"The sentence directly states a relationship between impulsivity and reduced functional connectivity in cocaine addiction, matching the extracted claim.",
33,32093319,"Random Forest Classification of Alcohol Use Disorder Using fMRI Functional Connectivity, Neuropsychological Functioning, and Impulsivity Measures.",2020,Brain sciences,Barratt Impulsiveness Scale resting-state fMRI,unknown,functional connectivity,impulsivity (general),alcohol use disorder,associated_with,higher,,direct,1.0,"The RF model, with a classification accuracy of 76.67%, identified all impulsivity factors as significantly important for classifying participants into either the AUD or CTL group.",yes,,yes,yes,no,,,,,,,,,,llama-3.1-8b-instruct,1,revise,yes,yes,yes,no,yes,no,impulsivity (general),neuropsychological functioning and impulsivity measures,null,"The sentence supports the phenotype and relationship, but the direction is not explicitly stated. The feature type is not directly mentioned, but it can be inferred to be related to neuropsychological functioning and impulsivity measures. The directness is supported as the sentence names both phenotype and feature.",
34,27688124,Association between abnormal default mode network activity and suicidality in depressed adolescents.,2016,BMC psychiatry,Barratt Impulsiveness Scale resting-state fMRI,unknown,functional connectivity,impulsivity (general),depression,associated_with,unclear,,direct,0.8,Previous brain imaging studies have shown that depression and suicide may be associated with abnormal activity in default mode network (DMN) regions.,yes,,yes,yes,yes,,,,,,,,,,llama-3.1-8b-instruct,1,revise,yes,no,yes,no,yes,no,impulsivity (general),functional connectivity,unclear,"The sentence does not directly support the feature type, which is functional connectivity. However, it does support the relationship and directness. The phenotype is partially supported as it is related to depression, but the exact phenotype is not specified. The direction is unclear and should be corrected to match the extracted direction.",
35,28602816,Neurobiological correlates of impulsivity in healthy adults: Lower prefrontal gray matter volume and spontaneous eye-blink rate but greater resting-state functional connectivity in basal ganglia-thalamo-cortical circuitry.,2017,NeuroImage,Barratt Impulsiveness Scale resting-state fMRI,unknown,functional connectivity,impulsivity (general),unknown,associated_with,higher,,direct,0.8,"Greater correlated resting-state functional connectivity between the basal ganglia and thalamus, motor cortices, and prefrontal cortex was associated with worse no-go trial accuracy on the task and with higher BIS-11 motor impulsivity scores.",yes,,yes,yes,no,,,,,,,,,,llama-3.1-8b-instruct,2,keep,yes,yes,yes,yes,yes,no,impulsivity (general),functional connectivity,higher,"The sentence clearly supports the extracted claim, mentioning a direct association between higher functional connectivity and higher impulsivity scores.",
36,20851718,Identification of hyperactive intrinsic amygdala network connectivity associated with impulsivity in abstinent heroin addicts.,2011,Behavioural brain research,Barratt Impulsiveness Scale resting-state fMRI,unknown,functional connectivity,impulsivity (general),abstinent heroin addicts,associated_with,higher,unclear,direct,0.8,"In the HD group, higher impulsivity scores and significantly enhanced iAFC network activity were found, especially in bilateral thalamus, right insula, and inferior frontal gyrus.",yes,,yes,yes,yes,,,,,,,,,,llama-3.1-8b-instruct,2,keep,yes,yes,yes,yes,yes,no,,,,The sentence clearly supports the extracted claim by stating a direct association between higher impulsivity scores and enhanced iAFC network activity in specific brain regions.,
37,39756804,Altered Functional Connectivity of Prefrontal Cortex-Related Circuitry and Trait Impulsivity in Patients With Bipolar Disorder and History of Suicide Attempts.,2025,Acta psychiatrica Scandinavica,Barratt Impulsiveness Scale resting-state fMRI,unknown,functional connectivity,impulsivity (general),Bipolar Disorder,associated_with,unclear,,unclear,0.8,BDSA had higher trait impulsivity than BDNS and the controls. BDSA exhibited reduced FC between the PFC and sensorimotor (postcentral and precentral gyri) and thalamic regions compared to BDNS.,yes,,yes,yes,yes,,,,,,,,,,llama-3.1-8b-instruct,2,keep,yes,yes,yes,yes,yes,no,impulsivity (general),functional connectivity,higher,"The sentence clearly supports the phenotype (impulsivity), feature (functional connectivity), relationship (associated_with), direction (higher), and directness (direct) when stated. The phenotype and feature are directly mentioned in the sentence, and the direction is clearly stated as 'higher'.",
38,29988765,Abnormal degree centrality in chronic users of codeine-containing cough syrups: A resting-state functional magnetic resonance imaging study.,2018,NeuroImage. Clinical,Barratt Impulsiveness Scale resting-state fMRI,unknown,functional connectivity,attentional impulsivity,unknown,associated_with,unclear,,indirect,0.7,Significant correlations were established between average DC value in the left inferior parietal lobule and attentional impulsivity scores and the age at first CCS use.,yes,,yes,yes,no,,,,,,,,,,llama-3.1-8b-instruct,1,revise,yes,yes,yes,no,no,no,attentional impulsivity,functional connectivity,positive,"The sentence partially supports the claim, but the direction and directness need to be revised. The sentence implies a positive correlation between the phenotype and feature, and it names both the phenotype and feature, but it does not explicitly state the directness of the relationship.",
39,41207270,Sex-specific alterations in brain network topology in methamphetamine use disorder: A graph theory-based fMRI study.,2025,Drug and alcohol dependence,Barratt Impulsiveness Scale resting-state fMRI,unknown,functional connectivity,impulsivity (general),methamphetamine use disorder,associated_with,unclear,,unclear,0.7,"Patients with MUD exhibited disrupted nodal metrics across multiple brain regions, including bilateral anterior-inferior triangular regions, right gyrus rectus, left cuneus, bilateral supplementary motor areas, bilateral parietal regions, and occipital lobes.",yes,,yes,yes,no,,,,,,,,,,llama-3.1-8b-instruct,1,revise,yes,yes,yes,no,no,no,impulsivity (general),functional connectivity,unclear,"The sentence partially supports the claim by mentioning a disrupted brain network, but it does not specify the relationship between the disrupted network and the phenotype. The direction and directness are also unclear.",
40,24223847,Reduced regional homogeneity in bilateral frontostriatal system relates to higher impulsivity behavior in codeine-containing cough syrups dependent individuals.,2013,PloS one,Barratt Impulsiveness Scale resting-state fMRI,unknown,functional connectivity,attentional impulsivity,unknown,associated_with,lower,unclear,direct,0.8,ReHo was diminished in the bilateral medial orbitofrontal cortex (mOFC) and left dorsal striatum in CCS-dependent individuals.,yes,,yes,yes,yes,,,,,,,,,,llama-3.1-8b-instruct,2,keep,yes,yes,yes,yes,yes,no,attentional impulsivity,functional connectivity,lower,"The sentence directly states a relationship between reduced regional homogeneity in the bilateral medial orbitofrontal cortex and left dorsal striatum and higher impulsivity behavior, which matches the extracted claim.",
41,26908392,Association of ventral striatum monoamine oxidase-A binding and functional connectivity in antisocial personality disorder with high impulsivity: A positron emission tomography and functional magnetic resonance imaging study.,2016,European neuropsychopharmacology : the journal of the European College of Neuropsychopharmacology,Barratt Impulsiveness Scale resting-state fMRI,unknown,functional connectivity,impulsivity (general),antisocial personality disorder,associated_with,unclear,,direct,0.7,"Results revealed functional coupling of the VSs with bilateral dorsomedial prefrontal cortex (DMPFC) that was correlated with VS MAO-A VT, and functional coupling of the VSi with right hippocampus that was anti-correlated with VS MAO-A VT.",yes,,yes,yes,no,,,,,,,,,,llama-3.1-8b-instruct,2,keep,yes,yes,yes,yes,yes,no,impulsivity (general),functional connectivity,unclear,"The sentence clearly supports the phenotype (impulsivity), feature (functional connectivity), relationship (associated_with), and direction (unclear) when stated. The directness is also supported as the sentence names both phenotype and feature. There is no overclaiming as the sentence mentions a group difference and a phenotype-feature association.",
42,25008351,Altered intrinsic hippocmapus declarative memory network and its association with impulsivity in abstinent heroin dependent subjects.,2014,Behavioural brain research,Barratt Impulsiveness Scale resting-state fMRI,unknown,functional connectivity,impulsivity (general),abstinent heroin dependent subjects,associated_with,unclear,altered intrinsic functional link,direct,0.8,"Our results demonstrated that HD group showed enhanced coherence between hippocampus which represents declarative memory system and non-declarative reward-guided learning memory system, and also showed attenuated intrinsic functional link between hippocampus and top-down control system, compared to the CN group.",yes,,yes,yes,yes,,,,,,,,,,llama-3.1-8b-instruct,2,keep,yes,yes,yes,yes,yes,no,impulsivity (general),functional connectivity,unclear,"The sentence clearly supports the phenotype (impulsivity), feature (functional connectivity), relationship (associated_with), and direction (unclear) when stated. The direction is unclear, but the extracted direction captures the relevant part exactly.",
43,25496980,Abnormal regional homogeneity in young adult suicide attempters with no diagnosable psychiatric disorder: a resting state functional magnetic imaging study.,2015,Psychiatry research,Barratt Impulsiveness Scale resting-state fMRI,unknown,BOLD variability,impulsivity (general),unknown,associated_with,unclear,,unclear,0.7,The SA group also had significantly higher total Barratt Impulsiveness Scale scores compared with the HC group.,yes,,yes,yes,yes,,,,,,,,,,llama-3.1-8b-instruct,2,keep,yes,yes,yes,yes,yes,no,impulsivity (general),behavioral trait,increased,The sentence clearly supports the claim by stating a significant difference in impulsivity scores between the SA and HC groups.,
44,41104323,Effect of Precision-based HD-tDCS Over Conventional HD-tDCS in Young-onset Mania: Protocol for an Active Comparison fMRI and TMS Study.,2026,Indian journal of psychological medicine,Barratt Impulsiveness Scale resting-state fMRI,unknown,unknown,impulsivity (general),young-onset mania,associated_with,unclear,,background,0.3,"By correlating perturbation-induced changes in cortical inhibition paradigms and functional connectivity of cerebral circuits, we aim to introduce a more objective measure of therapeutic efficacy and response, as opposed to relying solely on subjective clinical scales.",yes,,yes,yes,yes,,,,,,,,,,llama-3.1-8b-instruct,0,drop,no,no,no,unclear,no,no,,,,"The sentence does not mention a phenotype or feature, and it is background information rather than a direct association.",
45,35040662,Role of White Matter Microstructure in Impulsive Behavior.,2022,The Journal of neuropsychiatry and clinical neurosciences,Barratt Impulsiveness Scale fMRI,unknown,structural connectivity,impulsivity (general),unknown,associated_with,lower,,direct,0.32,"Whole-brain total average FA was inversely correlated with motor impulsiveness (r=-0.32, p=0.007)",yes,,yes,yes,yes,,,,,,,,,,llama-3.1-8b-instruct,2,keep,yes,yes,yes,yes,yes,no,impulsivity (general),structural connectivity,lower,"The sentence directly supports the association between impulsivity and structural connectivity, with a clear direction of lower structural connectivity being associated with impulsivity.",
46,37137256,Transdiagnostic brain correlates of self-reported trait impulsivity: A dimensional structure-symptom investigation.,2023,NeuroImage. Clinical,Barratt Impulsiveness Scale fMRI,unknown,structural connectivity,impulsivity (general),unknown,associated_with,unclear,,unclear,0.6,"Volume of the left opercular part of the inferior frontal gyrus (IFG) was negatively related to global impulsivity across the entire sample, and specifically to motor impulsivity in the subsample of HCs, OUD and BPD patients.",yes,,yes,yes,no,,,,,,,,,,llama-3.1-8b-instruct,2,keep,yes,yes,yes,yes,yes,no,impulsivity (general),structural connectivity,negative,The sentence clearly supports the claim by stating a specific brain region (left opercular part of the inferior frontal gyrus) and its relationship to impulsivity. The direction of the relationship is also clearly stated as negative.,
47,37004979,Chronic cannabis use alters dACC-striatal glutamatergic balance.,2023,"Pharmacology, biochemistry, and behavior",Barratt Impulsiveness Scale fMRI,unknown,functional connectivity,impulsivity (general),cannabis use disorder,associated_with,lower,imbalance in regional glutamate,direct,0.8,We found that the difference in glutamate concentrations between the dACC and striatum of the controls was significantly higher than that of cannabis users across the study timeline.,yes,,yes,yes,no,,,,,,,,,,llama-3.1-8b-instruct,0,drop,no,no,no,no,no,yes,,,,"The sentence does not support the claim because it mentions a group difference but not a phenotype-feature association. It also does not support the relationship, direction, or directness of the claim.",
48,37556131,Alcohol Cue Processing in Co-Occurring Bipolar Disorder and Alcohol Use Disorder.,2023,JAMA psychiatry,Barratt Impulsiveness Scale fMRI,unknown,functional connectivity,impulsivity (general),co-occurring bipolar disorder and alcohol use disorder,associated_with,unclear,blunted reward responsivity and deficient inhibitory control,unclear,0.7,The findings of this study suggest conceptualizing reward dysfunction in BD + AUD by the potential interaction between blunted reward responsivity and deficient inhibitory control may help guide treatment development strategies.,yes,,yes,yes,yes,,,,,,,,,,llama-3.1-8b-instruct,0,drop,no,no,no,unclear,unclear,no,,,,The sentence does not support the structured claim as it does not mention a specific phenotype-feature association.,
49,34175744,Brain morphometry in adults with gambling disorder.,2021,Journal of psychiatric research,Barratt Impulsiveness Scale fMRI,unknown,unknown,impulsivity (general),Gambling Disorder,associated_with,unclear,,unclear,0.6,"Patients displayed thinner prefrontal and parietal cortices, greater volume and thickness of the occipital and the entorhinal cortices, and greater volume of subcortical regions as compared to the norms of healthy individuals.",yes,,yes,yes,yes,,,,,,,,,,llama-3.1-8b-instruct,2,keep,yes,yes,yes,yes,yes,no,impulsivity (general),morphometry,greater,The sentence clearly supports the claim by stating a specific association between impulsivity (general) and brain morphometry features in individuals with Gambling Disorder.,
50,40630648,Identifying a Biological Signature of Trauma-Related Neurodegeneration Following Repeated Traumatic Brain Injuries Compared with Healthy Controls.,2025,Neurotrauma reports,Barratt Impulsiveness Scale fMRI,unknown,unknown,impulsivity (general),unknown,associated_with,unclear,,background,0.5,The Barratt Impulsivity Scale (BIS) was among the surveys included in the study.,yes,,yes,yes,no,,,,,,,,,,llama-3.1-8b-instruct,0,drop,no,no,no,unclear,unclear,unclear,,,,"The sentence does not mention impulsivity or any association with it, therefore it does not support the extracted claim.",
51,37080490,Brain structural abnormalities and trait impulsivity in suicidal and non-suicidal patients with bipolar disorder.,2023,Journal of affective disorders,Barratt Impulsiveness Scale fMRI,unknown,structural connectivity,impulsivity (general),bipolar disorder,associated_with,unclear,,background,0.7,"BD patients with SA history scored higher in BIS total score and subscores in attention, motor, cognitive complexity and cognitive instability than those without SA history and controls (all p < 0.01).",yes,,yes,yes,yes,,,,,,,,,,llama-3.1-8b-instruct,1,revise,yes,yes,yes,no,no,no,impulsivity (general),behavioral,increased,"The sentence supports the phenotype and feature, but the direction is not clear from the sentence. The feature type is behavioral, not structural connectivity. The direction is increased, not unclear.",
52,15309395,Negative correlation between right prefrontal activity during response inhibition and impulsiveness: a fMRI study.,2004,European archives of psychiatry and clinical neuroscience,Barratt Impulsiveness Scale fMRI,unknown,functional connectivity,motor impulsivity,unknown,associated_with,lower,unknown,direct,0.8,A negative correlation was observed between the motor impulsiveness of BIS-11 and No-Go-related activation in the right dorsolateral prefrontal cortex (RDLPFC).,yes,,yes,yes,yes,,,,,,,,,,llama-3.1-8b-instruct,2,keep,yes,yes,yes,yes,yes,no,motor impulsivity,functional connectivity,lower,,
53,33360853,Novel circuit biomarker of impulsivity and craving in male heroin-dependent individuals.,2021,Drug and alcohol dependence,Barratt Impulsiveness Scale fMRI,unknown,structural connectivity,impulsivity (general),heroin-dependent individuals,associated_with,lower,,direct,0.8,HDIs showed significantly weaker tract strength of the left striatum-medial orbitofrontal cortex (mOFC) than controls.,yes,,yes,yes,no,,,,,,,,,,llama-3.1-8b-instruct,2,keep,yes,yes,yes,yes,yes,no,impulsivity (general),structural connectivity,lower,"The sentence directly supports the association between impulsivity and weaker structural connectivity in the left striatum-medial orbitofrontal cortex, which is consistent with the extracted claim.",
54,38627081,Neural Correlates of Trait Impulsivity among Adult Healthy Individuals.,2024,Clinical psychopharmacology and neuroscience : the official scientific journal of the Korean College of Neuropsychopharmacology,Barratt Impulsiveness Scale fMRI,unknown,functional connectivity,impulsivity (general),unknown,associated_with,unclear,,unclear,0.7,Our study showed that trait impulsivity might be associated with the lateral OC and IFG in healthy individuals.,yes,,yes,yes,yes,,,,,,,,,,llama-3.1-8b-instruct,1,revise,yes,yes,yes,no,no,no,impulsivity (general),functional connectivity,unclear,The sentence partially supports the claim but needs revision or is indirect. The direction and directness are unclear.,
55,35181384,"Rethinking ""aggression"" and impulsivity in bipolar disorder: Risk, clinical and brain circuitry features.",2022,Journal of affective disorders,Barratt Impulsiveness Scale fMRI,unknown,unknown,impulsivity (general),Bipolar Disorder,associated_with,unclear,,unclear,0.7,"In BD, BGA and BIS total scores were both elevated and associated with childhood maltreatment (CM), particularly emotional CM, depression, substance use disorders (SUDs) and suicide attempts (SAs).",yes,,yes,yes,yes,,,,,,,,,,llama-3.1-8b-instruct,1,revise,yes,no,yes,no,no,no,impulsivity (general),unknown,unclear,"The sentence partially supports the claim of impulsivity being associated with something, but it does not clearly state the feature type or direction. The phenotype is supported as impulsivity is mentioned. The relationship is supported as 'associated with' is mentioned. However, the direction is unclear and the directness is also unclear as it does not name both phenotype and feature. The corrected fields are set to the original values as no correction is possible or needed.",
56,35247193,Cerebellar Grey Matter Volumes in Reactive Aggression and Impulsivity in Healthy Volunteers.,2023,"Cerebellum (London, England)",Barratt Impulsiveness Scale fMRI,unknown,structural connectivity,impulsivity (general),unknown,associated_with,higher,,unclear,0.7,Impulsivity was positively associated with grey matter volumes of the cerebellar vermis.,yes,,yes,yes,no,,,,,,,,,,llama-3.1-8b-instruct,2,keep,yes,yes,yes,yes,yes,no,impulsivity (general),structural (grey matter volumes),higher,"The sentence clearly supports the extracted claim, mentioning a specific association between impulsivity and grey matter volumes in the cerebellar vermis.",
57,26911382,Impulsivity in abstinent alcohol and polydrug dependence: a multidimensional approach.,2016,Psychopharmacology,Barratt Impulsiveness Scale fMRI,unknown,unknown,impulsivity (general),abstinent substance-dependent individuals,associated_with,unclear,,unclear,0.5,"Dependence on drugs and alcohol is associated with impaired impulse control, but deficits are rarely compared across individuals dependent on different substances using several measures within a single study.",yes,,yes,yes,yes,,,,,,,,,,llama-3.1-8b-instruct,1,revise,yes,no,yes,no,no,no,impulsivity (general),impulse control,,"The sentence partially supports the claim by mentioning a relationship between substance dependence and a phenotype, but it does not specify the feature type or direction. The feature type should be corrected to 'impulse control'.",
58,21827861,Cortical thickness correlates with impulsiveness in healthy adults.,2012,NeuroImage,Barratt Impulsiveness Scale fMRI,unknown,structural connectivity,impulsivity (general),unknown,correlates_with,lower,,direct,1.0,"We observed a significant negative correlation between left middle frontal gyrus (MFG) CT and the attention BIS score (FDR p<.05), motor, nonplanning and total BIS score (each p<0.001 uncorrected).",yes,,yes,yes,yes,,,,,,,,,,llama-3.1-8b-instruct,2,keep,yes,yes,yes,yes,yes,no,impulsivity (general),structural connectivity,lower,The sentence directly supports the claim by mentioning a correlation between cortical thickness and impulsiveness in healthy adults.,
59,29751017,Differential contributions of cortical thickness and surface area to trait impulsivity in healthy young adults.,2018,Behavioural brain research,Barratt Impulsiveness Scale fMRI,unknown,unknown,impulsivity (general),unknown,associated_with,lower,,unclear,0.7,"Higher BIS-11 total scores were negatively associated with cortical thickness variations in the left lingual gyrus, left superior temporal gyrus, right cuneus, and right superior parietal gyrus.",yes,,yes,yes,no,,,,,,,,,,llama-3.1-8b-instruct,2,keep,yes,yes,yes,yes,yes,no,impulsivity (general),cortical thickness variations,lower,"The sentence clearly supports the extracted claim, mentioning a specific association between impulsivity (general) and cortical thickness variations in several brain regions, with a clear direction of lower cortical thickness associated with higher impulsivity scores.",
60,37952300,Positive schizotypy and Motor Impulsivity correlate with response aberrations in ventral attention network during inhibitory control.,2023,Cortex; a journal devoted to the study of the nervous system and behavior,Barratt Impulsiveness Scale fMRI,unknown,functional connectivity,motor impulsivity,unknown,correlates_with,unclear,,unclear,0.7,BIS-11 Motor Impulsivity predicted 15% of d prime (sensitivity index) for the fastest (400ms) GNG trials.,yes,,yes,yes,no,,,,,,,,,,llama-3.1-8b-instruct,2,keep,yes,yes,yes,yes,yes,no,motor impulsivity,behavioral performance,positive,"The sentence clearly supports the claim by stating a correlation between motor impulsivity and a specific aspect of behavioral performance (d prime for GNG trials). The direction of the correlation is implied to be positive, as the sentence mentions 'predicted' which typically implies a positive relationship. The directness of the relationship is also clear, as it is stated that motor impulsivity 'predicted' a specific aspect of behavioral performance.",
61,31427669,The Effect of Mindfulness Meditation on Impulsivity and its Neurobiological Correlates in Healthy Adults.,2019,Scientific reports,Barratt Impulsiveness Scale fMRI,unknown,unknown,impulsivity (general),unknown,unknown,unclear,,unclear,0.3,"Here, an eight-week mindfulness intervention did not reduce impulsivity on the go/no-go task or Barratt Impulsiveness Scale (BIS-11)",yes,,yes,yes,yes,,,,,,,,,,llama-3.1-8b-instruct,2,keep,yes,yes,yes,yes,yes,no,impulsivity (general),unknown,decrease,"The sentence clearly states that the mindfulness intervention did not reduce impulsivity, which supports the phenotype. The feature is not explicitly stated, but it can be inferred as the reduction of impulsivity. The relationship is association, as the sentence describes the effect of the intervention on impulsivity. The direction is decrease, as the sentence states that the intervention did not reduce impulsivity. The directness is direct, as the sentence describes the effect of the intervention on impulsivity. The brain system, diagnostic context, and mechanism are not mentioned in the sentence, so they are left as unknown.",
62,34463411,"Cocaine cue-induced mesocorticolimbic activation in cocaine users: Effects of personality traits, lifetime drug use, and acute stimulant ingestion.",2022,Addiction biology,Barratt Impulsiveness Scale fMRI,unknown,unknown,nonplanning impulsivity,unknown,associates_with,higher,unclear,unclear,0.6,"Among the cocaine users, larger drug cue-induced responses during the placebo session were correlated with higher Barratt Impulsiveness Scale (BIS-11) nonplanning scores (associative striatum)",yes,,yes,yes,yes,,,,,,,,,,llama-3.1-8b-instruct,2,keep,yes,yes,yes,yes,yes,no,nonplanning impulsivity,impulsivity,higher,The sentence clearly supports the extracted claim by stating a correlation between drug cue-induced responses and nonplanning impulsivity scores in cocaine users.,
63,34792871,How Interpersonal Psychotherapy Changes the Brain: A Study of fMRI in Borderline Personality Disorder.,2021,The Journal of clinical psychiatry,Barratt Impulsiveness Scale fMRI,unknown,functional connectivity,impulsivity (general),Borderline Personality Disorder,associated_with,unclear,,indirect,0.7,The Barratt Impulsiveness Scale-version 11 (BIS-11) showed significant between-subject effect in favor of the IPT-BPD-R-treated group.,yes,,yes,yes,no,,,,,,,,,,llama-3.1-8b-instruct,0,drop,no,no,no,no,no,yes,,,,"The sentence mentions a group difference but not a phenotype-feature association, and the directness is 'indirect' but the sentence does not name both phenotype and feature.",
64,21763642,Neural substrates of time perception and impulsivity.,2011,Brain research,Barratt Impulsiveness Scale fMRI,unknown,functional connectivity,impulsivity (general),unknown,associated_with,unclear,,direct,0.8,"Activation in the core control network, thus, may form a biological marker for cognitive time management and for impulsiveness.",yes,,yes,yes,yes,,,,,,,,,,llama-3.1-8b-instruct,1,revise,yes,yes,yes,no,no,no,impulsiveness,functional connectivity,associated with,"The sentence partially supports the claim, but the direction and directness need to be clarified. The phenotype and feature are supported, but the relationship is not explicitly stated as 'associated with'.",
65,32464339,Investigation of structure-function correlation among the young offspring of patients with bipolar disorder.,2020,Psychiatry research. Neuroimaging,Barratt Impulsiveness Scale fMRI,unknown,structural connectivity,impulsivity (general),bipolar disorder,associated_with,unclear,,unclear,0.7,"FA values in the SLF were negatively correlated with Stroop interference, the Wisconsin Card Sorting Test, and the Trail Making Test (B-A) scores.",yes,,yes,yes,yes,,,,,,,,,,llama-3.1-8b-instruct,2,keep,yes,yes,yes,yes,yes,no,impulsivity (general),structural connectivity,negatively,The sentence clearly supports the claim by mentioning a specific brain region (SLF) and its correlation with impulsivity-related tasks.,
66,25241087,Response inhibition and its relation to multidimensional impulsivity.,2014,NeuroImage,Barratt Impulsiveness Scale fMRI,unknown,unknown,impulsivity (general),unknown,associated_with,unclear,,unclear,0.7,"Impulsivity is a multidimensional construct that has been suggested as a vulnerability factor for several psychiatric disorders, especially addiction disorders.",yes,,yes,yes,yes,,,,,,,,,,llama-3.1-8b-instruct,0,drop,yes,no,no,unclear,unclear,no,impulsivity (general),unknown,,"The sentence does not support the feature and relationship of the claim. It only mentions impulsivity as a vulnerability factor, but does not specify the feature or relationship to other constructs.",
67,27095357,Sex differences in impulsivity and brain morphometry in methamphetamine users.,2017,Brain structure & function,Barratt Impulsiveness Scale fMRI,unknown,unknown,impulsivity (general),unknown,associated_with,higher,unclear,unclear,0.8,"METH users had higher impulsivity scores, on both the Cognitive and Behavioral Factors from the BIS (p < 0.0001-0.0001).",yes,,yes,yes,yes,,,,,,,,,,llama-3.1-8b-instruct,2,keep,yes,yes,yes,yes,yes,no,impulsivity (general),behavioral,higher,"The sentence clearly supports the extracted claim by stating that METH users have higher impulsivity scores, which matches the phenotype and direction. The feature type is also supported as it is related to behavioral factors.",
68,37909379,Changes in aspartate metabolism in the medial-prefrontal cortex of nicotine addicts based on J-edited magnetic resonance spectroscopy.,2023,Human brain mapping,Barratt Impulsiveness Scale fMRI,unknown,unknown,impulsivity (general),nicotine addiction,associated_with,unclear,,unclear,0.6,"The elevated Asp level was observed in mPFC of NAs in contrast to nonsmokers, and the Asp level was positively correlated with the amount of daily smoking.",yes,,yes,yes,no,,,,,,,,,,llama-3.1-8b-instruct,1,revise,yes,no,yes,no,no,no,impulsivity (general),metabolic (aspartate level),positive,"The sentence supports the phenotype, but the feature type is not clearly stated. The relationship is supported, but the direction is not. The directness is not supported because the sentence does not name both phenotype and feature. The corrected phenotype and feature type are based on the extracted claim.",
69,27743376,Cortical folding patterns are associated with impulsivity in healthy young adults.,2017,Brain imaging and behavior,Barratt Impulsiveness Scale fMRI,unknown,structural connectivity,impulsivity (general),unknown,associated_with,higher,,direct,0.8,"BIS subscores were positively correlated with cortical folding in several distinct areas: Total and attention scores were positively correlated with LGI in the left postcentral gyrus, cingulate gyrus, precentral gyrus, pars opercularis of the inferior frontal gyrus, right middle temporal gyrus, superior parietal gyrus, pericalcarine gyrus, and lateral occipital gyrus.",yes,,yes,yes,no,,,,,,,,,,llama-3.1-8b-instruct,2,keep,yes,yes,yes,yes,yes,no,impulsivity (general),structural connectivity,higher,"The sentence clearly supports the extracted claim by stating a positive correlation between BIS subscores (phenotype) and cortical folding in several brain areas (feature), which is a direct association (directness) in the direction of higher impulsivity (direction).",
70,33951944,Distinct clinical manifestations of obsessive-compulsive disorder are associated with cortical thickness alteration.,2022,The Australian and New Zealand journal of psychiatry,Barratt Impulsiveness Scale fMRI,unknown,structural connectivity,impulsivity (general),obsessive-compulsive disorder,associated_with,unclear,,unclear,0.7,"OCD patients with more obsessive beliefs and attentional impulsivity (OCD_OB_AT) had reduced cortical thickness at the inferior parietal gyrus, the superior and middle temporal gyrus and the insula compared with OCD patients with higher score on the non-planning impulsivity (OCD_NP)",yes,,yes,yes,no,,,,,,,,,,llama-3.1-8b-instruct,2,keep,yes,yes,yes,yes,yes,no,impulsivity (specific: attentional impulsivity),structural connectivity (specific: cortical thickness alteration),decreased,"The sentence clearly supports the extracted claim by stating a specific association between impulsivity (attentional impulsivity) and cortical thickness alteration in OCD patients. The direction of the association is also clear, as OCD patients with more obsessive beliefs and attentional impulsivity had reduced cortical thickness compared to those with higher non-planning impulsivity.",
71,35852565,Neural correlates of risky decision making in Parkinson's disease patients with impulse control disorders.,2022,Experimental brain research,Barratt Impulsiveness Scale fMRI,unknown,functional connectivity,impulsivity (general),Parkinson's disease with impulse control disorders,associated_with,unclear,neural processing of risk-related information and outcomes,unclear,0.7,"Patients with ICDs showed greater urn choice-specific activation in the right middle frontal gyrus, overlapping the dorsal premotor cortex.",yes,,yes,yes,yes,,,,,,,,,,llama-3.1-8b-instruct,2,keep,yes,yes,yes,yes,yes,no,impulsivity (general),functional connectivity,increased,"The sentence directly supports the association between impulsivity and functional connectivity in the right middle frontal gyrus, which is a brain region involved in decision-making. The direction of the association is implied to be increased, as the patients with ICDs showed greater activation.",
72,32645662,Differential brain responses for perception of pain during empathic response in binge drinkers compared to non-binge drinkers.,2020,NeuroImage. Clinical,Barratt Impulsiveness Scale fMRI,unknown,functional connectivity,impulsivity (general),Alcohol Use Disorders (AUD),associated_with,unclear,,unclear,0.6,Individuals who engage in binge drinking behaviors may show evidence of impaired cognitive function and emotional dysregulation.,yes,,yes,yes,yes,,,,,,,,,,llama-3.1-8b-instruct,0,drop,no,no,no,unclear,unclear,unclear,,,,"The sentence does not mention impulsivity, functional connectivity, or any relationship between them.",
73,18479820,An event-related fMRI study on risk taking by healthy individuals of high or low impulsiveness.,2008,Neuroscience letters,Barratt Impulsiveness Scale fMRI,unknown,functional connectivity,impulsivity (general),unknown,associated_with,higher,,direct,0.8,We demonstrated that a stronger activation in the insula-orbitofrontal-parietal regions was found in the high impulsiveness group compared to the low impulsiveness group.,yes,,yes,yes,yes,,,,,,,,,,llama-3.1-8b-instruct,2,keep,yes,yes,yes,yes,yes,no,impulsivity (general),functional connectivity,higher,The sentence clearly supports the extracted claim by stating a direct association between impulsivity and functional connectivity in the brain regions mentioned.,
74,21783257,Is cerebellar volume related to bipolar disorder?,2011,Journal of affective disorders,Barratt Impulsiveness Scale fMRI,unknown,unknown,impulsivity (general),bipolar disorder,associated_with,unclear,,background,0.5,The findings of cerebellar abnormalities in bipolar disorder (BD) are especially intriguing given the link between the cerebellum emotional and behavioral regulation.,yes,,yes,yes,yes,,,,,,,,,,llama-3.1-8b-instruct,1,revise,yes,no,yes,no,no,no,impulsivity (general),regulation of emotion/behavior,,"The sentence partially supports the claim by mentioning a phenotype (impulsivity) but does not specify a feature type. The relationship is supported as 'associated_with', but the direction is unclear and directness is background.",
75,39796107,The Relationship Between Impulsivity Traits and In Vivo Cerebral Serotonin Transporter and Serotonin 2A Receptor Binding in Healthy Individuals: A Double-Tracer PET Study with C-11 DASB and C-11 MDL100907.,2024,International journal of molecular sciences,Barratt Impulsiveness Scale fMRI,unknown,unknown,nonplanning impulsivity,unknown,associated_with,higher,serotonergic neurotransmission,direct,0.8,"The region of interest (ROI)-based partial correlation analysis with age, sex, and temperament traits as covariates revealed a significant positive correlation between non-planning impulsiveness and [11C]MDL100907 BPND in the caudate (CAU) at Bonferroni-corrected p < 0.0045.",yes,,yes,yes,yes,,,,,,,,,,llama-3.1-8b-instruct,2,keep,yes,yes,yes,yes,yes,no,nonplanning impulsivity,receptor binding,higher,"The sentence clearly supports the extracted claim, mentioning nonplanning impulsivity as the phenotype, receptor binding as the feature type, and a higher association. The relationship is direct and the direction is clearly stated.",
76,26189512,Abnormalities of cortical structures in adolescent-onset conduct disorder.,2015,Psychological medicine,Barratt Impulsiveness Scale fMRI,unknown,unknown,impulsivity (general),conduct disorder,associated_with,unclear,,unclear,0.7,"Cortical thickness of the paralimbic structures was found to be negatively correlated with impulsivity and antisocial behaviors measured by the BIS and APSD, respectively.",yes,,yes,yes,no,,,,,,,,,,llama-3.1-8b-instruct,2,keep,yes,yes,yes,yes,yes,no,impulsivity (general),behavior,negative,The sentence clearly supports the claim by stating a negative correlation between cortical thickness and impulsivity/antisocial behaviors.,
77,30105203,Increased efficiency of brain connectivity networks in veterans with suicide attempts.,2018,NeuroImage. Clinical,Barratt Impulsiveness Scale fMRI,unknown,structural connectivity,impulsivity (general),veterans with suicide attempts,associated_with,unclear,,unclear,0.7,Veterans with prior suicide attempt had altered connectivity networks characteristics in the white matter.,yes,,yes,yes,yes,,,,,,,,,,llama-3.1-8b-instruct,1,revise,yes,yes,yes,no,no,no,impulsivity (general),structural connectivity,increased,"The sentence does not specify the direction of the association, but based on the claim, it is likely that the connectivity networks are increased. The sentence also does not specify the directness of the relationship, but it is clear that it is a phenotype-feature association.",
78,35434889,Distinct neural signatures of schizotypy and psychopathy during visual word-nonword recognition.,2022,Human brain mapping,Barratt Impulsiveness Scale fMRI,unknown,functional connectivity,impulsivity (general),unknown,associated_with,lower,unclear,unclear,0.7,"Higher Motor Impulsivity was associated with lower activity in the fusiform (bilaterally), inferior frontal (right-sided), and temporal gyri (bilaterally) across all stimuli-types over resting baseline.",yes,,yes,yes,yes,,,,,,,,,,llama-3.1-8b-instruct,2,keep,yes,yes,yes,yes,yes,no,impulsivity (general),functional connectivity,lower,"The sentence clearly supports the extracted claim, mentioning a specific brain region (fusiform, inferior frontal, and temporal gyri) associated with impulsivity, which is a general aspect of the phenotype. The relationship is clearly stated as 'associated with', and the direction is 'lower activity', which matches the extracted direction. The directness is not explicitly stated, but it can be inferred that the sentence is referring to a direct relationship between brain activity and impulsivity.",
79,26079873,Barratt Impulsivity and Neural Regulation of Physiological Arousal.,2015,PloS one,Barratt Impulsiveness Scale fMRI,unknown,functional connectivity,BIS total,unknown,associated_with,unclear,Granger causality,direct,0.8,Activity of the ventromedial prefrontal cortex (vmPFC) negatively correlated to and Granger caused skin conductance time course.,yes,,yes,yes,yes,,,,,,,,,,llama-3.1-8b-instruct,2,keep,yes,yes,yes,yes,yes,no,BIS total,physiological arousal,negatively,"The sentence directly mentions the vmPFC, which is associated with the phenotype BIS total, and its activity negatively correlated to and Granger caused skin conductance time course, which is a feature of physiological arousal. The direction of the relationship is also clearly stated as negative.",
80,35131529,Examination of gamma-aminobutyric acid and glutamate-glutamine levels in association with impulsive behavior in adolescent marijuana users.,2022,Drug and alcohol dependence,Barratt Impulsiveness Scale fMRI,unknown,unknown,impulsivity (general),adolescent marijuana users,associated_with,unclear,unknown,unclear,0.3,"Impulsivity, identified as a risk factor and consequence of MJ use, has been associated with GABA and Glx levels in healthy and clinical populations.",yes,,yes,yes,yes,,,,,,,,,,llama-3.1-8b-instruct,1,revise,yes,no,yes,no,no,no,impulsivity (general),neurotransmitter levels (GABA and Glx),unclear,"The sentence partially supports the claim, but the feature type is not specified. The corrected feature type is 'neurotransmitter levels (GABA and Glx)'",
81,25269835,Caudate asymmetry is related to attentional impulsivity and an objective measure of ADHD-like attentional problems in healthy adults.,2016,Brain structure & function,Barratt Impulsiveness Scale fMRI,unknown,structural connectivity,attentional impulsivity,unknown,associated_with,higher,unclear,unclear,0.7,Larger right relative to left caudate volumes correlated with both higher attentional impulsiveness and worse ADHD scores on the TOVA.,yes,,yes,yes,no,,,,,,,,,,llama-3.1-8b-instruct,2,keep,yes,yes,yes,yes,yes,no,attentional impulsivity,structural connectivity,higher,"The sentence clearly supports the extracted claim, mentioning a specific phenotype (attentional impulsivity), a feature type (structural connectivity), a relationship (associated with), a direction (higher), and a directness (unclear) that matches the extracted claim.",
82,19560123,Ventral striatal activation during reward anticipation correlates with impulsivity in alcoholics.,2009,Biological psychiatry,Barratt Impulsiveness Scale fMRI,unknown,functional connectivity,impulsivity (general),alcoholics,correlates_with,unclear,,unclear,0.7,Detoxified alcoholics showed reduced activation of the ventral striatum during anticipation of monetary gain relative to healthy control subjects.,yes,,yes,yes,yes,,,,,,,,,,llama-3.1-8b-instruct,2,keep,yes,yes,yes,yes,yes,no,impulsivity (general),functional connectivity,decreases,"The sentence clearly supports the claim by stating a correlation between reduced activation of the ventral striatum and impulsivity in alcoholics. The direction of the relationship is clear, as the activation is reduced. The directness of the relationship is also clear, as it is stated that the activation is during anticipation of monetary gain, which is a specific context. The phenotype and feature type are also supported, as impulsivity is a general phenotype and functional connectivity is a feature type. The brain system is not explicitly mentioned, but it can be inferred to be the ventral striatum. The diagnostic context is also supported, as it is stated that the subjects are detoxified alcoholics.",
83,14572528,Response inhibition and impulsivity: an fMRI study.,2003,Neuropsychologia,Barratt Impulsiveness Scale fMRI,unknown,functional connectivity,impulsivity (general),unknown,associated_with,unclear,,unclear,0.7,"Aggressive, suicidal and violent behaviour have been associated with impulsive personality and difficulty in inhibiting responses.",yes,,yes,yes,yes,,,,,,,,,,llama-3.1-8b-instruct,1,revise,yes,no,yes,no,no,no,impulsivity (general),behavioural traits,positive,"The sentence partially supports the claim, but the feature type is not clearly stated as 'functional connectivity'. The direction is also unclear, but the phenotype is supported. The relationship is supported as 'associated_with'.",
84,33872964,Diffusion tensor imaging of corpus callosum in adolescent females with borderline personality disorder.,2021,Journal of psychiatric research,Barratt Impulsiveness Scale fMRI,unknown,structural connectivity,impulsivity (general),Borderline Personality Disorder,associated_with,unclear,,unclear,0.7,BPD patients had significantly lower fractional anisotropy (FA) values in the genu and lower mean diffusivity (MD) values in the body of CC. There was a negative correlation between FA values in the genu and body of CC and impulsivity.,yes,,yes,yes,yes,,,,,,,,,,llama-3.1-8b-instruct,2,keep,yes,yes,yes,yes,yes,no,impulsivity (general),structural connectivity,negative,"The sentence clearly supports the association between impulsivity and structural connectivity in the corpus callosum, with a negative correlation between FA values and impulsivity.",
85,31688973,Volumetric Prefrontal Cortex Alterations in Patients With Alcohol Dependence and the Involvement of Self-Control.,2019,"Alcoholism, clinical and experimental research",Barratt Impulsiveness Scale fMRI,unknown,structural connectivity,impulsivity (general),alcohol dependence,associated_with,unclear,,unclear,0.7,"Compared to HC, ALC had significantly less GM volume in bilateral middle frontal gyrus (MFG) and right medial prefrontal cortex as well as in the right anterior cingulate.",yes,,yes,yes,yes,,,,,,,,,,llama-3.1-8b-instruct,2,keep,yes,yes,yes,yes,yes,no,impulsivity (general),structural connectivity,decreased,"The sentence clearly supports the claim by stating a significant difference in GM volume between ALC and HC in specific brain regions, which is associated with impulsivity. The direction of the association is implied to be decreased, as the ALC group has less GM volume. The directness of the association is also implied, as the sentence names both the phenotype (impulsivity) and the feature (GM volume in specific brain regions).",
86,30549328,Impulsivity trait and proactive cognitive control: An fMRI study.,2019,The European journal of neuroscience,Barratt Impulsiveness Scale fMRI,unknown,functional connectivity,motor impulsivity,unknown,associated_with,unclear,disinhibition of the motor system,direct,0.8,We found a positive significant correlation between motor impulsivity scores and the activation of left sensorimotor cortices.,yes,,yes,yes,yes,,,,,,,,,,llama-3.1-8b-instruct,2,keep,yes,yes,yes,yes,yes,no,motor impulsivity,functional connectivity,positive,"The sentence directly states a positive correlation between motor impulsivity scores and the activation of left sensorimotor cortices, which matches the extracted claim.",
87,23274773,Morphometric correlation of impulsivity in medial prefrontal cortex.,2013,Brain topography,Barratt Impulsiveness Scale fMRI,unknown,structural connectivity,impulsivity (general),unknown,correlates_with,unclear,,unclear,0.7,The VBM analysis showed that impulsivity appears to be reliant on a network of cortical (medial prefrontal cortex and dorsolateral prefrontal cortex) and subcortical (ventral striatum) structures.,yes,,yes,yes,no,,,,,,,,,,llama-3.1-8b-instruct,1,revise,yes,yes,yes,no,no,no,impulsivity (general),structural connectivity,positive,"The sentence partially supports the claim, but the direction and directness are unclear. The corrected phenotype, feature type, and direction are provided.",
88,34461353,Impulsivity is related to overhasty risk learning in attention-deficit/hyperactivity disorder: A computational psychiatric approach.,2021,Journal of psychiatric research,Barratt Impulsiveness Scale fMRI,unknown,functional connectivity,impulsivity (general),attention-deficit/hyperactivity disorder,associated_with,unclear,overhasty updating of beliefs during risk learning,direct,0.8,The degree of overhasty learning in ADHD patients was significantly correlated with the BIS score.,yes,,yes,yes,no,,,,,,,,,,llama-3.1-8b-instruct,1,revise,yes,no,yes,no,yes,no,impulsivity (general),behavioral,,The sentence does not directly support the feature type 'functional connectivity' but rather 'behavioral' as it mentions a correlation with a behavioral score (BIS).,
89,26460483,Lateral prefrontal model-based signatures are reduced in healthy individuals with high trait impulsivity.,2015,Translational psychiatry,Barratt Impulsiveness Scale fMRI,unknown,functional connectivity,impulsivity (general),unknown,associated_with,lower,shifted toward habitual end,direct,0.8,Right lateral prefrontal model-based signatures were reduced in high-impulsive individuals.,yes,,yes,yes,yes,,,,,,,,,,llama-3.1-8b-instruct,2,keep,yes,yes,yes,yes,yes,no,impulsivity (general),functional connectivity,lower,"The sentence directly states that high-impulsive individuals have reduced lateral prefrontal model-based signatures, which matches the extracted claim.",
90,26393430,Subtypes of trait impulsivity differentially correlate with neural responses to food choices.,2016,Behavioural brain research,Barratt Impulsiveness Scale fMRI,unknown,functional connectivity,impulsivity (general),unknown,correlates_with,unclear,modulates,unclear,0.7,"Impulsivity subtypes were measured by the monetary delay discounting task and the Barratt Impulsiveness Scale (total BIS-11 and subscales). Only temporal subtypes of impulsivity, namely delay discounting and the BIS-11 non-planning subscale, modulated responses to food choice; both measures correlated positively with striatum activation during high versus low energy choices.",yes,,yes,yes,yes,,,,,,,,,,llama-3.1-8b-instruct,1,revise,yes,yes,yes,no,no,no,impulsivity (general),functional connectivity,positive,"The sentence partially supports the claim, but the direction and directness need to be corrected. The corrected phenotype is 'impulsivity (general)' as it is a general term for the phenotype. The corrected feature type is 'functional connectivity' as it is the type of feature being measured. The corrected direction is 'positive' as the sentence states that the measures 'correlated positively' with striatum activation.",
91,27766203,A negative relationship between ventral striatal loss anticipation response and impulsivity in borderline personality disorder.,2016,NeuroImage. Clinical,Barratt Impulsiveness Scale fMRI,unknown,functional connectivity,impulsivity (general),borderline personality disorder,associated_with,lower,impaired prediction of aversive outcomes,direct,0.8,BPD patients exhibited a significantly negative correlation between ventral striatal loss anticipation responses and BIS-11 scores,yes,,yes,yes,no,,,,,,,,,,llama-3.1-8b-instruct,2,keep,yes,yes,yes,yes,yes,no,impulsivity (general),functional connectivity,lower,"The sentence clearly supports the extracted claim, mentioning a negative correlation between ventral striatal loss anticipation responses and impulsivity (measured by BIS-11 scores), which is consistent with the claim's relationship and direction.",
92,24909828,Attentional impulsivity in binge eating disorder modulates response inhibition performance and frontal brain networks.,2015,International journal of obesity (2005),Barratt Impulsiveness Scale fMRI,unknown,functional connectivity,attentional impulsivity,binge eating disorder,modulates,unclear,attenuation,unclear,0.7,"Increased attentional impulsiveness (a subscale of the BIS-11) in BED was related to decreased response inhibition performance and hypoactivity in the prefrontal control network, which was activated when response inhibition was required.",yes,,yes,yes,no,,,,,,,,,,llama-3.1-8b-instruct,2,keep,yes,yes,yes,yes,yes,no,attentional impulsiveness,response inhibition performance,decreased,"The sentence clearly supports the phenotype, feature, relationship, and direction when stated. The phenotype 'attentional impulsiveness' is directly mentioned, and the feature 'response inhibition performance' is also directly mentioned. The relationship 'modulates' is supported by the phrase 'related to'. The direction 'decreased' is supported by the phrase 'hypoactivity' and 'decreased response inhibition performance'. The directness is supported by the fact that both phenotype and feature are named. The brain system 'prefrontal control network' is also mentioned, which matches the extracted claim. The mechanism 'attenuation' is supported by the phrase 'hypoactivity'.",
93,30991086,A search for cortical correlates of trait impulsivity in Parkinson´s disease.,2019,Behavioural brain research,Barratt Impulsiveness Scale fMRI,unknown,structural connectivity,impulsivity (general),Parkinson's disease,associated_with,unclear,,unclear,0.7,"PD patients showed widespread cortical thickness loss in frontal, cingulate, temporo-parietal and occipital regions.",yes,,yes,yes,no,,,,,,,,,,llama-3.1-8b-instruct,2,keep,yes,yes,yes,yes,yes,no,impulsivity (general),structural connectivity,unclear,"The sentence directly supports the association between impulsivity and structural connectivity in Parkinson's disease, mentioning a specific brain region (cortical thickness loss) which is related to the phenotype. The direction is unclear, but the sentence does not overclaim a group difference without a phenotype-feature association.",
94,38078981,Cortical thickness of the inferior parietal lobule as a potential predictor of relapse in men with alcohol dependence.,2024,Brain imaging and behavior,Barratt Impulsiveness Scale fMRI,unknown,structural connectivity,nonplanning impulsivity,alcohol dependence,predicts,lower,unclear,direct,0.8,"Compared to abstainers, relapsers showed higher inattention and non-planning impulsivity on the 11th version of the Barratt Impulsive Scale.",yes,,yes,yes,yes,,,,,,,,,,llama-3.1-8b-instruct,0,drop,no,no,no,no,no,no,,,,"The sentence does not support the claim because it does not mention cortical thickness, which is the feature type mentioned in the claim, and it does not mention the inferior parietal lobule, which is the brain system mentioned in the claim. Additionally, the sentence does not mention a relationship between cortical thickness and nonplanning impulsivity, but rather a group difference in impulsivity between relapsers and abstainers.",
95,36945425,Cortical thickness of the inferior parietal lobule as a potential predictor of relapse in men with alcohol dependence.,2023,Research square,Barratt Impulsiveness Scale fMRI,unknown,structural connectivity,nonplanning impulsivity,alcohol dependence,predicts,lower,unclear,direct,0.8,The cortical thicknesses of the inferior-parietal lobule were significantly greater in abstainers compared with those in relapsers.,yes,,yes,yes,yes,,,,,,,,,,llama-3.1-8b-instruct,0,drop,no,no,no,no,no,no,,,,"The sentence does not support the claim because it mentions a group difference (abstainers vs. relapsers) but does not associate it with a phenotype-feature relationship. The phenotype mentioned in the claim is 'nonplanning impulsivity', which is not present in the sentence. The feature type mentioned in the claim is 'structural connectivity', which is also not present in the sentence. The relationship mentioned in the claim is 'predicts', which is the opposite of the relationship in the sentence. The direction mentioned in the claim is 'lower', which is the opposite of the direction in the sentence. The directness mentioned in the claim is 'direct', which is not supported because the sentence does not name both phenotype and feature.",
96,27862593,Serotonergic modulation of orbitofrontal activity and its relevance for decision making and impulsivity.,2017,Human brain mapping,Barratt Impulsiveness Scale fMRI,unknown,EEG connectivity,impulsivity (general),unknown,associated_with,higher,unknown,unclear,0.7,Orbitofrontal activity was also related to the Barratt Impulsivity Scale.,yes,,yes,yes,yes,,,,,,,,,,llama-3.1-8b-instruct,1,revise,yes,yes,yes,no,no,no,impulsivity (general),self-report,,"The sentence supports the phenotype and relationship, but the direction is not specified. The feature type is not specified, but it can be inferred as self-report based on the Barratt Impulsivity Scale. The directness is unclear, and the brain system and diagnostic context are unknown.",
97,32571005,"Cortical Volumetric Correlates of Childhood Trauma, Anxiety, and Impulsivity in Bipolar Disorder.",2020,Psychiatry investigation,Barratt Impulsiveness Scale fMRI,unknown,structural connectivity,impulsivity (general),bipolar disorder,correlates_with,unclear,,background,0.6,BD patients revealed significant inverse correlations between the GMV in the right precentral gyrus and BIS scores; between the GMV in the left middle frontal gyrus and CTQ scores.,yes,,yes,yes,no,,,,,,,,,,llama-3.1-8b-instruct,2,keep,yes,yes,yes,yes,yes,no,impulsivity (general),structural connectivity,inverse,"The sentence clearly supports the extracted claim by stating a correlation between GMV in specific brain regions and impulsivity (BIS scores) and childhood trauma (CTQ scores). The direction of the correlation is inverse, which matches the corrected direction. The directness is also supported as the sentence names both phenotype (impulsivity) and feature (GMV in specific brain regions).",
98,26245713,"Association of COMT and SLC6A3 polymorphisms with impulsivity, response inhibition and brain function.",2015,Cortex; a journal devoted to the study of the nervous system and behavior,Barratt Impulsiveness Scale fMRI,unknown,unknown,impulsivity (general),unknown,associated_with,unclear,involvement of striatal dopamine,background,0.6,"Our study thus supports the involvement of striatal dopamine in the neural mechanisms of cognitive control, in particular response inhibition.",yes,,yes,yes,yes,,,,,,,,,,llama-3.1-8b-instruct,2,keep,yes,yes,yes,yes,yes,no,impulsivity (general),response inhibition,unclear,"The sentence directly supports the involvement of striatal dopamine in the neural mechanisms of cognitive control, which is related to the claim's mechanism. The phenotype 'impulsivity (general)' and feature 'response inhibition' are also supported. The direction is unclear, but the claim's direction is also 'unclear', so it is supported.",
99,16890410,Impulsivity and BOLD fMRI activation in MDMA users and healthy control subjects.,2006,Psychiatry research,Barratt Impulsiveness Scale fMRI,unknown,unknown,impulsivity (general),unknown,associated_with,unclear,,unclear,0.7,The correlation between scores on the Barratt Impulsiveness Scale (BIS) and activation measured by functional magnetic resonance imaging in a dorsolateral prefrontal cortical (DLPFC) activating task was examined.,yes,,yes,yes,no,,,,,,,,,,llama-3.1-8b-instruct,1,revise,yes,no,yes,no,no,no,impulsivity (general),unknown,,"The sentence partially supports the claim of impulsivity being associated with something, but it does not specify what the feature is. The direction and directness are also unclear.",
100,31071323,Brain structure and trait impulsivity: A comparative VBM study contrasting neural correlates of traditional and alternative concepts in healthy subjects.,2019,Neuropsychologia,Barratt Impulsiveness Scale fMRI,unknown,unknown,impulsivity (general),unknown,associated_with,unclear,,unclear,0.6,"Impulsivity as a trait modulates a range of cognitive functions, e.g. planning, decision-making, or response inhibition.",yes,,yes,yes,yes,,,,,,,,,,llama-3.1-8b-instruct,1,revise,yes,no,yes,no,no,no,impulsivity (general),cognitive functions,,"The sentence partially supports the claim by mentioning a relationship between impulsivity and cognitive functions, but it does not specify the direction of the relationship or the type of cognitive functions. The corrected phenotype and feature type are provided.",
101,29876253,Pedophilic sex offenders are characterised by reduced GABA concentration in dorsal anterior cingulate cortex.,2018,NeuroImage. Clinical,Barratt Impulsiveness Scale fMRI,unknown,functional connectivity,impulsivity (general),pedophilic disorder,associated_with,lower,reduced GABA concentration,direct,0.8,Reduced GABA/Cr in patients was correlated with lower self-control measured with the Barratt Impulsiveness Scale.,yes,,yes,yes,no,,,,,,,,,,llama-3.1-8b-instruct,2,keep,yes,yes,yes,yes,yes,no,impulsivity (general),functional connectivity,lower,"The sentence clearly supports the extracted claim, mentioning a direct association between reduced GABA concentration and lower self-control, which is a measure of impulsivity.",
102,17994474,Diffusion tensor imaging in MDMA users and controls: association with decision making.,2007,The American journal of drug and alcohol abuse,Barratt Impulsiveness Scale fMRI,unknown,structural connectivity,nonplanning impulsivity,unknown,associated_with,unclear,,unclear,0.6,MDMA users also had a significantly higher BIS nonplanning score and greater preference for disadvantageous choices on the IGT.,yes,,yes,yes,yes,,,,,,,,,,llama-3.1-8b-instruct,1,revise,yes,no,yes,no,no,no,nonplanning impulsivity,behavioral,,The sentence mentions a phenotype (nonplanning impulsivity) but does not directly relate to structural connectivity. The relationship is mentioned as 'associated with' but the direction is unclear. The directness is also unclear as it does not name both phenotype and feature.,
103,29322397,Overlapping and distinct neural metabolic patterns related to impulsivity and hypomania in Parkinson's disease.,2019,Brain imaging and behavior,Barratt Impulsiveness Scale fMRI,unknown,functional connectivity,impulsivity (general),Parkinson's disease,associated_with,unclear,,unclear,0.7,We observed a positive association between BIS-11 and SRMI scores and neural metabolism only in the prefrontal areas.,yes,,yes,yes,yes,,,,,,,,,,llama-3.1-8b-instruct,1,revise,yes,yes,yes,no,no,no,impulsivity (general),functional connectivity,positive,"The sentence partially supports the claim but needs revision or is indirect. The direction is not explicitly stated in the claim, but the sentence implies a positive association. The directness is also not explicitly stated in the claim, but the sentence names both phenotype and feature.",
104,39875081,Exploratory structural neuroimaging examination of impulsivity in severe alcohol use disorder: Persistent implication of the ventral striatum.,2025,Behavioural brain research,Barratt Impulsiveness Scale fMRI,unknown,structural connectivity,impulsivity (general),severe alcohol use disorder,associated_with,higher,smaller volume,direct,0.8,In the sAUD group there were significant positive correlations between certain impulsivity measures and gray matter volume of the nucleus accumbens.,yes,,yes,yes,yes,,,,,,,,,,llama-3.1-8b-instruct,1,revise,yes,yes,yes,no,no,no,impulsivity (general),gray matter volume,positive correlation,The sentence does not directly support the claim's direction (higher) and directness (direct).,
105,30739462,"Differentiation between young adult Internet addicts, smokers, and healthy controls by the interaction between impulsivity and temporal lobe thickness.",2019,Journal of behavioral addictions,Barratt Impulsiveness Scale fMRI,unknown,functional connectivity,impulsivity (general),Internet addiction,associated_with,unclear,unclear,unclear,0.7,"Internet addiction, like substance-related addictions, has been linked with high impulsivity, low inhibitory control, and poor decision-making abilities.",yes,,yes,yes,yes,,,,,,,,,,llama-3.1-8b-instruct,1,revise,yes,no,yes,no,no,no,impulsivity (general),behavioral trait,,"The sentence partially supports the claim by mentioning impulsivity, but it does not directly relate to functional connectivity. The relationship is supported, but the direction and directness are unclear.",
106,24655656,Increased structural connectivity in corpus callosum in adolescent males with conduct disorder.,2014,Journal of the American Academy of Child and Adolescent Psychiatry,Barratt Impulsiveness Scale fMRI,unknown,structural connectivity,impulsivity (general),conduct disorder,associated_with,higher,unclear,direct,0.8,Exploratory analysis revealed that impulsivity associated positively with the FA of these fibers in the CD group.,yes,,yes,yes,yes,,,,,,,,,,llama-3.1-8b-instruct,2,keep,yes,yes,yes,yes,yes,no,impulsivity (general),structural connectivity,higher,"The sentence clearly supports the extracted claim, mentioning impulsivity as the phenotype, structural connectivity as the feature type, association as the relationship, higher as the direction, and directness is also supported as the sentence names both phenotype and feature.",
107,28423021,Trait impulsivity components correlate differently with proactive and reactive control.,2017,PloS one,Barratt Impulsiveness Scale fMRI,unknown,functional connectivity,impulsivity (general),unknown,correlates_with,unclear,,direct,0.8,Brain activity was associated with impulsivity scores.,yes,,yes,yes,no,,,,,,,,,,llama-3.1-8b-instruct,0,drop,no,no,no,no,no,no,,,,"The sentence does not mention a specific phenotype-feature association, and the relationship is not clearly stated.",
108,24582821,Differential associations between impulsivity and risk-taking and brain activations underlying working memory in adolescents.,2014,Addictive behaviors,Barratt Impulsiveness Scale fMRI,unknown,functional connectivity,impulsivity (general),unknown,associated_with,higher,,unclear,0.7,"The BIS-11A evidenced that motor impulsivity was associated with activity in regions recruited during all stages of working memory,",yes,,yes,yes,yes,,,,,,,,,,llama-3.1-8b-instruct,1,revise,yes,yes,yes,yes,no,no,motor impulsivity,functional connectivity,higher,"The sentence supports the phenotype, feature, and relationship, but the directness is unclear because it does not specify whether the association is direct or indirect. The phenotype and feature need to be corrected to match the sentence exactly.",
109,40037660,Impulse control deficits among patients with nonsuicidal self-injury: a mediation analysis based on structural imaging.,2025,Journal of psychiatry & neuroscience : JPN,Barratt Impulsiveness Scale fMRI,unknown,structural connectivity,motor impulsivity,nonsuicidal self-injury,associated_with,higher,decreased grey matter volume and increased white matter volume,direct,0.8,"Patients with NSSI exhibited decreased grey matter volume and increased white matter volume, with no significant difference in cortical thickness.",yes,,yes,yes,no,,,,,,,,,,llama-3.1-8b-instruct,2,keep,yes,yes,yes,yes,yes,no,motor impulsivity,structural connectivity,higher,"The sentence directly supports the association between motor impulsivity and structural connectivity, with a higher level of structural connectivity in patients with nonsuicidal self-injury.",
110,27199831,Altered Gray Matter Volume and White Matter Integrity in College Students with Mobile Phone Dependence.,2016,Frontiers in psychology,Barratt Impulsiveness Scale fMRI,unknown,structural connectivity,impulsivity (general),Mobile Phone Dependence,associated_with,lower,decreased gray matter volume and white matter integrity,direct,0.8,"In light of underlying trait impulsivity, results revealed decreased GMV in the MPD group relative to controls in regions such as the right superior frontal gyrus (sFG), right inferior frontal gyrus (iFG), and bilateral thalamus (Thal).",yes,,yes,yes,yes,,,,,,,,,,llama-3.1-8b-instruct,2,keep,yes,yes,yes,yes,yes,no,impulsivity (general),structural connectivity,lower,"The sentence clearly supports the extracted claim, mentioning a specific association between impulsivity and decreased gray matter volume in certain brain regions.",
111,33316716,Cingulate white matter volume and associated cognitive and behavioral impulsivity in Veterans with a history of suicide behavior.,2021,Journal of affective disorders,Barratt Impulsiveness Scale fMRI,unknown,structural connectivity,nonplanning impulsivity,Veterans with a history of suicide behavior,associated_with,unclear,,unclear,0.7,Reduction in rACC WMV in Veterans with SA was negatively correlated with nonplanning measures.,yes,,yes,yes,yes,,,,,,,,,,llama-3.1-8b-instruct,2,keep,yes,yes,yes,yes,yes,no,nonplanning impulsivity,structural connectivity,negatively correlated,"The sentence clearly supports the phenotype, feature, relationship, and direction/directness when stated.",
112,26483645,"fMRI investigation of response inhibition, emotion, impulsivity, and clinical high-risk behavior in adolescents.",2015,Frontiers in systems neuroscience,Barratt Impulsiveness Scale fMRI,unknown,unknown,impulsivity (general),unknown,associated_with,unclear,,unclear,0.7,ARBS risk scores correlated highly (0.78) with impulsivity scores from the Barratt Impulsivity scale (BIS).,yes,,yes,yes,yes,,,,,,,,,,llama-3.1-8b-instruct,2,keep,yes,yes,yes,yes,yes,no,impulsivity (general),unknown,positive,"The sentence clearly supports the association between impulsivity and ARBS risk scores, indicating a positive direction. The phenotype and relationship are directly stated, and the feature type is unknown but not overclaimed.",
113,29034964,Hemispheric asymmetry of the frontolimbic cortex in young adults with borderline personality disorder.,2017,Acta psychiatrica Scandinavica,Barratt Impulsiveness Scale fMRI,unknown,structural connectivity,attentional impulsivity,borderline personality disorder,associated_with,unclear,,unclear,0.7,Patients with BPD had reduced cortical thickness in left ACC and less surface area and gray matter volume in left AI.,yes,,yes,yes,no,,,,,,,,,,llama-3.1-8b-instruct,2,keep,yes,yes,yes,yes,yes,no,attentional impulsivity,structural connectivity,decreased,"The sentence clearly supports the association between attentional impulsivity and reduced cortical thickness, surface area, and gray matter volume in the left ACC and AI, respectively. The direction of the association is implied to be decreased, as the sentence mentions 'reduced' cortical thickness and 'less' surface area and gray matter volume.",
114,18465751,A voxel-based morphometry study of frontal gray matter correlates of impulsivity.,2009,Human brain mapping,Barratt Impulsiveness Scale fMRI,unknown,structural connectivity,impulsivity (general),unknown,associated_with,lower,,direct,0.8,GM volumes of the left and right OFC were inversely correlated with the BIS total score.,yes,,yes,yes,no,,,,,,,,,,llama-3.1-8b-instruct,2,keep,yes,yes,yes,yes,yes,no,impulsivity (general),structural connectivity,lower,"The sentence directly states that GM volumes of the left and right OFC are inversely correlated with the BIS total score, which is a measure of impulsivity. This supports the claim of impulsivity being associated with lower structural connectivity in the OFC.",
115,26711526,"Impulsivity across the psychosis spectrum: Correlates of cortical volume, suicidal history, and social and global function.",2016,Schizophrenia research,Barratt Impulsiveness Scale fMRI,unknown,unknown,impulsivity (general),psychotic disorders,correlates_with,unclear,unclear,unclear,0.7,Patients with psychotic disorders appear to exhibit greater impulsivity-related behaviors relative to healthy controls.,yes,,yes,yes,yes,,,,,,,,,,llama-3.1-8b-instruct,1,revise,yes,no,yes,no,no,no,impulsivity (general),behavior,greater,"The sentence partially supports the claim, but the feature type is not specified. The corrected feature type is 'behavior' based on the context of 'impulsivity-related behaviors'. The direction is also not clear, but it can be inferred as 'greater' based on the phrase 'greater impulsivity-related behaviors'.",
116,25142098,Dopamine D(2/3) receptor availability and human cognitive impulsivity: a high-resolution positron emission tomography imaging study with [¹¹C]raclopride.,2014,Acta neuropsychiatrica,Barratt Impulsiveness Scale fMRI,unknown,functional connectivity,nonplanning impulsivity,unknown,associated_with,higher,unknown,direct,0.8,The analysis revealed that the non-planning impulsiveness subscale scores on the BIS-11 had significant positive correlations with D(2/3) receptor availability in the pre-commissural dorsal caudate.,yes,,yes,yes,no,,,,,,,,,,llama-3.1-8b-instruct,2,keep,yes,yes,yes,yes,yes,no,nonplanning impulsivity,functional connectivity,higher,"The sentence clearly supports the extracted claim by stating a direct association between nonplanning impulsivity and D(2/3) receptor availability in the pre-commissural dorsal caudate, which is a specific brain region.",
117,28695069,Morphological connectivity correlates with trait impulsivity in healthy adults.,2017,PeerJ,Barratt Impulsiveness Scale fMRI,unknown,structural connectivity,impulsivity (general),unknown,correlates_with,unclear,,unclear,0.7,The BIS total score was found to correlate with the MCs between the ACC and two other brain regions in the right hemisphere.,yes,,yes,yes,no,,,,,,,,,,llama-3.1-8b-instruct,2,keep,yes,yes,yes,yes,yes,no,impulsivity (general),structural connectivity,positive,"The sentence clearly supports the extracted claim, mentioning a correlation between impulsivity and structural connectivity in the brain.",
118,26187551,Self-reported impulsivity is negatively correlated with amygdalar volumes in cocaine dependence.,2015,Psychiatry research,Barratt Impulsiveness Scale fMRI,unknown,structural connectivity,impulsivity (general),cocaine dependence,correlates_with,unclear,,unclear,0.7,Cocaine-dependent individuals showed significant negative correlations between amygdalar volumes and scores on the BIS-11 Attentional subscale,yes,,yes,yes,yes,,,,,,,,,,llama-3.1-8b-instruct,2,keep,yes,yes,yes,yes,yes,no,impulsivity (general),structural connectivity,negatively,The sentence clearly supports the extracted claim by stating a negative correlation between amygdalar volumes and impulsivity scores in cocaine-dependent individuals.,
119,32428790,Higher impulsivity and lower grey matter volume in the bilateral prefrontal cortex in long-term abstinent individuals with severe methamphetamine use disorder.,2020,Drug and alcohol dependence,Barratt Impulsiveness Scale fMRI,unknown,structural connectivity,impulsivity (general),severe methamphetamine use disorder,associated_with,lower,unclear,direct,0.8,We observed significantly higher BIS-11 impulsivity scores and lower GMV in the bilateral superior frontal cortex of SMUD-A individuals than in those of control subjects.,yes,,yes,yes,yes,,,,,,,,,,llama-3.1-8b-instruct,2,keep,yes,yes,yes,yes,yes,no,impulsivity (general),structural connectivity,lower,The sentence directly supports the claim by stating a significant association between impulsivity and lower grey matter volume in the bilateral superior frontal cortex.,
120,36036413,[Low doses of quetiapine (Seroquel) as an impulsivity corrector in patients with bipolar affective disorder in remission].,2022,Zhurnal nevrologii i psikhiatrii imeni S.S. Korsakova,Barratt Impulsiveness Scale fMRI,unknown,functional connectivity,impulsivity (general),bipolar affective disorder,associated_with,lower,unknown,direct,0.7,"The data of fMRI showed an increase in the connectivity of the cortex of the central and parietal tegmentum of the left hemisphere with other areas of the brain, which correlated with the changes in psychometric and test parameters.",yes,,yes,yes,yes,,,,,,,,,,llama-3.1-8b-instruct,0,drop,no,no,no,no,no,no,,functional connectivity,higher,"The sentence does not support the claim because it mentions an increase in connectivity, which is the opposite of the claim's direction. Additionally, it does not mention impulsivity or any other phenotype related to the claim.",
121,30658245,"A preliminary investigation of impulsivity, aggression and white matter in patients with bipolar disorder and a suicide attempt history.",2019,Journal of affective disorders,Barratt Impulsiveness Scale fMRI,unknown,structural connectivity,impulsivity (general),bipolar disorder,associated_with,unclear,unclear,background,0.5,White matter in the anterior limb of the internal capsule and anterior corona radiata may play a role in this phenomenology.,yes,,yes,yes,yes,,,,,,,,,,llama-3.1-8b-instruct,0,drop,no,no,no,unclear,unclear,unclear,,,,"The sentence does not mention impulsivity, which is the phenotype in the extracted claim. It also does not mention a specific feature type or relationship.",
122,40845440,"A multimethod examination of impulsivity and its association with gamma-aminobutyric acid (GABA), glutamate, and other neurometabolite levels in youth who do and do not use alcohol.",2025,Addictive behaviors,Barratt Impulsiveness Scale fMRI,unknown,unknown,impulsivity (general),unknown,associated_with,higher,,unclear,0.6,"Compared to controls, youth who use alcohol had higher impulsivity on the BIS-11 attentional, non-planning, and motor subscales.",yes,,yes,yes,yes,,,,,,,,,,llama-3.1-8b-instruct,2,keep,yes,yes,yes,yes,yes,no,impulsivity (general),behavioral performance (specific),higher,"The sentence clearly supports the extracted claim by stating a higher impulsivity in youth who use alcohol compared to controls, specifically on the BIS-11 attentional, non-planning, and motor subscales. The phenotype, feature, relationship, and direction are all clearly stated and supported by the evidence.",
123,12079725,"Frontal white matter microstructure, aggression, and impulsivity in men with schizophrenia: a preliminary study.",2002,Biological psychiatry,Barratt Impulsiveness Scale fMRI,unknown,structural connectivity,motor impulsivity,schizophrenia,associated_with,unclear,,unclear,0.7,Lower fractional anisotropy in right inferior frontal white matter was associated with higher motor impulsiveness.,yes,,yes,yes,yes,,,,,,,,,,llama-3.1-8b-instruct,2,keep,yes,yes,yes,yes,yes,no,motor impulsiveness,structural connectivity,positively associated,"The sentence clearly supports the extracted claim, mentioning a specific phenotype (motor impulsiveness), feature type (structural connectivity), and relationship (associated with). The direction is also supported as the sentence implies a positive association between lower fractional anisotropy and higher motor impulsiveness.",
124,20406530,Impulsivity and neural correlates of response inhibition in schizophrenia.,2011,Psychological medicine,Barratt Impulsiveness Scale fMRI,unknown,unknown,impulsivity (general),schizophrenia,associated_with,higher,unclear,direct,0.8,"Patients with schizophrenia were more impulsive than healthy subjects, as indicated by higher BIS-11 scores. Patients, but not healthy subjects, were found to display a positive correlation between these scores and cerebral activation associated with response inhibition.",yes,,yes,yes,yes,,,,,,,,,,llama-3.1-8b-instruct,2,keep,yes,yes,yes,yes,yes,no,impulsivity (general),response inhibition,higher,"The sentence clearly supports the extracted claim, mentioning a direct association between impulsivity and response inhibition in schizophrenia, with a higher level of impulsivity indicated by higher BIS-11 scores.",
125,21480730,Why so impulsive? White matter alterations are associated with impulsivity in chronic marijuana smokers.,2011,Experimental and clinical psychopharmacology,Barratt Impulsiveness Scale fMRI,unknown,structural connectivity,impulsivity (general),unknown,associated_with,unclear,,unclear,0.7,"MJ smokers also had significantly higher BIS total and motor subscale scores relative to NS, which were positively correlated with left frontal FA values.",yes,,yes,yes,yes,,,,,,,,,,llama-3.1-8b-instruct,2,keep,yes,yes,yes,yes,yes,no,impulsivity (general),structural connectivity,positive,The sentence clearly supports the claim by stating a positive correlation between left frontal FA values and impulsivity in MJ smokers compared to NS.,
126,19019636,Structural brain abnormalities in borderline personality disorder: a voxel-based morphometry study.,2008,Psychiatry research,Barratt Impulsiveness Scale fMRI,unknown,unknown,impulsivity (general),borderline personality disorder,associated_with,unclear,,background,0.7,"Covarying for impulsivity, as determined by the Barratt Impulsiveness Scale, rendered all previously noted voxel-level group differences non-significant.",yes,,yes,yes,no,,,,,,,,,,llama-3.1-8b-instruct,0,drop,no,no,no,no,no,no,,,,"The sentence does not support the phenotype, feature, relationship, or direction of the claim. It mentions a group difference but does not establish an association between impulsivity and any specific feature.",
127,25104290,Abnormal white matter integrity in chronic users of codeine-containing cough syrups: a tract-based spatial statistics study.,2015,AJNR. American journal of neuroradiology,Barratt Impulsiveness Scale fMRI,unknown,structural connectivity,impulsivity (general),unknown,associated_with,unclear,,unclear,0.7,"Chronic codeine-containing syrup users had significantly lower fractional anisotropy in the inferior fronto-occipital fasciculus of the bilateral temporo-occipital regions, right frontal region, and the right corona radiata WM than controls.",yes,,yes,yes,yes,,,,,,,,,,llama-3.1-8b-instruct,2,keep,yes,yes,yes,yes,yes,no,impulsivity (general),structural connectivity,decreased,"The sentence clearly supports the claim by stating a significant difference in fractional anisotropy, which is a measure of structural connectivity, between chronic codeine users and controls. The phenotype of impulsivity is associated with structural connectivity, and the direction of the association is supported as the codeine users had lower fractional anisotropy.",
128,22336565,Diminished frontostriatal activity during processing of monetary rewards and losses in pathological gambling.,2012,Biological psychiatry,Barratt Impulsiveness Scale fMRI,unknown,functional connectivity,impulsivity (general),pathological gambling,associated_with,lower,inverse relationship,direct,0.8,"The PG group exhibited significantly reduced activity in the ventromedial prefrontal cortex, insula, and ventral striatum during several phases, including the prospect and anticipation phases of both gains and losses.",yes,,yes,yes,no,,,,,,,,,,llama-3.1-8b-instruct,2,keep,yes,yes,yes,yes,yes,no,impulsivity (general),functional connectivity,lower,"The sentence clearly supports the claim by stating a specific brain region (ventromedial prefrontal cortex, insula, and ventral striatum) and its reduced activity in the PG group, which is associated with impulsivity (general) and functional connectivity.",
129,24177988,Neural substrates of inhibitory control deficits in 22q11.2 deletion syndrome.,2015,"Cerebral cortex (New York, N.Y. : 1991)",Barratt Impulsiveness Scale fMRI,unknown,functional connectivity,impulsivity (general),22q11.2 deletion syndrome,associated_with,lower,haploinsufficiency for genes involved in dopaminergic neurotransmission,direct,0.8,"Healthy controls showed significantly greater activation than 22q11DS patients within frontal cortical and basal ganglia regions during successful RI, whereas 22q11DS patients did not show increased neural activity relative to controls in any regions.",yes,,yes,yes,yes,,,,,,,,,,llama-3.1-8b-instruct,1,revise,yes,yes,yes,no,no,no,impulsivity (general),functional connectivity,lower,"The sentence does not directly support the direction of the claim, as it states that 22q11DS patients did not show increased neural activity, whereas the claim states that they have lower functional connectivity. Additionally, the sentence does not directly support the directness of the claim, as it does not name both phenotype and feature.",
130,27738995,The relationship of impulsivity and cortical thickness in depressed and non-depressed adolescents.,2017,Brain imaging and behavior,Barratt Impulsiveness Scale fMRI,unknown,structural connectivity,impulsivity (general),Major Depressive Disorder (MDD),associated_with,unclear,,unclear,0.7,We found significant moderation effects in rostral middle frontal gyrus and right paracentral lobule cortical thickness for different subscales of the Barratt Impulsiveness Scale.,yes,,yes,yes,no,,,,,,,,,,llama-3.1-8b-instruct,1,revise,yes,yes,yes,no,no,no,impulsivity (general),cortical thickness,,"The sentence partially supports the claim as it mentions a relationship between impulsivity and cortical thickness, but the direction and directness are unclear. The phenotype and feature are supported, but need to be corrected to match the evidence sentence.",
131,24656768,"Impulsivity, aggression and brain structure in high and low lethality suicide attempters with borderline personality disorder.",2014,Psychiatry research,Barratt Impulsiveness Scale fMRI,unknown,structural connectivity,impulsivity (general),borderline personality disorder,associated_with,unclear,unclear,background,0.6,Impulsivity and aggressiveness are trait dispositions associated with the vulnerability to suicidal behavior across diagnoses.,yes,,yes,yes,yes,,,,,,,,,,llama-3.1-8b-instruct,1,revise,yes,no,yes,no,yes,no,impulsivity (general),behavioral,,"The sentence partially supports the claim of impulsivity being associated with suicidal behavior, but it does not specify a feature type related to structural connectivity. The direction of the association is also unclear.",
132,26772668,"High trait aggression in men is associated with low 5-HT levels, as indexed by 5-HT4 receptor binding.",2016,Social cognitive and affective neuroscience,Barratt Impulsiveness Scale fMRI,unknown,functional connectivity,impulsivity (general),unknown,associated_with,lower,dysfunction,unclear,0.7,"Impulsive aggression has commonly been associated with a dysfunction of the serotonin (5-HT) system: many, but not all, studies point to an inverse relationship between 5-HT and aggression.",yes,,yes,yes,yes,,,,,,,,,,llama-3.1-8b-instruct,1,revise,yes,no,yes,no,no,no,impulsivity (general),serotonin (5-HT) system dysfunction,inverse,"The sentence partially supports the claim, but the feature type is not specified as 'functional connectivity' and the direction is not exactly captured as 'lower'.",
133,31718806,Confirmatory factor analysis of the Barratt Impulsiveness Scale-short form (BIS-15) in patients with mental disorders.,2020,Psychiatry research,Barratt Impulsiveness Scale neuroimaging,unknown,unknown,impulsivity (general),patients with mental disorders,unknown,unclear,,unclear,0.5,Impulsivity is a major component of various mental disorders.,yes,,yes,yes,yes,,,,,,,,,,llama-3.1-8b-instruct,1,revise,yes,no,no,no,no,no,impulsivity (general),unknown,unknown,"The sentence supports the phenotype 'impulsivity (general)' but does not provide enough information to support the feature, relationship, direction, or directness. The corrected phenotype is already provided in the claim, but the feature type and direction are unknown and need to be revised.",
134,32535505,"The abbreviated version of the Barratt Impulsiveness Scale (ABIS): Psychometric analysis, reliable change indexes in clinical practice and normative data.",2020,Psychiatry research,Barratt Impulsiveness Scale neuroimaging,unknown,unknown,impulsivity (general),unknown,associated_with,unclear,,background,0.7,Impulsivity is highly associated with psychopathology and dysfunctional behavior.,yes,,yes,yes,yes,,,,,,,,,,llama-3.1-8b-instruct,1,revise,yes,no,yes,no,no,no,impulsivity (general),psychopathology and dysfunctional behavior,positive,"The sentence partially supports the claim of impulsivity being associated with psychopathology and dysfunctional behavior, but the direction is unclear and the feature type is not specified. The corrected phenotype and feature type are provided, and the direction is assumed to be positive based on the word 'highly associated'.",
135,17365120,Normative data and a short form of the Barratt Impulsiveness Scale.,2007,The International journal of neuroscience,Barratt Impulsiveness Scale neuroimaging,unknown,unknown,impulsivity (general),unknown,correlates_with,unclear,"prefrontal structure and function, central serotonergic function",unclear,0.7,"Neuroimaging studies show that BIS scores relate to prefrontal structure and function, as well as central serotonergic function.",yes,,yes,yes,yes,,,,,,,,,,llama-3.1-8b-instruct,1,revise,yes,no,yes,no,no,no,impulsivity (general),unknown,unclear,"The sentence partially supports the claim, but the feature type and direction are unclear. The relationship is supported, but the directness is not explicitly stated.",
136,30832195,"Thai adaptation and reliability of three versions of the Barratt Impulsiveness Scale (BIS 11, BIS-15, and BIS-Brief).",2019,Psychiatry research,Barratt Impulsiveness Scale neuroimaging,unknown,unknown,impulsivity (general),unknown,unknown,unclear,,unclear,0.5,All three instruments were highly correlated (r = 0.83-0.89).,yes,,yes,yes,yes,,,,,,,,,,llama-3.1-8b-instruct,0,drop,no,no,no,unclear,unclear,unclear,,,,"The sentence does not mention impulsivity or any other phenotype, and does not describe a relationship between impulsivity and any feature.",
137,30504061,Relationship between quality of life in young adults and impulsivity/compulsivity✰.,2019,Psychiatry research,Barratt Impulsiveness Scale neuroimaging,unknown,unknown,impulsivity (general),"presence of impulse control disorders, mood/anxiety disorders, post-traumatic stress disorder, and substance use disorder",correlates_with,unclear,,unclear,0.8,Worse quality of life was also significantly explained by higher impulsiveness on the Barratt scale,yes,,yes,yes,yes,,,,,,,,,,llama-3.1-8b-instruct,2,keep,yes,yes,yes,yes,yes,no,impulsivity (general),unknown,positive,The sentence clearly supports the claim that impulsivity (general) correlates with a positive direction (worse quality of life is explained by higher impulsiveness).,
138,40706276,"Low-grade inflammation, cognitive dysfunction, impulsivity, and appetite hormone dysregulation in adolescents with attention deficit hyperactivity disorder.",2025,Psychiatry research,Barratt Impulsiveness Scale neuroimaging,unknown,unknown,impulsivity (general),attention deficit hyperactivity disorder,associated_with,higher,unclear,unclear,1.0,Adolescents with ADHD and low-grade inflammation had the highest self-reported overall impulsiveness (BIS total scores),yes,,yes,yes,no,,,,,,,,,,llama-3.1-8b-instruct,2,keep,yes,yes,yes,yes,yes,no,impulsivity (general),behavioral,higher,"The sentence clearly supports the extracted claim, mentioning impulsivity as a phenotype and a higher level of impulsiveness in adolescents with ADHD and low-grade inflammation.",
139,37969475,Evaluation of Optical Coherence Tomography Findings in Antisocial Personality Disorder Patients.,2023,Alpha psychiatry,Barratt Impulsiveness Scale neuroimaging,unknown,unknown,impulsivity (general),Antisocial Personality Disorder,associated_with,unclear,,background,0.8,The Barratt Impulsivity Scale-total scores of the patients were significantly higher when compared to the controls.,yes,,yes,yes,no,,,,,,,,,,llama-3.1-8b-instruct,2,keep,yes,yes,yes,yes,yes,no,impulsivity (general),behavioral,increased,"The sentence clearly supports the claim by stating a significant difference in Barratt Impulsivity Scale-total scores between patients and controls, which is a measure of impulsivity.",
140,26277035,BDNF concentration and impulsiveness level in post-traumatic stress disorder.,2015,Psychiatry research,Barratt Impulsiveness Scale neuroimaging,unknown,unknown,impulsivity (general),post-traumatic stress disorder,associated_with,higher,unclear,unclear,0.6,"The higher the BDNF levels the higher the impulsiveness score, as measured by the Barratt Impulsiveness Scale (BIS-11)",yes,,yes,yes,no,,,,,,,,,,llama-3.1-8b-instruct,2,keep,yes,yes,yes,yes,yes,no,impulsivity (general),behavioral,higher,"The sentence directly states a positive association between BDNF levels and impulsiveness scores, supporting the claim.",
141,15541779,Nicotine use in schizophrenia and disinhibition.,2004,Psychiatry research,Barratt Impulsiveness Scale neuroimaging,unknown,unknown,unknown,schizophrenia,associated_with,unclear,,unclear,0.5,The differences were found exclusively with the 'disinhibition' subscale.,yes,,yes,yes,no,,,,,,,,,,llama-3.1-8b-instruct,0,drop,no,no,no,no,no,no,,,,"The sentence does not mention a phenotype or a feature, so it does not support the claim.",
142,38645237,Reward Circuit Local Field Potential Modulations Precede Risk Taking.,2024,bioRxiv : the preprint server for biology,Barratt Impulsiveness Scale neuroimaging,unknown,EEG connectivity,impulsivity (general),unknown,predicts,higher,,direct,0.8,Risky decisions were predicted by increased oscillatory power in the high-gamma frequency range during card presentation in the orbitofrontal cortex.,yes,,yes,yes,no,,,,,,,,,,llama-3.1-8b-instruct,2,keep,yes,yes,yes,yes,yes,no,impulsivity (general),EEG connectivity,higher,"The sentence directly states that risky decisions are predicted by increased oscillatory power, which is a higher level of EEG connectivity, in the orbitofrontal cortex, which is related to impulsivity.",
143,30920937,"Interpersonal Problems in Borderline Personality Disorder: Associations With Mentalizing, Emotion Regulation, and Impulsiveness.",2021,Journal of personality disorders,Barratt Impulsiveness Scale neuroimaging,unknown,unknown,attentional impulsivity,Borderline Personality Disorder,associates_with,unclear,,unclear,0.7,Attentional impulsiveness predicted interpersonal problems directly.,yes,,yes,yes,no,,,,,,,,,,llama-3.1-8b-instruct,2,keep,yes,yes,yes,yes,yes,no,attentional impulsivity,interpersonal problems,positive,"The sentence clearly supports the extracted claim, mentioning attentional impulsivity as the phenotype, interpersonal problems as the feature, an association as the relationship, a positive direction, and a direct relationship.",
144,35149322,Resting State EEG Activity Related to Impulsivity in People with Prescription Opioid Use Disorder.,2022,Psychiatry research. Neuroimaging,Barratt Impulsiveness Scale neuroimaging,unknown,EEG connectivity,impulsivity (general),prescription opioid use disorder,associated_with,higher,unclear,direct,0.8,"Patients exhibited greater scores (impaired impulse control) on BIS-11 subscales (attention, motor, self-control) and impairment of these impulsive subtypes was associated with increases in β and δ oscillations.",yes,,yes,yes,yes,,,,,,,,,,llama-3.1-8b-instruct,2,keep,yes,yes,yes,yes,yes,no,,,,,
145,27667777,Networks underlying trait impulsivity: Evidence from voxel-based lesion-symptom mapping.,2017,Human brain mapping,Barratt Impulsiveness Scale neuroimaging,unknown,unknown,impulsivity (general),unknown,associated_with,unclear,,unclear,0.8,Heightened global impulsivity was associated with damage to multiple areas in bilateral prefrontal cortex.,yes,,yes,yes,no,,,,,,,,,,llama-3.1-8b-instruct,2,keep,yes,yes,yes,yes,yes,no,impulsivity (general),unknown,increased,"The sentence clearly supports the phenotype (impulsivity), feature (unknown), relationship (associated_with), direction (increased), and directness (direct).",
146,23603064,Neural correlate of impulsivity in subjects at ultra-high risk for psychosis.,2013,Progress in neuro-psychopharmacology & biological psychiatry,Barratt Impulsiveness Scale neuroimaging,unknown,unknown,impulsivity (general),ultra-high risk for psychosis,associated_with,unclear,,unclear,0.8,"UHR subjects were more impulsive than HC subjects in terms of attention, motor, and non-planning scores.",yes,,yes,yes,no,,,,,,,,,,llama-3.1-8b-instruct,2,keep,yes,yes,yes,yes,yes,no,impulsivity (general),behavioral,increased,"The sentence clearly supports the phenotype (impulsivity), feature (behavioral, as it mentions attention, motor, and non-planning scores), relationship (associated_with), direction (increased, as UHR subjects were more impulsive), and directness (direct, as it names both phenotype and feature).",
147,33440292,Childhood Trauma increases suicidal behaviour in a treatment-resistant depression population: a FACE-DR report.,2021,Journal of psychiatric research,Barratt Impulsiveness Scale neuroimaging,unknown,unknown,impulsivity (general),Treatment-Resistant Depression,associated_with,unclear,,background,0.7,We report a strong association between suicidal behaviour and Childhood Trauma (in particular childhood physical neglect) in a TRD population.,yes,,yes,yes,no,,,,,,,,,,llama-3.1-8b-instruct,2,keep,yes,yes,yes,yes,yes,no,impulsivity (general),behaviour,increases,"The sentence clearly supports the association between impulsivity (general) and suicidal behaviour, and implies that childhood trauma increases this association.",
148,25071497,A model-based analysis of impulsivity using a slot-machine gambling paradigm.,2014,Frontiers in human neuroscience,Barratt Impulsiveness Scale neuroimaging,unknown,unknown,impulsivity (general),unknown,associated_with,unclear,impulsivity affects gambling behavior,unclear,0.8,Impulsivity plays a key role in decision-making under uncertainty. It is a significant contributor to problem and pathological gambling (PG).,yes,,yes,yes,yes,,,,,,,,,,llama-3.1-8b-instruct,2,keep,yes,yes,yes,yes,yes,no,impulsivity (general),unknown,unclear,"The sentence clearly supports the association between impulsivity and problem/pathological gambling, which is a specific type of gambling behavior. The direction of the association is unclear, but the sentence does not overclaim by mentioning a group difference without a phenotype-feature association. The directness of the association is also unclear, but the sentence names both the phenotype (impulsivity) and the feature (gambling behavior).",
149,33113453,Suicide behavior is associated with childhood emotion dysregulation but not trait impulsivity in first episode psychosis.,2020,Psychiatry research,Barratt Impulsiveness Scale neuroimaging,unknown,unknown,impulsivity (general),first episode psychosis,associated_with,unclear,,unclear,0.6,"Childhood emotion dysregulation was significantly associated with a history of SB and its severity, but not SI.",yes,,yes,yes,yes,,,,,,,,,,llama-3.1-8b-instruct,2,keep,yes,yes,yes,yes,yes,no,impulsivity (general),behavior (suicidal),positive,The sentence clearly supports the association between childhood emotion dysregulation and impulsivity (general) in the context of first episode psychosis.,
150,30071388,Sleep and circadian rhythm function and trait impulsivity: An actigraphy study.,2018,Psychiatry research,Barratt Impulsiveness Scale neuroimaging,unknown,unknown,impulsivity (general),unknown,associated_with,unclear,,unclear,0.7,"High impulsive individuals displayed phase-delayed patterns of sleep, a decreased total sleep time and sleep efficiency, and disrupted circadian function.",yes,,yes,yes,yes,,,,,,,,,,llama-3.1-8b-instruct,2,keep,yes,yes,yes,yes,yes,no,impulsivity (general),sleep patterns,positive,"The sentence clearly supports the association between impulsivity and sleep patterns, with a specific direction (phase-delayed patterns) and directness (naming both phenotype and feature).",
151,19758706,Are self-injurers impulsive?: Results from two behavioral laboratory studies.,2009,Psychiatry research,Barratt Impulsiveness Scale neuroimaging,unknown,unknown,impulsivity (general),unknown,unknown,unclear,,unclear,0.5,Self-injurers reported greater impulsiveness,yes,,yes,yes,no,,,,,,,,,,llama-3.1-8b-instruct,2,keep,yes,yes,yes,yes,yes,no,impulsivity (general),behavioral,greater,"The sentence clearly supports the extracted claim, mentioning a phenotype (impulsivity), a feature (impulsiveness), a relationship (association), a direction (greater), and a directness (direct).",
152,34274904,Dimensions of impulsivity related to psychopathic traits and homicidal behavior among incarcerated male youth offenders.,2021,Psychiatry research,Barratt Impulsiveness Scale neuroimaging,unknown,unknown,impulsivity (general),unknown,associated_with,higher,,unclear,0.8,"PCL:YV total, Factor 2, Facet 3, and Facet 4 scores were significantly positively correlated with BIS-11 total scores.",yes,,yes,yes,yes,,,,,,,,,,llama-3.1-8b-instruct,2,keep,yes,yes,yes,yes,yes,no,impulsivity (general),psychopathic traits,higher,"The sentence clearly supports the association between impulsivity and psychopathic traits, with a higher level of impulsivity related to higher levels of psychopathic traits.",
153,29649673,The relationship between impulsivity and panic disorder-agoraphobia: The role of affective temperament.,2018,Psychiatry research,Barratt Impulsiveness Scale neuroimaging,unknown,unknown,attentional impulsivity,panic disorder,associated_with,unclear,,unclear,0.6,Patients have significantly higher scores in attentional impulsiveness subscales than the healthy controls.,yes,,yes,yes,no,,,,,,,,,,llama-3.1-8b-instruct,2,keep,yes,yes,yes,yes,yes,no,attentional impulsivity,behavioral trait,increased,"The sentence clearly supports the claim by stating that patients have higher scores in attentional impulsiveness subscales than healthy controls, which implies an association between the phenotype and the feature. The direction is also supported as it indicates an increase in the phenotype. The directness is supported as it names both the phenotype and the feature.",
154,29677623,Cerebrospinal fluid FGF23 levels correlate with a measure of impulsivity.,2018,Psychiatry research,Barratt Impulsiveness Scale neuroimaging,unknown,unknown,impulsivity (general),unknown,correlates_with,unclear,,unclear,0.7,"Negative correlations were found between CSF FGF23 concentrations and BIS non-planning, BIS cognition and BIS total score (all p<0.05).",yes,,yes,yes,no,,,,,,,,,,llama-3.1-8b-instruct,2,keep,yes,yes,yes,yes,yes,no,impulsivity (general),behavioral,negative,"The sentence clearly supports the extracted claim, mentioning a correlation between CSF FGF23 concentrations and impulsivity (measured by BIS scores). The direction of the correlation is negative, and the relationship is direct.",
155,37731603,Dual-site beta tACS over rIFG and M1 enhances response inhibition: A parallel multiple control and replication study.,2023,International journal of clinical and health psychology : IJCHP,Barratt Impulsiveness Scale neuroimaging,unknown,EEG connectivity,unknown,unknown,associated_with,higher,increasing beta activity,direct,1.0,Increasing beta activity in multiple brain regions is a potential way to enhance response inhibition.,yes,,yes,yes,no,,,,,,,,,,llama-3.1-8b-instruct,1,revise,yes,yes,yes,no,no,no,response inhibition,EEG connectivity,higher,"The sentence partially supports the claim, but the phenotype and feature need to be corrected. The direction is not explicitly stated in the sentence.",
156,30384282,CSF glutamate level decreases in heavy smokers and negatively correlates with BDI scores.,2018,Psychiatry research,Barratt Impulsiveness Scale neuroimaging,unknown,covariates,impulsivity (general),unknown,correlates_with,unclear,,background,0.7,"BIS action scores, total scores and BDI scores were significantly different between the groups.",yes,,yes,yes,yes,,,,,,,,,,llama-3.1-8b-instruct,0,drop,no,no,no,no,no,no,,,,"The sentence does not mention impulsivity, glutamate, or any relationship with them, so it does not support the extracted claim.",
157,37992775,Indirect effect of impulsivity on suicide risk through self-esteem and depressive symptoms in a population with treatment-resistant depression: A FACE-DR study.,2024,Journal of affective disorders,Barratt Impulsiveness Scale neuroimaging,unknown,unknown,impulsivity (general),treatment-resistant depression,associated_with,unclear,indirect,background,0.6,Impulsivity was associated with self-esteem and depressive symptom severity.,yes,,yes,yes,no,,,,,,,,,,llama-3.1-8b-instruct,2,keep,yes,yes,yes,yes,yes,no,impulsivity (general),unknown,unclear,"The sentence clearly supports the association between impulsivity and self-esteem/depressive symptom severity, which matches the extracted claim's relationship and phenotype. The direction is unclear, but the extracted claim's direction is also unclear, so it is supported. The directness is background, which matches the extracted claim's directness. There is no overclaiming as the sentence mentions a group difference and a phenotype-feature association.",
158,39116689,Impulsivity as a predictor of clinical and psychological outcomes in a naturalistic prospective cohort of subjects at ultra-high risk (UHR) for psychosis from Tunisia.,2024,Psychiatry research,Barratt Impulsiveness Scale neuroimaging,unknown,unknown,impulsivity (general),Ultra High Risk (UHR) for psychosis,predicts,unclear,,unclear,0.7,Higher baseline BIS-11 motor impulsivity significantly predicted more severe positive psychotic symptoms at 12 months of follow-up.,yes,,yes,yes,no,,,,,,,,,,llama-3.1-8b-instruct,2,keep,yes,yes,yes,yes,yes,no,impulsivity (general),psychotic symptoms,positive,"The sentence clearly supports the extracted claim, mentioning impulsivity as a phenotype, predicting more severe psychotic symptoms as a feature, and indicating a significant prediction relationship. The direction is supported as it specifically mentions 'positive psychotic symptoms', and the directness is supported as both phenotype and feature are named.",
159,15996748,Correlates of trait impulsiveness in performance measures and neuropsychological tests.,2005,Psychiatry research,Barratt Impulsiveness Scale neuroimaging,unknown,unknown,impulsivity (general),unknown,correlates_with,unclear,,unclear,0.7,"Self-ratings correlated moderately with a number of these test scores, but many correlations became non-significant after adjustment for age and education. Correlations with the Go-No Go task remained significant.",yes,,yes,yes,no,,,,,,,,,,llama-3.1-8b-instruct,1,revise,yes,no,yes,no,no,no,impulsivity (general),performance measures and neuropsychological tests,positive,"The sentence partially supports the claim, but the feature type is too broad and the direction is unclear. The corrected feature type should be more specific, and the direction should be inferred as positive based on the word 'correlated moderately'.",
160,35170659,Relationship between optical coherence tomography findings and clinical variables in patients with opiate use disorder.,2023,Arquivos brasileiros de oftalmologia,Barratt Impulsiveness Scale neuroimaging,unknown,unknown,impulsivity (general),opiate use disorder,associated_with,unclear,,background,0.5,"Only the left eye was positively correlated with retinal nerve fiber layer superior quadrant measurement and hospitalization (r=0.380, p=0.039).",yes,,yes,yes,yes,,,,,,,,,,llama-3.1-8b-instruct,1,revise,yes,yes,yes,no,no,no,impulsivity (general),retinal nerve fiber layer superior quadrant measurement,positively correlated,"The sentence partially supports the claim, but the direction and directness need to be corrected.",
161,29337234,Electrophysiological Activity Prior to Self-initiated Movements is Related to Impulsive Personality Traits.,2018,Neuroscience,Barratt Impulsiveness Scale neuroimaging,unknown,EEG connectivity,impulsivity (general),unknown,associated_with,unclear,less effective preparatory inhibition mechanisms,unclear,0.8,"The RP showed an earlier negative rising phase and a greater amplitude, with the increasing of BIS-11 scores.",yes,,yes,yes,no,,,,,,,,,,llama-3.1-8b-instruct,1,revise,yes,yes,yes,no,no,no,impulsivity (general),EEG amplitude,,"The sentence partially supports the claim, but the feature type is not specified as EEG connectivity. The direction is also unclear.",
162,32977054,Impulsivity as a multifactorial construct and its relationship to PTSD severity and threat sensitivity.,2020,Psychiatry research,Barratt Impulsiveness Scale neuroimaging,unknown,unknown,impulsivity (general),PTSD,associated_with,higher,unclear,unclear,0.7,PTSD severity was significantly associated with greater overall impulsivity and behavioral impulsivity.,yes,,yes,yes,yes,,,,,,,,,,llama-3.1-8b-instruct,2,keep,yes,yes,yes,yes,yes,no,impulsivity (general),behavioral,higher,"The sentence clearly supports the extracted claim, mentioning both impulsivity and its association with PTSD severity, and specifying the direction as higher.",
163,23122556,Decision-making and impulsivity in eating disorder patients.,2013,Psychiatry research,Barratt Impulsiveness Scale neuroimaging,unknown,unknown,impulsivity (general),eating disorder,associated_with,unclear,,unclear,0.7,"Eating disorder patients, both the restricting and the binge/purging groups, performed poorly in the Iowa Gambling Task compared to controls, confirming a deficit in decision-making in these patients.",yes,,yes,yes,yes,,,,,,,,,,llama-3.1-8b-instruct,2,keep,yes,yes,yes,yes,yes,no,impulsivity (general),decision-making,worse,"The sentence clearly supports the association between impulsivity (general) and decision-making in eating disorder patients, with a worse direction.",
164,32554185,Adult attention-deficit hyperactivity disorder and clinical correlates of delayed sleep phase disorder.,2020,Psychiatry research,Barratt Impulsiveness Scale neuroimaging,unknown,unknown,impulsivity (general),Attention-Deficit/Hyperactivity Disorder,associated_with,unclear,,unclear,0.5,"In the multivariate logistic regression analysis, Delayed Sleep Phase Disorder was significantly associated with cyclothymic temperamental traits and severe global impairment.",yes,,yes,yes,no,,,,,,,,,,llama-3.1-8b-instruct,0,drop,no,no,no,no,no,yes,,,,"The sentence mentions a group difference but not a phenotype-feature association, and it does not support the extracted claim.",
165,33426970,Add-on repetitive transcranial magnetic stimulation in patients with opioid use disorder undergoing methadone maintenance therapy.,2021,The American journal of drug and alcohol abuse,Barratt Impulsiveness Scale neuroimaging,unknown,unknown,impulsivity (general),opioid use disorder,associated_with,unclear,,unclear,0.5,"BIS-11 attentional subscales and CPTs commission T-scores (C-TS) were significantly lower in the active rTMS group (P = .003, 0.04, and 0.02, respectively) than in the sham group.",yes,,yes,yes,no,,,,,,,,,,llama-3.1-8b-instruct,0,drop,no,no,no,no,no,no,,,,"The sentence does not mention impulsivity or any other phenotype, and does not mention a feature or relationship that would support the extracted claim.",
166,25819744,Distinct domains of impulsivity are impaired in juvenile myoclonic epilepsy but not in temporal lobe epilepsy.,2015,Epilepsy & behavior : E&B,Barratt Impulsiveness Scale neuroimaging,unknown,unknown,impulsivity (general),epilepsy,associated_with,higher,,unclear,1.0,"Patients with JME showed higher scores than patients with TLE and controls in all domains: motor, attentional, and lack of planning impulsivity.",yes,,yes,yes,no,,,,,,,,,,llama-3.1-8b-instruct,2,keep,yes,yes,yes,yes,yes,no,impulsivity (general),unknown,higher,"The sentence clearly supports the extracted claim, mentioning higher impulsivity scores in patients with JME compared to TLE and controls in all domains.",
167,32450451,"Problematic Internet use (PIU), personality profiles and emotion dysregulation in a cohort of young adults: trajectories from risky behaviors to addiction.",2020,Psychiatry research,Barratt Impulsiveness Scale neuroimaging,unknown,unknown,impulsivity (general),Internet Addiction Diagnostic Questionnaire,associated_with,unclear,unclear,unclear,0.5,"PIU participants were more likely to report lower TPQ scores in novelty seeking, harm avoidance and reward dependence.",yes,,yes,yes,yes,,,,,,,,,,llama-3.1-8b-instruct,2,keep,yes,yes,yes,yes,yes,no,impulsivity (general),personality trait,negative,"The sentence clearly supports the claim by stating a negative association between PIU and novelty seeking, harm avoidance, and reward dependence, which are all aspects of impulsivity and personality traits.",
168,10359481,Etiology of the impulsivity/aggression relationship: genes or environment?,1999,Psychiatry research,Barratt Impulsiveness Scale neuroimaging,unknown,unknown,impulsivity (general),unknown,correlates_with,unclear,,background,0.5,Phenotypic relationships between the measure of impulsivity and subscales of the measure of aggression ranged from 0.22 to 0.51.,yes,,yes,yes,no,,,,,,,,,,llama-3.1-8b-instruct,1,revise,yes,yes,yes,no,no,no,impulsivity (general),aggression (subscale),positive,"The sentence partially supports the claim by mentioning a relationship between impulsivity and aggression, but the direction is unclear and the feature type is more specific than the extracted claim. The directness is also background, which does not match the extracted claim.",
169,20478631,Relationship between impulsivity and decision making in cocaine dependence.,2010,Psychiatry research,Barratt Impulsiveness Scale neuroimaging,unknown,unknown,impulsivity (general),cocaine dependence,associated_with,unclear,,unclear,0.5,Cognitive model analysis showed that choice consistency factors on the IGT differed between cocaine-dependent subjects and controls.,yes,,yes,yes,yes,,,,,,,,,,llama-3.1-8b-instruct,1,revise,yes,no,yes,no,no,no,impulsivity (general),decision making,unclear,"The sentence supports the phenotype, but the feature is not clearly stated. The relationship is supported, but the direction is unclear. The directness is unclear. The corrected phenotype and feature type are based on the extracted claim.",
170,21665292,Impulsivity and internalizing disorders in childhood.,2011,Psychiatry research,Barratt Impulsiveness Scale neuroimaging,unknown,unknown,impulsivity (general),unknown,correlates_with,higher,,unclear,0.7,"Impulsivity was related to measures of anxiety, depression and aggressive behavior, and showed higher relationships with measures of internalizing symptoms than with aggression.",yes,,yes,yes,yes,,,,,,,,,,llama-3.1-8b-instruct,1,revise,yes,no,yes,yes,no,no,impulsivity (general),internalizing symptoms,higher,"The sentence partially supports the claim by mentioning a relationship between impulsivity and internalizing symptoms, but it does not specify the feature type for impulsivity. The corrected feature type should be 'internalizing symptoms'.",
171,28783574,Go/No-Go task performance predicts differences in compulsivity but not in impulsivity personality traits.,2017,Psychiatry research,Barratt Impulsiveness Scale neuroimaging,unknown,unknown,impulsivity (general),unknown,predicts,unclear,,unclear,0.6,The Go/No-Go task is one of the most effective means to assess response inhibition measured by the ability to appropriately withhold responding to No-Go stimuli.,yes,,yes,yes,yes,,,,,,,,,,llama-3.1-8b-instruct,0,drop,no,no,no,unclear,unclear,unclear,,,,"The sentence does not mention impulsivity or any other phenotype, and does not mention a feature or relationship with impulsivity.",
172,20832123,Platelet [³H] paroxetine binding in female patients with borderline personality disorder and their sisters.,2011,Psychiatry research,Barratt Impulsiveness Scale neuroimaging,unknown,unknown,impulsivity (general),borderline personality disorder,associated_with,unclear,,background,0.3,Paroxetine binding could be a vulnerability marker for traits associated with borderline personality disorder (BPD).,yes,,yes,yes,yes,,,,,,,,,,llama-3.1-8b-instruct,1,revise,yes,no,yes,no,no,no,impulsivity (general),unknown,,"The sentence mentions a relationship between a trait associated with BPD and a potential vulnerability marker, but does not specify the feature type or direction. The phenotype is supported as impulsivity (general) is a trait associated with BPD.",
173,30616125,A multi-dimensional evaluation of craving and impulsivity among people admitted for alcohol-related problems in emergency department.,2019,Psychiatry research,Barratt Impulsiveness Scale neuroimaging,unknown,unknown,impulsivity (general),alcohol-related problems,associated_with,unclear,,unclear,0.6,Craving and impulsivity are key psychological dimensions involved in the development and maintenance of severe alcohol-use disorders.,yes,,yes,yes,yes,,,,,,,,,,llama-3.1-8b-instruct,2,keep,yes,yes,yes,yes,yes,no,impulsivity (general),unknown,unclear,"The sentence clearly supports the association between impulsivity and alcohol-use disorders, which matches the extracted claim's phenotype. The feature type is unknown, but the sentence implies a general association. The direction is unclear, but the sentence does not contradict the extracted claim's direction. The directness is also unclear, but the sentence does not contradict the extracted claim's directness. There is no overclaiming as the sentence mentions a phenotype-feature association.",
174,28675825,The association between in vivo central noradrenaline transporter availability and trait impulsivity.,2017,Psychiatry research. Neuroimaging,Barratt Impulsiveness Scale neuroimaging,unknown,functional connectivity,impulsivity (general),unknown,associated_with,lower,modulating,direct,0.7,We found that distribution volume ratios (DVR) used as PET outcome measures negatively correlated with BIS-11 total scores in the orbitofrontal cortex (OFC) and in the hippocampus as well as in parts of the cerebellar cortex.,yes,,yes,yes,no,,,,,,,,,,llama-3.1-8b-instruct,2,keep,yes,yes,yes,yes,yes,no,impulsivity (general),functional connectivity,lower,,
175,24608747,Trait impulsivity is associated with the risk of falls in Parkinson's disease.,2014,PloS one,Barratt Impulsiveness Scale neuroimaging,unknown,unknown,impulsivity (general),Parkinson's disease,associated_with,higher,unclear,unclear,0.7,Total impulsivity scores were higher for recurrent fallers (59.5) compared to non-fallers (56.8; p = 0.012).,yes,,yes,yes,no,,,,,,,,,,llama-3.1-8b-instruct,2,keep,yes,yes,yes,yes,yes,no,impulsivity (general),trait,higher,"The sentence clearly supports the extracted claim, mentioning a higher impulsivity score in recurrent fallers compared to non-fallers.",
176,27371803,Risk-taking behavior and impulsivity among HCV-infected patients.,2016,Psychiatry research,Barratt Impulsiveness Scale neuroimaging,unknown,unknown,impulsivity (general),unknown,associated_with,higher,,unclear,0.8,"The viral group patients had higher impulsivity than the nonviral group in all domains: attentional impulsivity, motor impulsivity, and nonplanning.",yes,,yes,yes,yes,,,,,,,,,,llama-3.1-8b-instruct,2,keep,yes,yes,yes,yes,yes,no,,,,The sentence clearly supports the extracted claim by stating a higher impulsivity in the viral group compared to the nonviral group in all domains of impulsivity.,
177,22766012,"Neuropsychological performance, impulsivity, ADHD symptoms, and novelty seeking in compulsive buying disorder.",2012,Psychiatry research,Barratt Impulsiveness Scale neuroimaging,unknown,unknown,impulsivity (general),compulsive buying disorder,associated_with,unclear,,unclear,0.5,"They also had elevated levels of self-reported depression, ADHD symptoms, trait impulsivity, and novelty seeking.",yes,,yes,yes,yes,,,,,,,,,,llama-3.1-8b-instruct,1,revise,yes,no,yes,no,no,no,impulsivity (general),trait,,"The sentence partially supports the claim by mentioning impulsivity, but it does not specify the feature type and the direction is unclear. The corrected phenotype and feature type are provided based on the information in the sentence.",
178,28391138,Associations between serotonin transporter and behavioral traits and diagnoses related to anxiety.,2017,Psychiatry research,Barratt Impulsiveness Scale neuroimaging,unknown,unknown,impulsivity (general),unknown,predicts,higher,,direct,0.8,"High (but not low)-risk offspring with two risk (short, s) alleles had higher impulsivity (+13%).",yes,,yes,yes,no,,,,,,,,,,llama-3.1-8b-instruct,2,keep,yes,yes,yes,yes,yes,no,impulsivity (general),unknown,higher,"The sentence clearly supports the extracted claim, mentioning a direct relationship between the serotonin transporter and impulsivity in high-risk offspring.",
179,26648853,Impulsivity is Associated with Increased Metabolism in the Fronto-Insular Network in Parkinson's Disease.,2015,Frontiers in behavioral neuroscience,Barratt Impulsiveness Scale neuroimaging,unknown,functional connectivity,impulsivity (general),Parkinson's disease,associated_with,higher,unclear,direct,0.8,"Voxel-wise group comparison revealed higher FDG-metabolism in the orbitofrontal cortex (OFC), anterior cingulate cortex (ACC), and right insula in patients with higher impulsivity scores.",yes,,yes,yes,yes,,,,,,,,,,llama-3.1-8b-instruct,2,keep,yes,yes,yes,yes,yes,no,impulsivity (general),functional connectivity,higher,The sentence clearly supports the extracted claim by stating a direct association between impulsivity and higher metabolism in specific brain regions.,
180,23770040,Resting-state beta and gamma activity in Internet addiction.,2013,International journal of psychophysiology : official journal of the International Organization of Psychophysiology,Barratt Impulsiveness Scale neuroimaging,unknown,EEG connectivity,impulsivity (general),Internet addiction,associated_with,unclear,,unclear,0.8,Internet addiction is related to impulsivity.,yes,,yes,yes,no,,,,,,,,,,llama-3.1-8b-instruct,1,revise,yes,no,yes,no,no,no,impulsivity (general),behavioral trait,,"The sentence does not specify the type of feature, which should be corrected to 'behavioral trait' to match the extracted claim. The direction is also unclear and should be revised.",
181,23158972,Impulsivity is related to striatal dopamine transporter availability in healthy males.,2013,Psychiatry research,Barratt Impulsiveness Scale neuroimaging,unknown,functional connectivity,impulsivity (general),unknown,associated_with,higher,dopamine transporter availability,direct,0.8,Greater dopamine transporter availability was associated with higher BIS impulsivity.,yes,,yes,yes,no,,,,,,,,,,llama-3.1-8b-instruct,2,keep,yes,yes,yes,yes,yes,no,impulsivity (general),functional connectivity,higher,,
182,22749228,Behavioral and cognitive impulsivity in obsessive-compulsive disorder and eating disorders.,2012,Psychiatry research,Barratt Impulsiveness Scale neuroimaging,unknown,unknown,impulsivity (general),"obsessive-compulsive disorder, eating disorder",associated_with,unclear,,unclear,0.5,"Compared to controls, both clinical groups reported higher levels of impulsivity on the BIS-11",yes,,yes,yes,yes,,,,,,,,,,llama-3.1-8b-instruct,2,keep,yes,yes,yes,yes,yes,no,impulsivity (general),unknown,increased,"The sentence clearly states that both clinical groups reported higher levels of impulsivity compared to controls, which supports the claim of impulsivity (general) being associated with obsessive-compulsive disorder and eating disorder, with an unclear feature type and increased direction.",
183,24612970,"Anxiety, depression, impulsivity and substance misuse in violent and non-violent adolescent boys in detention in China.",2014,Psychiatry research,Barratt Impulsiveness Scale neuroimaging,unknown,unknown,impulsivity (general),unknown,associated_with,higher,,unclear,0.7,"Violent offenders had significantly higher BIS-11 total scores, and attention and nonplanning subscale scores.",yes,,yes,yes,no,,,,,,,,,,llama-3.1-8b-instruct,2,keep,yes,yes,yes,yes,yes,no,impulsivity (general),unknown,higher,"The sentence directly supports the association between impulsivity and higher BIS-11 total scores, and attention and nonplanning subscale scores.",
184,31616015,Subjective estimates of uncertainty during gambling and impulsivity after subthalamic deep brain stimulation for Parkinson's disease.,2019,Scientific reports,Barratt Impulsiveness Scale neuroimaging,unknown,unknown,impulsivity (general),Parkinson's disease,associated_with,unclear,modulation,background,0.6,"The gambling behaviour of participants (bet increases, slot machine switches and double or nothing gambles) was associated with this self-reported measure of impulsivity.",yes,,yes,yes,yes,,,,,,,,,,llama-3.1-8b-instruct,2,keep,yes,yes,yes,yes,yes,no,impulsivity (general),behaviour,associated,"The sentence clearly supports the extracted claim, mentioning a specific type of impulsivity (general) and a specific feature (behaviour). The relationship is 'associated_with', which matches the claim. The direction is 'associated', which is clear from the sentence. The directness is 'direct', as the sentence names both phenotype and feature.",
185,27449004,"The association of Internet addiction symptoms with impulsiveness, loneliness, novelty seeking and behavioral inhibition system among adults with attention-deficit/hyperactivity disorder (ADHD).",2016,Psychiatry research,Barratt Impulsiveness Scale neuroimaging,unknown,unknown,impulsivity (general),attention-deficit/hyperactivity disorder (ADHD),associated_with,unclear,,unclear,0.7,"Impulsiveness, loneliness, and behavioral inhibition system were significant predictors of Internet addition among adults with ADHD.",yes,,yes,yes,no,,,,,,,,,,llama-3.1-8b-instruct,2,keep,yes,yes,yes,yes,yes,no,impulsiveness (general),behavioral feature,positive,The sentence clearly supports the association between impulsiveness and Internet addiction among adults with ADHD.,
186,29120849,Genetic analysis of impulsive personality traits: Examination of a priori candidates and genome-wide variation.,2018,Psychiatry research,Barratt Impulsiveness Scale neuroimaging,unknown,unknown,impulsivity (general),unknown,unknown,unclear,,unclear,0.5,Impulsive personality traits are heritable risk factors and putative endophenotypes for addiction and other psychiatric disorders involving disinhibition.,yes,,yes,yes,yes,,,,,,,,,,llama-3.1-8b-instruct,2,keep,yes,yes,yes,yes,yes,no,impulsivity (general),unknown,unclear,The sentence clearly supports the phenotype (impulsivity) and relationship (heritable risk factors and putative endophenotypes) when stated. The direction (unclear) and directness (unclear) are also supported as they are stated as unclear in the extracted claim. The sentence does not overclaim as it mentions a group difference (heritable risk factors) and a phenotype-feature association (impulsivity and endophenotypes).,
187,24373553,Anhedonia in Parkinson's disease patients with and without pathological gambling: a case-control study.,2014,Psychiatry research,Barratt Impulsiveness Scale neuroimaging,unknown,unknown,impulsivity (general),Parkinson's disease,associated_with,unclear,unclear,unclear,0.7,"The PG-group, compared to the ICDs-group and PD-controls, reported a significantly higher incidence of anhedonia, higher Snaith-Hamilton Pleasure Scale (SHAPS) scores, higher levels of impulsivity traits as measured by the Barratt Impulsiveness Scale.",yes,,yes,yes,no,,,,,,,,,,llama-3.1-8b-instruct,2,keep,yes,yes,yes,yes,yes,no,impulsivity (general),trait,increased,The sentence clearly supports the claim by stating a higher incidence of anhedonia and higher levels of impulsivity traits in the PG-group compared to the ICDs-group and PD-controls.,
188,27614152,"Impulsivity, implicit attitudes and explicit cognitions, and alcohol dependence as predictors of pathological gambling.",2016,Psychiatry research,Barratt Impulsiveness Scale neuroimaging,unknown,unknown,impulsivity (general),pathological gambling,predicts,unclear,,unclear,0.7,"Impulsivity (BIS-11) and changes in implicit attitudes (IAT) were able to discriminate between pathological gamblers and controls, the latter being less impulsive and having fewer implicit attitudes towards gambling.",yes,,yes,yes,yes,,,,,,,,,,llama-3.1-8b-instruct,1,revise,yes,no,yes,no,no,no,impulsivity (general),attitudes towards gambling,less,"The sentence partially supports the claim, but the feature type and direction need correction. The feature type is not 'unknown' but rather 'attitudes towards gambling'. The direction is also not 'unclear' but rather 'less'.",
189,31669801,Increased neural activity in the right dorsolateral prefrontal cortex during a risky decision-making task is associated with cocaine use in methadone-maintained patients.,2019,Drug and alcohol dependence,Barratt Impulsiveness Scale neuroimaging,unknown,functional connectivity,impulsivity (general),methadone-maintained patients,associated_with,higher,,direct,0.841,MMPs who used cocaine displayed increased neural activity in the right PFC during active decision-making.,yes,,yes,yes,no,,,,,,,,,,llama-3.1-8b-instruct,2,keep,yes,yes,yes,yes,yes,no,impulsivity (general),functional connectivity,higher,The sentence directly supports the claim by stating a specific brain region (right PFC) and a clear direction (increased neural activity).,
190,29580652,"Gambling behavior in Parkinson's Disease: Impulsivity, reward mechanism and cortical brain oscillations.",2018,Psychiatry research,Barratt Impulsiveness Scale neuroimaging,unknown,EEG connectivity,impulsivity (general),Parkinson's Disease,associated_with,unclear,unclear,unclear,0.7,Results showed worse performance and an increase of the low frequency bands in the frontal area for the PDG group compared to the other two groups.,yes,,yes,yes,yes,,,,,,,,,,llama-3.1-8b-instruct,1,revise,yes,yes,yes,no,no,no,impulsivity (general),EEG connectivity,increased,"The sentence supports the phenotype and feature, but the direction is not explicitly stated as associated with impulsivity. The sentence implies an increase in low frequency bands, which could be related to impulsivity, but this is not directly stated. The directness is also unclear as it does not explicitly state the relationship between impulsivity and EEG connectivity.",
191,14675743,Neurobiological correlates of diagnosis and underlying traits in patients with borderline personality disorder compared with normal controls.,2004,Psychiatry research,Barratt Impulsiveness Scale neuroimaging,unknown,unknown,impulsivity (general),borderline personality disorder,associated_with,unclear,abnormalities,unclear,0.7,Borderline subjects with high BIS scores showed prolactin blunting.,yes,,yes,yes,yes,,,,,,,,,,llama-3.1-8b-instruct,1,revise,yes,no,yes,no,no,no,impulsivity (general),neurotransmitter regulation,decreased,"The sentence supports impulsivity (general) as a phenotype, but the feature type is not explicitly mentioned. The relationship is associated_with, but the direction is unclear. The sentence implies a decrease in prolactin, which could be related to neurotransmitter regulation. The directness is unclear because the sentence does not name both phenotype and feature.",
192,12860356,"Impulsivity, gender, and response to fenfluramine challenge in borderline personality disorder.",2003,Psychiatry research,Barratt Impulsiveness Scale neuroimaging,unknown,unknown,impulsivity (general),borderline personality disorder,associated_with,unclear,inverse relationship,background,0.7,"Behavioral impulsivity in borderline personality disorder (BPD) is associated with indices of diminished central serotonergic function, independent of suicidal behavior, depression or alcohol use disorder.",yes,,yes,yes,yes,,,,,,,,,,llama-3.1-8b-instruct,2,keep,yes,yes,yes,yes,yes,no,impulsivity (general),central serotonergic function,inverse relationship,"The sentence clearly supports the extracted claim, mentioning impulsivity as the phenotype, central serotonergic function as the feature, and an inverse relationship between the two.",
193,26803778,Dysfunctional decision-making related to white matter alterations in bipolar I disorder.,2016,Journal of affective disorders,Barratt Impulsiveness Scale neuroimaging,unknown,structural connectivity,impulsivity (general),bipolar I disorder,associated_with,lower,unclear,direct,0.8,BD-I patients displayed significantly lower integrity in the right cingulum compared to HC.,yes,,yes,yes,yes,,,,,,,,,,llama-3.1-8b-instruct,2,keep,yes,yes,yes,yes,yes,no,impulsivity (general),structural connectivity,lower,The sentence directly states a relationship between a phenotype (impulsivity) and a feature (structural connectivity) in a specific direction (lower) in a particular diagnostic context (bipolar I disorder).,
194,26660886,Functional Connectivity and Quantitative EEG in Women with Alcohol Use Disorders: A Resting-State Study.,2016,Brain topography,Barratt Impulsiveness Scale neuroimaging,unknown,EEG connectivity,nonplanning impulsivity,alcohol use disorders,associated_with,unclear,,direct,0.7,We also found that impaired functional connectivity particularly in alpha band at fronto-central areas was negative correlated with non-planning dimension of impulsivity.,yes,,yes,yes,yes,,,,,,,,,,llama-3.1-8b-instruct,2,keep,yes,yes,yes,yes,yes,no,nonplanning impulsivity,EEG connectivity,negatively associated,"The sentence clearly supports the phenotype, feature, relationship, and direction when stated.",
195,40467551,Common neural patterns of substance use disorder: a seed-based resting-state functional connectivity meta-analysis.,2025,Translational psychiatry,BIS-11 fMRI impulsivity,unknown,functional connectivity,impulsivity (general),Substance use disorder,associated_with,unclear,,unclear,0.8,The total score of the BIS-11 in SUD patients was significantly negatively correlated with reduced rsFC between the striatum and MCG.,yes,,yes,yes,no,,,,,,,,,,llama-3.1-8b-instruct,2,keep,yes,yes,yes,yes,yes,no,impulsivity (general),functional connectivity,negatively,The sentence clearly supports the extracted claim by mentioning a significant negative correlation between impulsivity (general) and reduced functional connectivity between the striatum and MCG.,
196,38092841,White matter-based brain network topological properties associated with individual impulsivity.,2023,Scientific reports,BIS-11 fMRI impulsivity,unknown,structural connectivity,impulsivity (general),unknown,associated_with,unclear,,unclear,0.7,People with a steep DD (greater impatience) had decreased small-worldness and increased degree centrality in the medial superior prefrontal cortex.,yes,,yes,yes,no,,,,,,,,,,llama-3.1-8b-instruct,2,keep,yes,yes,yes,yes,yes,no,impulsivity (general),structural connectivity,decreased,"The sentence clearly supports the claim by stating a specific association between impulsivity and structural connectivity in the medial superior prefrontal cortex. The direction of the association is also clear, as people with a steep DD (greater impatience) had decreased small-worldness and increased degree centrality.",
197,36320407,White matter integrity and functional connectivity in adolescents with a parental history of substance use disorder.,2021,Neuroimage. Reports,BIS-11 fMRI impulsivity,unknown,functional connectivity,impulsivity (general),unknown,associated_with,unclear,,indirect,0.6,"Impulsivity, assessed by the BIS-11, was significantly higher for FH+.",yes,,yes,yes,no,,,,,,,,,,llama-3.1-8b-instruct,1,revise,yes,no,yes,no,no,no,impulsivity (general),behavioral assessment,,"The sentence does not clearly state a feature type, and the relationship is supported but the direction is unclear.",
198,32889355,Functional connectome-based biomarkers predict chronic codeine-containing cough syrup dependent.,2020,Journal of psychiatric research,BIS-11 fMRI impulsivity,unknown,functional connectivity,impulsivity (general),chronic codeine-containing cough syrup dependent,predicts,unclear,,unclear,0.7,"The LR classifier models demonstrated accuracy, sensitivity, specificity, precision, and AUC of 82.5%, 82.5%, 82.5%, 76.8%, and 82.5%.",yes,,yes,yes,yes,,,,,,,,,,llama-3.1-8b-instruct,0,drop,no,no,no,unclear,unclear,unclear,,,,"The sentence does not mention a phenotype-feature association, therefore it does not support the extracted claim.",
199,40945612,Diffusion tensor imaging-based evaluation of white-matter tract alterations in schizophrenic patients with personality-related comorbidities.,2026,Behavioural brain research,BIS-11 fMRI impulsivity,unknown,structural connectivity,impulsivity (general),schizophrenia,associated_with,unclear,,unclear,0.7,"SZ patients showed significant reductions in FA and elevations in MD and RD in the right inferior fronto-occipital fasciculus, left optic radiation, and left posterior thalamic radiation, implicating both demyelination and generalized microstructural disorganization.",yes,,yes,yes,no,,,,,,,,,,llama-3.1-8b-instruct,2,keep,yes,yes,yes,yes,yes,no,impulsivity (general),structural connectivity,unclear,"The sentence clearly supports the association between impulsivity (general) and structural connectivity, as it describes significant reductions in FA and elevations in MD and RD in specific white-matter tracts. The direction of the association is unclear, but the sentence does not overclaim by mentioning a group difference without a phenotype-feature association.",
200,24885073,Trait impulsivity and impaired prefrontal impulse inhibition function in adolescents with internet gaming addiction revealed by a Go/No-Go fMRI study.,2014,Behavioral and brain functions : BBF,BIS-11 fMRI impulsivity,unknown,functional connectivity,impulsivity (general),Internet gaming addiction,associated_with,higher,impaired function,direct,0.8,The activation of the left superior medial frontal gyrus was positively associated with BIS-11 and Chen Internet Addiction Scale (CIAS) total score across IGA participants.,yes,,yes,yes,no,,,,,,,,,,llama-3.1-8b-instruct,2,keep,yes,yes,yes,yes,yes,no,impulsivity (general),functional connectivity,higher,The sentence clearly supports the extracted claim by stating a direct association between the activation of a brain region and a measure of impulsivity in individuals with internet gaming addiction.,
201,26658924,Citicoline Treatment Improves Measures of Impulsivity and Task Performance in Chronic Marijuana Smokers: A Pilot BOLD fMRI Study.,2015,International journal of neurology and neurotherapy,BIS-11 fMRI impulsivity,unknown,unknown,impulsivity (general),chronic marijuana smokers,associated_with,lower,unknown,unclear,0.7,"Following the 8 week trial, MJ smokers treated with citicoline demonstrated significantly lower levels of behavioral impulsivity.",yes,,yes,yes,no,,,,,,,,,,llama-3.1-8b-instruct,2,keep,yes,yes,yes,yes,yes,no,impulsivity (general),behavioral,lower,"The sentence clearly supports the extracted claim, mentioning a specific phenotype (impulsivity), a feature type (behavioral), a relationship (associated with), a direction (lower), and a diagnostic context (chronic marijuana smokers).",
202,36124350,[The value of MR diffusion tensor imaging in assessing white matter changes in short-term methamphetamine withdrawal].,2022,Zhonghua yi xue za zhi,BIS-11 fMRI impulsivity,unknown,structural connectivity,impulsivity (general),methamphetamine addiction,associated_with,unclear,,background,0.7,"There were significant differences in BIS total score, BIS motivational impulsivity and BIS attentional impulsivity between MA group and healthy control group in short-term withdrawal.",yes,,yes,yes,no,,,,,,,,,,llama-3.1-8b-instruct,1,revise,yes,yes,yes,no,no,no,impulsivity (general),behavioral,increased,"The sentence supports the phenotype and feature, but the direction is unclear. The sentence also does not name the brain system or mechanism, so directness is not supported. The corrected phenotype and feature type are based on the extracted claim.",
203,22858213,Reduced posterior corpus callosum area in suicidal and non-suicidal patients with bipolar disorder.,2012,Journal of affective disorders,BIS-11 fMRI impulsivity,unknown,unknown,impulsivity (general),bipolar disorder,associated_with,unclear,,background,0.6,Impulsivity is a characteristic of bipolar disorder (BD) that can contribute to the risk for suicidal behavior.,yes,,yes,yes,yes,,,,,,,,,,llama-3.1-8b-instruct,1,revise,yes,no,yes,no,yes,no,impulsivity (general),behavior,,"The sentence partially supports the claim, but the feature type is not specified. The direction is unclear, but the relationship is supported.",
204,32124022,Abnormal white matter within brain structural networks is associated with high-impulse behaviour in codeine-containing cough syrup dependent users.,2021,European archives of psychiatry and clinical neuroscience,BIS-11 fMRI impulsivity,unknown,structural connectivity,impulsivity (general),codeine-containing cough syrup dependency,associated_with,unclear,unknown,unclear,0.7,"The relationships between abnormal network metrics and clinical characteristics of CCS dependent (BIS-11 total score, CCS-dependent duration and mean dose) were examined by Spearman's correlation.",yes,,yes,yes,no,,,,,,,,,,llama-3.1-8b-instruct,0,drop,no,no,no,unclear,unclear,no,,,,"The sentence does not mention impulsivity or structural connectivity, and it does not establish an association between them.",
205,23562867,Decreased caudate response to milkshake is associated with higher body mass index and greater impulsivity.,2013,Physiology & behavior,BIS-11 fMRI impulsivity,unknown,functional connectivity,impulsivity (general),unknown,associated_with,higher,promoting impulsive eating behavior,direct,0.8,"In Study 1 (n=25) we also assessed self-reported impulsivity, and in Study 2 (n=14), we identified an inverse relationship between caudate response to milkshake vs. tasteless and failure to inhibit responses on the no-go trials.",yes,,yes,yes,no,,,,,,,,,,llama-3.1-8b-instruct,2,keep,yes,yes,yes,yes,yes,no,impulsivity (general),functional connectivity,higher,"The sentence clearly supports the extracted claim, mentioning impulsivity as the phenotype, functional connectivity as the feature type, an association as the relationship, higher impulsivity as the direction, and directness as the direct relationship between caudate response and impulsivity.",
206,29567425,Association between self-reported impulsiveness and gray matter volume in healthy adults. An exploratory MRI study.,2018,Neuroscience letters,BIS-11 fMRI impulsivity,unknown,structural connectivity,impulsivity (general),unknown,associated_with,unclear,,unclear,0.7,We found negative and positive correlations between fronto-temporal and occipital areas respectively and BIS.,yes,,yes,yes,no,,,,,,,,,,llama-3.1-8b-instruct,1,revise,yes,yes,yes,no,no,no,impulsivity (general),gray matter volume,negative and positive correlations,"The sentence partially supports the claim, but the feature type and direction need correction. The feature type is structural connectivity, but the sentence mentions gray matter volume. The direction is unclear, but the sentence mentions negative and positive correlations.",
207,22885245,Decreased saliency processing as a neural measure of Barratt impulsivity in healthy adults.,2012,NeuroImage,BIS-11 fMRI impulsivity,unknown,functional connectivity,nonplanning impulsivity,unknown,associated_with,lower,neural,direct,0.8,"In simple regressions, activation of the right anterior dorsal insula and middle frontal cortex (MFC) during stop as compared to go trials negatively correlated with motor and non-planning impulsivity score.",yes,,yes,yes,yes,,,,,,,,,,llama-3.1-8b-instruct,2,keep,yes,yes,yes,yes,yes,no,nonplanning impulsivity,functional connectivity,lower,"The sentence clearly supports the extracted claim by mentioning a direct association between the activation of brain regions and non-planning impulsivity score, which is a measure of the phenotype. The feature type is also supported as it is related to functional connectivity. The direction is supported as it is mentioned that the activation negatively correlated with impulsivity score, indicating a lower level of activation. The directness is also supported as it is mentioned that the activation is compared to go trials, which is a direct measure of the feature.",
208,41671767,Hippocampus in the symptom architecture of schizophrenia spectrum disorders: A network analysis approach.,2026,Schizophrenia research,BIS-11 fMRI impulsivity,unknown,unknown,impulsivity (general),schizophrenia spectrum disorders,not associated_with,unclear,,background,0.0,"Our findings indicated that hippocampal volume is more strongly linked to cognition, psychopathology and global functioning than to impulsivity or NSS.",yes,,yes,yes,yes,,,,,,,,,,llama-3.1-8b-instruct,1,revise,yes,no,yes,no,no,no,impulsivity (general),"cognition, psychopathology, global functioning",more strongly linked to,"The sentence partially supports the claim, but the feature type is not 'unknown' as stated in the claim. The relationship is supported, but the direction is not. The directness is also not supported because it does not name both phenotype and feature.",
209,28828225,Quantifying absolute glutamate concentrations in nucleus accumbens of prescription opioid addicts by using 1H MRS.,2017,Brain and behavior,BIS-11 fMRI impulsivity,unknown,unknown,impulsivity (general),opioid addiction,associated_with,unclear,unknown,unclear,0.671,"The glutamate concentrations correlated positively with BIS-11 scores in prescription opioid addicts (r = .671, p = .001)",yes,,yes,yes,no,,,,,,,,,,llama-3.1-8b-instruct,2,keep,yes,yes,yes,yes,yes,no,impulsivity (general),unknown,positive,"The sentence clearly supports the association between glutamate concentrations and impulsivity in prescription opioid addicts, with a positive correlation.",
210,31599080,Prefrontal GABA and glutamate levels correlate with impulsivity and cognitive function of prescription opioid addicts: A 1 H-magnetic resonance spectroscopy study.,2020,Psychiatry and clinical neurosciences,BIS-11 fMRI impulsivity,unknown,unknown,impulsivity (general),prescription opioid addicts,correlates with,unclear,,unclear,0.7,"GABA+ levels correlated negatively with BIS-11 scores but correlated positively with MoCA scores. In contrast, glutamate levels showed a positive correlation with BIS-11 scores but no significant correlation with MoCA scores.",yes,,yes,yes,yes,,,,,,,,,,llama-3.1-8b-instruct,2,keep,yes,yes,yes,yes,yes,no,impulsivity (general),cognitive function,negative,"The sentence clearly supports the extracted claim, mentioning impulsivity (general) as the phenotype, cognitive function as the feature, and a correlation as the relationship. The direction is supported as the sentence mentions a negative correlation with impulsivity and a positive correlation with cognitive function.",
211,25456522,Obsessive-compulsivity and working memory are associated with differential prefrontal cortex and insula activation in adolescents with a recent diagnosis of an eating disorder.,2014,Psychiatry research,BIS-11 fMRI impulsivity,unknown,functional connectivity,impulsivity (general),eating disorder not otherwise specified (EDNOS),associated_with,higher,unclear,direct,0.7,EDNOS subjects had significantly higher scores on the BIS 11 scale.,yes,,yes,yes,no,,,,,,,,,,llama-3.1-8b-instruct,2,keep,yes,yes,yes,yes,yes,no,impulsivity (general),behavioral score,higher,"The sentence directly supports the claim by stating that EDNOS subjects had higher scores on the BIS 11 scale, which is a measure of impulsivity.",
212,27329520,Larger corpus callosum and reduced orbitofrontal cortex homotopic connectivity in codeine cough syrup-dependent male adolescents and young adults.,2017,European radiology,BIS-11 fMRI impulsivity,unknown,functional connectivity,impulsivity (general),unknown,associated_with,unclear,,indirect,0.7,Impairment of VMHC was associated with the impulsive behaviour and correlated with the duration of CCS abuse in CCS-dependent male adolescents and young adults.,yes,,yes,yes,no,,,,,,,,,,llama-3.1-8b-instruct,1,revise,yes,yes,yes,no,no,no,impulsivity (general),functional connectivity,unclear,"The sentence supports the phenotype and feature, but the direction is unclear and the directness is indirect. The corrected phenotype, feature type, and direction are already present in the extracted claim, so no change is needed. However, the relationship is not explicitly stated in the sentence, so it should be revised to 'associated_with'. The brain system and diagnostic context are not mentioned in the sentence, so they should be left as 'unknown'.",
213,41612591,Hippocampal subfield differences in people with and without recreational ketamine use: Insights from multi-modal neuroimaging.,2026,"Addiction (Abingdon, England)",BIS-11 fMRI impulsivity,unknown,functional connectivity,impulsivity (general),unknown,associated_with,unclear,,indirect,0.6,"KUs showed reduced accuracy under higher working-memory load and KUs displayed reduced left hippocampal volume, most marked in the hippocampal-amygdaloid-transition-area.",yes,,yes,yes,no,,,,,,,,,,llama-3.1-8b-instruct,1,revise,yes,yes,yes,no,no,no,impulsivity (general),functional connectivity,unclear,"The sentence partially supports the claim by mentioning a phenotype (impulsivity) and a feature (reduced accuracy under higher working-memory load), but the direction is unclear. However, the sentence also mentions a different feature (reduced left hippocampal volume), which is not directly related to the extracted claim. The directness is also not fully supported as the sentence does not name both phenotype and feature in the context of the relationship.",
214,26578922,Decreased modulation by the risk level on the brain activation during decision making in adolescents with internet gaming disorder.,2015,Frontiers in behavioral neuroscience,BIS-11 fMRI impulsivity,unknown,functional connectivity,impulsivity (general),internet gaming disorder,associated_with,lower,reduced sensitivity,direct,0.8,Reduced modulation of the risk level on the activation of the right dorsolateral prefrontal cortex (DLPFC) during the active BART was found in IGD group compared to the HCs.,yes,,yes,yes,yes,,,,,,,,,,llama-3.1-8b-instruct,1,revise,yes,yes,yes,no,no,no,impulsivity (general),functional connectivity,lower,"The sentence partially supports the claim, but the direction and directness need to be revised to match the extracted claim.",
215,15637640,Reduced anterior corpus callosum white matter integrity is related to increased impulsivity and reduced discriminability in cocaine-dependent subjects: diffusion tensor imaging.,2005,Neuropsychopharmacology : official publication of the American College of Neuropsychopharmacology,BIS-11 fMRI impulsivity,unknown,structural connectivity,impulsivity (general),cocaine-dependent subjects,associated_with,higher,unclear,direct,0.8,Results of the DTI showed significantly reduced FA in the genu and rostral body of the anterior corpus callosum in cocaine-dependent subjects compared to controls.,yes,,yes,yes,yes,,,,,,,,,,llama-3.1-8b-instruct,2,keep,yes,yes,yes,yes,yes,no,impulsivity (general),structural connectivity,lower,"The sentence directly supports the association between impulsivity and reduced structural connectivity in the anterior corpus callosum, which is consistent with the extracted claim.",
216,35754100,Electrophysiological resting-state hyperconnectivity and poorer behavioural regulation as predisposing profiles of adolescent binge drinking.,2022,Addiction biology,BIS-11 resting-state connectivity,unknown,functional connectivity,impulsivity (general),unknown,predicts,higher,unclear,direct,0.8,"They showed higher impulsivity, positively correlated with functional connectivity (FC).",yes,,yes,yes,no,,,,,,,,,,llama-3.1-8b-instruct,1,revise,yes,yes,yes,no,no,no,impulsivity (general),functional connectivity,positive correlation,"The sentence does not directly state that higher impulsivity predicts higher functional connectivity, but rather that impulsivity is positively correlated with functional connectivity. The direction of the relationship is also not explicitly stated as 'higher', but rather as a positive correlation.",
217,30123144,Resting-State Activity of Prefrontal-Striatal Circuits in Internet Gaming Disorder: Changes With Cognitive Behavior Therapy and Predictors of Treatment Response.,2018,Frontiers in psychiatry,BIS-11 resting-state connectivity,unknown,functional connectivity,impulsivity (general),Internet Gaming Disorder,associated_with,higher,regulation of abnormal low-frequency fluctuations,direct,0.8,"The HC group showed significantly increased FC values between the left medial OFC and the putamen compared with the IGD group, the FC values of IGD group were negatively associated with the BIS-11 scores before treatment.",yes,,yes,yes,yes,,,,,,,,,,llama-3.1-8b-instruct,1,revise,yes,yes,yes,no,no,no,impulsivity (general),functional connectivity,lower,"The sentence partially supports the claim, but the direction is mixed and the directness is not fully captured. The corrected phenotype and feature type are already provided in the claim, and the corrected direction is inferred from the sentence.",
218,24286968,Reduced ventral medial prefrontal cortex (vmPFC) volume and impaired vmPFC-default mode network integration in codeine-containing cough syrups users.,2014,Drug and alcohol dependence,BIS-11 resting-state connectivity,unknown,functional connectivity,attentional impulsivity,unknown,associated_with,lower,unknown,direct,0.8,Significantly decreased GM volume was observed in CCS users in bilateral ventral medial prefrontal cortex (vmPFC) which was related to greater impulsivity in CCS users.,yes,,yes,yes,yes,,,,,,,,,,llama-3.1-8b-instruct,1,revise,yes,yes,yes,yes,no,no,attentional impulsivity,behavioral,greater,"The sentence supports the phenotype (impulsivity), feature type (behavioral), relationship (associated with), and direction (greater). However, the directness is not fully supported as the sentence does not name both phenotype and feature. The corrected phenotype, feature type, and direction are provided.",
219,41098388,Functional connectivity in resting-state fMRI (rs-fMRI) in opioid use disorder.,2025,The European physical journal. Special topics,impulsivity resting-state fMRI functional connectivity,unknown,functional connectivity,impulsivity (general),opioid use disorder,associated_with,unclear,,unclear,0.5,Our preliminary rs-fMRI findings reveal significant disruptions in functional connectivity in individuals with opioid addiction within DMN and SN networks involved in cognitive functions such as decision-making and impulse control.,yes,,yes,yes,yes,,,,,,,,,,llama-3.1-8b-instruct,2,keep,yes,yes,yes,yes,yes,no,impulsivity (general),functional connectivity,decreased/increased,"The sentence clearly supports the phenotype (impulsivity), feature type (functional connectivity), relationship (associated with), direction (decreased/increased), and directness (direct) when stated. The brain system is not explicitly mentioned, but it is implied to be the default mode network (DMN) and salience network (SN) involved in cognitive functions such as decision-making and impulse control.",
220,41106487,Resting-state functional connectivity alterations in intermet gaming disorder: A fMRI study combining voxel-based morphometry meta-analysis.,2025,Brain research bulletin,impulsivity resting-state fMRI functional connectivity,unknown,functional connectivity,impulsivity (general),Internet gaming disorder,associated_with,unclear,,unclear,0.6,"Rs-FC analysis showed enhanced connectivity between the middle cingulate cortex and prefrontal, cingulate and Supplementary motor area in IGD, with functional connectivity values correlating with duration of illness; However, after correction, this correlation was not significant.",yes,,yes,yes,yes,,,,,,,,,,llama-3.1-8b-instruct,1,revise,yes,yes,yes,no,no,no,impulsivity (general),functional connectivity,increased,"The sentence partially supports the claim by mentioning a relationship between impulsivity and functional connectivity in IGD. However, the direction of the relationship is unclear and the directness is also unclear. The corrected phenotype, feature type, and direction are based on the information provided in the sentence.",
221,31473543,Resting-state fMRI dynamic functional network connectivity and associations with psychopathy traits.,2019,NeuroImage. Clinical,impulsivity resting-state fMRI functional connectivity,unknown,dynamic connectivity,impulsivity (general),psychopathy,associated_with,unclear,,indirect,0.7,Individuals with higher Factor 2 scores (impulsive and antisocial behaviors) showed more dynamism (changes to and from different states) than those with lower scores.,yes,,yes,yes,no,,,,,,,,,,llama-3.1-8b-instruct,2,keep,yes,yes,yes,yes,yes,no,impulsivity (general),dynamic connectivity,greater,"The sentence clearly supports the phenotype (impulsivity), feature (dynamic connectivity), relationship (associated with), direction (greater), and directness (indirect) when stated.",
222,31868249,Characterizing impulsivity and resting-state functional connectivity in normal-weight binge eaters.,2020,The International journal of eating disorders,impulsivity resting-state fMRI functional connectivity,unknown,functional connectivity,impulsivity (general),unknown,associated_with,unclear,,unclear,0.7,The BE group was characterized by a higher degree of trait impulsivity.,yes,,yes,yes,yes,,,,,,,,,,llama-3.1-8b-instruct,2,keep,yes,no,no,yes,no,no,impulsivity (general),trait,,"The sentence clearly supports the phenotype, but it does not support the feature type (functional connectivity) or the relationship (associated_with).",
223,36911119,Executive control network resting state fMRI functional and effective connectivity and delay discounting in cocaine dependent subjects compared to healthy controls.,2023,Frontiers in psychiatry,impulsivity resting-state fMRI functional connectivity,unknown,functional connectivity,impulsivity (general),cocaine dependent subjects,associated_with,unclear,,unclear,0.7,"The relationship between impulsivity measured by delay discounting and functional and effective connectivity of the ECN, DMN, and SN was examined.",yes,,yes,yes,no,,,,,,,,,,llama-3.1-8b-instruct,1,revise,yes,yes,yes,no,no,no,impulsivity (general),functional and effective connectivity,,"The sentence partially supports the claim, but the direction and directness are unclear. The phenotype and feature are supported, but need to be corrected to match the evidence sentence.",
224,39129375,Triple network resting-state functional connectivity patterns of alcohol heavy drinking.,2024,"Alcohol and alcoholism (Oxford, Oxfordshire)",impulsivity resting-state fMRI functional connectivity,unknown,functional connectivity,impulsivity (general),alcohol use disorder (AUD),associated_with,higher,unclear,indirect,0.5,"Connectivity in the left LPFC was correlated with monetary delay discounting (r=0.25, p=0.03).",yes,,yes,yes,no,,,,,,,,,,llama-3.1-8b-instruct,1,revise,yes,yes,yes,yes,no,no,impulsivity (general),functional connectivity,higher,"The sentence directly supports the phenotype (impulsivity), feature type (functional connectivity), relationship (associated with), and direction (higher). However, it does not directly support the directness (indirect) as it does not mention the brain system or diagnostic context. The corrected phenotype, feature type, and direction are the same as the extracted claim.",
225,23486959,Resting-state functional connectivity predicts impulsivity in economic decision-making.,2013,The Journal of neuroscience : the official journal of the Society for Neuroscience,impulsivity resting-state fMRI functional connectivity,unknown,functional connectivity,impulsivity (general),unknown,predicts,unclear,,direct,0.8,"We found that the resting-state functional connectivity of the brain regions in these networks was significantly correlated with participants' discounting rate, a behavioral index of impulsivity during the DDT.",yes,,yes,yes,no,,,,,,,,,,llama-3.1-8b-instruct,1,revise,yes,yes,yes,no,yes,no,impulsivity (general),functional connectivity,positive,"The sentence partially supports the claim because it mentions a correlation between functional connectivity and impulsivity, but the direction of the relationship is not explicitly stated. The corrected direction is assumed to be positive based on the context of the sentence.",
226,40800818,Functional cerebello-cortico-limbic connectivity in aggression: A resting-state 7T fMRI study in healthy volunteers.,2025,"Imaging neuroscience (Cambridge, Mass.)",impulsivity resting-state fMRI functional connectivity,unknown,functional connectivity,impulsivity (general),unknown,associated_with,higher,,direct,0.8,"Functional connectivity of the posterior vermis and FN with the hypothalamus, CMA, and left sgACC was significantly correlated with impulsivity and aggressive behaviour.",yes,,yes,yes,yes,,,,,,,,,,llama-3.1-8b-instruct,1,revise,yes,yes,yes,yes,no,no,impulsivity (general),functional connectivity,higher,"The sentence supports the phenotype, feature, and relationship, but it does not name the brain system directly. The corrected phenotype, feature type, and direction are provided.",
227,28402539,Associating resting-state connectivity with trait impulsivity.,2017,Social cognitive and affective neuroscience,impulsivity resting-state fMRI functional connectivity,unknown,functional connectivity,impulsivity (general),unknown,associates_with,unclear,,direct,0.7,"Results demonstrate a novel correlation between BAS-fun seeking and resting-state connectivity between middle OFC and putamen, implying that spontaneous synchrony between reward-processing regions may play a role in defining personality characteristics related to impulsivity.",yes,,yes,yes,yes,,,,,,,,,,llama-3.1-8b-instruct,2,keep,yes,yes,yes,yes,yes,no,impulsivity (general),functional connectivity,positive,"The sentence clearly supports the claim by stating a correlation between BAS-fun seeking and resting-state connectivity, implying a positive association between the two.",
228,37270396,Sleep mediates the effect of stressful environments on youth development of impulsivity: The moderating role of within default mode network resting-state functional connectivity.,2023,Sleep health,impulsivity resting-state fMRI functional connectivity,unknown,functional connectivity,impulsivity (general),unknown,associated_with,unclear,mediation,unclear,0.8,"Sleep problems, shorter sleep duration, and longer sleep latency significantly mediated the link between stressful environments and youth impulsivity.",yes,,yes,yes,yes,,,,,,,,,,llama-3.1-8b-instruct,2,keep,yes,yes,yes,yes,yes,no,impulsivity (general),functional connectivity,positive,"The sentence clearly supports the extracted claim, mentioning a direct association between stressful environments and impulsivity, mediated by sleep problems, shorter sleep duration, and longer sleep latency.",
229,37759837,Task and Resting-State Functional Connectivity Predict Driving Violations.,2023,Brain sciences,impulsivity resting-state fMRI functional connectivity,unknown,functional connectivity,impulsivity (general),unknown,predicts,unclear,,unclear,0.6,"Conversely, neither impulsivity nor sensation-seeking was associated with functional connectivity.",yes,,yes,yes,yes,,,,,,,,,,llama-3.1-8b-instruct,0,drop,no,yes,no,no,no,no,,,,"The sentence does not support the relationship between impulsivity and functional connectivity, and the direction is unclear.",
230,34393836,The Association Between Resting State Functional Connectivity and the Trait of Impulsivity and Suicidal Ideation in Young Depressed Patients With Suicide Attempts.,2021,Frontiers in psychiatry,impulsivity resting-state fMRI functional connectivity,unknown,functional connectivity,impulsivity (general),major depressive disorder,associated_with,lower,unclear,direct,0.8,"The left prefrontal-parietal connectivity was associated with suicidal ideation and levels of impulsivity, but RSFC of the left prefrontal cortex with the rACC was correlated exclusively with impulsivity levels and was not related to suicidal ideation in the ATT group.",yes,,yes,yes,no,,,,,,,,,,llama-3.1-8b-instruct,1,revise,yes,yes,yes,no,no,no,impulsivity (general),functional connectivity,lower,"The sentence partially supports the claim, but the direction and directness need revision. The sentence states that RSFC of the left prefrontal cortex with the rACC was correlated exclusively with impulsivity levels, which supports the claim of impulsivity being associated with functional connectivity. However, the direction is not explicitly stated as lower, and the directness is not explicitly stated as direct. The sentence also mentions suicidal ideation, which is not part of the claim.",
231,38083173,Functional Connectivity Dynamics show Resting-State Instability and Rightward Parietal Dysfunction in ADHD.,2023,Annual International Conference of the IEEE Engineering in Medicine and Biology Society. IEEE Engineering in Medicine and Biology Society. Annual International Conference,impulsivity resting-state fMRI functional connectivity,unknown,functional connectivity,impulsivity (general),Attention Deficit/Hyperactivity Disorder (ADHD),associated_with,higher,,direct,0.8,"ADHD patients exhibited significantly higher variability in dFC than TD children in the cingulo-temporal, cingulo-parietal, fronto-temporal, and fronto-parietal networks.",yes,,yes,yes,no,,,,,,,,,,llama-3.1-8b-instruct,2,keep,yes,yes,yes,yes,yes,no,impulsivity (general),functional connectivity,higher,The sentence clearly supports the extracted claim by stating a higher variability in functional connectivity in ADHD patients compared to TD children in specific brain networks.,
232,35621425,"Differentiating Individuals with and without Alcohol Use Disorder Using Resting-State fMRI Functional Connectivity of Reward Network, Neuropsychological Performance, and Impulsivity Measures.",2022,"Behavioral sciences (Basel, Switzerland)",impulsivity resting-state fMRI functional connectivity,unknown,functional connectivity,impulsivity (general),Alcohol Use Disorder,associated_with,higher,,unclear,0.8667,Individuals with AUD manifested significant differences in impulsivity and alterations in functional connectivity relative to controls.,yes,,yes,yes,yes,,,,,,,,,,llama-3.1-8b-instruct,1,revise,yes,yes,yes,no,no,no,impulsivity (general),functional connectivity,higher,"The sentence partially supports the claim, but the direction and directness are not explicitly stated. The phenotype and feature are supported, but the relationship is not explicitly stated as 'associated_with'.",
233,34289458,Resting state dynamic functional connectivity in children with attention deficit/hyperactivity disorder.,2021,Journal of neural engineering,impulsivity resting-state fMRI functional connectivity,unknown,dynamic connectivity,impulsivity (general),Attention deficit/hyperactivity disorder (ADHD),associated_with,unclear,unclear,unclear,0.7,Our results show distributed abnormalities in sFC and dFC between different large-scale RSNs including cortical and subcortical regions in both ADHD subtypes compared to TD.,yes,,yes,yes,yes,,,,,,,,,,llama-3.1-8b-instruct,1,revise,yes,yes,yes,no,no,no,impulsivity (general),dynamic connectivity,unclear,"The sentence partially supports the claim, but the direction and directness are unclear. The phenotype 'impulsivity (general)' is mentioned in the paper title, and the feature 'dynamic connectivity' is also mentioned. However, the relationship is not explicitly stated as 'associated_with', but it can be inferred. The corrected phenotype, feature type, and direction are provided.",
234,37526227,Gender-specific resting-state rDMPFC-centric functional connectivity underpinnings of intertemporal choice.,2023,"Cerebral cortex (New York, N.Y. : 1991)",impulsivity resting-state fMRI functional connectivity,unknown,functional connectivity,impulsivity (general),unknown,correlates_with,unclear,,direct,0.8,"In women, log k was found to be positively correlated with the rsFC between rDMPFC and anterior cingulate cortex/right orbitofrontal cortex.",yes,,yes,yes,no,,,,,,,,,,llama-3.1-8b-instruct,2,keep,yes,yes,yes,yes,yes,no,impulsivity (general),functional connectivity,positive,"The sentence clearly supports the claim, mentioning a specific phenotype (impulsivity), feature type (functional connectivity), relationship (correlates_with), direction (positive), and directness (direct).",
235,37673288,Resting-state functional magnetic resonance imaging alterations in borderline personality disorder: A systematic review.,2023,Journal of affective disorders,impulsivity resting-state fMRI functional connectivity,unknown,functional connectivity,impulsivity (general),borderline personality disorder,associated_with,unclear,,unclear,0.7,"In particular, resting-state functional magnetic resonance imaging (rs-fMRI) studies have recently suggested various connectivity alterations within and between large-scale brain networks in BPD.",yes,,yes,yes,yes,,,,,,,,,,llama-3.1-8b-instruct,1,revise,yes,yes,yes,no,no,no,impulsivity (general),functional connectivity,,"The sentence partially supports the claim by mentioning alterations in functional connectivity, but it does not specify the direction or directness of the association. The phenotype and feature type are correctly identified as impulsivity (general) and functional connectivity, respectively.",
236,35225192,Dissociation of basolateral and central amygdala effective connectivity predicts the stability of emotion-related impulsivity in adolescents and emerging adults with borderline personality symptoms: a resting-state fMRI study.,2023,Psychological medicine,impulsivity resting-state fMRI functional connectivity,unknown,functional connectivity,impulsivity (general),borderline personality symptoms,predicts,unclear,,unclear,0.7,"In borderline adolescents and young adults, BLA may predominate over CeN activity, while in controls the ability of CeN to influence BLA activity predicted more rapid reductions in emotion-related impulsivity.",yes,,yes,yes,yes,,,,,,,,,,llama-3.1-8b-instruct,1,revise,yes,yes,yes,no,no,no,emotion-related impulsivity,functional connectivity,positive,"The sentence partially supports the claim, but the direction and directness need to be corrected. The corrected phenotype is 'emotion-related impulsivity' and the corrected feature type is 'functional connectivity'. The corrected direction is 'positive' because the sentence states that the ability of CeN to influence BLA activity predicted more rapid reductions in emotion-related impulsivity, implying a positive relationship.",
237,31284029,Genetic contribution to the phenotypic correlation between trait impulsivity and resting-state functional connectivity of the amygdala and its subregions.,2019,NeuroImage,impulsivity resting-state fMRI functional connectivity,unknown,functional connectivity,impulsivity (general),unknown,associated_with,higher,,direct,0.8,Trait impulsivity was positively correlated with the rsFC between the left full amygdala and the right dorsolateral prefrontal cortex (DLPFC).,yes,,yes,yes,no,,,,,,,,,,llama-3.1-8b-instruct,2,keep,yes,yes,yes,yes,yes,no,impulsivity (general),functional connectivity,higher,"The sentence clearly supports the extracted claim by stating a positive correlation between impulsivity and the functional connectivity between the amygdala and the DLPFC, which matches the extracted direction of 'higher'.",
238,30391836,Reward and executive control network resting-state functional connectivity is associated with impulsivity during reward-based decision making for cocaine users.,2019,Drug and alcohol dependence,impulsivity resting-state fMRI functional connectivity,unknown,functional connectivity,impulsivity (general),cocaine users,associated_with,unclear,,unclear,0.7,Higher impulsivity on the Balloon Analogue Risk Task (BART) was associated with inverse resting-state connectivity between the left cognitive control and subgenual anterior cingulate extended reward networks for cocaine users.,yes,,yes,yes,no,,,,,,,,,,llama-3.1-8b-instruct,2,keep,yes,yes,yes,yes,yes,no,impulsivity (general),functional connectivity,inverse,"The sentence clearly supports the extracted claim by stating a specific association between impulsivity and functional connectivity in a particular brain network for cocaine users. The direction of the association is also clearly stated as inverse, which matches the extracted direction. The directness of the association is also clearly stated, naming both the phenotype (impulsivity) and the feature (functional connectivity).",
239,30683074,Hyperactivity/restlessness is associated with increased functional connectivity in adults with ADHD: a dimensional analysis of resting state fMRI.,2019,BMC psychiatry,impulsivity resting-state fMRI functional connectivity,unknown,functional connectivity,impulsivity (general),ADHD,associated_with,higher,unclear,direct,1.0,"More severe hyperactivity was associated with increased functional connectivity in the left putamen, right caudate nucleus, right central operculum and a portion of the right postcentral gyrus within the auditory/sensorimotor network.",yes,,yes,yes,yes,,,,,,,,,,llama-3.1-8b-instruct,2,keep,yes,yes,yes,yes,yes,no,hyperactivity,functional connectivity,higher,,
240,33615095,Static and dynamic aspects of cerebro-cerebellar functional connectivity are associated with self-reported measures of impulsivity: A resting-state fMRI study.,2020,"Network neuroscience (Cambridge, Mass.)",impulsivity resting-state fMRI functional connectivity,unknown,functional connectivity,impulsivity (general),unknown,associated_with,unclear,,unclear,0.7,"We observed evidence linking BIS, BAS, sensation seeking, and lack of premeditation to the total strength and temporal variability of FC within networks connecting regions of the prefrontal cortex, precuneus, posterior cingulate cortex, basal ganglia, and thalamus with the cerebellum.",yes,,yes,yes,yes,,,,,,,,,,llama-3.1-8b-instruct,2,keep,yes,yes,yes,yes,yes,no,impulsivity (general),functional connectivity,unclear,,
241,29355588,Resting-state functional connectivity of neurotransmitter producing sites in female patients with borderline personality disorder.,2018,Progress in neuro-psychopharmacology & biological psychiatry,impulsivity resting-state fMRI functional connectivity,unknown,functional connectivity,motor impulsivity,borderline personality disorder,associated_with,higher,noradrenergic dysfunction in the neural inhibitory control network,direct,0.8,BPD patients showed stronger FC from the noradrenergic locus coeruleus (LC) to the ACC. Functional connectivity between the LC and ACC was positively associated with the degree of motor impulsivity in the total group.,yes,,yes,yes,yes,,,,,,,,,,llama-3.1-8b-instruct,2,keep,yes,yes,yes,yes,yes,no,motor impulsivity,functional connectivity,higher,,
242,36799331,Alcohol-induced changes in mesostriatal resting-state functional connectivity are linked to sensation seeking in young adults.,2023,"Alcohol, clinical & experimental research",impulsivity resting-state fMRI functional connectivity,unknown,functional connectivity,unknown,unknown,associated_with,unclear,alcohol-induced,unclear,0.7,Young adults exhibiting smaller alcohol-induced decreases or increases in VTA-left caudate connectivity reported greater sensation seeking.,yes,,yes,yes,no,,,,,,,,,,llama-3.1-8b-instruct,2,keep,yes,yes,yes,yes,yes,no,unknown,functional connectivity,decreases or increases,"The sentence clearly supports the claim by stating a phenotype (unknown), feature type (functional connectivity), relationship (associated with), direction (decreases or increases), and directness (direct).",
243,36089824,Subgroups of internet gaming disorder based on addiction-related resting-state functional connectivity.,2023,"Addiction (Abingdon, England)",impulsivity resting-state fMRI functional connectivity,unknown,functional connectivity,impulsivity (general),internet gaming disorder,associated_with,unclear,,unclear,0.7,Two groups of subjects with IGD were identified and defined by distinct patterns of connectivity in brain networks previously implicated in addictions.,yes,,yes,yes,no,,,,,,,,,,llama-3.1-8b-instruct,0,drop,no,no,no,unclear,unclear,no,,,,"The sentence does not mention a specific phenotype-feature association, and it does not support the extracted claim.",
244,32948139,Aberrant functional connectivity in resting state networks of ADHD patients revealed by independent component analysis.,2020,BMC neuroscience,impulsivity resting-state fMRI functional connectivity,unknown,functional connectivity,impulsivity (general),ADHD,associated_with,lower,unclear,direct,0.8,Altered functional connectivity has been associated with ADHD symptoms.,yes,,yes,yes,yes,,,,,,,,,,llama-3.1-8b-instruct,1,revise,yes,yes,yes,no,no,no,impulsivity (general),functional connectivity,lower,"The sentence does not specify the direction of the association, and it does not name both phenotype and feature.",
245,26825495,Characterising resting-state functional connectivity in a large sample of adults with ADHD.,2016,Progress in neuro-psychopharmacology & biological psychiatry,impulsivity resting-state fMRI functional connectivity,unknown,functional connectivity,impulsivity (general),ADHD,associated_with,unclear,,unclear,0.6,Patients showed significantly stronger connectivity in the anterior cingulate gyrus of the executive control network.,yes,,yes,yes,yes,,,,,,,,,,llama-3.1-8b-instruct,1,revise,yes,yes,yes,no,no,no,impulsivity (general),functional connectivity,increased,"The sentence does not explicitly state the relationship between impulsivity and functional connectivity, but it does mention a group difference. The direction is also unclear, but it can be inferred that the connectivity is increased. The directness is also unclear, but it can be inferred that the sentence is referring to a specific brain region.",
246,29040723,Resting-state functional connectivity in combat veterans suffering from impulsive aggression.,2017,Social cognitive and affective neuroscience,impulsivity resting-state fMRI functional connectivity,unknown,functional connectivity,impulsivity (general),combat veterans,associated_with,unclear,top-down regulation,direct,0.8,Impulsive aggression is common among military personnel after deployment and may arise because of impaired top-down regulation of the amygdala by prefrontal regions.,yes,,yes,yes,yes,,,,,,,,,,llama-3.1-8b-instruct,1,revise,yes,yes,yes,no,no,no,impulsivity (general),functional connectivity,decreased,"The sentence implies a relationship between impulsivity and impaired top-down regulation, but does not explicitly state the direction. The directness is also not fully supported as the sentence does not name both phenotype and feature.",
247,40297839,"Hippocampus Functional Connectivity, Impulsivity, and Subsequent Substance Use.",2025,Journal of cellular neuroscience,impulsivity resting-state fMRI functional connectivity,unknown,functional connectivity,impulsivity (general),unknown,associated_with,unclear,,unclear,0.7,"Baseline brain-wide rsFC of the hippocampus mediates the relationship between impulsivity and subsequent substance use, specifically tobacco and marijuana use, in adolescents.",yes,,yes,yes,no,,,,,,,,,,llama-3.1-8b-instruct,2,keep,yes,yes,yes,yes,yes,no,impulsivity (general),functional connectivity,direct,"The sentence clearly supports the extracted claim, mentioning a specific relationship between impulsivity and functional connectivity of the hippocampus, which is associated with subsequent substance use.",
248,30829454,Resting-state fMRI effective connectivity between the bed nucleus of the stria terminalis and amygdala nuclei.,2019,Human brain mapping,impulsivity resting-state fMRI functional connectivity,unknown,functional connectivity,unknown,unknown,associated_with,unclear,unknown,direct,0.7,"The bed nucleus of the stria terminalis (BNST) and the laterobasal nucleus (LB), centromedial nucleus (CM), and superficial nucleus (SF) of the amygdala form an interconnected dynamical system, whose combined activity mediates a variety of behavioral and autonomic responses in reaction to homeostatic challenges.",yes,,yes,yes,yes,,,,,,,,,,llama-3.1-8b-instruct,0,drop,no,no,no,unclear,no,no,,functional connectivity,,"The sentence does not mention a specific phenotype or feature, and the relationship is not clearly stated. The directness is also not supported because it does not name both phenotype and feature.",
249,29723554,Decreased resting-state BOLD regional homogeneity and the intrinsic functional connectivity within dorsal striatum is associated with greater impulsivity in food-related decision-making and BMI change at 6-month follow up.,2018,Appetite,impulsivity resting-state fMRI functional connectivity,unknown,functional connectivity,impulsivity (general),unknown,associated_with,lower,unclear,direct,0.8,"Greater impulsivity in food-related decision-making was inversely correlated with spontaneous regional homogeneity in the dorsal striatum (dorsal caudate), as well as the resting-state functional connectivity (rs-FC) between the dorsal caudate seed and the rostral putamen.",yes,,yes,yes,no,,,,,,,,,,llama-3.1-8b-instruct,2,keep,yes,yes,yes,yes,yes,no,impulsivity (general),functional connectivity,lower,"The sentence clearly supports the extracted claim, mentioning a direct association between impulsivity and functional connectivity in the dorsal striatum.",
250,33625381,Differences in resting-state functional connectivity according to the level of impulsiveness in patients with internet gaming disorder.,2021,Journal of behavioral addictions,impulsivity resting-state fMRI functional connectivity,unknown,functional connectivity,impulsivity (general),Internet gaming disorder,associated_with,unclear,unclear,unclear,0.7,"Connectivity of the vmPFC with the left temporo-parietal junction (TPJ) and NAcc-left insula connectivity were significantly decreased in the patients with high impulsivity, compared with the patients with low impulsivity and healthy controls.",yes,,yes,yes,yes,,,,,,,,,,llama-3.1-8b-instruct,2,keep,yes,yes,yes,yes,yes,no,impulsivity (general),functional connectivity,decreased,The sentence clearly supports the claim by stating a specific association between impulsivity and functional connectivity in a particular brain region.,
251,35193713,Enhanced resting-state EEG source functional connectivity within the default mode and reward-salience networks in internet gaming disorder.,2022,Psychological medicine,impulsivity resting-state fMRI functional connectivity,unknown,EEG connectivity,impulsivity (general),internet gaming disorder,associated_with,higher,unclear,direct,0.8,"Patients with IGD showed increased theta, alpha, and beta connectivity within the DMN between the orbitofrontal cortex and parietal regions compared with HCs.",yes,,yes,yes,yes,,,,,,,,,,llama-3.1-8b-instruct,2,keep,yes,yes,yes,yes,yes,no,impulsivity (general),EEG connectivity,higher,"The sentence clearly supports the extracted claim, mentioning a specific brain region (orbitofrontal cortex and parietal regions) and a direct association between the phenotype and feature.",
252,31640464,Resting-State fMRI Study of ADHD and Internet Gaming Disorder.,2021,Journal of attention disorders,impulsivity resting-state fMRI functional connectivity,unknown,functional connectivity,impulsivity (general),Attention Deficit Hyperactivity Disorder (ADHD) and Internet Gaming Disorder (IGD),associated_with,unclear,,unclear,0.7,The functional connectivity (FC) from the cortex to subcortex in both groups was decreased relative to that in age-matched healthy participants.,yes,,yes,yes,yes,,,,,,,,,,llama-3.1-8b-instruct,1,revise,yes,yes,yes,no,no,no,impulsivity (general),functional connectivity,decreased,"The sentence partially supports the claim, but the direction and directness need to be revised to match the extracted claim.",
253,31611841,Altered Resting-State Functional Connectivity in Wernicke's Encephalopathy With Vestibular Impairment.,2019,Frontiers in neurology,impulsivity resting-state fMRI functional connectivity,unknown,functional connectivity,unknown,Wernicke's Encephalopathy,associated_with,unclear,,background,0.5,"Functional connections at the predefined seed regions, including the insular cortex and parietal operculum, were attenuated in the WE group compared to healthy controls.",yes,,yes,yes,yes,,,,,,,,,,llama-3.1-8b-instruct,2,keep,yes,yes,yes,yes,yes,no,Wernicke's Encephalopathy,functional connectivity,decreased,"The sentence clearly supports the claim by stating a specific phenotype (Wernicke's Encephalopathy), a feature type (functional connectivity), a relationship (associated with), a direction (decreased), and directness (foreground).",
254,25899520,Altered resting-state functional connectivity of the insula in young adults with Internet gaming disorder.,2016,Addiction biology,impulsivity resting-state fMRI functional connectivity,unknown,functional connectivity,impulsivity (general),Internet gaming disorder,associated_with,higher,unclear,direct,0.8,"In comparison with HCs, IGD subjects (IGDs) exhibited enhanced rsFC between the anterior insula and a network of regions including anterior cingulate cortex (ACC), putamen, angular gyrus, and precuneous.",yes,,yes,yes,no,,,,,,,,,,llama-3.1-8b-instruct,2,keep,yes,yes,yes,yes,yes,no,impulsivity (general),functional connectivity,higher,The sentence clearly supports the extracted claim by stating a direct association between impulsivity (general) and enhanced functional connectivity in IGD subjects compared to HCs.,
255,27394716,Double-dissociation between the mechanism leading to impulsivity and inattention in Attention Deficit Hyperactivity Disorder: A resting-state functional connectivity study.,2017,Cortex; a journal devoted to the study of the nervous system and behavior,impulsivity resting-state fMRI functional connectivity,unknown,functional connectivity,impulsivity (general),Attention Deficit Hyperactivity Disorder,associated_with,higher,unknown,direct,0.8,"We found a double dissociation of functional connectivity in the cortico-striatal and ventral attentional networks, reflecting the subtypes of the ADHD participants.",yes,,yes,yes,yes,,,,,,,,,,llama-3.1-8b-instruct,1,revise,yes,yes,yes,no,no,no,impulsivity (general),functional connectivity,unknown,"The sentence supports the phenotype, feature, and relationship, but the direction is not explicitly stated. The directness is also not fully supported as the sentence does not name both phenotype and feature. The corrected phenotype, feature type, and direction are based on the extracted claim.",
256,30366001,Habenula-prefrontal resting-state connectivity in reactive aggressive men - A pilot study.,2019,Neuropharmacology,impulsivity resting-state fMRI functional connectivity,unknown,functional connectivity,impulsivity (general),intermittent-explosive disorder (IED),associated_with,unclear,,unclear,0.7,"In a pilot study, we used resting-state functional magnetic resonance imaging to investigate the effects of pronounced reactive aggression in men, exemplified by IED, on the functional organization of resting-state brain networks including subcortical nodes such as the habenula previously implicated in aggression in preclinical models.",yes,,yes,yes,yes,,,,,,,,,,llama-3.1-8b-instruct,1,revise,yes,yes,yes,no,no,no,impulsivity (general),functional connectivity,unclear,"The sentence partially supports the claim but needs revision or is indirect. The phenotype and feature are mentioned, but the direction and directness are unclear.",
257,38521138,Large-scale network abnormality in behavioral addiction.,2024,Journal of affective disorders,impulsivity resting-state fMRI functional connectivity,unknown,functional connectivity,impulsivity (general),unknown,associated_with,unclear,,unclear,0.8,individuals with BAs exhibit hypo-connectivity within the fronto-parietal network (FN) and hypo- and hyper-connectivity within the ventral attention network (VAN),yes,,yes,yes,no,,,,,,,,,,llama-3.1-8b-instruct,2,keep,yes,yes,yes,yes,yes,no,impulsivity (general),functional connectivity,decreased/increased,"The sentence clearly supports the claim by mentioning a specific brain network abnormality in individuals with behavioral addiction, which is associated with impulsivity. The direction of the abnormality is also clear, as it mentions hypo- and hyper-connectivity.",
258,34728230,Resting-state functional connectivity within orbitofrontal cortex and inferior frontal gyrus modulates the relationship between reflection level and risk-taking behavior in internet gaming disorder.,2022,Brain research bulletin,impulsivity resting-state fMRI functional connectivity,unknown,functional connectivity,impulsivity (general),internet gaming disorder,modulates,unclear,unknown,direct,0.8,"The mediation analyses revealed that, among IGD participants, the rsFC between OFC and IFG fully mediated the relationship between reflection level and risk-taking behavior.",yes,,yes,yes,no,,,,,,,,,,llama-3.1-8b-instruct,2,keep,yes,yes,yes,yes,yes,no,impulsivity (general),functional connectivity,positive,"The sentence clearly supports the extracted claim, mentioning a direct relationship between reflection level and risk-taking behavior, mediated by the functional connectivity between OFC and IFG, which is related to impulsivity in the context of internet gaming disorder.",
259,41257054,Ventral Attention Network Resting State Functional Connectivity: Psychosocial Correlates among US Adolescents.,2025,Journal of biomedical and life sciences,impulsivity resting-state fMRI functional connectivity,unknown,functional connectivity,impulsivity (general),unknown,correlates_with,unclear,,unclear,0.6,Greater VAN connectivity was negatively associated with impulsive reward-driven trait (drive).,yes,,yes,yes,no,,,,,,,,,,llama-3.1-8b-instruct,2,keep,yes,yes,yes,yes,yes,no,impulsivity (general),functional connectivity,negatively associated,"The sentence clearly supports the extracted claim, mentioning impulsivity as the phenotype, functional connectivity as the feature type, and a correlation as the relationship. The direction is also supported as 'negatively associated'.",
260,36963562,Youth Screen Media Activity Patterns and Associations With Behavioral Developmental Measures and Resting-state Brain Functional Connectivity.,2023,Journal of the American Academy of Child and Adolescent Psychiatry,impulsivity resting-state fMRI functional connectivity,unknown,functional connectivity,impulsivity (general),unknown,associated_with,higher,,unclear,0.8,"Compared with the lower-frequency SMA pattern group, the video-centric higher-frequency SMA pattern group showed higher impulsivity.",yes,,yes,yes,no,,,,,,,,,,llama-3.1-8b-instruct,2,keep,yes,yes,yes,yes,yes,no,impulsivity (general),functional connectivity,higher,"The sentence clearly supports the extracted claim, mentioning a specific phenotype (impulsivity), feature type (functional connectivity), relationship (associated with), direction (higher), and directness (unclear).",
261,24818075,Altered resting-state functional connectivity in patients with chronic bilateral vestibular failure.,2014,NeuroImage. Clinical,impulsivity resting-state fMRI functional connectivity,unknown,functional connectivity,unknown,chronic bilateral vestibular failure,associated_with,unclear,unknown,indirect,0.6,BVF patients showed lower bilateral connectivity in the posterior insula and parietal operculum but higher connectivity in the posterior cerebellum compared to controls.,yes,,yes,yes,yes,,,,,,,,,,llama-3.1-8b-instruct,2,keep,yes,yes,yes,yes,yes,no,,,,,
262,38889552,"Disrupted dynamic brain functional connectivity in male cocaine use disorder: Hyperconnectivity, strongly-connected state tendency, and links to impulsivity and borderline traits.",2024,Journal of psychiatric research,impulsivity resting-state fMRI functional connectivity,unknown,dynamic connectivity,impulsivity (general),cocaine use disorder,associated_with,higher,unclear,direct,0.8,Our analysis revealed abnormal FC patterns that are state-dependent and state-shared in CUD patients.,yes,,yes,yes,yes,,,,,,,,,,llama-3.1-8b-instruct,1,revise,yes,yes,yes,no,no,no,impulsivity (general),dynamic connectivity,abnormal,"The sentence does not directly support the direction of 'higher' impulsivity, and it does not name both phenotype and feature explicitly.",
263,37131072,The functional connectome in obsessive-compulsive disorder: resting-state mega-analysis and machine learning classification for the ENIGMA-OCD consortium.,2023,Molecular psychiatry,impulsivity resting-state fMRI functional connectivity,unknown,functional connectivity,unknown,obsessive-compulsive disorder,associated_with,unclear,,unclear,0.5,"Current knowledge about functional connectivity in obsessive-compulsive disorder (OCD) is based on small-scale studies, limiting the generalizability of results.",yes,,yes,yes,yes,,,,,,,,,,llama-3.1-8b-instruct,0,drop,no,no,no,unclear,unclear,unclear,,,,"The sentence does not provide any information about the phenotype, feature, relationship, or direction/directness of the claim.",
264,39424632,Enhanced ADHD classification through deep learning and dynamic resting state fMRI analysis.,2024,Scientific reports,impulsivity resting-state fMRI functional connectivity,unknown,dynamic connectivity,impulsivity (general),Attention Deficit Hyperactivity Disorder (ADHD),associated_with,unclear,,unclear,0.8,Resting-state functional connectivity analysis has emerged as a promising approach for ADHD classification using resting-state functional magnetic resonance imaging (rs-fMRI),yes,,yes,yes,yes,,,,,,,,,,llama-3.1-8b-instruct,0,drop,no,no,no,unclear,unclear,unclear,,,,"The sentence does not mention impulsivity or any other specific phenotype, nor does it mention dynamic connectivity or any other specific feature type. It only mentions resting-state functional connectivity analysis as a promising approach for ADHD classification.",
265,26311395,Abnormal prefrontal cortex resting state functional connectivity and severity of internet gaming disorder.,2016,Brain imaging and behavior,impulsivity resting-state fMRI functional connectivity,unknown,functional connectivity,impulsivity (general),Internet Gaming Disorder,associated_with,lower,decreased functional connectivity,direct,0.8,"IGD subjects showed decreased functional connectivity between several cortical regions and our seeds, including the insula, and temporal and occipital cortices.",yes,,yes,yes,yes,,,,,,,,,,llama-3.1-8b-instruct,2,keep,yes,yes,yes,yes,yes,no,impulsivity (general),functional connectivity,lower,"The sentence directly states that IGD subjects showed decreased functional connectivity, which matches the extracted claim's relationship, direction, and feature type.",
266,40766121,Resting-state functional connectivity alterations in obsessive-compulsive disorder: relationships between connectivity and clinical profiles in the Global OCD study.,2025,medRxiv : the preprint server for health sciences,impulsivity resting-state fMRI functional connectivity,unknown,functional connectivity,unknown,obsessive-compulsive disorder,associated_with,lower,,unclear,0.7,"Seed-based analysis showed weaker FC between the nucleus accumbens and left cerebellum in OCD versus HC, while NBS revealed a network of widespread hypoconnectivity spanning 249 regions.",yes,,yes,yes,yes,,,,,,,,,,llama-3.1-8b-instruct,1,revise,yes,yes,yes,yes,no,no,obsessive-compulsive disorder,functional connectivity,lower,"The sentence partially supports the claim, but the phenotype and feature type need to be corrected to match the extracted claim. The direction is supported, but the directness is unclear because the sentence does not name both phenotype and feature.",
267,34272398,Abnormal interhemispheric resting state functional connectivity in Parkinson's disease patients with impulse control disorders.,2021,NPJ Parkinson's disease,impulsivity resting-state fMRI functional connectivity,unknown,functional connectivity,impulsivity (general),Parkinson's disease,associated_with,lower,reduced VMHC values,direct,0.8,PD-ICD group demonstrated reduced VMHC values in middle frontal gyrus (MFG).,yes,,yes,yes,yes,,,,,,,,,,llama-3.1-8b-instruct,2,keep,yes,yes,yes,yes,yes,no,impulsivity (general),functional connectivity,lower,,
268,35091540,Brain network dysfunctions in addiction: a meta-analysis of resting-state functional connectivity.,2022,Translational psychiatry,impulsivity resting-state fMRI functional connectivity,unknown,functional connectivity,unknown,substance use disorder (SUD) and behavioral addictions (BA),associated_with,higher,unclear,direct,0.8,"Data from fifty-two studies showed that SUD was associated with putamen, caudate and middle frontal gyrus hyperconnectivity relative to healthy controls.",yes,,yes,yes,yes,,,,,,,,,,llama-3.1-8b-instruct,2,keep,yes,yes,yes,yes,yes,no,substance use disorder (SUD),functional connectivity,higher,"The sentence clearly supports the claim by stating a specific phenotype (SUD), feature type (functional connectivity), relationship (associated with), direction (higher), and directness (direct).",
269,31500674,Impairments of large-scale functional networks in attention-deficit/hyperactivity disorder: a meta-analysis of resting-state functional connectivity.,2019,Psychological medicine,impulsivity resting-state fMRI functional connectivity,unknown,functional connectivity,impulsivity (general),attention-deficit/hyperactivity disorder (ADHD),associated_with,unclear,,unclear,0.7,Altered resting-state functional connectivity (rsFC) has been noted in large-scale functional networks in attention-deficit/hyperactivity disorder (ADHD).,yes,,yes,yes,yes,,,,,,,,,,llama-3.1-8b-instruct,1,revise,yes,yes,yes,no,no,no,impulsivity (general),functional connectivity,unclear,"The sentence partially supports the claim by mentioning a phenotype (impulsivity) and a feature (functional connectivity), but the direction and directness are unclear. The corrected phenotype, feature type, and direction are based on the extracted claim.",
270,35710854,Resting-state functional connectivity and socioemotional processes in male perpetrators of intimate partner violence against women.,2022,Scientific reports,impulsivity resting-state fMRI functional connectivity,unknown,functional connectivity,impulsivity (general),unknown,associated_with,higher,unclear,direct,0.7,"Male perpetrators in comparison to other offenders and non-offenders, presented higher rsFC between prefrontal, limbic, brainstem, temporal and basal ganglia areas.",yes,,yes,yes,yes,,,,,,,,,,llama-3.1-8b-instruct,1,revise,yes,yes,yes,no,no,no,impulsivity (general),functional connectivity,higher,"The sentence partially supports the claim, but the direction and directness need to be revised to match the extracted claim. The sentence does not specify the phenotype-feature association directly, but it can be inferred that impulsivity is associated with higher functional connectivity.",
271,33229018,Impaired cortico-striatal functional connectivity is related to trait impulsivity in unmedicated patients with obsessive-compulsive disorder.,2021,Journal of affective disorders,impulsivity resting-state fMRI functional connectivity,unknown,functional connectivity,attentional impulsivity,obsessive-compulsive disorder,associated_with,unclear,,unclear,0.7,"The putamen-DLPFC connectivity was negatively correlated with attentional impulsivity in the OCD group, but showed a positive correlation in HCs.",yes,,yes,yes,no,,,,,,,,,,llama-3.1-8b-instruct,1,revise,yes,yes,yes,no,no,no,attentional impulsivity,functional connectivity,negative,"The sentence partially supports the claim, but the direction is mixed and needs revision. The sentence also does not name both phenotype and feature, so directness is not fully supported.",
272,34425489,Prospective study on resting state functional connectivity in adolescents with major depressive disorder after antidepressant treatment.,2021,Journal of psychiatric research,impulsivity resting-state fMRI functional connectivity,unknown,functional connectivity,impulsivity (general),major depressive disorder,associated_with,unclear,,unclear,0.7,The positive rsFC between the right DLPFC and the left putamen/right frontal operculum were shown to be higher in patients than in the controls.,yes,,yes,yes,yes,,,,,,,,,,llama-3.1-8b-instruct,1,revise,yes,yes,yes,no,no,no,impulsivity (general),functional connectivity,increased,"The sentence directly supports a phenotype-feature association, but the direction is not explicitly stated as 'increased' or 'decreased'. The directness is also not explicitly stated as 'direct' or 'indirect'.",
273,21406160,Aberrant connectivity of resting-state networks in borderline personality disorder.,2011,Journal of psychiatry & neuroscience : JPN,impulsivity resting-state fMRI functional connectivity,unknown,functional connectivity,impulsivity (general),borderline personality disorder,associated_with,unclear,,direct,0.8,"There were 17 women with BPD and 17 female healthy controls enrolled in this study. Within a network comprising cortical midline regions ('default mode network'), patients with BPD showed an increase in functional connectivity in the left frontopolar cortex (FPC) and the left insula, whereas decreased connectivity was found in the left cuneus.",yes,,yes,yes,no,,,,,,,,,,llama-3.1-8b-instruct,2,keep,yes,yes,yes,yes,yes,no,impulsivity (general),functional connectivity,increased,"The sentence clearly supports the claim by stating a direct association between impulsivity (general) and functional connectivity in the brain, specifically increased connectivity in the left frontopolar cortex and the left insula, and decreased connectivity in the left cuneus.",
274,39446154,Functional connectivity density of brain in children with primary nocturnal enuresis: results from a resting-state fMRI study.,2025,European child & adolescent psychiatry,impulsivity resting-state fMRI functional connectivity,unknown,functional connectivity,impulsivity (general),primary nocturnal enuresis,associated_with,unclear,,unclear,0.7,Decreased gFCD and lFCD were found in the left temporal lobe and the right posterior cerebellum in the children with PNE compared with the HC. The FCD values in these regions were negatively correlated with the scores of hyperactivity/impulsivity in the children with PNE.,yes,,yes,yes,yes,,,,,,,,,,llama-3.1-8b-instruct,2,keep,yes,yes,yes,yes,yes,no,impulsivity (general),functional connectivity,negatively correlated,The sentence clearly supports the extracted claim by mentioning a specific brain region (left temporal lobe and the right posterior cerebellum) and a relationship between functional connectivity and impulsivity in children with primary nocturnal enuresis.,
275,21709236,Premotor functional connectivity predicts impulsivity in juvenile offenders.,2011,Proceedings of the National Academy of Sciences of the United States of America,impulsivity resting-state fMRI functional connectivity,unknown,functional connectivity,impulsivity (general),unknown,predicts,higher,,direct,1.0,"In less-impulsive juveniles and normal controls, motor planning regions were correlated with brain networks associated with spatial attention and executive control. In more-impulsive juveniles, these same regions correlated with the default-mode network.",yes,,yes,yes,no,,,,,,,,,,llama-3.1-8b-instruct,1,revise,yes,yes,yes,no,no,no,impulsivity (general),functional connectivity,lower,"The sentence partially supports the claim because it mentions the relationship between impulsivity and functional connectivity, but the direction is mixed and the directness is not fully captured. The corrected phenotype and feature type are already present in the claim, but the direction needs to be corrected to 'lower' to match the sentence.",
276,32912593,Resting-state functional connectivity in drug-naive pediatric patients with Tourette syndrome and obsessive-compulsive disorder.,2020,Journal of psychiatric research,impulsivity resting-state fMRI functional connectivity,unknown,functional connectivity,impulsivity (general),Tourette syndrome and obsessive-compulsive disorder,associated_with,higher,,unclear,0.7,"TS and TS + OCD patients showed higher FC in the BGN, SMN, CBN and DMN and lower FC in the FPN and SAN.",yes,,yes,yes,yes,,,,,,,,,,llama-3.1-8b-instruct,1,revise,yes,yes,yes,yes,no,no,impulsivity (general),functional connectivity,higher,"The sentence partially supports the claim, but the directness is unclear because it does not specify the relationship between the brain regions and the phenotype. The corrected fields are the phenotype, feature type, and direction.",
277,37423204,The Moderating Role of Sex in the Relation between Cue-Induced Craving and Resting-State Functional Connectivity in the Salience Network of Non-Clinically Diagnosed Drinkers.,2023,European addiction research,impulsivity resting-state fMRI functional connectivity,unknown,unknown,unknown,unknown,unknown,unclear,,background,0.0,The association between the salience network and cue-induced craving was not statistically significant.,yes,,yes,yes,no,,,,,,,,,,llama-3.1-8b-instruct,0,drop,no,no,no,unclear,no,no,,,,"The sentence does not support the claim because it does not mention a phenotype-feature association, and the relationship is not specified.",
278,24834038,Brain functional connectivity changes in children that differ in impulsivity temperamental trait.,2014,Frontiers in behavioral neuroscience,impulsivity resting-state fMRI functional connectivity,unknown,functional connectivity,impulsivity (general),unknown,associated_with,unclear,,direct,0.8,"We related brain functional connectivity of typically developing children, measured with magnetic resonance imaging at rest, with their impulsivity scores obtained from a questionnaire completed by their parents.",yes,,yes,yes,yes,,,,,,,,,,llama-3.1-8b-instruct,1,revise,yes,yes,yes,no,yes,no,impulsivity (general),functional connectivity,,"The sentence partially supports the claim because it mentions the association between impulsivity and functional connectivity, but the direction of the association is unclear. The directness of the claim is supported because it names both phenotype and feature.",
279,31898088,Sex-specific effects of cigarette smoking on caudate and amygdala volume and resting-state functional connectivity.,2021,Brain imaging and behavior,impulsivity resting-state fMRI functional connectivity,unknown,functional connectivity,impulsivity (general),unknown,associated_with,unclear,,unclear,0.7,The rsFC of the right amygala-OFC circuit was negatively associated with the craving score in male but not female smokers.,yes,,yes,yes,no,,,,,,,,,,llama-3.1-8b-instruct,1,revise,yes,yes,yes,no,no,no,impulsivity (general),functional connectivity,negative,"The sentence partially supports the claim but needs revision or is indirect. The phenotype 'impulsivity (general)' is supported, but the feature type 'functional connectivity' is supported. The relationship 'associated_with' is supported, but the direction 'unclear' is not supported because the sentence specifies a negative association. The directness 'unclear' is not supported because the sentence does not name both phenotype and feature.",
280,26769234,"Frontostriatal circuits, resting state functional connectivity and cognitive control in internet gaming disorder.",2017,Addiction biology,impulsivity resting-state fMRI functional connectivity,unknown,functional connectivity,unknown,internet gaming disorder,associated_with,unclear,,unclear,0.7,"In IGD subjects, we demonstrated an increased volume of right caudate and nucleus accumbens (NAc) as well as reduced RSFC strength of dorsal prefrontal cortex (DLPFC)-caudate and orbitofrontal cortex (OFC)-NAc.",yes,,yes,yes,yes,,,,,,,,,,llama-3.1-8b-instruct,2,keep,yes,yes,yes,yes,yes,no,increased volume of right caudate and nucleus accumbens,structural volume,increased,The sentence clearly supports the claim by stating a specific phenotype (increased volume of right caudate and nucleus accumbens) and its association with a feature (reduced RSFC strength) in a diagnostic context (internet gaming disorder).,
281,26863028,Altered Functional Connectivity of the Insula and Nucleus Accumbens in Internet Gaming Disorder: A Resting State fMRI Study.,2016,European addiction research,impulsivity resting-state fMRI functional connectivity,unknown,functional connectivity,impulsivity (general),Internet Gaming Disorder,associated_with,higher,unclear,direct,0.8,The elevated inter-hemispheric insula FC is found to be associated with impulsivity and might explain why it is involved in IGD.,yes,,yes,yes,yes,,,,,,,,,,llama-3.1-8b-instruct,1,revise,yes,yes,yes,no,no,no,impulsivity (general),functional connectivity,higher,"The sentence partially supports the claim, but the direction is not explicitly stated as 'higher' in the sentence. The sentence also does not name the brain system directly, but it is implied to be the insula. The directness is also not explicitly stated as 'direct' in the sentence, but it is implied to be direct as it is explaining why the insula is involved in IGD.",
282,40800313,"Charting the brain networks of impulsivity: Meta-analytic synthesis, functional connectivity modelling, and neurotransmitter associations.",2024,"Imaging neuroscience (Cambridge, Mass.)",impulsivity resting-state fMRI functional connectivity,unknown,functional connectivity,impulsivity (general),unknown,associated_with,unclear,,unclear,0.8,"Resting-state functional connectivity revealed the two systems were organised into four specialised communities of default-mode, cingulo-insular, fronto-parietal, and temporal regions.",yes,,yes,yes,yes,,,,,,,,,,llama-3.1-8b-instruct,0,drop,no,no,no,unclear,unclear,unclear,,,,"The sentence does not mention impulsivity or any association with it, so it does not support the claim.",
283,26767373,Serotonergic modulation of resting state default mode network connectivity in healthy women.,2016,Amino acids,impulsivity resting-state fMRI functional connectivity,unknown,functional connectivity,impulsivity (general),unknown,associated_with,unclear,serotonergic modulation,direct,0.8,Altered DMN connectivity has been linked to diminished cerebral serotonin synthesis.,yes,,yes,yes,yes,,,,,,,,,,llama-3.1-8b-instruct,1,revise,yes,yes,yes,no,no,no,impulsivity (general),functional connectivity,decreased,"The sentence does not directly support the claim, but it can be revised to support it. The phenotype and feature are mentioned, but the direction is not. The relationship is mentioned as 'linked to', which can be revised to 'associated with'.",
284,41092314,Time-varying brain state dynamics in trait impulsivity and anxiety: An HSMM analysis of resting-state fMRI.,2025,Social cognitive and affective neuroscience,impulsivity resting-state fMRI functional connectivity,unknown,dynamic connectivity,impulsivity (general),unknown,associated_with,unclear,,indirect,0.7,"The HI group spent more time in a state with an inverse pattern between the default mode network and the salience/ventral attention network, with anticorrelated connectivity and opposing activation, compared with the HA and HIHA groups.",yes,,yes,yes,no,,,,,,,,,,llama-3.1-8b-instruct,1,revise,yes,yes,yes,no,no,no,impulsivity (general),dynamic connectivity,positive,"The sentence partially supports the claim as it mentions a group difference in brain state dynamics, but the direction of the association is unclear. The directness of the association is also unclear as it does not explicitly state the phenotype and feature. The corrected phenotype and feature type are based on the extracted claim, and the corrected direction is inferred as positive based on the mention of an inverse pattern and anticorrelated connectivity.",
285,29926324,12-h abstinence-induced functional connectivity density changes and craving in young smokers: a resting-state study.,2019,Brain imaging and behavior,impulsivity resting-state fMRI functional connectivity,unknown,functional connectivity,nonplanning impulsivity,smoking addiction,associated_with,higher,unclear,direct,0.8,"We found young adult smokers in abstinence state (vs satiety) had higher local functional connectivity density (lFCD) and global functional connectivity density (gFCD) in brain regions including striatal subregions (i.e., bilateral caudate and putamen), frontal regions (i.e., anterior cingulate cortex (ACC) and orbital frontal cortex (OFC)) and bilateral insula.",yes,,yes,yes,yes,,,,,,,,,,llama-3.1-8b-instruct,1,revise,yes,yes,yes,yes,no,no,nonplanning impulsivity,functional connectivity density,higher,"The sentence partially supports the claim as it mentions the phenotype (nonplanning impulsivity) and feature (functional connectivity density), but does not directly relate them. The direction is also supported, but the directness is not fully captured as the sentence does not name both phenotype and feature.",
286,33434637,Large-scale network dysfunction in youths with Internet gaming disorder: a meta-analysis of resting-state functional connectivity studies.,2021,Progress in neuro-psychopharmacology & biological psychiatry,impulsivity resting-state fMRI functional connectivity,unknown,functional connectivity,impulsivity (general),Internet gaming disorder,associated_with,unclear,,unclear,0.7,Individuals with IGD show large-scale functional network alteration which underpins their core symptoms including impaired executive control.,yes,,yes,yes,no,,,,,,,,,,llama-3.1-8b-instruct,1,revise,yes,yes,yes,no,no,no,impulsivity (general),functional connectivity,increased/decreased,"The sentence partially supports the claim by mentioning a phenotype (core symptoms including impaired executive control) and a feature (functional network alteration). However, the direction of the relationship is unclear and the directness is also unclear as it does not name both phenotype and feature. The corrected phenotype, feature type, and direction are based on the extracted claim.",
287,25727574,Abnormal gray matter volume and resting-state functional connectivity in former heroin-dependent individuals abstinent for multiple years.,2016,Addiction biology,impulsivity resting-state fMRI functional connectivity,unknown,functional connectivity,impulsivity (general),unknown,associated_with,unclear,,indirect,0.7,The altered functional connectivity was correlated with self-reported impulsivity scores in the FHD subjects.,yes,,yes,yes,no,,,,,,,,,,llama-3.1-8b-instruct,2,keep,yes,yes,yes,yes,yes,no,impulsivity (general),functional connectivity,positive,"The sentence clearly supports the extracted claim, mentioning a specific phenotype (impulsivity), feature type (functional connectivity), and relationship (associated with). The direction is implied to be positive as the sentence mentions 'correlated with', which typically implies a positive relationship. The directness is also supported as the sentence names both phenotype and feature.",
288,25506057,Different resting-state functional connectivity alterations in smokers and nonsmokers with Internet gaming addiction.,2014,BioMed research international,impulsivity resting-state fMRI functional connectivity,unknown,functional connectivity,unknown,Internet gaming addiction,associated_with,unclear,,unclear,0.7,This study investigated changes in resting-state functional connectivity (rsFC) of posterior cingulate cortex (PCC) in smokers and nonsmokers with Internet gaming addiction (IGA).,yes,,yes,yes,yes,,,,,,,,,,llama-3.1-8b-instruct,1,revise,yes,yes,yes,no,no,no,smokers and nonsmokers with Internet gaming addiction,functional connectivity of posterior cingulate cortex,,"The sentence partially supports the claim by mentioning the phenotype (smokers and nonsmokers with Internet gaming addiction) and feature (functional connectivity of posterior cingulate cortex), but the relationship and direction are unclear. The corrected phenotype and feature type are provided.",
289,23968837,Resting-state striato-frontal functional connectivity is sensitive to DAT1 genotype and predicts executive function.,2015,"Cerebral cortex (New York, N.Y. : 1991)",impulsivity resting-state fMRI functional connectivity,unknown,functional connectivity,impulsivity (general),unknown,predicts,unclear,,direct,0.8,"We found that stronger DC-seeded connectivity predicted superior N-back working memory performance, while stronger ventral striatum-seeded connectivity predicted reduced impulsivity in everyday life.",yes,,yes,yes,no,,,,,,,,,,llama-3.1-8b-instruct,2,keep,yes,yes,yes,yes,yes,no,impulsivity (general),functional connectivity,positive,"The sentence clearly supports the phenotype (impulsivity), feature (functional connectivity), relationship (predicts), direction (positive), and directness (direct) when stated.",
290,34606774,Resting state predicts neural activity during reward-guided decision making: An fMRI study on Balloon Analogue Risk Task.,2022,Behavioural brain research,impulsivity resting-state fMRI functional connectivity,unknown,functional connectivity,impulsivity (general),unknown,predicts,unclear,,direct,0.8,"In our previous work [8], we have shown that resting state (RS) functional connectivity metrics are significantly related with behavioural performance at Balloon Analogue Risk Task (BART).",yes,,yes,yes,yes,,,,,,,,,,llama-3.1-8b-instruct,1,revise,yes,yes,yes,no,yes,no,impulsivity (general),functional connectivity,positive,"The sentence partially supports the claim, but the direction is unclear and should be revised to 'positive' as it implies a positive relationship between resting state functional connectivity metrics and behavioural performance at BART.",
291,36899209,Internet addiction-induced brain structure and function alterations: a systematic review and meta-analysis of voxel-based morphometry and resting-state functional connectivity studies.,2023,Brain imaging and behavior,impulsivity resting-state fMRI functional connectivity,unknown,functional connectivity,impulsivity (general),unknown,associated_with,unclear,,unclear,0.6,"These changes may underlie the core symptoms of IA, which include emotional regulation disorder, distraction, and impaired executive control.",yes,,yes,yes,yes,,,,,,,,,,llama-3.1-8b-instruct,0,drop,no,no,no,unclear,unclear,unclear,,,,"The sentence does not mention a specific phenotype-feature association, and the relationship between IA and brain structure/function alterations is discussed in the context of a systematic review and meta-analysis, not a direct association.",
292,40230597,"Resting-State Sensory-Motor Connectivity between Hand and Mouth as a Neural Marker of Socioeconomic Disadvantage, Psychosocial Stress, Cognitive Difficulties, Impulsivity, Depression, and Substance Use in Children.",2025,Journal of cellular neuroscience,impulsivity resting-state fMRI functional connectivity,unknown,functional connectivity,impulsivity (general),unknown,associated_with,higher,,unclear,0.7,Higher rsFC between the sensory-motor mouth and hand regions was linked to greater impulsivity.,yes,,yes,yes,no,,,,,,,,,,llama-3.1-8b-instruct,2,keep,yes,yes,yes,yes,yes,no,impulsivity (general),functional connectivity,higher,"The sentence clearly supports the extracted claim, mentioning a specific phenotype (impulsivity), feature type (functional connectivity), relationship (associated with), direction (higher), and directness (unclear) is not explicitly mentioned but the sentence structure implies a direct relationship between the two variables.",
293,39054810,Food insecurity and adolescent impulsivity: The mediating role of functional connectivity in the context of family flexibility.,2024,Developmental science,impulsivity resting-state fMRI functional connectivity,unknown,functional connectivity,impulsivity (general),unknown,associated_with,higher,unclear,direct,0.8,High left anterior insula and left middle frontal gyrus connectivity was associated with increased impulsivity 1 year later.,yes,,yes,yes,yes,,,,,,,,,,llama-3.1-8b-instruct,2,keep,yes,yes,yes,yes,yes,no,impulsivity (general),functional connectivity,higher,"The sentence clearly supports the extracted claim, mentioning a direct association between functional connectivity and impulsivity, with a specific direction (higher) and a direct relationship.",
294,31553999,Amygdala Resting State Connectivity Differences between Bipolar II and Borderline Personality Disorders.,2019,Neuropsychobiology,impulsivity resting-state fMRI functional connectivity,unknown,functional connectivity,impulsivity (general),unknown,associated_with,unclear,,unclear,0.6,"BPD participants reported significantly higher levels of impulsivity, ... Lower amygdala-middle frontal gyrus RSFC was associated with greater impulsivity.",yes,,yes,yes,no,,,,,,,,,,llama-3.1-8b-instruct,2,keep,yes,yes,yes,yes,yes,no,impulsivity (general),functional connectivity,associated with greater,"The sentence clearly supports the phenotype (impulsivity), feature (functional connectivity), relationship (associated with), direction (associated with greater), and directness (direct).",
295,38847535,The mediating role of trait impulsivity in the relation between cue-induced craving and functional connectivity within the salience network among abstinent patients with methamphetamine use disorder.,2024,"Cerebral cortex (New York, N.Y. : 1991)",impulsivity resting-state fMRI functional connectivity,unknown,functional connectivity,impulsivity (general),methamphetamine use disorder,associated_with,unclear,,unclear,0.7,Impulsivity was positively correlated with FC within the SN and played a completely mediating role between METH craving and FC within the SN in MUDs.,yes,,yes,yes,yes,,,,,,,,,,llama-3.1-8b-instruct,2,keep,yes,yes,yes,yes,yes,no,impulsivity (general),functional connectivity,positive,"The sentence clearly supports the extracted claim by stating a positive correlation between impulsivity and functional connectivity within the salience network, and that impulsivity completely mediates the relationship between methamphetamine craving and functional connectivity within the salience network.",
296,32815053,Dissociable fronto-striatal functional networks predict choice impulsivity.,2020,Brain structure & function,impulsivity resting-state fMRI functional connectivity,unknown,functional connectivity,impulsivity (general),unknown,predicts,unclear,,direct,1.0,The present study aimed to explore the predictions of dissociable frontal-striatal functional connectivity on choice impulsivity.,yes,,yes,yes,no,,,,,,,,,,llama-3.1-8b-instruct,1,revise,yes,yes,yes,no,yes,no,impulsivity (general),functional connectivity,,"The sentence partially supports the claim, but the direction is unclear. The corrected phenotype and feature type are 'impulsivity (general)' and 'functional connectivity', respectively.",
297,27814639,Dopamine homeostasis: brain functional connectivity in reward deficiency syndrome.,2017,Frontiers in bioscience (Landmark edition),impulsivity resting-state fMRI functional connectivity,unknown,functional connectivity,unknown,unknown,associated_with,unclear,dysregulated,background,0.6,"A growing number of studies are helping to determine the putative roles of dopamine and glutamatergic neurotransmission in the regulation of activity in resting state networks, particularly in brain reward circuitry affected in drug use disorders.",yes,,yes,yes,yes,,,,,,,,,,llama-3.1-8b-instruct,0,drop,no,no,no,no,no,no,,,,"The sentence does not mention a specific phenotype or feature, and does not support the relationship or direction of the claim.",
298,37887440,"Neurophysiological, Neuroimaging, and Neuropsychological Predictors of Human Alcoholism and Risk.",2023,"Behavioral sciences (Basel, Switzerland)",impulsivity resting-state fMRI functional connectivity,unknown,functional connectivity,impulsivity (general),alcohol use disorder (AUD),associated_with,unclear,unclear,unclear,0.5,This Special Issue was launched to invite research and review articles that explore the utility of these neural measures to determine the effects of alcohol use on brain structure and function and/or to predict risk for developing AUD.,yes,,yes,yes,no,,,,,,,,,,llama-3.1-8b-instruct,0,drop,no,no,no,unclear,unclear,unclear,,,,"The sentence does not mention a specific phenotype-feature association, making it unsupported for the extracted claim.",
299,38334691,Connectome-based predictive modeling of Internet addiction symptomatology.,2024,Social cognitive and affective neuroscience,impulsivity resting-state fMRI functional connectivity,unknown,functional connectivity,unknown,unknown,predicts,unclear,,direct,0.8,IAS could be predicted by the functional connectivity between prefrontal cortex with the cerebellum and limbic lobe and connections of the occipital lobe with the limbic lobe and insula lobe.,yes,,yes,yes,yes,,,,,,,,,,llama-3.1-8b-instruct,1,revise,yes,yes,yes,no,yes,no,Internet addiction symptomatology,functional connectivity,positive,"The sentence partially supports the claim but needs revision or is indirect. The phenotype is mentioned as 'IAS' which is likely an abbreviation for 'Internet addiction symptomatology'. The feature type is mentioned as 'functional connectivity' which matches the extracted claim. The relationship is mentioned as 'predicted by' which is equivalent to 'predicts'. However, the direction is unclear and needs to be corrected to 'positive'. The directness is mentioned as 'direct' which matches the extracted claim.",
300,37331972,Altered intrinsic functional network connectivity is associated with impulsivity and emotion dysregulation in drug-naïve young patients with borderline personality disorder.,2023,Borderline personality disorder and emotion dysregulation,impulsivity resting-state fMRI functional connectivity,unknown,functional connectivity,attentional impulsivity,borderline personality disorder,associated_with,lower,unclear,direct,0.8,Intra-network FC of right angular gyrus in the anterior DMN was significantly negatively correlated with attention impulsivity in BPD.,yes,,yes,yes,yes,,,,,,,,,,llama-3.1-8b-instruct,2,keep,yes,yes,yes,yes,yes,no,attentional impulsivity,functional connectivity,lower,"The sentence clearly supports the extracted claim, mentioning a direct association between attentional impulsivity and altered functional connectivity in the anterior DMN of drug-naïve young patients with borderline personality disorder.",
301,35134490,Abnormal Anatomical and Functional Connectivity of the Thalamo-sensorimotor Circuit in Chronic Low Back Pain: Resting-state Functional Magnetic Resonance Imaging and Diffusion Tensor Imaging Study.,2022,Neuroscience,impulsivity resting-state fMRI functional connectivity,unknown,functional connectivity,unknown,chronic low back pain,associated_with,unclear,,unclear,0.7,There was significantly altered resting-state functional connectivity (rsFC) of bilateral thalamo-motor/somatosensory pathways in patients with cLBP as compared to healthy controls.,yes,,yes,yes,no,,,,,,,,,,llama-3.1-8b-instruct,2,keep,yes,yes,yes,yes,yes,no,chronic low back pain,functional connectivity,altered,"The sentence clearly supports the claim by stating a specific phenotype (chronic low back pain), a feature type (functional connectivity), a relationship (associated with), a direction (altered), and directness (comparing two groups).",
302,24793833,Bipolar and borderline patients display differential patterns of functional connectivity among resting state networks.,2014,NeuroImage,impulsivity resting-state fMRI functional connectivity,unknown,functional connectivity,impulsivity (general),unknown,associated_with,unclear,,unclear,0.7,Impaired functional network connectivity displayed an association with impulsivity in BPD.,yes,,yes,yes,no,,,,,,,,,,llama-3.1-8b-instruct,2,keep,yes,yes,yes,yes,yes,no,impulsivity (general),functional connectivity,associated with,"The sentence clearly supports the extracted claim, mentioning a specific phenotype (impulsivity), feature type (functional connectivity), relationship (association), and direction (association with).",
303,31880365,Amisulpride and l-DOPA modulate subcortical brain nuclei connectivity in resting-state pharmacologic magnetic resonance imaging.,2020,Human brain mapping,impulsivity resting-state fMRI functional connectivity,unknown,functional connectivity,impulsivity (general),unknown,modulates,unclear,dopamine-boost,unclear,0.7,"In an exploratory analysis, we demonstrated that higher self-rated impulsivity goes together with a significant increase in VTA-mid-cingulate gyrus FC during l -DOPA-challenge.",yes,,yes,yes,yes,,,,,,,,,,llama-3.1-8b-instruct,2,keep,yes,yes,yes,yes,yes,no,impulsivity (general),functional connectivity,positive,"The sentence clearly supports the extracted claim, mentioning impulsivity as the phenotype, functional connectivity as the feature type, and modulates as the relationship. The direction is also supported as the sentence implies a positive association between impulsivity and increased functional connectivity.",
304,36971664,Identifying individuals with attention-deficit/hyperactivity disorder based on multisite resting-state functional magnetic resonance imaging: A radiomics analysis.,2023,Human brain mapping,impulsivity resting-state fMRI functional connectivity,unknown,BOLD variability,impulsivity (general),diagnosis of ADHD,associated_with,unclear,,unclear,0.7,Our findings demonstrate that radiomics can be a novel strategy for fully utilizing rs-fMRI information to distinguish ADHD from healthy controls.,yes,,yes,yes,yes,,,,,,,,,,llama-3.1-8b-instruct,0,drop,no,no,no,unclear,unclear,unclear,,,,"The sentence does not mention impulsivity or BOLD variability, and does not establish an association between them.",
305,37874642,Alterations in voxel based morphometry and resting state functional connectivity in men with compulsive sexual behavior disorder in the Sex@Brain study.,2023,Journal of behavioral addictions,impulsivity resting-state fMRI functional connectivity,unknown,functional connectivity,impulsivity (general),Compulsive Sexual Behavior Disorder,associated_with,unclear,,indirect,0.7,Lower connectivity between mOFC and gyrus rectus in CSBD may support the assumption that sexual stimuli are evaluated more positively because inhibition is decreased.,yes,,yes,yes,no,,,,,,,,,,llama-3.1-8b-instruct,1,revise,yes,yes,yes,no,yes,no,impulsivity (general),functional connectivity,decreased inhibition,"The sentence partially supports the claim, but the direction of the relationship is not clearly stated. The corrected direction is 'decreased inhibition' based on the sentence.",
306,30108525,"Borderline Personality Disorder With Cocaine Dependence: Impulsivity, Emotional Dysregulation and Amygdala Functional Connectivity.",2018,Frontiers in psychiatry,impulsivity resting-state fMRI functional connectivity,unknown,functional connectivity,impulsivity (general),dual pathology (Borderline Personality Disorder and Cocaine Dependence),correlates_with,unclear,,unclear,0.7,"We found that clinical scores of dual pathology patients were closer to those of borderline personality disorder without cocaine dependence than to those of cocaine dependence without borderline personality disorder, while amygdala-medial prefrontal cortex functional connectivity patterns in dual pathology patients were closer to healthy controls than expected.",yes,,yes,yes,no,,,,,,,,,,llama-3.1-8b-instruct,1,revise,yes,yes,yes,no,no,no,impulsivity (general),functional connectivity,unclear,"The sentence partially supports the claim, but the direction and directness are unclear. The phenotype and feature are supported, but the relationship is not explicitly stated as 'correlates_with'.",
307,37575566,Preliminary evidence for changes in frontoparietal network connectivity in the early abstinence period in alcohol use disorder: a longitudinal resting-state functional magnetic resonance imaging study.,2023,Frontiers in psychiatry,impulsivity resting-state fMRI functional connectivity,unknown,functional connectivity,impulsivity (general),alcohol use disorder,associated_with,unclear,,unclear,0.5,"The AUD patients showed a trend for a negative association between the change in left FPN connectivity and delay discounting (rs=-0.283, p=0.089) (uncorrected for multiple comparisons).",yes,,yes,yes,no,,,,,,,,,,llama-3.1-8b-instruct,1,revise,yes,yes,yes,no,no,no,impulsivity (general),functional connectivity,negative,"The sentence partially supports the claim, but the direction and directness need to be revised. The direction is not clearly stated in the sentence, but it can be inferred as negative. The directness is also not clearly stated, but it can be inferred as a relationship between a phenotype and a feature.",
308,41888807,Risk classification of internet gaming disorder based on neurobiological subtyping from impulsivity-linked resting-state functional connectivity: a longitudinal design study.,2026,BMC medicine,impulsivity resting-state fMRI functional connectivity,unknown,functional connectivity,impulsivity (general),Internet gaming disorder,associated_with,unclear,,unclear,0.8,Impulsivity is a central vulnerability factor for IGD that may provide informative biomarkers.,yes,,yes,yes,yes,,,,,,,,,,llama-3.1-8b-instruct,1,revise,yes,no,yes,no,no,no,impulsivity (general),biomarkers,,"The sentence partially supports the claim by mentioning the phenotype (impulsivity), but it does not specify the feature type (functional connectivity) and the direction is unclear. The relationship is supported as 'associated_with'.",
309,29277650,"Macroscale variation in resting-state neuronal activity and connectivity assessed by simultaneous calcium imaging, hemodynamic imaging and electrophysiology.",2018,NeuroImage,impulsivity resting-state fMRI functional connectivity,unknown,functional connectivity,unknown,unknown,associated_with,unclear,,background,0.5,"We found that this relationship varied across brain regions in a way that is consistent across animals, with delays increasing by600 ms towards posterior cortical regions.",yes,,yes,yes,yes,,,,,,,,,,llama-3.1-8b-instruct,1,revise,yes,yes,yes,no,no,no,neuronal activity,functional connectivity,increased,"The sentence partially supports the claim, but the phenotype, feature type, and direction need revision. The phenotype is 'neuronal activity', the feature type is 'functional connectivity', and the direction is 'increased'.",
310,33037577,Identification of internet gaming disorder individuals based on ventral tegmental area resting-state functional connectivity.,2021,Brain imaging and behavior,impulsivity resting-state fMRI functional connectivity,unknown,functional connectivity,unknown,clinical diagnosis,associated_with,unclear,abnormalities in the mesolimbic dopamine system,unclear,0.8,"IGD is associated with abnormalities in the mesolimbic dopamine system. As the key nodes of the DA pathways, ventral tegmental area (VTA) and substantia nigra (SN) and their connected brain regions may serve as potential markers to identify IGD.",yes,,yes,yes,no,,,,,,,,,,llama-3.1-8b-instruct,2,keep,yes,yes,yes,yes,yes,no,internet gaming disorder (IGD),functional connectivity,associated with,"The sentence clearly supports the claim by stating a direct association between IGD and abnormalities in the mesolimbic dopamine system, which is a key part of the extracted claim.",
311,29636704,Altered Gray Matter Volume and Resting-State Connectivity in Individuals With Internet Gaming Disorder: A Voxel-Based Morphometry and Resting-State Functional Magnetic Resonance Imaging Study.,2018,Frontiers in psychiatry,impulsivity resting-state fMRI functional connectivity,unknown,functional connectivity,impulsivity (general),Internet Gaming Disorder,associated_with,unclear,,unclear,0.7,The results show that IGD severity was positively correlated with GM volume in the left caudate and negatively associated with functional connectivity between the left caudate and the right middle frontal gyrus.,yes,,yes,yes,no,,,,,,,,,,llama-3.1-8b-instruct,2,keep,yes,yes,yes,yes,yes,no,impulsivity (general),functional connectivity,positive,"The sentence clearly supports the extracted claim, mentioning a specific phenotype (impulsivity), feature type (functional connectivity), relationship (associated with), direction (positive), and directness (direct).",
312,25757797,Differential relations between juvenile psychopathic traits and resting state network connectivity.,2015,Human brain mapping,impulsivity resting-state fMRI functional connectivity,unknown,functional connectivity,impulsivity (general),unknown,associated_with,unclear,,unclear,0.7,Impulsive-irresponsible traits were associated with altered connectivity patterns in the frontoparietal cognitive control networks.,yes,,yes,yes,yes,,,,,,,,,,llama-3.1-8b-instruct,2,keep,yes,yes,yes,yes,yes,no,impulsivity (general),functional connectivity,positive,"The sentence clearly supports the extracted claim, mentioning a specific phenotype (impulsivity), feature type (functional connectivity), and relationship (associated with). The direction is implied to be positive, as 'altered' suggests a change in connectivity patterns. The directness is also supported, as both phenotype and feature are named.",
313,28377176,Short- and long-range functional connectivity density alterations in adolescents with pure conduct disorder at resting-state.,2017,Neuroscience,impulsivity resting-state fMRI functional connectivity,unknown,functional connectivity,impulsivity (general),conduct disorder,associated_with,higher,,direct,0.8,"Increased short-range FCD values in the bilateral PCC, the bilateral PCUN, and increased long-range FCD values in the left MCC showed significant correlations with the impulsivity.",yes,,yes,yes,no,,,,,,,,,,llama-3.1-8b-instruct,2,keep,yes,yes,yes,yes,yes,no,impulsivity (general),functional connectivity density,higher,The sentence clearly supports the extracted claim by stating a direct association between impulsivity and increased functional connectivity density in specific brain regions.,
314,32113043,Brain functional connectome-based prediction of individual decision impulsivity.,2020,Cortex; a journal devoted to the study of the nervous system and behavior,impulsivity resting-state fMRI functional connectivity,unknown,functional connectivity,impulsivity (general),unknown,predicts,unclear,,direct,1.0,We found that CPM successfully and reliably predicted the delay discounting scores in novel individuals.,yes,,yes,yes,yes,,,,,,,,,,llama-3.1-8b-instruct,2,keep,yes,yes,yes,yes,yes,no,impulsivity (general),functional connectivity,unclear,"The sentence clearly supports the phenotype (impulsivity), feature (functional connectivity), relationship (predicts), and direction (unclear) when stated. The directness is also supported as the sentence names both phenotype and feature.",
315,37505987,Abnormal structural alterations and disrupted functional connectivity in behavioral addiction: A meta-analysis of VBM and fMRI studies.,2023,Journal of behavioral addictions,impulsivity resting-state fMRI functional connectivity,unknown,functional connectivity,impulsivity (general),behavioral addiction,associated_with,unclear,unclear,unclear,0.7,"rs-FC findings illustrated that BA were characterized as abnormal networks in response to inhibition, salience attribution, self-referential mental process, and reward-driven behaviors.",yes,,yes,yes,yes,,,,,,,,,,llama-3.1-8b-instruct,1,revise,yes,yes,yes,no,no,no,impulsivity (general),functional connectivity,unclear,"The sentence partially supports the claim by mentioning a phenotype (impulsivity) and a feature type (functional connectivity), but the direction and directness are unclear. The corrected phenotype and feature type match the extracted claim, but the direction and directness need to be clarified.",
316,25738502,Decreased prefrontal lobe interhemispheric functional connectivity in adolescents with internet gaming disorder: a primary study using resting-state FMRI.,2015,PloS one,impulsivity resting-state fMRI functional connectivity,unknown,functional connectivity,impulsivity (general),Internet gaming disorder,associated_with,lower,,direct,0.8,"Compared to healthy controls, IGD participants showed decreased VMHC between the left and right superior frontal gyrus (orbital part), inferior frontal gyrus (orbital part), middle frontal gyrus and superior frontal gyrus.",yes,,yes,yes,yes,,,,,,,,,,llama-3.1-8b-instruct,2,keep,yes,yes,yes,yes,yes,no,impulsivity (general),functional connectivity,lower,"The sentence directly compares IGD participants to healthy controls, showing a decrease in VMHC between specific brain regions, which supports the claim of lower functional connectivity associated with impulsivity in the context of Internet gaming disorder.",
317,27252633,Reduced Functional Connectivity within the Mesocorticolimbic System in Substance Use Disorders: An fMRI Study of Puerto Rican Young Adults.,2016,Frontiers in behavioral neuroscience,impulsivity resting-state fMRI functional connectivity,unknown,functional connectivity,impulsivity (general),Substance Use Disorders,associated_with,lower,potentially by chronically promoting reward seeking behaviors,direct,0.8,Individuals with SUD had decreased connectivity between the nucleus accumbens (NAcc) and several regions within the MCLS.,yes,,yes,yes,no,,,,,,,,,,llama-3.1-8b-instruct,2,keep,yes,yes,yes,yes,yes,no,impulsivity (general),functional connectivity,lower,,
318,40722851,Understanding the Borderline Brain: A Review of Neurobiological Findings in Borderline Personality Disorder (BPD).,2025,Biomedicines,impulsivity resting-state fMRI functional connectivity,unknown,functional connectivity,impulsivity (general),Borderline Personality Disorder (BPD),associated_with,unclear,,unclear,0.7,"Evidence from 112 studies published up to 2025 is synthesized, encompassing functional MRI, ... Consistent disruptions are observed across the prefrontal-amygdala circuitry, the default mode network (DMN), and mentalization-related regions.",yes,,yes,yes,no,,,,,,,,,,llama-3.1-8b-instruct,1,revise,yes,yes,yes,no,no,no,impulsivity (general),functional connectivity,unclear,"The sentence partially supports the claim, but the direction and directness are unclear. The phenotype and feature are supported, but the relationship is not explicitly stated. The corrected phenotype, feature type, and direction are provided.",
319,27341655,Intrinsic brain network abnormalities in codeine-containing cough syrup-dependent male individuals revealed in resting-state fMRI.,2017,Journal of magnetic resonance imaging : JMRI,impulsivity resting-state fMRI functional connectivity,unknown,functional connectivity,unknown,unknown,associated_with,unclear,,unclear,0.7,"Intrinsic network FC also correlated with higher impulsivity in CCS-dependent individuals (P < 0.05, AlphaSim corrected).",yes,,yes,yes,yes,,,,,,,,,,llama-3.1-8b-instruct,1,revise,yes,yes,yes,yes,no,no,impulsivity,functional connectivity,positively associated,"The sentence supports the claim but needs revision for phenotype, feature type, and direction. The phenotype is not explicitly stated as 'unknown' in the claim, but it can be inferred as 'impulsivity'. The feature type is 'functional connectivity' which is correct. The direction is not explicitly stated as 'unclear' in the claim, but it can be inferred as 'positively associated' based on the word 'correlated'.",
320,33047425,Resting-state connectome-based support-vector-machine predictive modeling of internet gaming disorder.,2021,Addiction biology,impulsivity resting-state fMRI functional connectivity,unknown,functional connectivity,unknown,unknown,predicts,unclear,,direct,0.6,"The modified CPM was conducted with respect to classification and regression. A comparison of whole-brain and network-based analyses showed that the default-mode network (DMN) is the most informative network in predicting IGD both in classification (individual identification accuracy = 78.76%) and regression (correspondence between predicted and actual psychometric scale score: r = 0.44, P < 0.001).",yes,,yes,yes,yes,,,,,,,,,,llama-3.1-8b-instruct,2,keep,yes,yes,yes,yes,yes,no,internet gaming disorder (IGD),functional connectivity in the default-mode network (DMN),predicts,The sentence clearly supports the claim by stating that the default-mode network (DMN) is the most informative network in predicting IGD.,
321,24746086,[Functional connectivity of temporal parietal junction in online game addicts:a resting-state functional magnetic resonance imaging study].,2014,Zhonghua yi xue za zhi,impulsivity resting-state fMRI functional connectivity,unknown,functional connectivity,impulsivity (general),online game addiction,associated_with,unclear,,indirect,0.7,"Compared with the controls, right TPJ in online game addicts showed decreased functional connectivity with bilateral ventromedial prefrontal cortex (VMPFC), bilateral hippocampal gyrus and bilateral amygdaloid nucleus, but increased functional connectivity with right cuneus.",yes,,yes,yes,yes,,,,,,,,,,llama-3.1-8b-instruct,2,keep,yes,yes,yes,yes,yes,no,impulsivity (general),functional connectivity,decreased,"The sentence clearly supports the extracted claim by describing a specific brain region (TPJ) and its functional connectivity differences between online game addicts and controls. The phenotype of impulsivity is implied by the context of online game addiction, and the feature type of functional connectivity is directly mentioned. The relationship of association is also clear, and the direction of decreased functional connectivity is specified. The directness of the claim is indirect, as it is describing a correlation between brain regions rather than a direct cause-and-effect relationship.",
322,36963236,Decision-making and frontoparietal resting-state functional connectivity among impulsive-compulsive diagnoses. Insights from a Bayesian approach.,2023,Addictive behaviors,impulsivity resting state functional connectivity,unknown,functional connectivity,impulsivity (general),"obsessive-compulsive disorder, substance abuse disorder, attention-deficit/hyperactivity disorder",associated_with,unclear,,unclear,0.5,Resting-state functional connectivity (rsFC) has been proposed as a promising biomarker of decision-making.,yes,,yes,yes,yes,,,,,,,,,,llama-3.1-8b-instruct,0,drop,no,no,no,unclear,unclear,unclear,,,,"The sentence does not mention impulsivity or any other phenotype, and does not mention functional connectivity as a feature of impulsivity.",
323,23294010,Phenotypic variability in resting-state functional connectivity: current status.,2013,Brain connectivity,impulsivity resting state functional connectivity,unknown,functional connectivity,impulsivity (general),unknown,associated_with,unclear,,unclear,0.8,"associated with behavioral traits (e.g., impulsiveness)",yes,,yes,yes,no,,,,,,,,,,llama-3.1-8b-instruct,1,revise,yes,yes,yes,no,no,no,impulsivity (general),functional connectivity,positive,"The sentence partially supports the claim, but the direction and directness are unclear. The phenotype and feature are supported, but need to be corrected to match the extracted claim.",
324,41005016,Resting-state functional connectivity insights: dorsolateral prefrontal cortex and superior parietal lobule in self-control and cognitive reappraisal.,2025,Brain and cognition,impulsivity resting state functional connectivity,unknown,functional connectivity,impulsivity (general),unknown,associated_with,unclear,,direct,0.8,The neuroimaging results revealed the functional connectivity between the dorsolateral prefrontal cortex (dlPFC) and superior parietal lobule (SPL) was associated with self-control and played a mediating role in the association with cognitive reappraisal.,yes,,yes,yes,no,,,,,,,,,,llama-3.1-8b-instruct,2,keep,yes,yes,yes,yes,yes,no,impulsivity (general),functional connectivity,unclear,"The sentence clearly supports the extracted claim, mentioning a direct association between the functional connectivity of the dlPFC and SPL with self-control and cognitive reappraisal.",
325,30844604,Altered topological connectivity of internet addiction in resting-state EEG through network analysis.,2019,Addictive behaviors,impulsivity resting state functional connectivity,unknown,EEG connectivity,impulsivity (general),internet addiction,associated_with,unclear,,indirect,0.7,The results of some neuroimaging studies have revealed that people with internet addiction (IA) exhibit structural and functional changes in specific brain areas and connections.,yes,,yes,yes,yes,,,,,,,,,,llama-3.1-8b-instruct,0,drop,no,no,no,unclear,unclear,unclear,,,,"The sentence does not mention a specific phenotype-feature association, and the relationship is not clearly stated.",
326,31073695,Binge drinking is associated with altered resting state functional connectivity of reward-salience and top down control networks.,2020,Brain imaging and behavior,impulsivity resting state functional connectivity,unknown,functional connectivity,impulsivity (general),unknown,associated_with,unclear,,direct,0.8,Binge drinking is associated with altered resting state functional connectivity of reward-salience and top down control networks.,yes,,yes,yes,no,,,,,,,,,,llama-3.1-8b-instruct,2,keep,yes,yes,yes,yes,yes,no,impulsivity (general),functional connectivity,unclear,"The sentence clearly supports the extracted claim, mentioning a direct association between binge drinking and altered resting state functional connectivity of reward-salience and top down control networks, which is related to impulsivity (general).",
327,42146757,Resting-State Functional Connectivity Alterations in Pediatric Survivors of Severe COVID-19: An Exploratory Case-Control Study.,2026,Sage open pediatrics,impulsivity resting state functional connectivity,unknown,functional connectivity,unknown,unknown,associated_with,unclear,,unclear,0.3,"In an exploratory subset (8 post-COVID, 12 controls), 50% of post-COVID children had abnormally low Timeliness and 25% low Impulsivity MOXO-d-CPT z-scores, whereas no controls were abnormal.",yes,,yes,yes,yes,,,,,,,,,,llama-3.1-8b-instruct,1,revise,yes,yes,yes,no,no,no,abnormal Timeliness and Impulsivity MOXO-d-CPT z-scores,cognitive performance,decreased,"The sentence partially supports the claim but needs revision or is indirect. The phenotype is supported as it describes a specific abnormality. The feature is supported as it is related to cognitive performance. The relationship is supported as it describes an association. However, the direction is unclear and the directness is unclear as it does not name both phenotype and feature. The corrected phenotype and feature type are provided based on the context.",
328,31197580,Relationship of negative urgency to cingulo-insular and cortico-striatal resting state functional connectivity in tobacco use.,2020,Brain imaging and behavior,impulsivity resting state functional connectivity,unknown,functional connectivity,nonplanning impulsivity,unknown,associated_with,unclear,,direct,0.8,"Negative urgency, defined as a tendency to act rashly under extreme negative emotion, is strongly associated with tobacco use.",yes,,yes,yes,yes,,,,,,,,,,llama-3.1-8b-instruct,1,revise,yes,no,yes,no,yes,no,nonplanning impulsivity,behavior,,"The sentence does not directly support the feature type 'functional connectivity' but rather mentions a behavior. The direction is unclear in the sentence, so it cannot be supported.",
329,40305882,"Functional connectivity anomalies in medication-naive children with ADHD: Diagnostic potential, symptoms interpretation, and a mediation model.",2025,Clinical neurophysiology : official journal of the International Federation of Clinical Neurophysiology,impulsivity resting state functional connectivity,unknown,functional connectivity,impulsivity (general),ADHD,associated_with,unclear,compensating for impaired frontal regulation,direct,0.89,"Children with ADHD exhibited beta (β) band hypo-connectivity in frontal regions (Fp2-F4, Fp1-Cz, F7-Cz) and theta (θ) band hyper-connectivity in left parietal-central networks (C3-P7, P3-P7, etc.).",yes,,yes,yes,yes,,,,,,,,,,llama-3.1-8b-instruct,2,keep,yes,yes,yes,yes,yes,no,impulsivity (general),functional connectivity,unclear,"The sentence clearly supports the phenotype (impulsivity), feature (functional connectivity), relationship (associated_with), and direction (unclear) when stated. The direction is unclear, but the extracted direction captures the relevant part exactly.",
330,35831231,Functional Connectivity in Compulsive Sexual Behavior Disorder - Systematic Review of Literature and Study on Heterosexual Males.,2022,The journal of sexual medicine,impulsivity resting state functional connectivity,unknown,functional connectivity,impulsivity (general),Compulsive Sexual Behavior Disorder,associated_with,unclear,,unclear,0.6,"We found increased fc between left inferior frontal gyrus and right planum temporale and polare, right and left insula, right Supplementary Motor Cortex (SMA), right parietal operculum, and also between left supramarginal gyrus and right planum polare, and between left orbitofrontal cortex and left insula when compared CSBD and HC.",yes,,yes,yes,yes,,,,,,,,,,llama-3.1-8b-instruct,1,revise,yes,yes,yes,no,no,no,impulsivity (general),functional connectivity,increased,"The sentence partially supports the claim as it mentions a group difference (CSBD vs HC) and a feature (functional connectivity), but the direction is not explicitly stated as 'associated with' and the directness is unclear. The phenotype (impulsivity) is mentioned in the paper metadata, but not in the sentence. The corrected phenotype and feature type are assumed based on the extracted claim.",
331,25237118,Resting state functional magnetic resonance imaging reveals distinct brain activity in heavy cannabis users - a multi-voxel pattern analysis.,2014,"Journal of psychopharmacology (Oxford, England)",impulsivity resting state functional connectivity,unknown,functional connectivity,unknown,unknown,associated_with,unclear,,direct,0.7,"We found distinct clusters for male cannabis users in the middle frontal gyrus, precentral gyrus, superior frontal gyrus, posterior cingulate cortex, cerebellum and some other regions. Based on the functional connectivity of these clusters, a high overall accuracy rate of 84-88% in classification accuracy was achieved.",yes,,yes,yes,yes,,,,,,,,,,llama-3.1-8b-instruct,1,revise,yes,yes,yes,no,yes,no,male cannabis users,functional connectivity,unclear,"The sentence supports the phenotype (male cannabis users), feature type (functional connectivity), and relationship (associated with), but the direction is unclear. The directness is supported as the sentence names both phenotype and feature. However, the phenotype is not 'unknown' as extracted, so it needs to be revised.",
332,26582309,Decreased functional connectivity between ventral tegmental area and nucleus accumbens in Internet gaming disorder: evidence from resting state functional magnetic resonance imaging.,2015,Behavioral and brain functions : BBF,impulsivity resting state functional connectivity,unknown,functional connectivity,impulsivity (general),Internet gaming disorder,associated_with,lower,,direct,1.0,"In comparison with HCs, individuals with IGD had significantly decreased rsFC between the VTA and right NAcc.",yes,,yes,yes,yes,,,,,,,,,,llama-3.1-8b-instruct,2,keep,yes,yes,yes,yes,yes,no,impulsivity (general),functional connectivity,lower,"The sentence directly compares individuals with IGD to HCs, and states a significant decrease in rsFC between the VTA and right NAcc, which matches the extracted claim.",
333,32699511,Neurobiological mechanisms underlying internet gaming disorder .,2020,Dialogues in clinical neuroscience,impulsivity fMRI functional connectivity,unknown,functional connectivity,impulsivity (general),internet gaming disorder,associated_with,unclear,"reduced functional connectivity in brain networks involved in cognitive control, executive function, motivation, and reward",unclear,0.8,"reduced functional connectivity in brain networks that are involved in cognitive control, executive function, motivation, and reward",yes,,yes,yes,yes,,,,,,,,,,llama-3.1-8b-instruct,2,keep,yes,yes,yes,yes,yes,no,impulsivity (general),functional connectivity,,,
334,38320657,Effects of internet and smartphone addiction on cognitive control in adolescents and young adults: A systematic review of fMRI studies.,2024,Neuroscience and biobehavioral reviews,impulsivity fMRI functional connectivity,unknown,functional connectivity,impulsivity (general),unknown,associated_with,unclear,,unclear,0.7,"Both behavioral addictions were associated with impairments in cognitive control related to reward processing (ACC, insula, amygdala) and executive function (DLPFC, frontal, parietal lobes) in adolescents and young adults.",yes,,yes,yes,no,,,,,,,,,,llama-3.1-8b-instruct,1,revise,yes,yes,yes,no,no,no,impulsivity (general),functional connectivity,unclear,"The sentence partially supports the claim, but the direction and directness are unclear. The phenotype and feature are supported, but the relationship is not explicitly stated as 'associated_with'.",
335,38888924,Efficacy and Neural Mechanisms of Mindfulness Meditation Among Adults With Internet Gaming Disorder: A Randomized Clinical Trial.,2024,JAMA network open,impulsivity fMRI functional connectivity,unknown,functional connectivity,nonplanning impulsivity,Internet Gaming Disorder,associated_with,unclear,altered frontopallidal pathways,direct,0.8,"Mindfulness meditation was associated with decreased brain activation in the bilateral lentiform nuclei, insula, and medial frontal gyrus, and increased MFG-lentiform FC mediated the relationship between increased mindfulness and decreased craving.",yes,,yes,yes,no,,,,,,,,,,llama-3.1-8b-instruct,1,revise,yes,yes,yes,no,no,no,nonplanning impulsivity,functional connectivity,decreased,"The sentence partially supports the claim, but the direction and directness need to be revised to match the extracted claim.",
336,40913110,Impulsivity and neuroticism share distinct functional connectivity signatures with alcohol-use risk in youth.,2026,Molecular psychiatry,impulsivity fMRI functional connectivity,unknown,functional connectivity,impulsivity (general),unknown,associated_with,unclear,,unclear,0.7,Increases in impulsivity are associated with risk for alcohol-use initiation and other risk behaviors.,yes,,yes,yes,no,,,,,,,,,,llama-3.1-8b-instruct,2,keep,yes,yes,yes,yes,yes,no,impulsivity (general),functional connectivity,associated with,"The sentence clearly supports the extracted claim, mentioning impulsivity as a phenotype, functional connectivity as a feature type, association as a relationship, and does not specify direction or directness, but the extracted claim's unclear direction and directness are supported by the sentence's general phrasing.",
337,32035425,Ventromedial prefrontal value signals and functional connectivity during decision-making in suicidal behavior and impulsivity.,2020,Neuropsychopharmacology : official publication of the American College of Neuropsychopharmacology,impulsivity fMRI functional connectivity,unknown,functional connectivity,impulsivity (general),unknown,associated_with,unclear,,unclear,0.7,"Suicide is linked to impaired value-based decision-making and impulsivity, but whether these risk factors share neural underpinnings is unclear.",yes,,yes,yes,yes,,,,,,,,,,llama-3.1-8b-instruct,1,revise,yes,no,yes,no,no,no,impulsivity (general),decision-making,,"The sentence partially supports the claim of impulsivity being associated with a feature, but the feature is not clearly stated as functional connectivity. The direction of the association is also unclear.",
338,41088106,Effects of progressive aerobic training on neural synchrony and functional connectivity in internet gaming disorder: a randomized controlled fMRI study.,2025,BMC psychiatry,impulsivity fMRI functional connectivity,unknown,functional connectivity,impulsivity (general),Internet gaming disorder,associated_with,unclear,unclear,indirect,0.7,"Progressive moderate aerobic exercise reduced IGD symptoms and craving, alongside altered neural synchrony and connectivity in reward and control networks.",yes,,yes,yes,yes,,,,,,,,,,llama-3.1-8b-instruct,1,revise,yes,yes,yes,no,no,no,impulsivity (general),functional connectivity,decreased,"The sentence partially supports the claim, but the direction and directness need to be revised. The sentence implies that progressive moderate aerobic exercise reduced IGD symptoms and craving, which is associated with decreased impulsivity. However, the direction is not explicitly stated, and the directness is indirect as it mentions altered neural synchrony and connectivity in reward and control networks.",
339,39743174,The intrinsic functional connectivity of psychopathy and its relation to self-control.,2025,Biological psychology,impulsivity fMRI functional connectivity,unknown,functional connectivity,impulsivity (general),unknown,associated_with,unclear,,direct,0.8,Functional connections that correlated positively with psychopathy was mostly characterized by strong connections between the default mode network and salience network.,yes,,yes,yes,no,,,,,,,,,,llama-3.1-8b-instruct,1,revise,yes,yes,yes,no,yes,no,impulsivity (general),functional connectivity,positive,"The sentence supports the phenotype and feature, but the direction is unclear in the sentence. However, it can be inferred that the connections correlated positively with psychopathy. The directness is supported as it names both phenotype and feature.",
340,26969418,Aberrant interhemispheric functional and structural connectivity in heroin-dependent individuals.,2017,Addiction biology,impulsivity fMRI functional connectivity,unknown,functional connectivity,impulsivity (general),heroin-dependent individuals,associated_with,unclear,,direct,0.8,"We observed significant reduction of VMHC in a number of regions, particularly the striatum/limbic system regions, and significant decrease in splenium and genu sub-regions of CC in HDI.",yes,,yes,yes,yes,,,,,,,,,,llama-3.1-8b-instruct,0,drop,no,no,no,no,no,no,,,,"The sentence does not mention impulsivity, functional connectivity, or a relationship between them. It also does not provide a clear direction or directness.",
341,37248201,Corticostriatal connectivity mediates the reciprocal relationship between parent-reported sleep duration and impulsivity in early adolescents.,2023,"Journal of child psychology and psychiatry, and allied disciplines",impulsivity fMRI functional connectivity,unknown,functional connectivity,impulsivity (general),unknown,associated_with,unclear,reduced corticostriatal connectivity,direct,0.8,"We found that less sleep duration is significantly associated with higher positive and negative urgency, which are two affect-related components of impulsivity. In addition, we observed a link between short sleep duration and reduced corticostriatal connectivity.",yes,,yes,yes,yes,,,,,,,,,,llama-3.1-8b-instruct,2,keep,yes,yes,yes,yes,yes,no,impulsivity (general),functional connectivity,unclear,"The sentence clearly supports the phenotype (impulsivity), feature (functional connectivity), relationship (associated_with), and direction (unclear) when stated. The sentence also supports the directness (direct) as it names both phenotype and feature.",
342,39559854,Connectivity-Based Real-Time Functional Magnetic Resonance Imaging Neurofeedback in Nicotine Users: Mechanistic and Clinical Effects of Regulating a Meta-Analytically Defined Target Network in a Double-Blind Controlled Trial.,2024,Human brain mapping,impulsivity fMRI functional connectivity,unknown,functional connectivity,impulsivity (general),nicotine users,associated_with,unclear,,unclear,0.5,The analysis yielded consistent connectivity alterations between the insula and anterior cingulate cortex (ACC) as well as the dorsal striatum and the ACC.,yes,,yes,yes,yes,,,,,,,,,,llama-3.1-8b-instruct,1,revise,yes,yes,yes,no,no,no,impulsivity (general),functional connectivity,unclear,"The sentence partially supports the claim, but the direction and directness are unclear. The phenotype and feature are supported, but the relationship is not explicitly stated. The corrected phenotype, feature type, and direction are provided.",
343,40200728,Reproducible Effects of Sex and Acquisition Order on Multiple Global Signal Metrics: Implications for Functional Connectivity Studies of Phenotypic Individual Differences Using fMRI.,2025,Brain and behavior,impulsivity fMRI functional connectivity,unknown,functional connectivity,impulsivity (general),unknown,associated_with,unclear,,unclear,0.3,"relationships between FC and measures of affect, including depressed mood, anhedonia, and anxiety, and decision-making style, including impulsivity and sensation seeking, appear to be more inconsistent across the literature.",yes,,yes,yes,yes,,,,,,,,,,llama-3.1-8b-instruct,0,drop,no,no,no,unclear,unclear,no,,,,"The sentence does not support the claim because it mentions inconsistent relationships across the literature, which does not directly support the association between impulsivity and functional connectivity.",
344,36987598,Transdiagnostic Connectome-Based Prediction of Craving.,2023,The American journal of psychiatry,impulsivity fMRI functional connectivity,unknown,functional connectivity,unknown,unknown,predicts,unclear,,direct,0.8,"CPM successfully predicted craving, thereby identifying a transdiagnostic 'craving network.'",yes,,yes,yes,no,,,,,,,,,,llama-3.1-8b-instruct,2,keep,yes,yes,yes,yes,yes,no,craving,functional connectivity,direct,"The sentence clearly supports the claim by stating that CPM predicted craving, which is a direct association between a phenotype (craving) and a feature (functional connectivity).",
345,40541132,Food addiction severity is associated with decreased functional connectivity and responses to palatable food pictures in brain areas involved in emotion and cognitive control.,2025,"Clinical nutrition (Edinburgh, Scotland)",impulsivity fMRI functional connectivity,unknown,functional connectivity,impulsivity (general),obesity,associated_with,lower,unclear,direct,0.8,FA severity is associated with reduced activation in the dorsal striatum and pre-central gyrus for high appetizing images.,yes,,yes,yes,no,,,,,,,,,,llama-3.1-8b-instruct,1,revise,yes,yes,yes,yes,no,no,impulsivity (general),activation,lower,"The sentence supports the phenotype, feature, and relationship, but it does not name the brain system directly. The brain system mentioned in the sentence (dorsal striatum and pre-central gyrus) is related to emotion and cognitive control, which is consistent with the extracted claim.",
346,28189592,Dissociable frontostriatal white matter connectivity underlies reward and motor impulsivity.,2017,NeuroImage,impulsivity fMRI functional connectivity,unknown,structural connectivity,motor impulsivity,unknown,associated_with,unclear,,unclear,0.7,"We found a double dissociation such that individual differences in white matter connectivity between the ventral striatum and the ventromedial prefrontal cortex and dorsolateral prefrontal cortex was associated with reward impulsivity, as measured by delay discounting.",yes,,yes,yes,no,,,,,,,,,,llama-3.1-8b-instruct,2,keep,yes,yes,yes,yes,yes,no,motor impulsivity,structural connectivity,associated with,"The sentence clearly supports the claim, mentioning a specific association between motor impulsivity and structural connectivity.",
347,30273626,Mesolimbic connectivity signatures of impulsivity and BMI in early adolescence.,2019,Appetite,impulsivity fMRI functional connectivity,unknown,functional connectivity,impulsivity (general),unknown,associated_with,higher,,direct,0.8,"Connectivity within this network which included the hippocampi, amygdalae, parahippocampal gyri and the regions of interest, correlated positively with impulsivity.",yes,,yes,yes,no,,,,,,,,,,llama-3.1-8b-instruct,2,keep,yes,yes,yes,yes,yes,no,impulsivity (general),functional connectivity,higher,"The sentence clearly supports the extracted claim, mentioning a direct association between impulsivity and functional connectivity in a specific brain network.",
348,39153422,A comprehensive systematic review of fMRI studies on brain connectivity in healthy children and adolescents: Current insights and future directions.,2024,Developmental cognitive neuroscience,impulsivity fMRI functional connectivity,unknown,functional connectivity,impulsivity (general),unknown,associated_with,unclear,,unclear,0.5,rs-fMRI stands out as an appropriate technique for studying personality traits such as impulsivity and empathy.,yes,,yes,yes,no,,,,,,,,,,llama-3.1-8b-instruct,0,drop,no,no,no,unclear,unclear,unclear,,,,"The sentence does not mention a specific relationship between impulsivity and a feature, nor does it provide any information about direction or directness.",
349,39103090,Individualized prediction of online shopping addiction from whole-brain functional connectivity.,2024,Neuropsychologia,impulsivity fMRI functional connectivity,unknown,functional connectivity,impulsivity (general),Online shopping addiction,predicts,unclear,unclear,direct,0.8,The present study addressed this question by employing a connectome-based prediction model approach to predict the OSA tendency of healthy subjects from whole-brain resting-state functional connectivity.,yes,,yes,yes,yes,,,,,,,,,,llama-3.1-8b-instruct,0,drop,no,no,no,no,no,no,,,,"The sentence does not mention impulsivity, which is the phenotype in the extracted claim. It also does not mention functional connectivity as a feature type, but rather 'whole-brain resting-state functional connectivity', which is more specific. The relationship is not explicitly stated as 'predicts', but rather a prediction model is used. The direction is not mentioned. The directness is mentioned as 'direct', but the sentence does not name both phenotype and feature.",
350,28231395,Functional connectivity in amygdalar-sensory/(pre)motor networks at rest: new evidence from the Human Connectome Project.,2017,The European journal of neuroscience,impulsivity fMRI functional connectivity,unknown,functional connectivity,unknown,unknown,associated_with,unclear,,unclear,0.5,We tested the hypothesis that the amygdala and sensory/(pre)motor cortices could be identified as part of the same resting-state functional connectivity network.,yes,,yes,yes,no,,,,,,,,,,llama-3.1-8b-instruct,1,revise,yes,yes,yes,no,no,no,amygdala,functional connectivity,,"The sentence partially supports the claim by mentioning the amygdala and its association with sensory/(pre)motor cortices, but the direction and directness are unclear. The phenotype and feature type can be corrected to 'amygdala' and 'functional connectivity', respectively.",
351,33236526,Reduced frontostriatal functional connectivity and associations with severity of Internet gaming disorder.,2021,Addiction biology,impulsivity fMRI functional connectivity,unknown,functional connectivity,impulsivity (general),Internet gaming disorder,associated_with,lower,unclear,direct,0.8,"Decreased FC was predominantly observed in IGD subjects, with IGD subjects showing decreased FC between the putamen and superior frontal gyrus (SFG), middle frontal gyrus (MFG), and inferior frontal gyrus (IFG) and the ventral striatum and IFG, superior temporal gyrus, and MFG.",yes,,yes,yes,yes,,,,,,,,,,llama-3.1-8b-instruct,2,keep,yes,yes,yes,yes,yes,no,impulsivity (general),functional connectivity,lower,"The sentence clearly supports the extracted claim, mentioning a direct association between reduced frontostriatal functional connectivity and impulsivity in Internet gaming disorder subjects.",
352,38715980,Identifying ADHD-Related Abnormal Functional Connectivity with a Graph Convolutional Neural Network.,2024,Neural plasticity,impulsivity fMRI functional connectivity,unknown,functional connectivity,impulsivity (general),ADHD,associated_with,unclear,unclear,unclear,0.7,"Our results suggest that the frontal, temporal, parietal, and cerebellar regions are likely the primary areas of dysfunction in individuals with ADHD.",yes,,yes,yes,yes,,,,,,,,,,llama-3.1-8b-instruct,0,drop,no,no,no,unclear,unclear,no,,,,"The sentence does not mention a phenotype-feature association, it only mentions brain regions.",
353,33564081,Alterations in reward network functional connectivity are associated with increased food addiction in obese individuals.,2021,Scientific reports,impulsivity fMRI functional connectivity,unknown,functional connectivity,impulsivity (general),food addiction,associated_with,higher,dysregulation of the dopaminergic pathway,direct,0.8,Individuals with food addiction showed greater connectivity between regions of the reward network suggesting dysregulation of the dopaminergic pathway.,yes,,yes,yes,yes,,,,,,,,,,llama-3.1-8b-instruct,2,keep,yes,yes,yes,yes,yes,no,impulsivity (general),functional connectivity,higher,"The sentence clearly supports the extracted claim, mentioning the association between impulsivity (general) and functional connectivity in the context of food addiction, with a higher direction and direct relationship.",
354,35835210,Fronto-striatal connectivity patterns account for the impact of methylphenidate on choice impulsivity among healthy adults.,2022,Neuropharmacology,impulsivity fMRI functional connectivity,unknown,functional connectivity,impulsivity (general),unknown,associated_with,lower,reduces,direct,1.0,Acute MPH administration was found to reduce choice impulsivity at the group level.,yes,,yes,yes,no,,,,,,,,,,llama-3.1-8b-instruct,1,revise,yes,no,yes,yes,no,no,impulsivity (general),behavioral,lower,"The sentence does not specify the type of feature, which should be corrected to 'behavioral'. Additionally, the directness is not fully supported because the sentence does not name both phenotype and feature.",
355,36244800,Neuroanatomical Correlates of Emotion-Related Impulsivity.,2023,Biological psychiatry,impulsivity fMRI functional connectivity,unknown,functional connectivity,impulsivity (general),unknown,associated_with,unclear,,unclear,0.7,Lower cortical gyrification in the right lateral OFC was associated with high ERI severity.,yes,,yes,yes,no,,,,,,,,,,llama-3.1-8b-instruct,2,keep,yes,yes,yes,yes,yes,no,impulsivity (general),functional connectivity,positive,"The sentence clearly supports the extracted claim by stating a specific association between cortical gyrification and ERI severity, which is a type of impulsivity. The direction of the association is implied to be positive, as high ERI severity is associated with lower cortical gyrification.",
356,24878823,"Interindividual differences in cognitive flexibility: influence of gray matter volume, functional connectivity and trait impulsivity.",2015,Brain structure & function,impulsivity fMRI functional connectivity,unknown,functional connectivity,impulsivity (general),unknown,associated_with,unclear,,unclear,0.7,Card-sorting performance correlated positively with FC between bilateral anterior insula and midcingulate cortex/supplementary motor area.,yes,,yes,yes,no,,,,,,,,,,llama-3.1-8b-instruct,2,keep,yes,yes,yes,yes,yes,no,impulsivity (general),functional connectivity,positive,The sentence clearly supports the extracted claim by stating a positive correlation between impulsivity and functional connectivity between specific brain regions.,
357,40768779,Aberrant degree centrality and functional connectivity in patients with internet gaming disorder.,2025,Journal of psychiatric research,impulsivity fMRI functional connectivity,unknown,functional connectivity,impulsivity (general),internet gaming disorder,associated_with,unclear,,unclear,0.8,This study combined degree centrality (DC) with functional connectivity (FC) analysis based on resting-state functional magnetic resonance imaging (rs-fMRI) to investigate the connectivity patterns of whole-brain functional networks at the voxel level in patients with IGD.,yes,,yes,yes,yes,,,,,,,,,,llama-3.1-8b-instruct,0,drop,no,no,no,unclear,unclear,unclear,,,,"The sentence does not mention impulsivity or any other phenotype, nor does it mention a relationship between impulsivity and functional connectivity.",
358,36958794,Adaptive control of functional connectivity: dorsal and ventral limbic divisions regulate the dorsal and ventral neocortical networks.,2023,"Cerebral cortex (New York, N.Y. : 1991)",impulsivity fMRI functional connectivity,unknown,functional connectivity,impulsivity (general),unknown,regulates,unclear,feedforward (dorsal limbic division) and feedback (ventral limbic division),unclear,0.7,"The limbic networks at the apex of the cerebral hierarchy must then be responsible for the most general expectancies, which are propagated through the hierarchy to organize the multiple component network levels of experience and behavior.",yes,,yes,yes,no,,,,,,,,,,llama-3.1-8b-instruct,0,drop,no,no,no,unclear,unclear,unclear,,,,"The sentence does not mention impulsivity, functional connectivity, or any relationship between them.",
359,38598290,"Effects of bilateral tDCS over DLPFC on response inhibition, craving, and brain functional connectivity in Internet gaming disorder: A randomized, double-blind, sham-controlled trial with fMRI.",2024,Journal of behavioral addictions,impulsivity fMRI functional connectivity,unknown,functional connectivity,unknown,Internet gaming disorder,improves,unclear,transcranial direct current stimulation (tDCS),direct,0.7,"A significant group-by-time interaction was observed in response inhibition. After tDCS, only the active group showed a decrease in the stop-signal reaction time (SSRT).",yes,,yes,yes,yes,,,,,,,,,,llama-3.1-8b-instruct,1,revise,yes,yes,yes,no,yes,no,response inhibition,functional connectivity,decreases,"The sentence partially supports the claim, but the direction of the relationship is not explicitly stated. The corrected phenotype and feature type are 'response inhibition' and 'functional connectivity', respectively. The corrected direction is 'decreases' because the active group showed a decrease in the stop-signal reaction time (SSRT) after tDCS.",
360,31665241,The structural connectivity of discrete networks underlies impulsivity and gambling in Parkinson's disease.,2019,Brain : a journal of neurology,impulsivity fMRI functional connectivity,unknown,functional connectivity,impulsivity (general),Parkinson's disease,underlies,unclear,,unclear,0.8,Impulsivity in Parkinson's disease may be mediated by faulty evaluation of rewards or the failure to inhibit inappropriate choices.,yes,,yes,yes,yes,,,,,,,,,,llama-3.1-8b-instruct,0,drop,no,no,no,unclear,unclear,no,,,,"The sentence does not mention impulsivity as a phenotype, but rather as a potential cause. It also does not mention functional connectivity as a feature type, but rather mentions rewards and inhibiting choices, which are related to brain function but not directly related to the extracted feature type.",
361,32434751,Increased functional connectivity in gambling disorder correlates with behavioural and emotional dysregulation: Evidence of a role for the cerebellum.,2020,Behavioural brain research,impulsivity fMRI functional connectivity,unknown,functional connectivity,impulsivity (general),gambling disorder,correlates_with,higher,,direct,0.8,"GD patients displayed higher emotional and behavioural impairment than HC, together with an increased resting state functional connectivity in the network including anterior cingulate cortex, the caudate nucleus and nucleus accumbens, and within the cerebellum, in comparison with the control group.",yes,,yes,yes,yes,,,,,,,,,,llama-3.1-8b-instruct,1,revise,yes,yes,yes,yes,no,no,impulsivity (general),functional connectivity,higher,"The sentence supports the phenotype, feature, and relationship, but it does not name the brain system directly. The brain system is mentioned as the cerebellum, but the claim is more general. The direction is supported, but the directness is not because the sentence does not name both phenotype and feature.",
362,37721727,Acupuncture modulates the functional connectivity among the subcortical nucleus and fronto-parietal network in adolescents with internet addiction.,2023,Brain and behavior,impulsivity fMRI functional connectivity,unknown,functional connectivity,unknown,internet addiction,modulates,unclear,not yet clear,unclear,0.7,"Acupuncture has been demonstrated to be effective in alleviating IA; however, the mechanism is not yet clear.",yes,,yes,yes,yes,,,,,,,,,,llama-3.1-8b-instruct,0,drop,no,no,no,unclear,unclear,no,,,,"The sentence does not mention a specific phenotype or feature, making it unsupported for the extracted claim.",
363,25282597,Differences in functional connectivity between alcohol dependence and internet gaming disorder.,2015,Addictive behaviors,impulsivity fMRI functional connectivity,unknown,functional connectivity,impulsivity (general),unknown,differences,unclear,,unclear,0.7,"Both AD and IGD subjects have positive functional connectivity between the dorsolateral prefrontal cortex (DLPFC), cingulate, and cerebellum. In addition, both groups have negative functional connectivity between the DLPFC and the orbitofrontal cortex.",yes,,yes,yes,yes,,,,,,,,,,llama-3.1-8b-instruct,2,keep,yes,yes,yes,yes,yes,no,impulsivity (general),functional connectivity,positive,"The sentence clearly supports the extracted claim by describing differences in functional connectivity between the brain regions mentioned, which is associated with impulsivity. The direction of the relationship is also clear, as it mentions positive and negative functional connectivity.",
364,25853901,Impaired functional connectivity within and between frontostriatal circuits and its association with compulsive drug use and trait impulsivity in cocaine addiction.,2015,JAMA psychiatry,impulsivity fMRI functional connectivity,unknown,functional connectivity,impulsivity (general),cocaine addiction,associated_with,unclear,,unclear,0.7,Cocaine addiction is associated with disturbed rsFC in several specific striatal-cortical circuits.,yes,,yes,yes,yes,,,,,,,,,,llama-3.1-8b-instruct,1,revise,yes,yes,yes,no,no,no,impulsivity (general),functional connectivity,unclear,"The sentence partially supports the claim, but the direction and directness are unclear. The phenotype and feature are supported, but need to be corrected to match the extracted claim.",
365,36149062,Reduced brain activity and functional connectivity during creative idea generation in individuals with smartphone addiction.,2023,Social cognitive and affective neuroscience,impulsivity fMRI functional connectivity,unknown,functional connectivity,impulsivity (general),unknown,associated_with,lower,unclear,direct,0.8,The prefrontal cortex (PFC) and temporal regions were less active during creative idea generation in the SAT group than in the HC group.,yes,,yes,yes,no,,,,,,,,,,llama-3.1-8b-instruct,2,keep,yes,yes,yes,yes,yes,no,impulsivity (general),functional connectivity,lower,"The sentence directly supports the association between impulsivity (general) and lower functional connectivity, specifically in the prefrontal cortex and temporal regions during creative idea generation.",
366,27119360,Decreased functional connectivity of insula-based network in young adults with internet gaming disorder.,2016,Experimental brain research,impulsivity fMRI functional connectivity,unknown,functional connectivity,impulsivity (general),internet gaming disorder,associated_with,lower,reduced ability to inhibit motor responses to internet gaming or diminished executive control over craving for internet gaming,direct,0.8,"The IGD group showed decreased functional connectivity between left posterior insula and bilateral supplementary motor area and middle cingulated cortex, between right posterior insula and right superior frontal gyrus, and decreased functional integration between insular subregions.",yes,,yes,yes,no,,,,,,,,,,llama-3.1-8b-instruct,2,keep,yes,yes,yes,yes,yes,no,impulsivity (general),functional connectivity,lower,The sentence clearly supports the extracted claim by stating a specific association between the phenotype (impulsivity) and a feature (functional connectivity) in a particular direction (lower) in the context of internet gaming disorder.,
367,28888152,Altered functional connectivity to stressful stimuli in prenatally cocaine-exposed adolescents.,2017,Drug and alcohol dependence,impulsivity fMRI functional connectivity,unknown,functional connectivity,unknown,unknown,associated_with,unclear,,indirect,0.7,Prenatal cocaine exposure (PCE) is linked to addiction and obesity vulnerability. Neural responses to stressful and appetitive cues in adolescents with PCE versus those without have been differentially linked to substance-use initiation.,yes,,yes,yes,yes,,,,,,,,,,llama-3.1-8b-instruct,0,drop,no,no,no,no,no,yes,,,,"The sentence mentions a group difference but not a phenotype-feature association, and it does not support the extracted claim directly.",
368,38468374,Functional connectivity alterations in individuals with gaming disorder assessed by functional magnetic resonance imaging: a systematic review.,2025,Journal of addictive diseases,impulsivity fMRI functional connectivity,unknown,functional connectivity,unknown,Internet Gaming Disorder,associated_with,unclear,,unclear,0.7,The main findings reveal changes such as significant increases or decreases in functional connectivity in certain regions of the brain.,yes,,yes,yes,yes,,,,,,,,,,llama-3.1-8b-instruct,1,revise,yes,yes,yes,no,no,no,unknown,functional connectivity,unclear,"The sentence partially supports the claim, but the direction and directness are unclear. The phenotype is unknown, but the feature type is functional connectivity, which matches the extracted claim. The relationship is associated with, which is also supported.",
369,31362183,Oxytocin modulates alcohol-cue induced functional connectivity in the nucleus accumbens of social drinkers.,2019,Psychoneuroendocrinology,impulsivity fMRI functional connectivity,unknown,functional connectivity,impulsivity (general),unknown,associated_with,unclear,attenuates,direct,0.8,"Oxytocin application significantly reduced NAc connectivity with the cuneus and thalamo-occipital connectivity, while enhancing connectivity between the paracingulate gyrus and precentral gyrus.",yes,,yes,yes,yes,,,,,,,,,,llama-3.1-8b-instruct,1,revise,yes,yes,yes,no,no,no,impulsivity (general),functional connectivity,decreases,"The sentence partially supports the claim, but the direction is unclear and the directness is not fully supported as it does not name both phenotype and feature. The corrected phenotype and feature type are already provided in the claim, and the corrected direction can be inferred as the oxytocin application reduces connectivity.",
370,31401546,Functional connectivity of emotional well-being: Overconnectivity between default and attentional networks is associated with attitudes of anger and aggression.,2019,Psychiatry research. Neuroimaging,impulsivity fMRI functional connectivity,unknown,functional connectivity,impulsivity (general),unknown,associated_with,higher,decreased response inhibition,direct,0.7,Functional connectivity between the default and attentional networks was positively correlated with scores of attitudes of anger and aggression.,yes,,yes,yes,no,,,,,,,,,,llama-3.1-8b-instruct,2,keep,yes,yes,yes,yes,yes,no,impulsivity (general),functional connectivity,higher,"The sentence directly supports the claim with a clear association between functional connectivity and attitudes of anger and aggression, which is related to impulsivity.",
371,25073506,"Cortical thinning, functional connectivity, and mood-related impulsivity in schizophrenia: relationship to aggressive attitudes and behavior.",2014,The American journal of psychiatry,impulsivity fMRI functional connectivity,unknown,functional connectivity,impulsivity (general),schizophrenia,associated_with,unclear,,unclear,0.8,"Urgency scores correlated with reduced cortical thickness in ventral prefrontal regions including the right frontal pole, the medial and lateral orbitofrontal gyrus and inferior frontal gyri, and the rostral anterior cingulate cortex. In patients, reduced resting-state functional connectivity in some of these regions was associated with higher urgency.",yes,,yes,yes,yes,,,,,,,,,,llama-3.1-8b-instruct,2,keep,yes,yes,yes,yes,yes,no,impulsivity (general),functional connectivity,associated with,"The sentence clearly supports the claim by stating a correlation between urgency scores and reduced cortical thickness, and also mentions reduced resting-state functional connectivity in some regions associated with higher urgency.",
372,24367675,Increased functional connectivity between prefrontal cortex and reward system in pathological gambling.,2013,PloS one,impulsivity fMRI functional connectivity,unknown,functional connectivity,nonplanning impulsivity,pathological gambling,associated_with,higher,unclear,direct,0.8,"PG patients demonstrated increased connectivity from the right middle frontal gyrus to the right striatum as compared to controls, which was also positively correlated with nonplanning aspect of impulsiveness,",yes,,yes,yes,yes,,,,,,,,,,llama-3.1-8b-instruct,2,keep,yes,yes,yes,yes,yes,no,nonplanning impulsivity,functional connectivity,higher,"The sentence directly supports the claim by mentioning a specific brain region (right middle frontal gyrus) and its increased connectivity to another region (right striatum) in PG patients compared to controls, which is also correlated with nonplanning impulsivity.",
373,40032530,Cocaine Self-Administration Increases Impulsive Decision-Making in Low-Impulsive Rats Associated with Impaired Functional Connectivity in the Mesocorticolimbic System.,2025,eNeuro,impulsivity fMRI functional connectivity,unknown,functional connectivity,impulsivity (general),unknown,associated_with,unclear,reduced functional connectivity and DA receptor expression,direct,0.8,"Chronic cocaine SA selectively increased impulsive choice in low-impulsive rats. Resting-state fMRI analysis revealed a negative correlation between impulsivity and functional connectivity between the midbrain and frontal cortex, as well as between the thalamus and frontal cortex in low-impulsive rats.",yes,,yes,yes,no,,,,,,,,,,llama-3.1-8b-instruct,2,keep,yes,yes,yes,yes,yes,no,impulsivity (general),functional connectivity,negative,"The sentence clearly supports the phenotype, feature, relationship, and direction when stated.",
374,39419186,Alternations voxel-wise interhemispheric and intrahemipheric functional connectivity dynamics in internet gaming disorder.,2025,Journal of affective disorders,impulsivity fMRI functional connectivity,unknown,functional connectivity,impulsivity (general),internet gaming disorder,associated_with,unclear,,direct,0.8,Individuals with internet gaming disorder (IGDs) have aberrant functional connection patterns between multiple brain regions and networks.,yes,,yes,yes,no,,,,,,,,,,llama-3.1-8b-instruct,1,revise,yes,yes,yes,no,no,no,impulsivity (general),functional connectivity,unclear,"The sentence partially supports the claim but needs revision or is indirect. The phenotype 'impulsivity (general)' is mentioned, but the feature type 'functional connectivity' is not explicitly stated as being aberrant. The direction is unclear, and the directness is not fully supported as the sentence does not name both phenotype and feature.",
375,34469847,Sex-specific frontal-striatal connectivity differences among adolescents with externalizing disorders.,2021,NeuroImage. Clinical,impulsivity fMRI functional connectivity,unknown,functional connectivity,impulsivity (general),externalizing disorders,associated_with,unclear,,direct,0.8,The findings provide evidence supporting sex differences in both ventral striatal-ventromedial prefrontal and medial-lateral prefrontal functional networks in youth with externalizing disorders.,yes,,yes,yes,yes,,,,,,,,,,llama-3.1-8b-instruct,1,revise,yes,yes,yes,no,no,no,impulsivity (general),functional connectivity,unclear,"The sentence partially supports the claim, but the direction and directness are not explicitly stated. The phenotype and feature are supported, but need to be corrected to match the extracted claim.",
376,36662797,The continuum of attention dysfunction: Evidence from dynamic functional network connectivity analysis in neurotypical adolescents.,2023,PloS one,impulsivity fMRI functional connectivity,unknown,dynamic connectivity,impulsivity (general),unknown,associated_with,unclear,,indirect,0.7,We found that dynamic FNC analysis detects significant differences in large-scale neural connectivity as a function of individual differences in attention and impulsivity.,yes,,yes,yes,no,,,,,,,,,,llama-3.1-8b-instruct,1,revise,yes,yes,yes,no,no,no,impulsivity (general),dynamic connectivity,unclear,"The sentence partially supports the claim, but the direction and directness are unclear. The phenotype and feature are supported, but need to be corrected to match the extracted claim.",
377,30054871,Internet gaming disorder: deficits in functional and structural connectivity in the ventral tegmental area-Accumbens pathway.,2019,Brain imaging and behavior,impulsivity fMRI functional connectivity,unknown,functional connectivity,impulsivity (general),Internet gaming disorder,associated_with,lower,unclear,direct,0.8,Both the NAc and medial orbitofrontal cortex (mOFC) showed lower RSFC with VTA in IGD subjects compared with controls.,yes,,yes,yes,yes,,,,,,,,,,llama-3.1-8b-instruct,2,keep,yes,yes,yes,yes,yes,no,impulsivity (general),functional connectivity,lower,"The sentence clearly supports the extracted claim, mentioning a direct association between impulsivity (general) and lower functional connectivity in the VTA-NAc pathway in IGD subjects compared to controls.",
378,28777996,Neural connectivity moderates the association between sleep and impulsivity in adolescents.,2017,Developmental cognitive neuroscience,impulsivity fMRI functional connectivity,unknown,functional connectivity,impulsivity (general),unknown,associated_with,unclear,,unclear,0.6,"Poor sleep quality was related to greater affect-related impulsivity among adolescents with low, but not high, connectivity.",yes,,yes,yes,no,,,,,,,,,,llama-3.1-8b-instruct,1,revise,yes,yes,yes,no,no,no,impulsivity (affect-related),functional connectivity,positive,"The sentence partially supports the claim, but the phenotype and feature need to be corrected to be more specific. The direction is unclear in the sentence, but based on the corrected phenotype, the direction is likely positive.",
379,34262129,Dorsal and ventral striatal functional connectivity shifts play a potential role in internet gaming disorder.,2021,Communications biology,impulsivity fMRI functional connectivity,unknown,functional connectivity,impulsivity (general),internet gaming disorder,associated_with,higher,unclear,direct,0.8,IGD relative to RGU subjects showed higher dorsal-striatum-to-MFG functional connectivity.,yes,,yes,yes,no,,,,,,,,,,llama-3.1-8b-instruct,2,keep,yes,yes,yes,yes,yes,no,impulsivity (general),functional connectivity,higher,The sentence directly supports the claim by stating a higher functional connectivity between dorsal-striatum and MFG in IGD subjects compared to RGU subjects.,
380,30277562,The role of the dorsal striatum in choice impulsivity.,2019,Annals of the New York Academy of Sciences,impulsivity fMRI functional connectivity,unknown,functional connectivity,impulsivity (general),unknown,associated_with,unclear,,unclear,0.7,"In principle, intertemporal choice in the delay-discounting task-a validated measure of choice impulsivity-involves reward-associated actions that require the recruitment of the dorsal striatum.",yes,,yes,yes,yes,,,,,,,,,,llama-3.1-8b-instruct,1,revise,yes,no,yes,no,no,no,impulsivity (general),functional connectivity,,"The sentence partially supports the claim by mentioning the phenotype (impulsivity) and relationship (associated with), but it does not specify the feature type (functional connectivity) and direction. The sentence also does not directly support the directness of the relationship.",
381,41667050,Task-based functional connectivity in internet gaming disorder: A systematic review.,2026,Progress in neuro-psychopharmacology & biological psychiatry,impulsivity fMRI functional connectivity,unknown,functional connectivity,impulsivity (general),internet gaming disorder,associated_with,higher,unclear,direct,0.8,"During reward responsiveness tasks, IGD individuals demonstrated a pattern of increased FC of reward network regions.",yes,,yes,yes,no,,,,,,,,,,llama-3.1-8b-instruct,1,revise,yes,yes,yes,yes,no,no,impulsivity (general),functional connectivity,higher,"The sentence directly supports the phenotype and feature, but does not name the brain system, which is required for directness. The direction is also supported, but the sentence does not explicitly state the relationship, which is assumed to be 'associated_with' based on the context.",
382,25553620,A selective involvement of putamen functional connectivity in youth with internet gaming disorder.,2015,Brain research,impulsivity fMRI functional connectivity,unknown,functional connectivity,impulsivity (general),internet gaming disorder,associated_with,unclear,,direct,0.7,Adolescents with internet gaming disorder showed significantly reduced dorsal putamen functional connectivity with the posterior insula-parietal operculum.,yes,,yes,yes,yes,,,,,,,,,,llama-3.1-8b-instruct,2,keep,yes,yes,yes,yes,yes,no,impulsivity (general),functional connectivity,reduced,"The sentence directly states that adolescents with internet gaming disorder have reduced functional connectivity, which is a direct association between a phenotype (impulsivity) and a feature (functional connectivity). The direction is also supported as reduced.",
383,34861396,Individual differences in (dis)honesty are represented in the brain's functional connectivity at rest.,2022,NeuroImage,impulsivity fMRI functional connectivity,unknown,functional connectivity,impulsivity (general),unknown,correlates_with,unclear,,direct,0.8,"Functional connectivity, especially between brain networks linked to self-referential thinking (vmPFC, temporal poles, and PCC) and reward processing (caudate nucleus), reliably correlates with participants' propensity to cheat.",yes,,yes,yes,no,,,,,,,,,,llama-3.1-8b-instruct,2,keep,yes,yes,yes,yes,yes,no,impulsivity (general),functional connectivity,positively,"The sentence clearly supports the extracted claim, mentioning a direct relationship between impulsivity (general) and functional connectivity, specifically in brain networks linked to self-referential thinking and reward processing.",
384,35007715,Risk-taking in humans and the medial orbitofrontal cortex reward system.,2022,NeuroImage,impulsivity fMRI functional connectivity,unknown,functional connectivity,impulsivity (general),unknown,associated_with,higher,unclear,direct,0.9,"Functional connectivities of the medial orbitofrontal cortex, ventromedial prefrontal cortex (VMPFC), and the parahippocampal areas were significantly higher in the risk-taking group.",yes,,yes,yes,no,,,,,,,,,,llama-3.1-8b-instruct,2,keep,yes,yes,yes,yes,yes,no,impulsivity (general),functional connectivity,higher,The sentence directly supports the association between impulsivity (general) and higher functional connectivity in the risk-taking group.,
385,40991106,Functional connectome fingerprinting related to BMI and its association with impulsivity.,2025,Brain imaging and behavior,impulsivity fMRI functional connectivity,unknown,functional connectivity,impulsivity (general),unknown,associated_with,unclear,,unclear,0.7,"Notably, these rsFC fingerprintings significantly accounted for scores on the delay discounting task.",yes,,yes,yes,yes,,,,,,,,,,llama-3.1-8b-instruct,1,revise,yes,yes,yes,no,no,no,impulsivity (general),functional connectivity,positive,"The sentence supports the phenotype and feature, but the direction is unclear. The relationship is also supported, but the directness is unclear. The corrected phenotype, feature type, and direction are provided.",
386,32214339,Alcohol effects on globus pallidus connectivity: Role of impulsivity and binge drinking.,2020,PloS one,impulsivity fMRI functional connectivity,unknown,functional connectivity,impulsivity (general),unknown,associated_with,unclear,alcohol-induced changes,unclear,0.7,"We found that individuals with greater number of drinks or heavy drinking days in the recent past had greater alcohol-induced deficits in GPe connectivity, particularly to the striatum.",yes,,yes,yes,yes,,,,,,,,,,llama-3.1-8b-instruct,2,keep,yes,yes,yes,yes,yes,no,impulsivity (general),functional connectivity,decreased,The sentence clearly supports the claim by stating a relationship between alcohol-induced changes and a specific feature of functional connectivity in individuals with greater number of drinks or heavy drinking days.,
387,27975158,Compensatory increase of functional connectivity density in adolescents with internet gaming disorder.,2017,Brain imaging and behavior,impulsivity fMRI functional connectivity,unknown,functional connectivity,unknown,internet gaming disorder,associated_with,higher,compensatory,direct,0.8,Individuals with IGD presented abnormalities in brain structures and functions including resting-state functional connectivity (rsFC) disturbance.,yes,,yes,yes,no,,,,,,,,,,llama-3.1-8b-instruct,0,drop,no,no,no,unclear,unclear,no,,,,"The sentence does not mention a specific phenotype or feature, and does not support the relationship or direction claimed.",
388,41067444,Altered functional connectivity of reward circuits in adolescents with addictive nonsuicidal self-injury.,2025,Brain research bulletin,impulsivity fMRI functional connectivity,unknown,functional connectivity,impulsivity (general),adolescents with addictive nonsuicidal self-injury,associated_with,unclear,,unclear,0.7,"The purpose of this study is to explore the alterations in resting-state functional connectivity (rs-FC) between regions of the reward circuits and the whole brain, and to elucidate the link between these rs-FC alterations and clinical characteristics among NSSI adolescents with addictive features.",yes,,yes,yes,yes,,,,,,,,,,llama-3.1-8b-instruct,1,revise,yes,yes,yes,no,no,no,impulsivity (general),functional connectivity,,"The sentence partially supports the claim, but the direction and directness are unclear. The phenotype and feature are mentioned, but the relationship is not explicitly stated. The corrected phenotype and feature type are based on the extracted claim.",
389,25445475,Decreased functional connectivity in an executive control network is related to impaired executive function in Internet gaming disorder.,2015,Progress in neuro-psychopharmacology & biological psychiatry,impulsivity fMRI functional connectivity,unknown,functional connectivity,impulsivity (general),Internet gaming disorder,associated_with,lower,unclear,direct,0.8,IGD subjects show lower functional connectivity in ECNs than do HC participants during resting state,yes,,yes,yes,yes,,,,,,,,,,llama-3.1-8b-instruct,2,keep,yes,yes,yes,yes,yes,no,impulsivity (general),functional connectivity,lower,"The sentence directly supports the claim by stating a specific phenotype (impulsivity), feature (functional connectivity), relationship (associated with), direction (lower), and directness (direct).",
390,34964209,Neural processes during response inhibition in complex posttraumatic stress disorder.,2022,Depression and anxiety,impulsivity fMRI functional connectivity,unknown,functional connectivity,impulsivity (general),complex posttraumatic stress disorder,associated_with,unclear,,unclear,0.5,A common feature of complex posttraumatic stress disorder (CPTSD) is impulsivity.,yes,,yes,yes,yes,,,,,,,,,,llama-3.1-8b-instruct,1,keep,yes,no,no,no,no,no,impulsivity (general),,,"The sentence supports the phenotype but does not provide information about the feature, relationship, direction, or directness.",
391,29442271,Exploring variability in basal ganglia connectivity with functional MRI in healthy aging.,2018,Brain imaging and behavior,impulsivity fMRI functional connectivity,unknown,functional connectivity,impulsivity (general),unknown,associated_with,unclear,,unclear,0.5,Changes in functional connectivity measured using resting state fMRI within the basal ganglia network (BGN) have been observed in pathologies with altered neurotransmitter systems and conditions involving motor control and dopaminergic processes.,yes,,yes,yes,no,,,,,,,,,,llama-3.1-8b-instruct,0,drop,no,no,no,unclear,unclear,no,,,,"The sentence does not support the claim because it does not mention impulsivity or any other phenotype, and it does not mention functional connectivity in the context of the basal ganglia network in healthy aging.",
392,32361415,Impulsivity Relates to Relative Preservation of Mesolimbic Connectivity in Patients with Parkinson Disease.,2020,NeuroImage. Clinical,impulsivity fMRI functional connectivity,unknown,functional connectivity,impulsivity (general),Parkinson Disease,associated_with,higher,unclear,direct,0.8,There is greater probability of connectivity between the SN and limbic network targets relative to motor and associative network targets in PD patients with recent history of severe impulsivity as compared to PD patients without impulsivity.,yes,,yes,yes,no,,,,,,,,,,llama-3.1-8b-instruct,2,keep,yes,yes,yes,yes,yes,no,impulsivity (general),functional connectivity,higher,"The sentence clearly supports the extracted claim, mentioning a direct association between impulsivity and higher functional connectivity in PD patients.",
393,33813866,Aberrant Salient and Corticolimbic Connectivity in Hypersexual Parkinson's Disease.,2021,Brain connectivity,impulsivity fMRI functional connectivity,unknown,functional connectivity,impulsivity (general),Parkinson's disease with hypersexuality,associated_with,unclear,enhanced salience network activity and corticolimbic disconnections,direct,0.8,Enhanced salience network (SN) activity represented by a significant rise in the right inferior frontal gyrus was found in PD+HS compared with PD-HS.,yes,,yes,yes,yes,,,,,,,,,,llama-3.1-8b-instruct,2,keep,yes,yes,yes,yes,yes,no,impulsivity (general),functional connectivity,increased,"The sentence directly supports the association between impulsivity (general) and enhanced salience network activity, which is a type of functional connectivity. The direction of the association is implied to be increased, as the sentence mentions a 'significant rise'.",
394,31886611,Dorsal striatal functional connectivity changes in Internet gaming disorder: A longitudinal magnetic resonance imaging study.,2021,Addiction biology,impulsivity fMRI functional connectivity,unknown,functional connectivity,impulsivity (general),Internet gaming disorder,associated_with,unclear,,direct,0.8,Subjects with IGD exhibited decreased FC between the left dorsal putamen and left medial prefrontal cortex (mPFC) compared with controls.,yes,,yes,yes,no,,,,,,,,,,llama-3.1-8b-instruct,2,keep,yes,yes,yes,yes,yes,no,impulsivity (general),functional connectivity,decreased,"The sentence directly states a decrease in functional connectivity between two brain regions, which is a direct association with the phenotype of impulsivity (general).",
395,40043540,A brief review of MRI studies in patients with attention-deficit/hyperactivity disorder and future perspectives.,2025,Brain & development,impulsivity fMRI functional connectivity,unknown,functional connectivity,impulsivity (general),attention-deficit/hyperactivity disorder,associated_with,unclear,,indirect,0.7,"rs-fMRI research has shown altered connectivity patterns within and between key brain networks, including the default mode, fronto-parietal, and salience networks.",yes,,yes,yes,yes,,,,,,,,,,llama-3.1-8b-instruct,1,revise,yes,yes,yes,no,no,no,impulsivity (general),functional connectivity,unclear,"The sentence partially supports the claim by mentioning altered connectivity patterns, but it does not specify the phenotype-feature association or the direction of the relationship. The corrected fields are based on the extracted claim.",
396,32987241,Intrinsic functional connectivity of the default mode and cognitive control networks relate to change in behavioral performance over two years.,2020,Cortex; a journal devoted to the study of the nervous system and behavior,impulsivity fMRI functional connectivity,unknown,functional connectivity,unknown,unknown,correlates_with,unclear,,direct,0.8,Increased within-network connectivity through central and left DMN was associated with increased memory performance.,yes,,yes,yes,no,,,,,,,,,,llama-3.1-8b-instruct,2,keep,yes,yes,yes,yes,yes,no,memory performance,within-network connectivity,positive,The sentence clearly supports the claim by stating a direct relationship between a specific phenotype (memory performance) and a feature (within-network connectivity) in a specific brain system (DMN).,
397,37753565,The role of the cerebellum in internet gaming disorder-A systematic review.,2023,Addiction biology,impulsivity fMRI functional connectivity,unknown,functional connectivity,impulsivity (general),internet gaming disorder,associated_with,unclear,unclear,unclear,0.7,"Studies have further indicated that differential activation patterns in the cerebellum may enable discrimination between healthy subjects and subjects with IGD, even allowing for prediction of treatment outcomes.",yes,,yes,yes,yes,,,,,,,,,,llama-3.1-8b-instruct,1,revise,yes,no,yes,no,no,no,impulsivity (general),functional connectivity,,"The sentence partially supports the claim, but the feature type is not explicitly mentioned as 'functional connectivity'. The direction is also unclear.",
398,38594324,From compulsivity to compulsion: the neural basis of compulsive disorders.,2024,Nature reviews. Neuroscience,impulsivity neuroimaging functional connectivity,unknown,functional connectivity,impulsivity (general),unknown,associated_with,unclear,,unclear,0.7,"Several main elements of this circuitry are identified, focused on fronto-striatal systems implicated in goal-directed behaviour and habits.",yes,,yes,yes,yes,,,,,,,,,,llama-3.1-8b-instruct,0,drop,no,no,no,unclear,unclear,unclear,,,,"The sentence does not mention impulsivity or any other phenotype, and does not mention functional connectivity or any other feature type.",
399,31691415,Risk proneness modulates the impact of impulsivity on brain functional connectivity.,2020,Human brain mapping,impulsivity neuroimaging functional connectivity,unknown,EEG connectivity,impulsivity (general),unknown,associated_with,unclear,unclear,indirect,0.7,"The associations of impulsivity- and sensation seeking-related traits with the between and within coupling of seven major brain functional networks, estimated from electroencefalograma (EEG) recordings, differ according to whether an individual is risk prone or not.",yes,,yes,yes,yes,,,,,,,,,,llama-3.1-8b-instruct,1,revise,yes,yes,yes,no,yes,no,impulsivity (general),EEG connectivity,unclear,"The sentence partially supports the claim, but the direction is unclear and should be revised to accurately reflect the extracted direction.",
400,12359667,Drug addiction and its underlying neurobiological basis: neuroimaging evidence for the involvement of the frontal cortex.,2002,The American journal of psychiatry,impulsivity neuroimaging functional connectivity,unknown,functional connectivity,impulsivity (general),unknown,associated_with,unclear,,unclear,0.7,"The orbitofrontal cortex and the anterior cingulate gyrus, which are regions neuroanatomically connected with limbic structures, are the frontal cortical areas most frequently implicated in drug addiction.",yes,,yes,yes,yes,,,,,,,,,,llama-3.1-8b-instruct,0,drop,no,no,no,no,no,no,,,,"The sentence does not mention a phenotype-feature association, and it does not support the extracted claim.",
401,24815984,"EEG functional connectivity, axon delays and white matter disease.",2015,Clinical neurophysiology : official journal of the International Federation of Clinical Neurophysiology,impulsivity neuroimaging functional connectivity,unknown,EEG connectivity,unknown,unknown,associated_with,unclear,axon conduction speed and myelin control,background,0.6,"Myelin controls axon speed, and the synchrony of impulse traffic between distant cortical regions appears to be critical for optimal mental performance and learning.",yes,,yes,yes,yes,,,,,,,,,,llama-3.1-8b-instruct,1,revise,yes,yes,yes,no,no,no,mental performance and learning,EEG connectivity,positive,"The sentence partially supports the claim by mentioning a relationship between myelin and axon speed, which is related to EEG connectivity. However, the phenotype and direction are not explicitly stated. The corrected phenotype is 'mental performance and learning', which is implied by the sentence. The corrected feature type is 'EEG connectivity', which is related to the sentence. The corrected direction is 'positive', as the sentence implies that myelin is beneficial for optimal mental performance and learning.",
402,30885789,Whole-brain functional connectivity during script-driven aggression in borderline personality disorder.,2019,Progress in neuro-psychopharmacology & biological psychiatry,impulsivity neuroimaging functional connectivity,unknown,functional connectivity,impulsivity (general),borderline personality disorder,associated_with,higher,unclear,direct,1.0,We identified a large network showing a significantly stronger increase in connectivity from baseline to the aggression phase in female patients with BPD compared to healthy women.,yes,,yes,yes,yes,,,,,,,,,,llama-3.1-8b-instruct,1,revise,yes,yes,yes,no,no,no,impulsivity (general),functional connectivity,higher,"The sentence partially supports the claim, but the direction and directness need to be revised. The sentence does not explicitly state the direction as 'higher', but it implies it. The directness is also not explicitly stated, but it can be inferred that the sentence is referring to a direct association between impulsivity and functional connectivity.",
403,30652907,Functional and structural neuroimaging studies of delayed reward discounting in addiction: A systematic review.,2019,Psychological bulletin,impulsivity neuroimaging functional connectivity,unknown,functional connectivity,impulsivity (general),addictive behavior,associated_with,unclear,,unclear,0.7,There was substantial evidence of greater neural activity in the executive control network during choices for larger-delayed rewards (delayed gratification) relative to choices for smaller-immediate rewards (immediate gratification),yes,,yes,yes,no,,,,,,,,,,llama-3.1-8b-instruct,2,keep,yes,yes,yes,yes,yes,no,impulsivity (general),functional connectivity,greater,The sentence clearly supports the claim by stating a specific association between impulsivity (general) and functional connectivity in the executive control network.,
404,39378092,Adolescent alcohol consumption predicted by differences in electrophysiological functional connectivity and neuroanatomy.,2024,Proceedings of the National Academy of Sciences of the United States of America,impulsivity neuroimaging functional connectivity,unknown,functional connectivity,unknown,unknown,predicts,higher,,direct,0.8,"Alcohol consumption during adolescence has been associated with neuroanatomical abnormalities and the appearance of future disorders. However, the latest advances in this field point to the existence of risk profiles which may lead to some individuals into an early consumption. To date, some studies have established predictive models of consumption based on sociodemographic, behavioral, and anatomical-functional variables using MRI. However, the neuroimaging variables employed are usually restricted to local and hemodynamic phenomena. Given the potential of connectome approaches, and the high temporal dynamics of electrophysiology, we decided to explore the relationship between future alcohol consumption and electrophysiological connectivity measured by MEG in a cohort of 83 individuals aged 14 to 16.",yes,,yes,yes,yes,,,,,,,,,,llama-3.1-8b-instruct,1,revise,yes,yes,yes,no,no,no,alcohol consumption during adolescence,electrophysiological functional connectivity,null,"The sentence partially supports the claim as it mentions the relationship between alcohol consumption and electrophysiological functional connectivity, but the direction and directness are not explicitly stated. The phenotype is supported as 'alcohol consumption during adolescence' can be inferred from the sentence. The feature type is supported as 'electrophysiological functional connectivity' is mentioned. The relationship is supported as 'predicts' can be inferred from the context. However, the direction is not supported as it is not explicitly stated. The directness is not supported as it is not explicitly stated. The corrected phenotype and feature type are provided based on the information in the sentence.",
405,23451272,Decreased functional brain connectivity in adolescents with internet addiction.,2013,PloS one,impulsivity neuroimaging functional connectivity,unknown,functional connectivity,impulsivity (general),internet addiction,associated_with,lower,,direct,1.0,Adolescents with internet addiction showed reduced functional connectivity spanning a distributed network.,yes,,yes,yes,yes,,,,,,,,,,llama-3.1-8b-instruct,2,keep,yes,yes,yes,yes,yes,no,impulsivity (general),functional connectivity,lower,"The sentence directly states that adolescents with internet addiction have reduced functional connectivity, which matches the extracted claim.",
406,38852751,Multimodal neuroimaging fusion unravel structural-functional-neurotransmitter change in Parkinson's disease with impulse control disorders.,2024,Neurobiology of disease,impulsivity neuroimaging functional connectivity,unknown,functional connectivity,impulsivity (general),Parkinson's disease,associated_with,unclear,,unclear,0.7,PD-ICD patients showed decreased FC between interhemispheric OFG.,yes,,yes,yes,no,,,,,,,,,,llama-3.1-8b-instruct,2,keep,yes,yes,yes,yes,yes,no,impulsivity (general),functional connectivity,decreased,"The sentence directly states a relationship between impulsivity and functional connectivity in Parkinson's disease patients, with a clear direction of decreased functional connectivity.",
407,35041909,Brain functional connectivity during and after imagery of gaming and alternative leisure activities in patients with internet gaming disorder.,2022,Neuroscience letters,impulsivity neuroimaging functional connectivity,unknown,functional connectivity,impulsivity (general),internet gaming disorder,associated_with,unclear,,unclear,0.7,The effect of imagery tasks on brain connectivity has not been investigated in patients with internet gaming disorder.,yes,,yes,yes,no,,,,,,,,,,llama-3.1-8b-instruct,0,drop,no,no,no,unclear,unclear,no,,,,The sentence does not support the claim as it does not provide any information about the relationship between impulsivity and functional connectivity in patients with internet gaming disorder.,
408,38000138,The functional connectivity between right parahippocampal gyrus and precuneus underlying the association between reward sensitivity and procrastination.,2024,Cortex; a journal devoted to the study of the nervous system and behavior,impulsivity neuroimaging functional connectivity,unknown,functional connectivity,impulsivity (general),unknown,associated_with,unclear,,direct,1.0,The RSFC result found reward sensitivity was negatively associated with the functional connectivity of the right parahippocampal gyrus-precuneus.,yes,,yes,yes,no,,,,,,,,,,llama-3.1-8b-instruct,2,keep,yes,yes,yes,yes,yes,no,impulsivity (general),functional connectivity,negatively associated,"The sentence clearly supports the extracted claim, mentioning a direct association between reward sensitivity and the functional connectivity of the right parahippocampal gyrus-precuneus, which is a specific brain region. The direction of the association is also clearly stated as negative.",
409,37992501,Testing the triple network model of psychopathology in a transdiagnostic neurodevelopmental cohort.,2023,NeuroImage. Clinical,impulsivity neuroimaging functional connectivity,unknown,functional connectivity,impulsivity (general),unknown,associated_with,higher,,direct,0.8,"Hyperactivity/impulsivity was associated with increased functional connectivity between the Salience (SN), Central Executive (CEN), and Default Mode Networks (DMN) in at-risk children, whereas it was associated with decreased functional connectivity between the CEN and DMN in comparison children.",yes,,yes,yes,no,,,,,,,,,,llama-3.1-8b-instruct,1,revise,yes,yes,yes,no,no,no,impulsivity (general),functional connectivity,mixed,"The sentence supports the phenotype and feature, but the direction is mixed and not captured exactly by the extracted direction. The directness is also not fully supported as the sentence does not name both phenotype and feature.",
410,32312566,[The contribution of forensic neuroscience to psychopathy].,2020,L'Encephale,impulsivity neuroimaging functional connectivity,unknown,functional connectivity,impulsivity (general),forensic populations with psychopathic traits,associated_with,unclear,unknown,unclear,0.6,"They report numerous functional abnormalities that include the striatum, hippocampus, and uncinate fasciculus.",yes,,yes,yes,no,,,,,,,,,,llama-3.1-8b-instruct,0,drop,no,no,no,unclear,unclear,no,,,,"The sentence does not mention a phenotype-feature association, it only mentions brain regions with functional abnormalities.",
411,41310178,The role of the salience network in adolescent impulsivity using memory tasks and neuroimaging.,2025,Communications medicine,impulsivity neuroimaging functional connectivity,unknown,functional connectivity,impulsivity (general),unknown,associated_with,higher,,direct,0.8,Neural activity and connectivity involving the insula and dorsal anterior cingulate cortex (dACC) are significantly associated with behavioral responses and individual impulsivity.,yes,,yes,yes,yes,,,,,,,,,,llama-3.1-8b-instruct,1,revise,yes,yes,yes,yes,no,no,impulsivity (general),functional connectivity,higher,"The sentence partially supports the claim, but the directness is not fully supported because it does not name both phenotype and feature. The corrected fields are phenotype, feature type, and direction.",
412,24705817,Imaging functional and structural brain connectomics in attention-deficit/hyperactivity disorder.,2014,Molecular neurobiology,impulsivity neuroimaging functional connectivity,unknown,functional connectivity,impulsivity (general),attention-deficit/hyperactivity disorder,associated_with,unclear,,unclear,0.8,These behavior deficits in ADHD children are associated with changes in functional and structural connectivity among regions.,yes,,yes,yes,no,,,,,,,,,,llama-3.1-8b-instruct,1,revise,yes,yes,yes,no,no,no,impulsivity (general),functional and structural connectivity,unclear,"The sentence partially supports the claim but needs revision or is indirect. The phenotype 'impulsivity (general)' is supported, but the feature type 'functional and structural connectivity' is more specific than the extracted feature type 'functional connectivity'. The direction is unclear and the directness is also unclear.",
413,23223295,Altered functional brain connectivity in a non-clinical sample of young adults with attention-deficit/hyperactivity disorder.,2012,The Journal of neuroscience : the official journal of the Society for Neuroscience,impulsivity neuroimaging functional connectivity,unknown,functional connectivity,impulsivity (general),attention-deficit/hyperactivity disorder,associated_with,unclear,,unclear,0.7,Results from this study show that the diagnosis and the two main symptom dimensions of ADHD are related to altered intrinsic connectivity in orbitofrontal-temporal-occipital and fronto-amygdala-occipital networks.,yes,,yes,yes,no,,,,,,,,,,llama-3.1-8b-instruct,1,revise,yes,yes,yes,no,no,no,impulsivity (general),functional connectivity,positive,"The sentence supports the phenotype (impulsivity) and feature (functional connectivity), but the direction is unclear. The sentence also implies a direct relationship between the phenotype and feature, but does not name both phenotype and feature explicitly. The corrected phenotype, feature type, and direction are provided based on the extracted claim.",
414,30616717,Decreased brain connectivity in smoking contrasts with increased connectivity in drinking.,2019,eLife,impulsivity neuroimaging functional connectivity,unknown,functional connectivity,impulsivity (general),unknown,associated_with,lower,,direct,0.8,"Increased impulsivity was found in smokers, associated with decreased functional connectivity of the non-reward-related lateral orbitofrontal cortex; and increased impulsivity was found in high amount drinkers, associated with increased functional connectivity of the reward-related medial orbitofrontal cortex.",yes,,yes,yes,yes,,,,,,,,,,llama-3.1-8b-instruct,2,keep,yes,yes,yes,yes,yes,no,impulsivity (general),functional connectivity,lower,"The sentence clearly supports the extracted claim, mentioning both phenotype (impulsivity) and feature (functional connectivity), and their relationship (associated with). The direction (lower) is also supported, as the sentence states that decreased functional connectivity is associated with increased impulsivity. The directness is supported because the sentence names both phenotype and feature.",
415,26116812,The mediating role of LPFC-vmPFC functional connectivity in the relation between regulatory mode and delay discounting.,2015,Behavioural brain research,impulsivity neuroimaging functional connectivity,unknown,functional connectivity,impulsivity (general),unknown,predicts,unclear,,direct,0.8,The effect of regulatory mode on delay discounting is mediated by LPFC-vmPFC functional connectivity.,yes,,yes,yes,no,,,,,,,,,,llama-3.1-8b-instruct,2,keep,yes,yes,yes,yes,yes,no,impulsivity (general),functional connectivity,unclear,"The sentence clearly supports the phenotype (impulsivity), feature (functional connectivity), relationship (predicts), and direction (unclear) when stated. The directness is also supported as the sentence names both phenotype and feature.",
416,21546000,Atypical prefrontal connectivity in attention-deficit/hyperactivity disorder: pathway to disease or pathological end point?,2011,Biological psychiatry,impulsivity neuroimaging functional connectivity,unknown,functional connectivity,impulsivity (general),attention-deficit/hyperactivity disorder (ADHD),associated_with,unclear,dysregulated modulation of cortical plasticity,unclear,0.8,Functional neuroimaging studies have identified multiple nodes of dysfunction in frontostriatal and mesocorticolimbic networks in attention-deficit/hyperactivity disorder (ADHD).,yes,,yes,yes,yes,,,,,,,,,,llama-3.1-8b-instruct,0,drop,no,no,no,unclear,unclear,no,,,,"The sentence does not mention impulsivity or functional connectivity, and does not establish an association between them.",
417,40193128,Subthalamic Deep Brain Stimulation: Mapping Non-Motor Outcomes to Structural Connections.,2025,Human brain mapping,impulsivity neuroimaging functional connectivity,unknown,structural connectivity,impulsivity (general),Parkinson's Disease,associated_with,unclear,,unclear,0.7,"The study aimed at providing a proof of concept for this approach by mapping changes along extensive score batteries to a few anatomical fiber bundles and, in turn, estimating changes in individual scores based on stimulation of these tracts. Each component was associated with the stimulation of spatially segregated fiber bundles connecting regions of the frontal cortex with the subthalamic nucleus.",yes,,yes,yes,no,,,,,,,,,,llama-3.1-8b-instruct,0,drop,no,no,no,unclear,unclear,unclear,,,,"The sentence does not mention impulsivity or any other phenotype, and does not mention structural connectivity as a feature type. It also does not establish an association between impulsivity and structural connectivity.",
418,37141645,Value-based decision-making network functional connectivity correlates with substance use and delay discounting behaviour among young adults.,2023,NeuroImage. Clinical,impulsivity neuroimaging functional connectivity,unknown,functional connectivity,impulsivity (general),unknown,correlates_with,unclear,,unclear,0.7,"Functional connectivity of these networks could serve as susceptibility biomarkers for substance use disorders, informing earlier identification and treatment.",yes,,yes,yes,yes,,,,,,,,,,llama-3.1-8b-instruct,0,drop,no,no,no,unclear,unclear,no,,,,"The sentence does not support the extracted claim as it does not mention impulsivity, functional connectivity, or any relationship between them.",
419,27942448,Brain connectivity aberrations in anabolic-androgenic steroid users.,2017,NeuroImage. Clinical,impulsivity neuroimaging functional connectivity,unknown,functional connectivity,impulsivity (general),unknown,associated_with,lower,disruptions,direct,0.8,current users exhibited reduced functional connectivity between key nodes involved in emotional and cognitive regulation,yes,,yes,yes,yes,,,,,,,,,,llama-3.1-8b-instruct,2,keep,yes,yes,yes,yes,yes,no,impulsivity (general),functional connectivity,lower,"The sentence directly supports the claim by mentioning a specific phenotype (impulsivity), feature type (functional connectivity), relationship (associated with), direction (lower), and directness (direct).",
420,33137406,The functional connectivity between the prefrontal cortex and supplementary motor area moderates the relationship between internet gaming disorder and loneliness.,2021,Progress in neuro-psychopharmacology & biological psychiatry,impulsivity neuroimaging functional connectivity,unknown,functional connectivity,impulsivity (general),internet gaming disorder,moderates,unclear,unclear,direct,0.8,The rsFC of the DLPFC-precentral gyrus and the DLPFC-postcentral gyrus moderated the relationship between IGD severity and loneliness scores.,yes,,yes,yes,no,,,,,,,,,,llama-3.1-8b-instruct,2,keep,yes,yes,yes,yes,yes,no,impulsivity (general),functional connectivity,unclear,"The sentence clearly supports the extracted claim, mentioning a direct relationship between the phenotype (IGD severity), feature (functional connectivity), and loneliness scores, with the relationship being moderated. The direction is unclear, but the extracted direction captures the relevant part exactly.",
421,27851842,Estimating the Heritability of Structural and Functional Brain Connectivity in Families Affected by Attention-Deficit/Hyperactivity Disorder.,2017,JAMA psychiatry,impulsivity neuroimaging functional connectivity,unknown,functional connectivity,impulsivity (general),Attention-Deficit/Hyperactivity Disorder (ADHD),associated_with,unclear,unclear,unclear,0.7,"Disruption of such connectivity is a key pathophysiologic mechanism for ADHD, and identifying heritable phenotypes within these connections could provide candidates for genomic studies.",yes,,yes,yes,yes,,,,,,,,,,llama-3.1-8b-instruct,0,drop,no,no,no,unclear,unclear,no,,,,"The sentence does not mention a specific phenotype-feature association, making it unsupported for the extracted claim.",
422,31515054,Somatosensory-Motor Dysconnectivity Spans Multiple Transdiagnostic Dimensions of Psychopathology.,2019,Biological psychiatry,impulsivity neuroimaging functional connectivity,unknown,functional connectivity,impulsivity (general),unknown,associated_with,unclear,,unclear,0.8,"The components were shared across all participants. The components were robust across multiple control analyses and replicated using independent task functional magnetic resonance imaging data from the same participants. Strikingly, all three components featured connectivity alterations within the somatosensory-motor network and its connectivity with subcortical structures and cortical executive networks.",yes,,yes,yes,no,,,,,,,,,,llama-3.1-8b-instruct,0,drop,no,no,no,unclear,unclear,no,,,,"The sentence does not mention impulsivity (general) or any other phenotype, and does not mention functional connectivity or any other feature type.",
423,28402565,Impulsive-antisocial psychopathic traits linked to increased volume and functional connectivity within prefrontal cortex.,2017,Social cognitive and affective neuroscience,impulsivity neuroimaging functional connectivity,unknown,functional connectivity,impulsivity (general),unknown,associated_with,higher,,direct,0.8,"Psychopathy is a personality disorder characterized by callous lack of empathy, impulsive antisocial behavior, and criminal recidivism. Studies of brain structure and function in psychopathy have frequently identified abnormalities in the prefrontal cortex. However, findings have not yet converged to yield a clear relationship between specific subregions of prefrontal cortex and particular psychopathic traits. We performed a multimodal neuroimaging study of prefrontal cortex volume and functional connectivity in psychopathy, using a sample of adult male prison inmates (N = 124). We conducted volumetric analyses in prefrontal subregions, and subsequently assessed resting-state functional connectivity in areas where volume was related to psychopathy severity. We found that overall psychopathy severity and Factor 2 scores (which index the impulsive/antisocial traits of psychopathy) were associated with larger prefrontal subregion volumes, particularly in the medial orbitofrontal cortex and dorsolateral prefrontal cortex. Furthermore, Factor 2 scores were also positively correlated with functional connectivity between several areas of the prefrontal cortex.",yes,,yes,yes,yes,,,,,,,,,,llama-3.1-8b-instruct,2,keep,yes,yes,yes,yes,yes,no,impulsivity (general),functional connectivity,higher,The sentence directly supports the claim by stating that Factor 2 scores (which index the impulsive/antisocial traits of psychopathy) were associated with larger prefrontal subregion volumes and positively correlated with functional connectivity between several areas of the prefrontal cortex.,
424,41029257,Impaired neural activity and functional connectivity in the hippocampus of adolescents with non-suicidal self-injury addiction.,2025,BMC psychiatry,impulsivity neuroimaging functional connectivity,unknown,functional connectivity,impulsivity (general),non-suicidal self-injury addiction,associated_with,lower,unknown,direct,0.8,ALFF analysis revealed decreased ALFF values in the bilateral hippocampus of NSSI adolescents compared to healthy controls.,yes,,yes,yes,no,,,,,,,,,,llama-3.1-8b-instruct,2,keep,yes,yes,yes,yes,yes,no,impulsivity (general),functional connectivity,lower,The sentence directly supports the association between impulsivity (general) and decreased functional connectivity in the hippocampus.,
425,32568370,The structural connectivity of subthalamic deep brain stimulation correlates with impulsivity in Parkinson's disease.,2020,Brain : a journal of neurology,impulsivity neuroimaging functional connectivity,unknown,structural connectivity,impulsivity (general),Parkinson's disease,correlates_with,unclear,mediated by differential recruitment of frontostriatal networks,unclear,0.8,Greater connectivity of the stimulation site with these frontostriatal networks was related to greater postoperative impulsiveness and disinhibition as assessed by the neuropsychiatric instruments.,yes,,yes,yes,no,,,,,,,,,,llama-3.1-8b-instruct,2,keep,yes,yes,yes,yes,yes,no,impulsivity (general),structural connectivity,positive,"The sentence clearly supports the phenotype (impulsivity), feature (structural connectivity), relationship (correlates_with), direction (positive), and directness (direct) when stated.",
426,37917435,"Parental warmth, stressful life events, and impulsivity: A gene-environment-wide interaction study.",2024,Neuropsychology,impulsivity neuroimaging functional connectivity,unknown,functional connectivity,impulsivity (general),unknown,associated_with,unclear,,unclear,0.7,The polygenic risk score for parental warmth was significantly correlated with functional connectivity especially the left middle frontal gyrus (MFG)-left inferior occipital and left MFG-left superior frontal gyrus functional connectivity.,yes,,yes,yes,no,,,,,,,,,,llama-3.1-8b-instruct,1,revise,yes,yes,yes,no,no,no,impulsivity (general),functional connectivity,unclear,"The sentence partially supports the claim, but the direction and directness are unclear. The phenotype and feature are supported, but the relationship is not explicitly stated as 'associated_with'.",
427,37209127,Reduced loss aversion in value-based decision-making and edge-centric functional connectivity in patients with internet gaming disorder.,2023,Journal of behavioral addictions,impulsivity neuroimaging functional connectivity,unknown,functional connectivity,impulsivity (general),internet gaming disorder,associated_with,unclear,reduced loss aversion,unclear,0.7,PIGD performed worse with lower average net score in IGT. The computational model results showed that PIGD significantly reduced loss aversion.,yes,,yes,yes,yes,,,,,,,,,,llama-3.1-8b-instruct,0,drop,no,no,no,no,no,no,,,,"The sentence does not mention impulsivity or functional connectivity, and it does not establish an association between the two.",
428,30674933,Physical characteristics not psychological state or trait characteristics predict motion during resting state fMRI.,2019,Scientific reports,trait impulsivity resting-state fMRI,unknown,unknown,impulsivity (general),unknown,unknown,unclear,,unclear,0.05,ML models with 105 self-report measures for state and trait psychological characteristics identified impulsivity inhibitory control variables but explain only 5 percent of HM variance,yes,,yes,yes,no,,,,,,,,,,llama-3.1-8b-instruct,0,drop,no,no,no,unclear,unclear,no,,,,"The sentence does not mention impulsivity as a phenotype, but rather as a variable identified by ML models. It also does not provide a clear relationship or direction.",
429,21889990,Randomness of resting-state brain oscillations encodes Gray's personality trait.,2012,NeuroImage,trait impulsivity resting-state fMRI,unknown,functional connectivity,impulsivity (general),unknown,associated_with,higher,unclear,direct,0.9,The Hurst exponent in the ventral striatum as well as in the orbitofrontal cortex (OFC) was significantly associated with the measure of Gray's trait Impulsivity.,yes,,yes,yes,yes,,,,,,,,,,llama-3.1-8b-instruct,2,keep,yes,yes,yes,yes,yes,no,impulsivity (general),functional connectivity,higher,"The sentence clearly supports the extracted claim, mentioning a direct association between the Hurst exponent in specific brain regions and impulsivity, a general personality trait.",
430,39299662,Microstructural and functional substrates underlying dispositional greed and its link with trait but not state impulsivity.,2024,NeuroImage,trait impulsivity resting-state fMRI,unknown,functional connectivity,impulsivity (general),unknown,associated_with,unclear,,unclear,0.7,"Functional imaging analyses further identified that brain activation strengths and patterns related to delay length, particularly in the dorsomedial prefrontal cortex, superior parietal lobule, and cerebellum, were associated with Greed Personality Traits.",yes,,yes,yes,no,,,,,,,,,,llama-3.1-8b-instruct,2,keep,yes,yes,yes,yes,yes,no,impulsivity (general),functional connectivity,associated with,"The sentence clearly supports the extracted claim by stating a specific association between brain activation patterns and Greed Personality Traits, which is a type of impulsivity. The brain regions mentioned (dorsomedial prefrontal cortex, superior parietal lobule, and cerebellum) are related to functional connectivity, and the direction of the association is clear (associated with).",
431,41927766,Neural representations of dynamical state and trait impulsivity in individuals at risk for internet gaming disorder.,2026,Molecular psychiatry,trait impulsivity resting-state fMRI,unknown,functional connectivity,impulsivity (general),internet gaming disorder,predicts,higher,unclear,direct,0.8,Resting-state functional connectivity (rs-FC) within these regions not only identified IGD risk but also predicted trait impulsivity.,yes,,yes,yes,no,,,,,,,,,,llama-3.1-8b-instruct,1,revise,yes,yes,yes,no,no,no,impulsivity (general),functional connectivity,higher,"The sentence partially supports the claim, but the direction and directness need to be revised to match the extracted claim. The sentence does not explicitly state the direction as 'higher', but it implies a positive relationship. The directness is also not explicitly stated, but it can be inferred that the sentence is referring to a direct relationship between rs-FC and trait impulsivity.",
432,31786275,You do not have to act to be impulsive: Brain resting-state activity predicts performance and impulsivity on the Balloon Analogue Risk Task.,2020,Behavioural brain research,trait impulsivity resting-state fMRI,unknown,functional connectivity,impulsivity (general),unknown,predicts,higher,,direct,0.8,"Impulsivity was inversely correlated to monetary earnings, and ALFF significantly correlates with total earnings in the ventral part of the ACC/MPFC.",yes,,yes,yes,no,,,,,,,,,,llama-3.1-8b-instruct,1,revise,yes,yes,yes,no,no,no,impulsivity (general),functional connectivity,lower,"The sentence mentions a correlation between impulsivity and monetary earnings, but the direction of the relationship is not explicitly stated for impulsivity. The sentence also mentions a correlation between ALFF and total earnings, which is a different relationship. The feature type is supported, but the directness is not supported because the sentence does not name both phenotype and feature.",
433,35552233,Brain Functional Connectivity Mapping of Behavioral Flexibility in Rhesus Monkeys.,2022,The Journal of neuroscience : the official journal of the Society for Neuroscience,trait impulsivity resting-state fMRI,unknown,functional connectivity,impulsivity (general),unknown,associated_with,unclear,,unclear,0.7,The results identify trait-like characteristics of behavioral flexibility that are associated with correlated brain activity involving specific nuclei of frontostriatal networks.,yes,,yes,yes,no,,,,,,,,,,llama-3.1-8b-instruct,1,revise,yes,yes,yes,no,no,no,impulsivity (general),functional connectivity,positive,"The sentence partially supports the claim, but the direction and directness are unclear. The phenotype and feature are supported, and the relationship is supported as 'associated_with'. The corrected phenotype, feature type, and direction are provided based on the claim.",
434,34982027,Dissociation of impulsive traits by subthalamic metabotropic glutamate receptor 4.,2022,eLife,trait impulsivity resting-state fMRI,unknown,functional connectivity,impulsivity (general),unknown,predicts,unclear,metabotropic glutamate receptor 4 (mGlu4) function,unclear,0.8,"In vivo recorded STN neural activity encoded impulsive action as a separable state from basic motor control, characterized by decoupled STN/substantia nigra pars reticulata (SNr) mesoscale networks.",yes,,yes,yes,yes,,,,,,,,,,llama-3.1-8b-instruct,2,keep,yes,yes,yes,yes,yes,no,impulsivity (general),functional connectivity,unclear,"The sentence clearly supports the phenotype (impulsivity), feature type (functional connectivity), relationship (predicts), direction (unclear), and directness (unclear) when stated. The phenotype and feature type match the extracted claim exactly.",
435,24526181,Trait impulsivity is related to ventral ACC and amygdala activity during primary reward anticipation.,2015,Social cognitive and affective neuroscience,trait impulsivity resting-state fMRI,unknown,functional connectivity,impulsivity (general),unknown,associated_with,higher,unclear,direct,0.8,Trait impulsivity was associated with increased activation during anticipation of primary reward in the anterior cingulate cortex (ACC) and amygdala.,yes,,yes,yes,yes,,,,,,,,,,llama-3.1-8b-instruct,2,keep,yes,yes,yes,yes,yes,no,impulsivity (general),functional activation,higher,"The sentence clearly supports the extracted claim, mentioning a direct association between impulsivity and increased activation in the ACC and amygdala during primary reward anticipation.",
436,40262490,"The relationships of resting-state brain entropy (BEN), ovarian hormones and behavioral inhibition and activation systems (BIS/BAS).",2025,NeuroImage,trait impulsivity resting-state fMRI,unknown,functional connectivity,impulsivity (general),unknown,associated_with,unclear,decreased BEN leads to increased functional connectivity,direct,0.8,"Results from mediation analysis demonstrated that PROG reduces impulsivity, as measured by BAS-drive, by decreasing BEN in the left DLPFC and subsequently increasing functional connectivity (FC) within this region.",yes,,yes,yes,yes,,,,,,,,,,llama-3.1-8b-instruct,2,keep,yes,yes,yes,yes,yes,no,impulsivity (general),functional connectivity,decreased,"The sentence clearly supports the extracted claim, mentioning impulsivity as the phenotype, functional connectivity as the feature type, association as the relationship, and decreased BEN leading to increased functional connectivity as the direction and directness.",
437,36912839,Identifying Replicable Subgroups in Neurodevelopmental Conditions Using Resting-State Functional Magnetic Resonance Imaging Data.,2023,JAMA network open,trait impulsivity resting-state fMRI,unknown,unknown,impulsivity (general),unknown,associated_with,unclear,,unclear,0.5,"There was a significant difference in Strengths and Weaknesses ADHD Symptoms and Normal Behavior Hyperactivity/Impulsivity subscale (SWAN-HI) between 2 subgroups in the POND data (C and D), with subgroup D having increased hyperactivity and impulsivity traits compared with subgroup C.",yes,,yes,yes,no,,,,,,,,,,llama-3.1-8b-instruct,2,keep,yes,yes,yes,yes,yes,no,impulsivity (general),behavioral trait,increased,"The sentence clearly supports the claim by stating a significant difference in impulsivity traits between two subgroups, with subgroup D having increased hyperactivity and impulsivity traits compared with subgroup C.",
438,30633429,Connectome-based model predicts individual differences in propensity to trust.,2019,Human brain mapping,trait impulsivity resting-state fMRI,unknown,functional connectivity,unknown,unknown,predicts,unclear,,direct,0.8,We demonstrated that individual variations in the propensity to trust were primarily predicted by RSFC rooted in the functional integration of distributed key nodes...,yes,,yes,yes,no,,,,,,,,,,llama-3.1-8b-instruct,1,revise,yes,yes,yes,no,yes,no,propensity to trust,functional connectivity,positive,"The sentence partially supports the claim, but the direction is unclear and needs to be revised. The phenotype is 'propensity to trust', the feature type is 'functional connectivity', and the relationship is 'predicts'. The direction is unclear, but it can be inferred as positive since the sentence mentions 'individual variations' and 'predicted by'. The directness is supported since the sentence names both phenotype and feature.",
439,37986005,Specific brain imaging alterations underlying autistic traits in children with attention-deficit/hyperactivity disorder.,2023,Behavioral and brain functions : BBF,trait impulsivity resting-state fMRI,unknown,functional connectivity,impulsivity (general),Attention-Deficit/Hyperactivity Disorder (ADHD),correlates_with,unclear,,unclear,0.6,The co-occurrence of ATs in children with ADHD manifested as different behavioral characteristics and specific brain functional alterations.,yes,,yes,yes,yes,,,,,,,,,,llama-3.1-8b-instruct,1,revise,yes,no,yes,no,no,no,impulsivity (general),brain functional alterations,,"The sentence partially supports the claim by mentioning a phenotype (impulsivity) but does not specify a feature type. The relationship is supported as it implies a correlation. However, the direction and directness are unclear.",
440,22645252,Dopamine-dependent architecture of cortico-subcortical network connectivity.,2013,"Cerebral cortex (New York, N.Y. : 1991)",trait impulsivity resting-state fMRI,unknown,functional connectivity,impulsivity (general),unknown,associated_with,unclear,dopaminergic modulation,unclear,0.8,"We found that, relative to a placebo, levodopa and haloperidol challenges, respectively, increased or decreased the functional connectivity between specific subcortical regions and corresponding neocortical networks.",yes,,yes,yes,no,,,,,,,,,,llama-3.1-8b-instruct,1,revise,yes,yes,yes,no,no,no,impulsivity (general),functional connectivity,increased or decreased,"The sentence partially supports the claim, but the direction and directness are unclear. The corrected phenotype, feature type, and direction are provided.",
441,29744800,Trait and state patterns of basolateral amygdala connectivity at rest are related to endogenous testosterone and aggression in healthy young women.,2019,Brain imaging and behavior,trait impulsivity resting-state fMRI,unknown,functional connectivity,impulsivity (general),unknown,predicts,unclear,endogenous testosterone,direct,0.7,"Pre-scan T was negatively correlated with basal rsFC between BLA and left superior temporal gyrus (STG), which in turn was associated with increased aggression.",yes,,yes,yes,no,,,,,,,,,,llama-3.1-8b-instruct,1,revise,yes,yes,yes,no,no,no,impulsivity (general),functional connectivity,positive,"The sentence mentions a negative correlation, but the extracted direction is unclear. The sentence also does not name the phenotype directly, but the extracted phenotype is correct. The feature type is correct, but the sentence does not name the feature directly, so it needs revision.",
442,39866687,Atypical functional connectome is associated with low reflective functioning in incarcerated adolescents.,2024,Frontiers in psychiatry,trait impulsivity resting-state fMRI,unknown,functional connectivity,impulsivity (general),unknown,associated_with,unclear,,unclear,0.7,"Compared to the CA, the IA group presented significantly increased resting state FC in a distributed subnetwork including medial prefrontal, posterior and dorsal cingulate, temporal, and occipital regions.",yes,,yes,yes,yes,,,,,,,,,,llama-3.1-8b-instruct,2,keep,yes,yes,yes,yes,yes,no,impulsivity (general),functional connectivity,increased,"The sentence clearly supports the claim by stating a specific association between a brain feature (functional connectivity) and a phenotype (impulsivity), with a clear direction (increased) and directness (specific brain regions).",
443,31642530,The neural substrates responsible for how trait anxiety affects delay discounting: Right hippocampal and cerebellar connectivity with bistable right inferior parietal lobule.,2020,Psychophysiology,trait impulsivity resting-state fMRI,unknown,functional connectivity,impulsivity (general),unknown,associated_with,lower,,direct,0.8,bistable right inferior parietal lobule (RIPL) connectivity with the RHPC and RCere were all inversely associated with trait anxiety.,yes,,yes,yes,yes,,,,,,,,,,llama-3.1-8b-instruct,2,keep,yes,yes,yes,yes,yes,no,impulsivity (general),functional connectivity,lower,"The sentence directly supports the association between impulsivity (general) and lower functional connectivity, as it mentions inversely associated connectivity with trait anxiety.",
444,38446245,Topological features of functional brain networks and subclinical impulsivity: an investigation in younger and older adults.,2024,Brain structure & function,trait impulsivity resting-state fMRI,unknown,functional connectivity,impulsivity (general),unknown,associated_with,unclear,,unclear,0.7,"Impulsive traits (i.e., the tendency to act without forethought regardless of negative outcomes) are frequently found in healthy populations.",yes,,yes,yes,yes,,,,,,,,,,llama-3.1-8b-instruct,0,drop,no,no,no,unclear,unclear,unclear,,,,"The sentence does not mention a relationship between impulsivity and functional connectivity, and it does not support the claim of impulsivity being associated with functional connectivity.",
445,26494799,Dopaminergic Modulation of the Functional Ventrodorsal Architecture of the Human Striatum.,2017,"Cerebral cortex (New York, N.Y. : 1991)",trait impulsivity resting-state fMRI,unknown,functional connectivity,impulsivity (general),unknown,associated_with,higher,dopaminergic modulation,direct,0.9,Individuals with high trait impulsivity exhibited greater drug-induced increases (after stimulation) and decreases (after blockade) of ventral-to-dorsal striatal connectivity than those with low trait impulsivity.,yes,,yes,yes,yes,,,,,,,,,,llama-3.1-8b-instruct,2,keep,yes,yes,yes,yes,yes,no,impulsivity (general),functional connectivity,higher,"The sentence clearly supports the extracted claim, mentioning a direct association between impulsivity and functional connectivity in the striatum, with a higher level of connectivity observed in individuals with high trait impulsivity.",
446,32180738,Psychopathy and Corticostriatal Connectivity: The Link to Criminal Behavior in Methamphetamine Dependence.,2020,Frontiers in psychiatry,trait impulsivity resting-state fMRI,unknown,functional connectivity,impulsivity (general),unknown,associated_with,unclear,maladaptive and impulsive decision-making processes,unclear,0.7,"Methamphetamine use and psychopathy are associated with criminal behavior; however, it is unclear how methamphetamine use and psychopathy interact to promote violent, economic and drug offenses. Abnormalities in corticostriatal functional connectivity are exhibited in both psychopathic and methamphetamine dependent individuals, which may contribute to criminal behavior through maladaptive and impulsive decision-making processes.",yes,,yes,yes,yes,,,,,,,,,,llama-3.1-8b-instruct,1,revise,yes,yes,yes,no,no,no,impulsivity (general),functional connectivity,unclear,"The sentence partially supports the claim but needs revision or is indirect. The phenotype 'impulsivity (general)' is supported, but the feature type 'functional connectivity' is only partially supported as it is mentioned in the context of corticostriatal connectivity. The relationship 'associated_with' is supported, but the direction 'unclear' is not supported as the sentence does not provide clear information about the direction of the association. The directness 'unclear' is also not supported as the sentence does not name both phenotype and feature.",
447,34482279,Risk and resilience for alcohol use disorder revealed in brain functional connectivity.,2021,NeuroImage. Clinical,trait impulsivity resting-state fMRI,unknown,functional connectivity,impulsivity (general),unknown,associated_with,unclear,,unclear,0.7,"FH is associated with intermediate levels of risk phenotypes, whereas distinct, compensatory brain changes likely promote resilience.",yes,,yes,yes,yes,,,,,,,,,,llama-3.1-8b-instruct,1,revise,yes,yes,yes,no,no,no,impulsivity (general),functional connectivity,increased,"The sentence partially supports the claim, but the direction and directness are unclear. The phenotype and feature are supported, but need to be corrected to match the extracted claim.",
448,30268936,Amygdala-orbitofrontal functional connectivity mediates the relationship between sensation seeking and alcohol use among binge-drinking adults.,2018,Drug and alcohol dependence,trait impulsivity resting-state fMRI,unknown,functional connectivity,impulsivity (general),unknown,mediates,unclear,impaired emotion regulation or reward processing,direct,0.8,Individuals with higher weekly alcohol use displayed decreased right amygdala-OFC FC.,yes,,yes,yes,yes,,,,,,,,,,llama-3.1-8b-instruct,2,keep,yes,yes,yes,yes,yes,no,impulsivity (general),functional connectivity,decreased,"The sentence clearly supports the extracted claim, mentioning a direct relationship between a specific phenotype (impulsivity) and a feature (functional connectivity), with a clear direction (decreased) and directness.",
449,26406311,Intrinsic Affective Network Is Impaired in Children with Attention-Deficit/Hyperactivity Disorder.,2015,PloS one,trait impulsivity resting-state fMRI,unknown,functional connectivity,impulsivity (general),Attention-Deficit/Hyperactivity Disorder (ADHD),associated_with,unclear,unclear,direct,0.8,"Children with ADHD demonstrated less integrated affective network, evidenced by increased bilateral amygdalar and decreased left orbitofrontal connectivity within the affective network compared to healthy controls.",yes,,yes,yes,yes,,,,,,,,,,llama-3.1-8b-instruct,2,keep,yes,yes,yes,yes,yes,no,impulsivity (general),functional connectivity,decreased,"The sentence clearly supports the claim, mentioning a specific phenotype (impulsivity), feature type (functional connectivity), relationship (associated with), and direction (decreased). The directness is also supported as both phenotype and feature are named.",
450,40384807,The Role of Temperament Traits in Bipolar Disorder: Neuroimaging Study.,2025,Depression and anxiety,trait impulsivity resting-state fMRI,unknown,functional connectivity,impulsivity (general),bipolar disorder,associated_with,unclear,,indirect,0.7,Lower Reward Dependence in bipolar patients was associated with increased functional connectivity between Salience Network and Default Mode and FrontoParietal Networks.,yes,,yes,yes,no,,,,,,,,,,llama-3.1-8b-instruct,2,keep,yes,yes,yes,yes,yes,no,impulsivity (general),functional connectivity,positive,"The sentence clearly supports the extracted claim, mentioning a specific phenotype (impulsivity), feature type (functional connectivity), relationship (associated with), and direction (positive). The directness is also supported as the sentence names both phenotype and feature.",
451,30991616,Adolescent binge drinking disrupts normal trajectories of brain functional organization and personality maturation.,2019,NeuroImage. Clinical,trait impulsivity resting-state fMRI,unknown,functional connectivity,impulsivity (general),unknown,associated_with,unclear,,unclear,0.7,We demonstrated longitudinally that after the onset of binge drinking the developmental trajectory of improvement in impulsivity slowed down.,yes,,yes,yes,yes,,,,,,,,,,llama-3.1-8b-instruct,2,keep,yes,yes,yes,yes,yes,no,impulsivity (general),behavioral trait,slowed down,The sentence clearly supports the claim by stating a longitudinal association between binge drinking and a change in the developmental trajectory of impulsivity.,
452,32989168,Compulsivity is linked to reduced adolescent development of goal-directed control and frontostriatal functional connectivity.,2020,Proceedings of the National Academy of Sciences of the United States of America,trait impulsivity resting-state fMRI,unknown,functional connectivity,unknown,unknown,associated_with,unclear,,unclear,0.7,"Compulsivity is associated with a less pronounced change of within-subject developmental remodeling of functional connectivity, specifically between the striatum and a frontoparietal network.",yes,,yes,yes,no,,,,,,,,,,llama-3.1-8b-instruct,2,keep,yes,yes,yes,yes,yes,no,compulsivity,functional connectivity,reduced,"The sentence clearly supports the claim by stating a specific association between compulsivity and reduced change in functional connectivity. The direction is also clearly stated as 'less pronounced change', which implies a reduction. The directness is supported as both phenotype and feature are named.",
453,32289458,Sensation-seeking is related to functional connectivities of the medial orbitofrontal cortex with the anterior cingulate cortex.,2020,NeuroImage,trait impulsivity resting-state fMRI,unknown,functional connectivity,impulsivity (general),unknown,associated_with,unclear,reward system,direct,0.73,The sensation-seeking score could be optimally predicted from the functional connectivity with typically (in different participants) 18 links between brain areas (measured in the resting state with fMRI) with correlation r ​= ​0.34 (p ​= ​7.3 ​× ​10-13) between the predicted and actual sensation-seeking score across all participants.,yes,,yes,yes,no,,,,,,,,,,llama-3.1-8b-instruct,2,keep,yes,yes,yes,yes,yes,no,impulsivity (general),functional connectivity,positive,"The sentence clearly supports the extracted claim, mentioning sensation-seeking as the phenotype, functional connectivity as the feature type, and an association between the two. The direction of the association is implied to be positive due to the correlation (r = 0.34) between the predicted and actual sensation-seeking score.",
454,35796689,Overnight Abstinence Is Associated With Smaller Secondary Somatosensory Cortical Volumes and Higher Somatosensory-Motor Cortical Functional Connectivity in Cigarette Smokers.,2022,Nicotine & tobacco research : official journal of the Society for Research on Nicotine and Tobacco,trait impulsivity resting-state fMRI,unknown,functional connectivity,motor impulsivity,unknown,associated_with,higher,,direct,0.8,right SII rsFC with the precentral gyrus was stronger in abstinence as compared to satiety.,yes,,yes,yes,yes,,,,,,,,,,llama-3.1-8b-instruct,1,revise,yes,yes,yes,no,no,no,motor impulsivity,functional connectivity,higher,"The sentence does not directly support the claim because it does not mention the phenotype 'motor impulsivity'. However, it does support the relationship and feature type. The direction is mixed in the sentence, but the extracted direction captures the relevant part exactly.",
455,23139901,The association between cingulate cortex glutamate concentration and delay discounting is mediated by resting state functional connectivity.,2012,Brain and behavior,trait impulsivity resting-state fMRI,unknown,functional connectivity,impulsivity (general),unknown,associated_with,unclear,mediated by,direct,0.8,delay discounting was associated with both dACC glutamate concentrations and resting state functional connectivity of the dACC with a midbrain region including ventral tegmental area and substantia nigra.,yes,,yes,yes,yes,,,,,,,,,,llama-3.1-8b-instruct,2,keep,yes,yes,yes,yes,yes,no,impulsivity (general),functional connectivity,associated with,"The sentence clearly supports the extracted claim, mentioning impulsivity (general) as the phenotype, functional connectivity as the feature type, associated with as the relationship, and mediated by as the mechanism. The direction is supported as 'associated with' is mentioned in the sentence. The directness is also supported as both phenotype and feature are named in the sentence.",
456,39807989,Exploring common and distinct neural basis of procrastination and impulsivity through elastic net regression.,2025,"Cerebral cortex (New York, N.Y. : 1991)",trait impulsivity resting-state fMRI,unknown,functional connectivity,impulsivity (general),unknown,associated_with,unclear,dysfunction,direct,0.8,"The functional connections between the default network and the visual network were positively associated with both traits, indicating that the dysfunction of higher-order cognition (eg self-control) may account for their tight relationship.",yes,,yes,yes,no,,,,,,,,,,llama-3.1-8b-instruct,1,revise,yes,yes,yes,no,yes,no,impulsivity (general),functional connectivity,positively associated,"The sentence partially supports the claim, but the direction of association is not captured exactly. The corrected direction is 'positively associated' as it is mentioned in the sentence.",
457,29225975,Correlation between Traits of Emotion-Based Impulsivity and Intrinsic Default-Mode Network Activity.,2017,Neural plasticity,trait impulsivity resting-state fMRI,unknown,functional connectivity,impulsivity (general),unknown,associated_with,unclear,,direct,0.8,Trait urgency measures showed significant correlations with the functional connectivity of the posterior cingulate cortex/precuneus seed with the thalamus and midbrain region.,yes,,yes,yes,no,,,,,,,,,,llama-3.1-8b-instruct,2,keep,yes,yes,yes,yes,yes,no,impulsivity (general),functional connectivity,positive,The sentence clearly supports the claim by mentioning a significant correlation between trait urgency (a measure of impulsivity) and functional connectivity in a specific brain region.,
458,25148416,Individual differences in impulsivity predict head motion during magnetic resonance imaging.,2014,PloS one,trait impulsivity resting-state fMRI,unknown,functional connectivity,impulsivity (general),unknown,predicts,higher,,direct,1.0,"In the first two studies, we demonstrated in both children (N  =  245) and adults (N  =  581) that head motion, estimated from resting-state functional MRI, was reliably correlated with impulsivity scores.",yes,,yes,yes,no,,,,,,,,,,llama-3.1-8b-instruct,1,revise,yes,yes,yes,yes,no,no,impulsivity (general),functional connectivity,higher,"The sentence partially supports the claim because it does not name the brain system, but it does name the phenotype, feature, relationship, and direction. The directness is not fully supported because the sentence does not name both phenotype and feature.",
459,40949952,Connectome-Based Predictive Modeling of Concurrent and Prospective Substance Use in Adolescence.,2025,bioRxiv : the preprint server for biology,trait impulsivity resting-state fMRI,unknown,functional connectivity,impulsivity (general),unknown,predicts,unclear,,unclear,0.6,"Trait impulsivity, a known risk factor, was also examined.",yes,,yes,yes,yes,,,,,,,,,,llama-3.1-8b-instruct,0,drop,no,no,no,no,no,no,,,,"The sentence does not mention a phenotype-feature association, therefore it does not support the claim.",
460,25774886,Interindividual variability in functional connectivity as long-term correlate of temporal discounting.,2015,PloS one,trait impulsivity resting-state fMRI,unknown,functional connectivity,impulsivity (general),unknown,correlates_with,unclear,,unclear,0.7,"fcMRI within and between critical nodes of task-evoked neural networks associated with TD correlates with discounting behavior measured a long time afterwards, independently of impulsivity.",yes,,yes,yes,yes,,,,,,,,,,llama-3.1-8b-instruct,1,revise,yes,yes,yes,no,no,no,impulsivity (general),functional connectivity,positively correlates with,"The sentence partially supports the claim, but the direction and directness need to be revised to accurately reflect the relationship between impulsivity and functional connectivity.",
461,40516848,Neural basis of the association between future time perspective and ADHD characteristics: functional connectivity between Left inferior parietal lobule and mPFC.,2025,Progress in neuro-psychopharmacology & biological psychiatry,trait impulsivity resting-state fMRI,unknown,functional connectivity,impulsivity (general),ADHD,associated_with,unclear,,direct,0.8,RSFC results indicated individuals with higher levels of FTP exhibited greater functional connectivity between the IPL and both the dorsomedial prefrontal cortex (dmPFC) and the ventromedial prefrontal cortex (vmPFC).,yes,,yes,yes,yes,,,,,,,,,,llama-3.1-8b-instruct,2,keep,yes,yes,yes,yes,yes,no,impulsivity (general),functional connectivity,positive,"The sentence clearly supports the extracted claim, mentioning a direct association between impulsivity and functional connectivity between the IPL and mPFC (dmPFC and vmPFC).",
462,26745144,Head Motion and Inattention/Hyperactivity Share Common Genetic Influences: Implications for fMRI Studies of ADHD.,2016,PloS one,trait impulsivity resting-state fMRI,unknown,unknown,impulsivity (general),ADHD,associated_with,unclear,genetic,background,0.7,"Head motion is a well known confound in analyses of functional MRI data. Neuroimaging researchers therefore typically treat HM as a nuisance covariate in their analyses. Even so, it is possible that HM shares a common genetic influence with the trait of interest.",yes,,yes,yes,no,,,,,,,,,,llama-3.1-8b-instruct,0,drop,no,no,no,no,no,no,,,,"The sentence does not mention impulsivity or any other phenotype, and does not mention a feature or relationship with impulsivity.",
463,28860514,Delay discounting is associated with the fractional amplitude of low-frequency fluctuations and resting-state functional connectivity in late adolescence.,2017,Scientific reports,trait impulsivity resting-state fMRI,unknown,functional connectivity,impulsivity (general),unknown,associated_with,unclear,,direct,0.8,DD was positively correlated with the RSFC between the dACC and the left dorsolateral prefrontal cortex (DLPFC),yes,,yes,yes,yes,,,,,,,,,,llama-3.1-8b-instruct,2,keep,yes,yes,yes,yes,yes,no,impulsivity (general),functional connectivity,positive,"The sentence clearly supports the extracted claim, mentioning a direct association between impulsivity and functional connectivity in a specific brain region.",
464,40666274,Salience and default networks predict borderline personality traits and affective symptoms: a dynamic functional connectivity analysis.,2025,Frontiers in human neuroscience,trait impulsivity resting-state fMRI,unknown,dynamic connectivity,impulsivity (general),borderline personality traits,predicts,higher,temporal variability,direct,0.8,"Results indicated abnormal dynamic functional connectivity inside the SN, and in a network that includes DMN and mentalization regions. Specifically, the higher the BPT, the higher the temporal variability inside the SN, and the lower the temporal variability in a network that includes DMN and mentalization regions.",yes,,yes,yes,no,,,,,,,,,,llama-3.1-8b-instruct,2,keep,yes,yes,yes,yes,yes,no,impulsivity (general),dynamic connectivity,higher,"The sentence clearly supports the extracted claim, mentioning a direct relationship between impulsivity (general) and temporal variability in the salience network, as well as a relationship between borderline personality traits and temporal variability in a network including DMN and mentalization regions.",
465,30294823,Cluster analysis with MOODS-SR illustrates a potential bipolar disorder risk phenotype in young adults with remitted major depressive disorder.,2018,Bipolar disorders,trait impulsivity resting-state fMRI,unknown,unknown,impulsivity (general),remitted major depressive disorder,associated_with,unclear,,background,0.5,Differences in impulsivity exist between moderate and severe groups.,yes,,yes,yes,no,,,,,,,,,,llama-3.1-8b-instruct,1,revise,yes,no,yes,no,no,no,impulsivity (general),unknown,unclear,"The sentence supports the phenotype but not the feature, relationship, or direction. The corrected phenotype is 'impulsivity (general)' and the corrected feature type is 'unknown'. The corrected direction is 'unclear'.",
466,32592635,Altered core networks of brain connectivity and personality traits in internet gaming disorder.,2020,Journal of behavioral addictions,trait impulsivity resting-state fMRI,unknown,functional connectivity,impulsivity (general),Internet gaming disorder,associated_with,unclear,,unclear,0.7,IGD participants showed lower functional connectivity between the dorsal lateral prefrontal cortex (DLPFC) and other regions in the CEN than HC participants during resting state.,yes,,yes,yes,yes,,,,,,,,,,llama-3.1-8b-instruct,2,keep,yes,yes,yes,yes,yes,no,impulsivity (general),functional connectivity,decreased,The sentence clearly supports the claim by stating a specific association between impulsivity and functional connectivity in IGD participants compared to HC participants.,
467,41763017,Connectome-based predictive modeling of concurrent and longitudinal substance use vulnerability in adolescence.,2026,Developmental cognitive neuroscience,trait impulsivity resting-state fMRI,unknown,functional connectivity,impulsivity (general),unknown,associated_with,unclear,,unclear,0.6,"Trait impulsivity, a known risk factor, was also examined.",yes,,yes,yes,yes,,,,,,,,,,llama-3.1-8b-instruct,0,drop,no,no,no,unclear,unclear,unclear,,,,"The sentence does not mention a specific phenotype-feature association, making it unsupported for the extracted claim.",
468,40345392,The mediating role of social anxiety in the association between personality traits and Internet addiction and its underlying neural basis.,2025,International journal of psychophysiology : official journal of the International Organization of Psychophysiology,trait impulsivity resting-state fMRI,unknown,functional connectivity,unknown,unknown,associated_with,unclear,mediated by social anxiety,direct,0.8,"fMRI results showed that SA was negatively correlated with precuneus-occipital connectivity, which is associated with emotional face processing and self-focused attention.",yes,,yes,yes,yes,,,,,,,,,,llama-3.1-8b-instruct,1,revise,yes,yes,yes,no,no,no,social anxiety,functional connectivity,negatively correlated,"The sentence partially supports the claim, but the phenotype and feature need to be corrected. The direction is not explicitly stated as 'associated with', but rather as a correlation, which is a different relationship. The directness is also not fully supported as the sentence does not name both phenotype and feature.",
469,37223038,Increased meso-striatal connectivity mediates trait impulsivity in FTO variant carriers.,2023,Frontiers in endocrinology,trait impulsivity functional connectivity,unknown,functional connectivity,motor impulsivity,unknown,associated_with,higher,altered structural connectivity,direct,0.8,"We found that FTO risk allele carriers compared to non-carriers, demonstrated greater motor impulsivity and increased structural connectivity between VTA/SN and the NAc.",yes,,yes,yes,no,,,,,,,,,,llama-3.1-8b-instruct,2,keep,yes,yes,yes,yes,yes,no,motor impulsivity,functional connectivity,higher,,
470,33192412,Higher Trait Impulsivity and Altered Frontostriatal Connectivity in Betel-Quid Dependent Individuals.,2020,Frontiers in human neuroscience,trait impulsivity functional connectivity,unknown,functional connectivity,impulsivity (general),Betel-Quid Dependent Individuals,associated_with,lower,unknown,direct,0.8,There was a significantly decreased functional connectivity between the right caudate and right dorsolateral prefrontal cortex (DLPFC) when watching BQ related images than control images in individuals with BQD.,yes,,yes,yes,no,,,,,,,,,,llama-3.1-8b-instruct,2,keep,yes,yes,yes,yes,yes,no,impulsivity (general),functional connectivity,lower,The sentence directly supports the claim by mentioning a specific brain region (right caudate and right dorsolateral prefrontal cortex) and a comparison between two groups (BQ related images and control images).,
471,38009082,Adolescent Neurodevelopment Within the Context of Impulsivity and Substance Use.,2023,Current addiction reports,trait impulsivity functional connectivity,unknown,functional connectivity,impulsivity (general),unknown,associated_with,unclear,,unclear,0.7,Altered functional connectivity in networks including the inhibitory control network and reward processing network confers risk for greater impulsivity and substance use.,yes,,yes,yes,yes,,,,,,,,,,llama-3.1-8b-instruct,2,keep,yes,yes,yes,yes,yes,no,impulsivity (general),functional connectivity,associated with,"The sentence clearly supports the extracted claim by stating a relationship between altered functional connectivity and impulsivity, which is the phenotype of interest. The feature type is also supported as it is mentioned as 'functional connectivity'. The direction is supported as it implies a positive association between altered functional connectivity and impulsivity. The directness is also supported as it directly links the altered functional connectivity to impulsivity.",
472,41098856,The CB1 receptor: linking impulsivity and substance use disorder.,2025,Frontiers in neuroscience,trait impulsivity functional connectivity,unknown,functional connectivity,impulsivity (general),unknown,associated_with,unclear,modulates synaptic transmission through retrograde endocannabinoid signaling,unclear,0.7,"CB1R signaling in these regions influences decision-making, reward sensitivity, and response inhibition-all processes critical to the emergence of impulsive traits and drug-seeking behavior.",yes,,yes,yes,yes,,,,,,,,,,llama-3.1-8b-instruct,1,revise,yes,yes,yes,no,no,no,impulsivity (general),functional connectivity,,"The sentence partially supports the claim, but the direction and directness are unclear. The phenotype and feature are supported, but the relationship is not explicitly stated as 'associated_with'.",
473,39834272,Functional and effective connectivity between reward and inhibitory control networks underlying subclinical binge eating.,2025,The British journal of psychiatry : the journal of mental science,trait impulsivity functional connectivity,unknown,dynamic connectivity,impulsivity (general),binge eating,associated_with,unclear,undirectional and directional synchronisations,direct,0.8,"The binge eating group relative to controls displayed fewer reward-inhibition undirectional and directional synchronisations (i.e. medial orbitofrontal cortex [mOFC]-superior parietal gyrus [SPG] connectivity, mOFC → SPG excitatory connectivity) during food reward_nogo condition.",yes,,yes,yes,yes,,,,,,,,,,llama-3.1-8b-instruct,2,keep,yes,yes,yes,yes,yes,no,impulsivity (general),dynamic connectivity,decreased,"The sentence clearly supports the extracted claim, mentioning a specific brain region (medial orbitofrontal cortex) and its connection to another region (superior parietal gyrus), which is related to the phenotype of impulsivity. The relationship is direct, and the direction is supported as the binge eating group displayed fewer synchronisations.",
474,36063759,Linking cerebellar functional gradients to transdiagnostic behavioral dimensions of psychopathology.,2022,NeuroImage. Clinical,trait impulsivity functional connectivity,unknown,functional connectivity,impulsivity (general),unknown,associated_with,unclear,,unclear,0.7,"This multivariate analysis revealed significant correlated patterns of cerebellar connectivity gradients and behavioral measures that could be represented into four latent dimensions: general psychopathology, impulsivity and mood, internalizing symptoms and executive dysfunction.",yes,,yes,yes,yes,,,,,,,,,,llama-3.1-8b-instruct,1,revise,yes,yes,yes,no,no,no,impulsivity (general),functional connectivity,,"The sentence partially supports the claim, but the direction and directness are unclear. The phenotype and feature are supported, but need to be corrected to match the extracted claim. The relationship is supported as 'associated_with' can be inferred from 'correlated patterns'.",
475,25818325,Increased corticolimbic connectivity in cocaine dependence versus pathological gambling is associated with drug severity and emotion-related impulsivity.,2016,Addiction biology,trait impulsivity functional connectivity,unknown,functional connectivity,impulsivity (general),unknown,associated_with,higher,unclear,direct,0.8,"CD compared with PG displayed increased global functional connectivity in a large-scale ventricolimbic network involving the orbitofrontal cortex, caudate, thalamus and amygdala.",yes,,yes,yes,no,,,,,,,,,,llama-3.1-8b-instruct,2,keep,yes,yes,yes,yes,yes,no,impulsivity (general),functional connectivity,higher,"The sentence clearly supports the extracted claim, mentioning a direct association between impulsivity and increased functional connectivity in a specific brain network.",
476,35487297,The implications of frontotemporal dementia for brain dysfunction in psychopathy.,2022,Biological psychology,trait impulsivity functional connectivity,unknown,functional connectivity,impulsivity (general),unknown,associated_with,unclear,,unclear,0.6,"In conclusion, many frontotemporal areas are hypoactive in psychopathy and bvFTD, but differences in dysfunctional connectivity in psychopathy vs. direct involvement in bvFTD potentially explain similarities and differences between these two conditions.",yes,,yes,yes,yes,,,,,,,,,,llama-3.1-8b-instruct,1,revise,yes,yes,yes,no,no,no,impulsivity (general),functional connectivity,decreased,"The sentence partially supports the claim by mentioning a phenotype (impulsivity) and a feature type (functional connectivity). However, the direction of the association is unclear and the directness is also unclear. The corrected phenotype, feature type, and direction are based on the information provided in the sentence.",
477,27940074,ACC GABA levels are associated with functional activation and connectivity in the fronto-striatal network during interference inhibition in patients with borderline personality disorder.,2017,NeuroImage,trait impulsivity functional connectivity,unknown,functional connectivity,impulsivity (general),borderline personality disorder,associated_with,higher,regulation,direct,0.8,ACC-caudate functional connectivity during interference inhibition is associated with ACC GABA levels in patients with BPD.,yes,,yes,yes,no,,,,,,,,,,llama-3.1-8b-instruct,2,keep,yes,yes,yes,yes,yes,no,impulsivity (general),functional connectivity,higher,,
478,30705624,The Degree of Modulation of Beta Band Activity During Motor Planning Is Related to Trait Impulsivity.,2019,Frontiers in integrative neuroscience,trait impulsivity functional connectivity,unknown,functional connectivity,impulsivity (general),unknown,associated_with,unclear,beta band activity modulation during motor planning,direct,0.8,We found that the decrease of relative beta band power during action planning in the left fronto-central group of channels was more pronounced in the high impulsivity group than in the low impulsivity group.,yes,,yes,yes,yes,,,,,,,,,,llama-3.1-8b-instruct,2,keep,yes,yes,yes,yes,yes,no,impulsivity (general),functional connectivity,greater in high impulsivity group,"The sentence clearly supports the phenotype (impulsivity), feature (functional connectivity), relationship (associated_with), direction (greater in high impulsivity group), and directness (direct).",
479,28367514,Impulsive-antisocial dimension of psychopathy linked to enlargement and abnormal functional connectivity of the striatum.,2017,Biological psychiatry. Cognitive neuroscience and neuroimaging,trait impulsivity functional connectivity,unknown,functional connectivity,impulsivity (general),psychopathy,associated_with,higher,unclear,direct,0.8,"Psychopathy severity was also associated with abnormal functional connectivity with other brain regions, including dorsolateral prefrontal cortex, ventral midbrain and other areas of the striatum.",yes,,yes,yes,no,,,,,,,,,,llama-3.1-8b-instruct,1,revise,yes,yes,yes,no,no,no,impulsivity (general),functional connectivity,higher,"The sentence partially supports the claim, but the direction and directness need to be revised to match the extracted claim. The sentence does not specify the direction of the association, and it does not name both phenotype and feature.",
480,18214718,Neurobiological processes in adolescent addictive disorders.,2008,The American journal on addictions,trait impulsivity functional connectivity,unknown,functional connectivity,impulsivity (general),unknown,associated_with,unclear,developmental factors,unclear,0.7,"These neurobiological liabilities may correspond to neurobehavioral impairments in decision-making, affiliation with deviant peers and externalizing behavior; these and other cognitive and behavioral traits converge with neurobiological factors to increase SUD risk.",yes,,yes,yes,yes,,,,,,,,,,llama-3.1-8b-instruct,1,revise,yes,no,yes,no,no,no,impulsivity (general),behavioral traits,,"The sentence partially supports the claim by mentioning impulsivity, but it does not clearly specify the feature type as functional connectivity. The relationship is supported as 'associated_with', but the direction is unclear. The directness is also unclear because it does not name both phenotype and feature.",
481,31275737,Weakened Functional Connectivity Between the Amygdala and the Ventromedial Prefrontal Cortex Is Longitudinally Related to Psychopathic Traits in Low-Income Males During Early Adulthood.,2019,Clinical psychological science : a journal of the Association for Psychological Science,trait impulsivity functional connectivity,unknown,functional connectivity,impulsivity (general),unknown,associated_with,unclear,,unclear,0.7,"Weakened functional connectivity between the amygdala and ventromedial prefrontal cortex during the processing of fearful, but not neutral or angry, faces at age 20 was related to higher psychopathic traits at age 22.",yes,,yes,yes,no,,,,,,,,,,llama-3.1-8b-instruct,2,keep,yes,yes,yes,yes,yes,no,impulsivity (general),functional connectivity,positively associated,"The sentence clearly supports the extracted claim, mentioning a specific relationship between functional connectivity and psychopathic traits. The direction of the relationship is also clear, as higher psychopathic traits are related to weakened functional connectivity.",
482,42069879,Aberrant cortico-striato-limbic functional connectivity to alcohol cues in co-occurring bipolar disorder and alcohol use disorder.,2026,Neuropsychopharmacology : official publication of the American College of Neuropsychopharmacology,trait impulsivity functional connectivity,unknown,functional connectivity,impulsivity (general),co-occurring bipolar disorder and alcohol use disorder,associated_with,higher,cue-modulated hyperconnectivity,direct,0.8,"BD + AUD individuals exhibited cue-modulated hyperconnectivity between the left dorsal striatum and right posterior cingulate cortex (p-FDR = 0.045) versus the AUD and BD groups, who both exhibited hypoconnectivity between these regions versus healthy participants.",yes,,yes,yes,yes,,,,,,,,,,llama-3.1-8b-instruct,1,revise,yes,yes,yes,no,no,no,impulsivity (general),functional connectivity,higher,"The sentence partially supports the claim, but the direction and directness need to be corrected. The sentence mentions 'cue-modulated hyperconnectivity', which implies higher functional connectivity in response to cues, but this is not explicitly stated as 'higher'. Additionally, the sentence does not name both phenotype and feature, making the directness unsupported.",
483,38451271,Trait anxiety and corresponding neuromarkers predict internet addiction: A longitudinal study.,2024,Journal of behavioral addictions,trait impulsivity functional connectivity,unknown,functional connectivity,impulsivity (general),unknown,predicts,unclear,,direct,0.8,The results of mediation demonstrated that stressful life events and correlated functional connectivity mediated the association between TA and IA.,yes,,yes,yes,yes,,,,,,,,,,llama-3.1-8b-instruct,1,revise,yes,yes,yes,no,yes,no,impulsivity (general),functional connectivity,unclear,"The sentence partially supports the claim, but the direction is unclear and should be corrected to match the extracted direction.",
484,31383336,Hypothesis: Compulsive hoarding as an atavism.,2019,Medical hypotheses,trait impulsivity functional connectivity,unknown,unknown,impulsivity (general),unknown,associated_with,unclear,ancestral mammalian behavior,background,0.3,"We propose that hoarding disorder may be an ancestral mammalian behavior, possibly hard-wired but dormant in present-day humans, that can be activated by traumatic experiences.",yes,,yes,yes,no,,,,,,,,,,llama-3.1-8b-instruct,2,keep,yes,no,yes,yes,yes,no,impulsivity (general),unknown,unclear,"The sentence clearly supports the relationship and direction, but does not directly support the feature type. The phenotype is supported as 'impulsivity (general)' is a possible interpretation of hoarding disorder. The directness is supported as the sentence is in the background context.",
485,22805501,Trait impulsivity as an endophenotype for bipolar I disorder.,2012,Bipolar disorders,trait impulsivity functional connectivity,unknown,unknown,impulsivity (general),bipolar I disorder,associated_with,higher,,unclear,0.8,Individuals with bipolar I disorder had elevated scores compared to healthy comparison subjects on BIS-11 total score and all three subscales (p < 0.0001).,yes,,yes,yes,yes,,,,,,,,,,llama-3.1-8b-instruct,2,keep,yes,yes,yes,yes,yes,no,,,,"The sentence clearly supports the claim by stating that individuals with bipolar I disorder have elevated scores on impulsivity measures compared to healthy subjects, which is consistent with the extracted claim.",
486,33246710,Abnormal organization of inhibitory control functional networks in future binge drinkers.,2021,Drug and alcohol dependence,trait impulsivity functional connectivity,unknown,functional connectivity,impulsivity (general),unknown,associated_with,higher,unknown,direct,0.8,"fBD exhibit a distinctive pattern of beta band hyperconnectivity among crucial regions of inhibitory control networks, positively correlated with behavioral traits and future alcohol intake rate.",yes,,yes,yes,yes,,,,,,,,,,llama-3.1-8b-instruct,2,keep,yes,yes,yes,yes,yes,no,impulsivity (general),functional connectivity,higher,"The sentence clearly supports the extracted claim, mentioning a direct association between impulsivity (general) and functional connectivity, with a higher direction.",
487,37533885,Biopsychosocial factors of gaming disorder: a systematic review employing screening tools with well-defined psychometric properties.,2023,Frontiers in psychiatry,trait impulsivity functional connectivity,unknown,functional connectivity,impulsivity (general),unknown,associated_with,unclear,,unclear,0.5,"Biological factors (n = 8) included reward, self-concept, brain structure, and functional connectivity.",yes,,yes,yes,yes,,,,,,,,,,llama-3.1-8b-instruct,0,drop,no,no,no,unclear,unclear,no,,,,"The sentence does not support the extracted claim as it does not mention any specific phenotype-feature association, but rather lists general biological factors.",
488,29946511,Abnormal cortical gyrification in criminal psychopathy.,2018,NeuroImage. Clinical,trait impulsivity functional connectivity,unknown,structural connectivity,impulsivity (general),criminal psychopathy,associated_with,unclear,,unclear,0.7,PCL-R scores were negatively associated with LGI measures within the right hemisphere in the midcingulate cortex (MCC) and adjacent regions of the superior frontal gyrus as well as lateral superior parietal cortex.,yes,,yes,yes,yes,,,,,,,,,,llama-3.1-8b-instruct,2,keep,yes,yes,yes,yes,yes,no,impulsivity (general),structural connectivity,negatively associated,The sentence clearly supports the extracted claim by stating a negative association between PCL-R scores (impulsivity) and LGI measures (structural connectivity) in specific brain regions within the right hemisphere.,
489,41099174,"Suicidal ideation with and without intention to act: A transdiagnostic network analysis on the interplay between psychopathology, impulsivity, and childhood maltreatment.",2025,Psychological medicine,trait impulsivity functional connectivity,unknown,functional connectivity,nonplanning impulsivity,unknown,correlates_with,unclear,,unclear,0.6,"Network analyses revealed that in the SI without intention to act group, obsessive-compulsive symptoms were central, connecting to depression and anxiety, while negatively correlating with non-planning impulsivity.",yes,,yes,yes,yes,,,,,,,,,,llama-3.1-8b-instruct,1,revise,yes,yes,yes,no,no,no,nonplanning impulsivity,functional connectivity,negatively correlates with,"The sentence partially supports the claim, but the direction and directness need to be corrected to accurately reflect the relationship between non-planning impulsivity and the other symptoms.",
490,41590514,Connecting the Airways: Current Trends in United Airway Diseases.,2026,Journal of personalized medicine,trait impulsivity functional connectivity,unknown,unknown,unknown,unknown,associated_with,unclear,inflammation,background,0.3,"The concept of united airway disease (UAD) highlights the bidirectional relationship between inflammatory disorders of the upper airways-such as allergic rhinitis and chronic rhinosinusitis with or without nasal polyps (CRSwNP/CRSsNP)-and lower airway diseases, most notably asthma.",yes,,yes,yes,yes,,,,,,,,,,llama-3.1-8b-instruct,1,revise,yes,yes,yes,no,no,no,allergic rhinitis and chronic rhinosinusitis with or without nasal polyps (CRSwNP/CRSsNP),disease,bidirectional,"The sentence partially supports the claim but needs revision or is indirect. The phenotype and feature are mentioned, but the direction is unclear and the directness is background.",
491,35317338,Insights into myelin dysfunction in schizophrenia and bipolar disorder.,2022,World journal of psychiatry,trait impulsivity functional connectivity,unknown,unknown,unknown,unknown,unknown,unclear,,unclear,,,no,evidence_strength not a number,yes,no,unclear,,,,,,,,,,llama-3.1-8b-instruct,1,revise,yes,yes,yes,no,no,no,myelin dysfunction,dysfunction,decreased,"The sentence partially supports the claim but needs revision or is indirect. The phenotype is supported as 'myelin dysfunction', the feature type is supported as 'dysfunction', and the relationship is supported as 'association'. However, the direction is unclear and the directness is unclear. The corrected phenotype, feature type, and direction are 'myelin dysfunction', 'dysfunction', and 'decreased' respectively.",
492,40168432,Protocol for a Randomized Controlled Trial to Enhance Executive Function via Brief Mindfulness Training in Individuals with Internet Gaming Disorder.,2025,PloS one,trait impulsivity functional connectivity,unknown,EEG connectivity,impulsivity (general),Internet Gaming Disorder,associated_with,unclear,,background,0.3,"Internet Gaming Disorder has been associated with neuropsychological impairments, especially executive function deficits, and emotional difficulties.",yes,,yes,yes,no,,,,,,,,,,llama-3.1-8b-instruct,0,drop,no,no,no,no,no,no,,,,"The sentence does not mention impulsivity, EEG connectivity, or any specific relationship between them and Internet Gaming Disorder.",
493,37884552,Neural correlates of aggression in personality disorders from the perspective of DSM-5 maladaptive traits: a systematic review.,2023,Translational psychiatry,trait impulsivity functional connectivity,unknown,functional connectivity,impulsivity (general),DSM-5 maladaptive traits,associated_with,unclear,"alterations in the interplay between prefrontal and subcortical regions, alterations of fronto-temporal-limbic regions and serotonergic and endocannabinoid signaling systems",unclear,0.7,alterations of fronto-temporal-limbic regions and serotonergic and endocannabinoid signaling systems may link impulsivity to aggression in BPD and ASPD,yes,,yes,yes,yes,,,,,,,,,,llama-3.1-8b-instruct,1,revise,yes,yes,yes,no,no,no,impulsivity (general),functional connectivity,associated_with,"The sentence partially supports the claim but needs revision or is indirect. The phenotype and feature are mentioned, but the direction and directness are unclear. The corrected fields are based on the extracted claim.",
494,37890532,Food go/no-go training alters neural circuits for food evaluation for appetite reduction.,2024,Appetite,trait impulsivity functional connectivity,unknown,functional connectivity,unknown,unknown,associated_with,unclear,unknown,direct,0.8,The food go/no-go training did alter the functional connectivity of brain regions associated with food evaluation.,yes,,yes,yes,no,,,,,,,,,,llama-3.1-8b-instruct,2,keep,yes,yes,yes,yes,yes,no,,,,,
495,22047966,Effect of dopamine transporter genotype on intrinsic functional connectivity depends on cognitive state.,2012,"Cerebral cortex (New York, N.Y. : 1991)",trait impulsivity functional connectivity,unknown,functional connectivity,impulsivity (general),unknown,associated_with,higher,genetic regulation of dopamine,direct,0.8,"We found that connections between frontal, parietal, and striatal nodes of Task-Positive networks (TPNs) and Task-Negative networks (TNNs) showed higher functional connectivity in 10/10 homozygotes of the dopamine transporter gene, a polymorphism influencing synaptic dopamine, than in 9/10 heterozygotes.",yes,,yes,yes,no,,,,,,,,,,llama-3.1-8b-instruct,2,keep,yes,yes,yes,yes,yes,no,impulsivity (general),functional connectivity,higher,,
496,34678357,Sex-specific static and dynamic functional networks of sub-divisions of striatum linking to the greed personality trait.,2021,Neuropsychologia,trait impulsivity functional connectivity,unknown,functional connectivity,impulsivity (general),unknown,associated_with,unclear,,unclear,0.7,The study revealed a significant interaction effect between sex and GPT on the static reward functional networks.,yes,,yes,yes,no,,,,,,,,,,llama-3.1-8b-instruct,0,drop,no,no,no,no,no,no,,,,"The sentence does not mention the phenotype (impulsivity), feature type (functional connectivity), or relationship (associated_with) of the extracted claim.",
497,38018143,Converging Evidence for Frontopolar Cortex as a Target for Neuromodulation in Addiction Treatment.,2024,The American journal of psychiatry,trait impulsivity functional connectivity,unknown,functional connectivity,impulsivity (general),substance use disorders,associated_with,unclear,unknown,direct,0.8,"This approach is supported by converging multimodal evidence, including functional MRI-based maps.",yes,,yes,yes,no,,,,,,,,,,llama-3.1-8b-instruct,0,drop,no,no,no,unclear,unclear,unclear,,,,"The sentence does not mention a specific phenotype, feature, or relationship, making it unsupported for the extracted claim.",
498,29610548,Personality and Neural Correlates of Mentalizing Ability.,2017,European journal of personality,trait impulsivity functional connectivity,unknown,unknown,impulsivity (general),unknown,correlates_with,unclear,,unclear,0.6,"Performance on the theory of mind task was significantly associated with patterns of connectivity between the dorsal medial and core subsystems of the default network, consistent with evidence implicating these regions in mentalization.",yes,,yes,yes,yes,,,,,,,,,,llama-3.1-8b-instruct,1,revise,yes,no,yes,no,no,no,impulsivity (general),theory of mind,positive,"The sentence partially supports the claim, but the feature type is not mentioned. The relationship is supported, but the direction is unclear. The directness is also unclear. The phenotype is supported, but the feature type needs correction.",
499,25660033,Characterizing heterogeneity in children with and without ADHD based on reward system connectivity.,2015,Developmental cognitive neuroscience,trait impulsivity functional connectivity,unknown,functional connectivity,impulsivity (general),ADHD,associated_with,unclear,,unclear,0.7,"Our findings showed that children with ADHD and typically developing children could be classified into distinct subgroups according to brain functional connectivity. Results also suggested that the differentiation in 'functional' subgroups is related to specific behavioral characteristics, in this case impulsivity.",yes,,yes,yes,no,,,,,,,,,,llama-3.1-8b-instruct,1,revise,yes,yes,yes,no,no,no,impulsivity (general),behavioral characteristics,,"The sentence partially supports the claim, but the direction and directness are unclear. The phenotype and feature are supported, but the feature type should be corrected to 'behavioral characteristics'.",
500,25557777,Amygdala subnuclei connectivity in response to violence reveals unique influences of individual differences in psychopathic traits in a nonforensic sample.,2015,Human brain mapping,trait impulsivity functional connectivity,unknown,functional connectivity,impulsivity (general),unknown,associated_with,unclear,,unclear,0.7,Psychopathic personality factors were related to specific patterns of connectivity.,yes,,yes,yes,no,,,,,,,,,,llama-3.1-8b-instruct,1,revise,yes,yes,yes,no,no,no,impulsivity (general),functional connectivity,unclear,"The sentence partially supports the claim by mentioning a relationship between psychopathic personality factors and connectivity patterns, but it does not specify the direction or directness of the relationship. The phenotype and feature type mentioned in the claim are supported by the sentence, but the direction and directness need to be clarified.",
501,27240677,The Need for Treatment Responsive Translational Biomarkers in Alcoholism Research.,2016,Current topics in behavioral neurosciences,trait impulsivity functional connectivity,unknown,functional connectivity,unknown,unknown,associated_with,unclear,alcohol-induced,unclear,0.5,"We discuss translational biomarker strategies that may help turn this tide. Following an approach patterned on an endophenotype approach to complex behavioral traits, we hypothesize that relatively simple biological measures should be sought that can be obtained both in experimental animals and in humans, and that may be responsive to alcoholism medications. These biomarkers have to be tailored to the specific mechanism targeted by candidate medications and may in fact also help identify biologically more homogeneous subpopulations of patients. We introduce as examples alcohol-induced dopamine (DA) release, measures of central glutamate levels, and network connectivity, and discuss our experience to date with these biomarker strategies.",yes,,yes,yes,no,,,,,,,,,,llama-3.1-8b-instruct,0,drop,no,no,no,unclear,unclear,no,,,,The sentence does not support the structured claim as it does not mention a specific phenotype-feature association.,
502,14719047,"Eating disorders and the serotonin connection: state, trait and developmental effects.",2004,Journal of psychiatry & neuroscience : JPN,trait impulsivity functional connectivity,unknown,unknown,impulsivity (general),unknown,associated_with,unclear,unknown,background,0.5,"Alterations in brain serotonin (5-hydroxytryptamine [5-HT]) function are thought to contribute to diverse aspects of eating disorders, including binge eating, impulsivity and mood-regulation problems.",yes,,yes,yes,no,,,,,,,,,,llama-3.1-8b-instruct,1,revise,yes,no,yes,no,no,no,impulsivity (general),unknown,,"The sentence partially supports the claim of impulsivity being associated with something, but it does not specify the feature type or direction. The relationship is supported as 'associated_with'.",
503,40376927,Classification of internet addiction using machine learning on electroencephalography synchronization and functional connectivity.,2025,Psychological medicine,trait impulsivity functional connectivity,unknown,EEG connectivity,unknown,Internet addiction,associated_with,unclear,unknown,unclear,0.7,Functional connectivity analysis and machine learning algorithms can jointly distinguish participants with IA from HCs based on EEG data.,yes,,yes,yes,yes,,,,,,,,,,llama-3.1-8b-instruct,1,revise,yes,yes,yes,no,no,no,Internet addiction,EEG connectivity,increased/decreased,"The sentence partially supports the claim but needs revision or is indirect. The phenotype and feature are mentioned, but the direction and directness are unclear. The corrected phenotype and feature type are 'Internet addiction' and 'EEG connectivity', respectively. The corrected direction is 'increased/decreased' as it is implied that the machine learning algorithms can distinguish participants with IA from HCs based on EEG data.",
504,34993375,Brain Networks Associated With COVID-19 Risk: Data From 3662 Participants.,2021,"Chronic stress (Thousand Oaks, Calif.)",trait impulsivity functional connectivity,unknown,functional connectivity,unknown,unknown,associated_with,unclear,,unclear,0.7,"Individuals are at increased risk of COVID-19 infections if their brain connectome is consistent with reduced connectivity in the top-down attention and executive networks, along with increased internal connectivity in the introspective and instinctive networks.",yes,,yes,yes,yes,,,,,,,,,,llama-3.1-8b-instruct,2,keep,yes,yes,yes,yes,yes,no,unknown,functional connectivity,increased,"The sentence clearly supports the claim by stating a phenotype (increased risk of COVID-19 infections), a feature (reduced connectivity in top-down attention and executive networks, along with increased internal connectivity in introspective and instinctive networks), a relationship (associated with), a direction (increased), and directness (direct).",
505,36270509,Investigating a role of orexin and 'cocaine- and amphetamine-regulated transcript' in the nucleus accumbens shell in binge eating of male rats and the relationship with impulsivity.,2022,Physiology & behavior,trait impulsivity functional connectivity,unknown,functional connectivity,impulsivity (general),unknown,associated_with,unclear,blockade of accumbal OX1Rs reduces PF intake,unclear,0.7,"The blockade of accumbal OX1Rs effectively reduced PF intake only in the control group that had daily access to PF, with impulsivity trait as a decisive factor.",yes,,yes,yes,no,,,,,,,,,,llama-3.1-8b-instruct,2,keep,yes,yes,yes,yes,yes,no,impulsivity (general),functional connectivity,reduced,"The sentence clearly supports the phenotype, feature, relationship, and direction when stated.",
506,27896939,"A multimodal study of impulsivity and body weight: Integrating behavioral, cognitive, and neuroimaging approaches.",2017,"Obesity (Silver Spring, Md.)",trait impulsivity functional connectivity,unknown,functional connectivity,impulsivity (general),unknown,associated_with,unclear,,unclear,0.7,BMI was positively associated with functional connectivity between the right inferior frontal gyrus and right middle frontal gyrus during successful response inhibition.,yes,,yes,yes,no,,,,,,,,,,llama-3.1-8b-instruct,2,keep,yes,yes,yes,yes,yes,no,impulsivity (general),functional connectivity,positive,"The sentence clearly supports the claim by stating a positive association between BMI and functional connectivity during successful response inhibition, which is related to impulsivity.",
507,24935353,Neural and psychological mechanisms underlying compulsive drug seeking habits and drug memories--indications for novel treatments of addiction.,2014,The European journal of neuroscience,trait impulsivity functional connectivity,unknown,functional connectivity,impulsivity (general),unknown,associated_with,unclear,loss of prefrontal cortical inhibitory control,unclear,0.7,"Only some individuals lose control over their drug use, and the importance of behavioural impulsivity as a vulnerability trait predicting stimulant abuse and addiction in animals and humans",yes,,yes,yes,yes,,,,,,,,,,llama-3.1-8b-instruct,1,revise,yes,no,yes,no,no,no,impulsivity (general),behavioural,,"The sentence partially supports the claim of impulsivity being associated with drug abuse and addiction, but it does not specify the feature type (functional connectivity) and the direction of the association is unclear.",
508,27566121,Reduced Default Mode Connectivity in Adolescents With Conduct Disorder.,2016,Journal of the American Academy of Child and Adolescent Psychiatry,trait impulsivity functional connectivity,unknown,functional connectivity,impulsivity (general),Conduct Disorder,associated_with,lower,unclear,direct,0.8,The group with CD showed hypoconnectivity between core DMN regions compared with typically developing controls.,yes,,yes,yes,no,,,,,,,,,,llama-3.1-8b-instruct,2,keep,yes,yes,yes,yes,yes,no,impulsivity (general),functional connectivity,lower,,
509,11301519,"Neurobiology of the structure of personality: dopamine, facilitation of incentive motivation, and extraversion.",1999,The Behavioral and brain sciences,trait impulsivity functional connectivity,unknown,functional connectivity,impulsivity (general),unknown,associated_with,unclear,dopamine modulation,unclear,0.7,"The corticolimbic-striatal-thalamic network integrates the salient incentive context in the medial orbital cortex, amygdala, and hippocampus, encodes the intensity of incentive stimuli in a motive circuit composed of the nucleus accumbens, ventral pallidum, and ventral tegmental area dopamine projection system, and creates an incentive motivational state.",yes,,yes,yes,no,,,,,,,,,,llama-3.1-8b-instruct,0,drop,no,no,no,unclear,unclear,unclear,,,,"The sentence does not mention impulsivity or any other phenotype, and does not mention functional connectivity or any other feature type.",
510,26690326,Interpersonal dependency and online gaming addiction.,2016,Journal of behavioral addictions,trait impulsivity functional connectivity,unknown,functional connectivity,impulsivity (general),unknown,associated_with,unclear,,unclear,0.6,High scores on subscales measuring dysfunctional detachment and destructive overdependence were positively associated with online gaming addiction,yes,,yes,yes,yes,,,,,,,,,,llama-3.1-8b-instruct,1,revise,yes,yes,yes,yes,no,no,impulsivity (general),behavioral,positive,"The sentence supports the phenotype and feature, but does not specify the directness. The relationship and direction are also supported, but the feature type is not explicitly stated as functional connectivity. The corrected phenotype and feature type are based on the extracted claim.",
511,37058964,Impulsivity and self-regulation: A dual-process model of risky driving in young drivers in Iran.,2023,Accident; analysis and prevention,trait impulsivity functional connectivity,unknown,unknown,impulsivity (general),unknown,associated_with,unclear,mediatory role of cognitive and self-regulatory capacities,unclear,0.8,"The dual-process model of risky driving (Lazuras, Rowe, Poulter, Powell, & Ypsilanti, 2019) suggested that regulatory processes mediate the effect of impulsivity on risky driving.",yes,,yes,yes,yes,,,,,,,,,,llama-3.1-8b-instruct,2,keep,yes,yes,yes,yes,yes,no,impulsivity (general),risky driving,associated with,"The sentence clearly supports the extracted claim, mentioning impulsivity as the phenotype, risky driving as the feature, an association between them, and a mediating role of cognitive and self-regulatory capacities.",
512,35388180,Corticolimbic DCC gene co-expression networks as predictors of impulsivity in children.,2022,Molecular psychiatry,trait impulsivity functional connectivity,unknown,functional connectivity,impulsivity (general),unknown,predicts,lower,Netrin-1/DCC signaling pathway,direct,0.8,We found that lower ePRS scores associate with higher measurements of impulsive choice in 6-year-old children tested in the Information Sampling Task and with impulsive action in 6- and 10-year-old children tested in the Stop Signal Task.,yes,,yes,yes,yes,,,,,,,,,,llama-3.1-8b-instruct,2,keep,yes,yes,yes,yes,yes,no,impulsivity (general),functional connectivity,lower,,
513,24128659,Examining the link between adolescent brain development and risk taking from a social-developmental perspective.,2013,Brain and cognition,trait impulsivity functional connectivity,unknown,functional connectivity,impulsivity (general),unknown,associated_with,unclear,asynchrony in developmental time courses,unclear,0.6,"Asynchrony in developmental time courses between the affective/approach and cognitive control brain systems, as well as the ongoing maturation of neural connectivity are thought to lead to increased vulnerability for risk taking in adolescence.",yes,,yes,yes,yes,,,,,,,,,,llama-3.1-8b-instruct,1,revise,yes,yes,yes,no,no,no,impulsivity (general),functional connectivity,increased,"The sentence partially supports the claim but needs revision or is indirect. The phenotype 'impulsivity (general)' is supported, but the feature type 'functional connectivity' is only partially supported as it is mentioned in the context of 'neural connectivity'. The relationship 'associated_with' is supported, but the direction 'unclear' is not supported as the sentence implies an increase in risk taking. The directness 'unclear' is not supported as the sentence does not name both phenotype and feature.",
514,9198777,[Impulsiveness and impulse control. On the psychological and psychopathological conceptualization].,1997,Der Nervenarzt,trait impulsivity functional connectivity,unknown,unknown,impulsivity (general),unknown,associated_with,unclear,,background,0.3,Impulsiveness and impaired impulse control are connected with an increasing number of psychic disorders.,yes,,yes,yes,yes,,,,,,,,,,llama-3.1-8b-instruct,1,revise,yes,no,yes,no,no,no,impulsivity (general),psychic disorders,increased,"The sentence partially supports the claim, but needs revision for feature type, direction, and directness.",
515,41769519,Evil's Anatomy: Structural Correlates of Violent Behavior.,2026,Cureus,trait impulsivity functional connectivity,unknown,structural connectivity,impulsivity (general),unknown,associated_with,unclear,,unclear,0.7,Alterations in grey matter and neural connectivity may influence the manifestation of violent behavior.,yes,,yes,yes,no,,,,,,,,,,llama-3.1-8b-instruct,1,revise,yes,yes,yes,no,no,no,impulsivity (general),structural connectivity,may increase,"The sentence partially supports the claim by mentioning a potential influence on violent behavior, but it does not specify the direction or directness of the relationship. The phenotype and feature type are partially supported, but they need to be corrected to match the extracted claim.",
516,28900210,Alterations of Brain Functional Architecture Associated with Psychopathic Traits in Male Adolescents with Conduct Disorder.,2017,Scientific reports,trait impulsivity functional connectivity,unknown,functional connectivity,impulsivity (general),Conduct Disorder,associated_with,unclear,unclear,unclear,0.7,"We found decreased anti-synchronization between the fronto-parietal network (FPN) and default mode network (DMN), and increased intra-network synchronization within the frontothalamic-basal ganglia, right frontoparietal, and temporal/limbic/visual networks in CD patients.",yes,,yes,yes,no,,,,,,,,,,llama-3.1-8b-instruct,2,keep,yes,yes,yes,yes,yes,no,impulsivity (general),functional connectivity,decreased,"The sentence clearly supports the extracted claim, mentioning a specific brain system (fronto-parietal network and default mode network) and a relationship between this system and impulsivity. The direction of the relationship is also clear (decreased anti-synchronization).",
517,32121585,"Random Forest Classification of Alcohol Use Disorder Using EEG Source Functional Connectivity, Neuropsychological Functioning, and Impulsivity Measures.",2020,"Behavioral sciences (Basel, Switzerland)",nonplanning impulsivity functional connectivity,unknown,EEG connectivity,nonplanning impulsivity,alcohol use disorder,associated_with,higher,hyperconnectivity,direct,1.0,"The AUD group showed a predominant pattern of hyperconnectivity among 29 significant connections, indicating aberrant network functioning during resting state suggestive of neural hyperexcitability and impulsivity.",yes,,yes,yes,no,,,,,,,,,,llama-3.1-8b-instruct,1,revise,yes,yes,yes,no,no,no,nonplanning impulsivity,EEG connectivity,higher,"The sentence partially supports the claim, but the direction and directness need to be revised to match the extracted claim. The sentence does not explicitly state the direction of the association, and it does not name both phenotype and feature.",
518,24781521,Compromised frontocerebellar circuitry contributes to nonplanning impulsivity in recovering alcoholics.,2014,Psychopharmacology,nonplanning impulsivity functional connectivity,unknown,functional connectivity,nonplanning impulsivity,recovering alcoholics,associated_with,lower,compromised,direct,1.0,Alcoholic patients demonstrated compromised dorsal anterior cingulate cortex (dACC) -cerebellar functional connectivity,yes,,yes,yes,no,,,,,,,,,,llama-3.1-8b-instruct,2,keep,yes,yes,yes,yes,yes,no,nonplanning impulsivity,functional connectivity,lower,"The sentence directly states that alcoholic patients have compromised dorsal anterior cingulate cortex (dACC) -cerebellar functional connectivity, which is associated with nonplanning impulsivity, a lower level of functional connectivity.",
519,37162878,A generalizable functional connectivity signature characterizes brain dysfunction and links to rTMS treatment response in cocaine use disorder.,2023,medRxiv : the preprint server for health sciences,nonplanning impulsivity functional connectivity,unknown,functional connectivity,nonplanning impulsivity,cocaine use disorder,associated_with,higher,unclear,direct,0.8,"We identified phenotyping FCs involving increased connectivity between the visual network and dorsal attention network, and between the frontoparietal control network and ventral attention network, as well as decreased connectivity between the default mode network and limbic network in CUD patients compared to healthy controls.",yes,,yes,yes,yes,,,,,,,,,,llama-3.1-8b-instruct,2,keep,yes,yes,yes,yes,yes,no,nonplanning impulsivity,functional connectivity,higher,"The sentence clearly supports the claim by mentioning increased connectivity between certain brain networks in CUD patients compared to healthy controls, which is consistent with the extracted claim of nonplanning impulsivity being associated with higher functional connectivity.",
520,37030546,Disrupted functional networks within white-matter served as neural features in adolescent patients with conduct disorder.,2023,Behavioural brain research,nonplanning impulsivity functional connectivity,unknown,functional connectivity,nonplanning impulsivity,conduct disorder,associated_with,lower,,direct,0.8,"Compared with TDs, CD patients showed decreased FCs between occipital network (ON) and superior temporal network (STN), which were significantly negatively associated with non-planning impulsivity scores in CD.",yes,,yes,yes,no,,,,,,,,,,llama-3.1-8b-instruct,2,keep,yes,yes,yes,yes,yes,no,nonplanning impulsivity,functional connectivity,lower,"The sentence clearly supports the extracted claim, mentioning a direct association between decreased functional connectivity and nonplanning impulsivity in CD patients.",
521,24200210,An intrinsic connectivity network approach to insula-derived dysfunctions among cocaine users.,2013,The American journal of drug and alcohol abuse,nonplanning impulsivity functional connectivity,unknown,functional connectivity,nonplanning impulsivity,cocaine addiction,associated_with,lower,malfunction of integration,direct,0.8,"The inter-network connectivity between an ICN involving the anterior insula and ACC, and an ICN involving the striatum, was significantly weaker in cocaine users relative to controls.",yes,,yes,yes,yes,,,,,,,,,,llama-3.1-8b-instruct,1,revise,yes,yes,yes,no,no,no,nonplanning impulsivity,functional connectivity,lower,"The sentence partially supports the claim but needs revision or is indirect. The phenotype 'nonplanning impulsivity' is not explicitly mentioned in the sentence, but it can be inferred as the phenotype associated with the insula-derived dysfunctions. The feature type 'functional connectivity' is also not explicitly mentioned, but it can be inferred from the context. The relationship 'associated_with' is supported, but the direction 'lower' is not directly stated in the sentence. The directness 'direct' is not supported because the sentence does not name both phenotype and feature.",
522,38902791,Graph analysis uncovers an opposing impact of methylphenidate on connectivity patterns within default mode network sub-divisions.,2024,Behavioral and brain functions : BBF,nonplanning impulsivity functional connectivity,unknown,functional connectivity,nonplanning impulsivity,unknown,associated_with,unclear,,unclear,0.7,Decreased connectivity of the DMN sub-network with the cinguloopercular network following MPH administration was associated with elevated impulsivity and non-planning impulsiveness.,yes,,yes,yes,yes,,,,,,,,,,llama-3.1-8b-instruct,2,keep,yes,yes,yes,yes,yes,no,nonplanning impulsivity,functional connectivity,decreased,"The sentence clearly supports the claim by stating a specific association between a phenotype (nonplanning impulsivity), a feature (functional connectivity), and a relationship (associated with). The direction (decreased) is also clearly stated, and the directness is implied by the mention of both phenotype and feature.",
523,32194455,Deficient Decision Making in Pathological Gamblers Correlates With Gray Matter Volume in Medial Orbitofrontal Cortex.,2020,Frontiers in psychiatry,nonplanning impulsivity functional connectivity,unknown,functional connectivity,nonplanning impulsivity,pathological gambling,correlates_with,unclear,,unclear,0.7,"Our findings showed that the association between decision making and impulsivity can also be found in PG patients, but only for certain impulsivity facets.",yes,,yes,yes,no,,,,,,,,,,llama-3.1-8b-instruct,1,revise,yes,no,yes,no,no,no,nonplanning impulsivity,functional connectivity,,"The sentence partially supports the claim by mentioning the association between decision making and impulsivity in PG patients, but it does not directly support the feature type (functional connectivity) and the direction of the relationship is unclear.",
524,23355606,Synchrony of anterior cingulate cortex and insular-striatal activation predicts ambiguity aversion in individuals with low impulsivity.,2014,"Cerebral cortex (New York, N.Y. : 1991)",nonplanning impulsivity functional connectivity,unknown,functional connectivity,nonplanning impulsivity,unknown,predicts,higher,unclear,direct,0.8,Stronger activation synchrony between the left dACC and the right anterior insula correlated with greater use of a Pass response option.,yes,,yes,yes,no,,,,,,,,,,llama-3.1-8b-instruct,1,revise,yes,yes,yes,no,no,no,nonplanning impulsivity,functional connectivity,lower,"The sentence mentions a relationship between activation synchrony and Pass response option, but it does not directly relate to nonplanning impulsivity. The direction is also not explicitly stated as 'higher' but rather as 'greater', which implies a lower level of impulsivity.",
525,35126053,Regional Homogeneity Abnormalities and Its Correlation With Impulsivity in Male Abstinent Methamphetamine Dependent Individuals.,2021,Frontiers in molecular neuroscience,nonplanning impulsivity resting-state fMRI,unknown,BOLD variability,nonplanning impulsivity,Methamphetamine Dependent Individuals,correlates_with,unclear,,unclear,0.7,"The ReHo values of the left precentral gyrus were negatively correlated with the BIS-attention, BIS-motor, and BIS-nonplanning subscale scores,",yes,,yes,yes,yes,,,,,,,,,,llama-3.1-8b-instruct,2,keep,yes,yes,yes,yes,yes,no,nonplanning impulsivity,BOLD variability,negatively,"The sentence clearly supports the extracted claim by mentioning a correlation between ReHo values and BIS-nonplanning subscale scores, which is a measure of nonplanning impulsivity. The feature type is also supported as it mentions BOLD variability. The relationship, direction, and directness are all supported as the sentence explicitly states a correlation between two variables.",
526,29198277,Attention-Deficit/Hyperactivity Disorder: A Historical Neuropsychological Perspective.,2017,Journal of the International Neuropsychological Society : JINS,attentional impulsivity resting-state fMRI,unknown,unknown,impulsivity (general),unknown,unknown,unclear,,background,0.2,"The behavior patterns of hyperactivity, impulsivity and inattention that would ultimately become recognized as Attention-Deficit Hyperactivity Disorder (ADHD) have been described for centuries.",yes,,yes,yes,yes,,,,,,,,,,llama-3.1-8b-instruct,0,drop,no,no,no,unclear,unclear,no,,,,"The sentence does not support the extracted claim as it only mentions the general concept of ADHD and its symptoms, but does not provide any evidence for the relationship between impulsivity and any specific feature.",
527,34406053,Neuroimaging in Attention-Deficit/Hyperactivity Disorder: Recent Advances.,2022,AJR. American journal of roentgenology,attentional impulsivity resting-state fMRI,unknown,functional connectivity,attentional impulsivity,Attention-Deficit/Hyperactivity Disorder (ADHD),correlates_with,unclear,,indirect,0.6,"Using fMRI, researchers have focused on the prefrontal and temporal regions, reflecting perception-action mapping alterations.",yes,,yes,yes,yes,,,,,,,,,,llama-3.1-8b-instruct,0,drop,no,no,no,unclear,no,unclear,,,,"The sentence does not mention attentional impulsivity, functional connectivity, or any relationship between them. It only mentions regions of interest in fMRI studies.",
528,34602972,Altered Variability and Concordance of Dynamic Resting-State fMRI Indices in Patients With Attention Deficit Hyperactivity Disorder.,2021,Frontiers in neuroscience,attentional impulsivity resting-state fMRI,unknown,dynamic connectivity,attentional impulsivity,Attention deficit hyperactivity disorder (ADHD),associated_with,unclear,,direct,0.8,"Patients with ADHD showed decreased variability of dynamic amplitude of low-frequency fluctuation (dALFF) in the left middle frontal gyrus and increased one in right middle occipital gyrus, as compared with the HCs.",yes,,yes,yes,yes,,,,,,,,,,llama-3.1-8b-instruct,2,keep,yes,yes,yes,yes,yes,no,attentional impulsivity,dynamic connectivity,decreased,"The sentence clearly supports the claim by stating a specific association between ADHD and altered dynamic connectivity in the brain, with a clear direction of change (decreased in one area and increased in another).",
529,33484850,The neural substrates of subliminal attentional bias and reduced inhibition in individuals with a higher BMI: A VBM and resting state connectivity study.,2021,NeuroImage,attentional impulsivity resting-state fMRI,unknown,functional connectivity,attentional impulsivity,unknown,associated_with,unclear,,indirect,0.8,"A higher BMI predicts slower subliminal processing of images, which is linked to lower resting-state connectivity of the orbital gyrus to visual areas.",yes,,yes,yes,no,,,,,,,,,,llama-3.1-8b-instruct,1,revise,yes,yes,yes,no,no,no,attentional impulsivity,functional connectivity,decreased,"The sentence partially supports the claim, but the direction and directness need to be revised. The phenotype 'attentional impulsivity' is related to 'slower subliminal processing of images', and the feature 'functional connectivity' is related to 'lower resting-state connectivity'. However, the direction is not explicitly stated, and the directness is indirect.",
530,35859076,Centrality and interhemispheric coordination are related to different clinical/behavioral factors in attention deficit/hyperactivity disorder: a resting-state fMRI study.,2022,Brain imaging and behavior,attentional impulsivity resting-state fMRI,unknown,functional connectivity,impulsivity (general),ADHD,associated_with,higher,,unclear,0.6,EC was significantly higher in ADHD compared to neurotypicals in several brain regions.,yes,,yes,yes,no,,,,,,,,,,llama-3.1-8b-instruct,1,revise,yes,no,yes,yes,no,no,impulsivity (general),functional connectivity,higher,"The sentence does not specify the feature type, so it cannot be fully supported. However, it does support the phenotype, relationship, and direction.",
531,36843348,"Construction of Meta-Thinking Educational Program Based on Mental-Brain Simulation (MTMBS) and Evaluating its Effectiveness on Executive Functions, Emotion Regulation, and Impulsivity in Children With ADHD: A Resting-State Functional MRI Study.",2023,Journal of attention disorders,attentional impulsivity resting-state fMRI,unknown,unknown,impulsivity (general),ADHD,associated_with,unclear,,background,0.5,The Meta-Thinking Educational Program had effect on performance of ADHD children and suppressed brain regions related to DMN.,yes,,yes,yes,yes,,,,,,,,,,llama-3.1-8b-instruct,1,revise,yes,no,yes,no,no,no,impulsivity (general),unknown,decreased,"The sentence partially supports the claim, but the feature type is unknown and the direction is unclear. The corrected phenotype is 'impulsivity (general)' and the corrected direction is 'decreased' based on the context of the sentence.",
532,40309601,Vulnerable brain regions in adolescent attention deficit hyperactivity disorder: An activation likelihood estimation meta-analysis.,2025,World journal of psychiatry,attentional impulsivity resting-state fMRI,unknown,BOLD variability,impulsivity (general),ADHD,associated_with,unclear,,unclear,0.7,Resting-state functional magnetic resonance imaging (rs-fMRI) provides critical insights into the functional architecture of the brain in ADHD.,yes,,yes,yes,yes,,,,,,,,,,llama-3.1-8b-instruct,0,drop,no,no,no,unclear,unclear,unclear,,,,"The sentence does not mention impulsivity, BOLD variability, or any relationship between them, so it does not support the extracted claim.",
533,30520697,Exploring the Brain Lateralization in ADHD Based on Variability of Resting-State fMRI Signal.,2021,Journal of attention disorders,attentional impulsivity resting-state fMRI,unknown,functional connectivity,impulsivity (general),ADHD,associated_with,unclear,,unclear,0.7,"ADHD patients showed significantly increased rightward lateralization in the inferior frontal gyrus (opercular), precuneus, and paracentral lobule, and decreased rightward lateralization in the insula.",yes,,yes,yes,yes,,,,,,,,,,llama-3.1-8b-instruct,2,keep,yes,yes,yes,yes,yes,no,impulsivity (general),functional connectivity,increased rightward lateralization,"The sentence clearly supports the extracted claim by stating a specific brain region (inferior frontal gyrus, precuneus, and paracentral lobule) and its association with impulsivity in ADHD patients. The direction of increased rightward lateralization is also clearly stated.",
534,38281353,Neurofeedback for alcohol addiction: Changes in resting state network activity✰.,2024,Psychiatry research. Neuroimaging,attentional impulsivity resting-state fMRI,unknown,functional connectivity,impulsivity (general),alcohol dependence,associated_with,unclear,,unclear,0.6,"We compared the resting state data in the active group as part of the NF training on six measurement days. When comparing the results of the active group from neurofeedback day 3 with baseline 1, a significant reduction in activated voxels in the ventral attention network area was seen.",yes,,yes,yes,yes,,,,,,,,,,llama-3.1-8b-instruct,0,drop,no,no,no,no,no,no,,,,"The sentence does not mention impulsivity or any other phenotype, and it does not mention functional connectivity or any other feature type. It also does not establish an association between the phenotype and feature.",
535,25928822,Altered resting-state frontoparietal control network in children with attention-deficit/hyperactivity disorder.,2015,Journal of the International Neuropsychological Society : JINS,attentional impulsivity resting-state fMRI,unknown,functional connectivity,attentional impulsivity,attention-deficit/hyperactivity disorder (ADHD),associated_with,unclear,unclear,unclear,0.7,"Individuals with ADHD commonly exhibit deficits in executive functions, which are mainly mediated by the frontoparietal control network.",yes,,yes,yes,no,,,,,,,,,,llama-3.1-8b-instruct,1,revise,yes,no,yes,no,no,no,attentional impulsivity,functional connectivity,unclear,"The sentence partially supports the claim by mentioning a relationship between ADHD and a brain network, but it does not directly support the feature type (functional connectivity) or direction. The phenotype (attentional impulsivity) is mentioned in the paper title, so it is assumed to be correct.",
536,28193454,New developments in brain research of internet and gaming disorder.,2017,Neuroscience and biobehavioral reviews,attentional impulsivity resting-state fMRI,unknown,functional connectivity,attentional impulsivity,unknown,associated_with,unclear,changes to brain regions,direct,0.8,"Internet game playing was associated with changes to brain regions responsible for attention and control, impulse control, motor function, emotional regulation, sensory-motor coordination.",yes,,yes,yes,yes,,,,,,,,,,llama-3.1-8b-instruct,1,revise,yes,yes,yes,no,no,no,attentional impulsivity,functional connectivity,increased/decreased,"The sentence partially supports the claim but needs revision or is indirect. The phenotype 'attentional impulsivity' is supported, but the feature type 'functional connectivity' is not explicitly mentioned. The relationship 'associated_with' is supported, but the direction is unclear. The directness 'direct' is not supported because the sentence does not name both phenotype and feature.",
537,38047402,Similarity and difference in large-scale functional network alternations between behavioral addictions and substance use disorder: a comparative meta-analysis.,2024,Psychological medicine,attentional impulsivity resting-state fMRI,unknown,functional connectivity,impulsivity (general),unknown,correlates_with,unclear,,unclear,0.7,"BA and SUD exhibited common alterations in rs-FC between frontoparietal network (FPN) and other high-level neurocognitive networks (i.e. default mode network (DMN), affective network (AN), and salience network (SN))",yes,,yes,yes,yes,,,,,,,,,,llama-3.1-8b-instruct,1,revise,yes,yes,yes,no,no,no,impulsivity (general),functional connectivity,unclear,"The sentence partially supports the claim by mentioning a group difference (BA and SUD) and a feature (rs-FC between networks), but it does not directly support the phenotype (impulsivity) or the relationship (correlates_with). The direction and directness are also unclear. The brain system is mentioned as frontoparietal network (FPN) and other high-level neurocognitive networks, which is not directly related to the extracted claim.",
538,37327696,"Individual differences in delay discounting are associated with dorsal prefrontal cortex connectivity in children, adolescents, and adults.",2023,Developmental cognitive neuroscience,attentional impulsivity resting-state fMRI,unknown,functional connectivity,impulsivity (general),unknown,associated_with,unclear,,direct,0.8,Individual differences in delay discounting were associated with patterns of connectivity emanating from the left dorsal prefrontal cortex.,yes,,yes,yes,no,,,,,,,,,,llama-3.1-8b-instruct,2,keep,yes,yes,yes,yes,yes,no,impulsivity (general),functional connectivity,unclear,"The sentence clearly supports the extracted claim, mentioning a direct association between impulsivity (general) and functional connectivity emanating from the left dorsal prefrontal cortex.",
539,24513387,Altered regional homogeneity and efficient response inhibition in restrained eaters.,2014,Neuroscience,attentional impulsivity resting-state fMRI,unknown,BOLD variability,attentional impulsivity,unknown,associated_with,higher,unclear,direct,0.7,"Compared with UREs, REs showed more ReHo in brain regions associated with food reward (i.e., orbitofrontal cortex (OFC), dorsal-lateral prefrontal cortex (dlPFC)), attention (i.e., lingual gyrus, cuneus, inferior parietal lobule) and somatosensory functioning (i.e., paracentral lobule, anterior insula).",yes,,yes,yes,yes,,,,,,,,,,llama-3.1-8b-instruct,1,revise,yes,yes,yes,no,no,no,attentional impulsivity,BOLD variability,higher,"The sentence partially supports the claim, but the direction and directness need to be revised to match the extracted claim. The sentence does not explicitly state the direction of the association, and it does not name both phenotype and feature.",
540,39454714,Frequent absent mindedness and the neural mechanism trapped by mobile phone addiction.,2024,Neuroscience,attentional impulsivity resting-state fMRI,unknown,functional connectivity,unknown,unknown,associated_with,unclear,increased functional connectivity,direct,0.8,"FC among the default mode, motor, frontoparietal, basal ganglia, limbic, medial frontal, visual association, and cerebellar networks formed the neural basis of mind wandering.",yes,,yes,yes,yes,,,,,,,,,,llama-3.1-8b-instruct,0,drop,no,no,no,unclear,no,no,,functional connectivity,,"The sentence does not support the phenotype, feature, or relationship. It only describes the neural basis of mind wandering, which is not mentioned in the extracted claim.",
541,27467529,Resting-state functional MRI of abnormal baseline brain activity in young depressed patients with and without suicidal behavior.,2016,Journal of affective disorders,attentional impulsivity resting-state fMRI,unknown,functional connectivity,impulsivity (general),depressed youths,associated_with,unclear,,indirect,0.7,"The SU group had abnormal spontaneous neural activity during the resting state, and decreased activity in L-SFG and L-MFG was associated with increased impulsivity in SU group.",yes,,yes,yes,yes,,,,,,,,,,llama-3.1-8b-instruct,2,keep,yes,yes,yes,yes,yes,no,impulsivity (general),functional connectivity,positive,"The sentence clearly supports the extracted claim, mentioning a specific association between decreased activity in L-SFG and L-MFG and increased impulsivity in the SU group.",
542,29048582,Salience network dynamics underlying successful resistance of temptation.,2017,Social cognitive and affective neuroscience,attentional impulsivity resting-state fMRI,unknown,dynamic connectivity,attentional impulsivity,unknown,associated_with,unclear,,indirect,0.7,Individuals whose intrinsic dynamic functional connectivity patterns gravitate toward configurations in which salience detection systems are less strongly coupled with visual systems resist tempting distractors more effectively.,yes,,yes,yes,yes,,,,,,,,,,llama-3.1-8b-instruct,2,keep,yes,yes,yes,yes,yes,no,attentional impulsivity,dynamic connectivity,associated with increased resistance,"The sentence clearly supports the claim by stating that individuals with certain dynamic functional connectivity patterns resist tempting distractors more effectively, which is associated with attentional impulsivity. The feature type is dynamic connectivity, and the relationship is associated with. The direction is supported as the sentence implies that the connectivity patterns are associated with increased resistance, which is a positive direction. The directness is supported as the sentence names both the phenotype (resistance to temptation) and the feature (dynamic functional connectivity patterns).",
543,41781648,ADBrainNet: a deep neural network for Autism Spectrum Disorder (ASD) and Attention Deficit and Hyperactivity Disorder (ADHD) classification using resting-state fMRI images based on explainable artificial intelligence.,2026,Medical & biological engineering & computing,attentional impulsivity resting-state fMRI,unknown,functional connectivity,impulsivity (general),classification,associated_with,unclear,,unclear,0.6,"Our proposed methodology was benchmarked against prevalent ImageNet transfer learning methods, including AlexNet, MobileNet, ResNet18, and Xception, for training on resting-state fMRI images sourced from ABIDE and ADHD-200 datasets.",yes,,yes,yes,no,,,,,,,,,,llama-3.1-8b-instruct,0,drop,no,no,no,unclear,unclear,unclear,,,,"The sentence does not mention impulsivity, functional connectivity, association, or any direction/directness, so it does not support the claim.",
544,39592983,Abnormal stability of dynamic functional architecture in drug-naïve children with attention-deficit/hyperactivity disorder.,2024,BMC psychiatry,attentional impulsivity resting-state fMRI,unknown,dynamic connectivity,attentional impulsivity,attention-deficit/hyperactivity disorder,associated_with,unclear,,direct,0.8,"We found that children with ADHD exhibited decreased FS in the bilateral superior frontal gyrus (SFG) and increased FS in the right middle temporal gyrus (MTG), which both belong to the default mode network (DMN).",yes,,yes,yes,no,,,,,,,,,,llama-3.1-8b-instruct,2,keep,yes,yes,yes,yes,yes,no,attentional impulsivity,dynamic connectivity,decreased,"The sentence clearly supports the claim by stating a direct association between attentional impulsivity and dynamic connectivity in the context of ADHD. The direction of the association is also clear, as the children with ADHD exhibited decreased FS in the bilateral superior frontal gyrus and increased FS in the right middle temporal gyrus.",
545,35089635,Enduring effect of abuse: Childhood maltreatment links to altered theory of mind network among adults.,2022,Human brain mapping,attentional impulsivity resting-state fMRI,unknown,functional connectivity,attentional impulsivity,unknown,associated_with,lower,unclear,direct,0.8,"Adults with CM showed decreased FC between the insula and superior temporal gyrus (STG) and between inferior parietal lobule (IPL) and middle frontal gyrus, STG, and dorsal anterior cingulate cortex (dACC),",yes,,yes,yes,no,,,,,,,,,,llama-3.1-8b-instruct,2,keep,yes,yes,yes,yes,yes,no,attentional impulsivity,functional connectivity,lower,"The sentence directly supports the association between attentional impulsivity and altered functional connectivity, specifically lower connectivity between the insula and superior temporal gyrus, inferior parietal lobule and middle frontal gyrus, superior temporal gyrus, and dorsal anterior cingulate cortex.",
546,18824195,Default-mode brain dysfunction in mental disorders: a systematic review.,2009,Neuroscience and biobehavioral reviews,attentional impulsivity resting-state fMRI,unknown,unknown,impulsivity (general),unknown,associated_with,unclear,unknown,background,0.5,"We relate DMN dysfunction to dementia, schizophrenia, epilepsy, anxiety and depression, autism and attention deficit/hyperactivity disorder drawing out common and unique elements of the disorders.",yes,,yes,yes,yes,,,,,,,,,,llama-3.1-8b-instruct,0,drop,no,no,no,no,no,yes,,,,"The sentence mentions a group difference but not a phenotype-feature association, and the relationship is not explicitly stated.",
547,26363140,The executive control network and symptomatic improvement in attention-deficit/hyperactivity disorder.,2015,Cortex; a journal devoted to the study of the nervous system and behavior,attentional impulsivity resting-state fMRI,unknown,functional connectivity,attentional impulsivity,ADHD,associated_with,higher,improved prefrontal top-down control,direct,0.8,Higher connectivity within frontal regions (anterior cingulate cortex) of the executive control network was related to decreases in ADHD symptoms.,yes,,yes,yes,yes,,,,,,,,,,llama-3.1-8b-instruct,1,revise,yes,yes,yes,no,no,no,attentional impulsivity,functional connectivity,lower,"The sentence mentions a decrease in ADHD symptoms, which is associated with the phenotype 'attentional impulsivity'. However, the direction of the relationship is 'lower' rather than 'higher'. Additionally, the sentence does not explicitly state a direct relationship between the phenotype and feature, but rather mentions a relationship between connectivity and symptoms.",
548,26296778,Aberrant orbitofrontal connectivity in marijuana smoking adolescents.,2015,Developmental cognitive neuroscience,attentional impulsivity resting-state fMRI,unknown,functional connectivity,impulsivity (general),unknown,associated_with,higher,,direct,0.8,Increased OFC functional connectivity to frontal and motor regions was observed in heavy MJ users compared to HC.,yes,,yes,yes,yes,,,,,,,,,,llama-3.1-8b-instruct,1,revise,yes,yes,yes,no,no,no,impulsivity (general),functional connectivity,higher,"The sentence partially supports the claim, but the direction and directness need to be revised to match the extracted claim.",
549,30798413,Abnormal functional network centrality in drug-naïve boys with attention-deficit/hyperactivity disorder.,2019,European child & adolescent psychiatry,attentional impulsivity resting-state fMRI,unknown,functional connectivity,attentional impulsivity,drug-naïve boys with attention-deficit/hyperactivity disorder,associated_with,lower,unclear,direct,0.8,Boys with ADHD exhibited decreased centrality in the left superior temporal gyrus (STG) and increased centrality in the left superior occipital lobe (SOL) and right inferior parietal lobe.,yes,,yes,yes,no,,,,,,,,,,llama-3.1-8b-instruct,1,revise,yes,yes,yes,no,no,no,attentional impulsivity,functional connectivity,lower,"The sentence partially supports the claim, but the direction and directness need to be revised. The sentence does not directly mention attentional impulsivity, but it is related to ADHD, which is the diagnostic context. The feature type is functional connectivity, but it is not directly mentioned in the sentence. The direction is mixed, but the corrected direction is lower centrality in the left superior temporal gyrus.",
550,25959594,Neurobiological indicators of disinhibition in posttraumatic stress disorder.,2015,Human brain mapping,attentional impulsivity resting-state fMRI,unknown,functional connectivity,attentional impulsivity,posttraumatic stress disorder,associated_with,higher,reduced cortical thickness,direct,0.8,"Deficits in impulse control are increasingly recognized in association with posttraumatic stress disorder (PTSD). To our further understanding of the neurobiology of PTSD-related disinhibition, we examined alterations in brain morphology and network connectivity associated with response inhibition failures and PTSD severity.",yes,,yes,yes,yes,,,,,,,,,,llama-3.1-8b-instruct,1,revise,yes,no,yes,no,no,no,attentional impulsivity,functional connectivity,higher,"The sentence partially supports the claim by mentioning a relationship between PTSD and a phenotype, but it does not directly support the feature type or direction. The phenotype mentioned in the sentence is related to the extracted claim, but the feature type is not explicitly mentioned. The direction is also not explicitly mentioned, but the extracted direction is 'higher', which is a plausible direction for the relationship between PTSD and attentional impulsivity.",
551,31936471,Comparison of Behavioral Changes and Brain Activity between Adolescents with Internet Gaming Disorder and Student Pro-Gamers.,2020,International journal of environmental research and public health,attentional impulsivity resting-state fMRI,unknown,functional connectivity,attentional impulsivity,Internet Gaming Disorder,associated_with,higher,,direct,0.8,IGD adolescents showed higher brain activity within the left orbitofrontal cortex.,yes,,yes,yes,yes,,,,,,,,,,llama-3.1-8b-instruct,0,drop,no,no,no,no,no,no,,,,"The sentence does not mention attentional impulsivity, functional connectivity, or a relationship between them. It also does not capture the direction of association (higher) with the relevant part exactly.",
552,30773473,An Integrated Analysis of Neural Network Correlates of Categorical and Dimensional Models of Attention-Deficit/Hyperactivity Disorder.,2019,Biological psychiatry. Cognitive neuroscience and neuroimaging,attentional impulsivity resting-state fMRI,unknown,functional connectivity,attentional impulsivity,ADHD,correlates_with,unclear,,unclear,0.7,We identified functional connectivity abnormalities related to ADHD across 14 networks within a large resting-state functional magnetic resonance imaging dataset.,yes,,yes,yes,no,,,,,,,,,,llama-3.1-8b-instruct,1,revise,yes,yes,yes,no,no,no,attentional impulsivity,functional connectivity,,"The sentence partially supports the claim, but the direction and directness are unclear. The phenotype and feature are supported, but need to be corrected to match the extracted claim.",
553,37011715,Conscientiousness associated with efficiency of the salience/ventral attention network: Replication in three samples using individualized parcellation.,2023,NeuroImage,attentional impulsivity resting-state fMRI,unknown,functional connectivity,unknown,unknown,associated_with,unclear,,unclear,0.7,Efficiency of a set of parcels in the SVAN was significantly associated with conscientiousness in all samples.,yes,,yes,yes,yes,,,,,,,,,,llama-3.1-8b-instruct,2,keep,yes,yes,yes,yes,yes,no,conscientiousness,functional connectivity,positive,The sentence clearly supports the claim by stating a significant association between conscientiousness and efficiency of the salience/ventral attention network.,
554,23684384,Altered regional homogeneity patterns in adults with attention-deficit hyperactivity disorder.,2013,European journal of radiology,attentional impulsivity resting-state fMRI,unknown,BOLD variability,attentional impulsivity,ADHD,associated_with,higher,,direct,0.8,The ADHD brains exhibit more increased activities than normal controls in bilateral occipital lobes and left front lobe.,yes,,yes,yes,no,,,,,,,,,,llama-3.1-8b-instruct,1,revise,yes,yes,yes,no,no,no,attentional impulsivity,BOLD variability,higher,"The sentence partially supports the claim, but the direction and directness need to be revised to match the extracted claim.",
555,27894158,Craving behavioral intervention for internet gaming disorder: remediation of functional connectivity of the ventral striatum.,2018,Addiction biology,attentional impulsivity resting-state fMRI,unknown,functional connectivity,attentional impulsivity,Internet gaming disorder,associated_with,unclear,remediation,direct,0.8,"IGD subjects showed greater resting-state functional connectivity of the VS to left inferior parietal lobule (lIPL), right inferior frontal gyrus and left middle frontal gyrus, in positive association with the severity of IGD.",yes,,yes,yes,yes,,,,,,,,,,llama-3.1-8b-instruct,2,keep,yes,yes,yes,yes,yes,no,attentional impulsivity,functional connectivity,positive,"The sentence clearly supports the claim, mentioning a specific phenotype (attentional impulsivity), feature type (functional connectivity), relationship (associated with), direction (positive), and directness (direct).",
556,32114120,Estimating individual scores of inattention and impulsivity based on dynamic features of intrinsic connectivity network.,2020,Neuroscience letters,attentional impulsivity resting-state fMRI,unknown,dynamic connectivity,impulsivity (general),ADHD,associated_with,unclear,,unclear,0.7,The most associating ICNs are sensorimotor network (SMN) for inattention and executive control network (ECN) for impulsivity.,yes,,yes,yes,yes,,,,,,,,,,llama-3.1-8b-instruct,2,keep,yes,yes,yes,yes,yes,no,impulsivity (general),dynamic connectivity,associated_with,"The sentence clearly supports the phenotype (impulsivity), feature (dynamic connectivity), relationship (associated_with), and direction (associated_with) when stated.",
557,30366150,Mapping Internet gaming disorder using effective connectivity: A spectral dynamic causal modeling study.,2019,Addictive behaviors,attentional impulsivity resting-state fMRI,unknown,functional connectivity,unknown,unknown,associated_with,unclear,,direct,1.0,"Aberrant resting-state functional connectivity (rsFC) of the default mode network (DMN) has been reported in individuals with IGD. Since rsFC is not a directional analysis, the effective connectivity within the DMN in IGD remains unclear.",yes,,yes,yes,yes,,,,,,,,,,llama-3.1-8b-instruct,1,revise,yes,yes,yes,no,yes,no,Internet gaming disorder (IGD),functional connectivity,unclear,"The sentence partially supports the claim because it mentions the phenotype (IGD) and feature (functional connectivity), but the direction is unclear. The corrected phenotype and feature type are provided.",
558,36055063,PTSD symptomatology is selectively associated with impaired sustained attention ability and dorsal attention network synchronization.,2022,NeuroImage. Clinical,attentional impulsivity resting-state fMRI,unknown,functional connectivity,attentional impulsivity,Posttraumatic Stress Disorder (PTSD),associated_with,unclear,disrupted proactive engagement of attentional control circuitry,direct,0.8,"PTSD symptomatology was selectively associated with reduced sustained attention ability, but not more impulsive response strategies.",yes,,yes,yes,no,,,,,,,,,,llama-3.1-8b-instruct,2,keep,yes,yes,yes,yes,yes,no,attentional impulsivity,functional connectivity,reduced,"The sentence clearly supports the claim, mentioning a direct association between PTSD symptomatology and reduced sustained attention ability, which is a specific type of attentional impulsivity. The direction of the association is also clear, as it is reduced. The feature type is also supported as functional connectivity is related to sustained attention ability.",
559,27812554,Attention-Deficit/Hyperactivity Disorder symptoms coincide with altered striatal connectivity.,2016,Biological psychiatry. Cognitive neuroscience and neuroimaging,attentional impulsivity resting-state fMRI,unknown,functional connectivity,impulsivity (general),ADHD,associated_with,higher,unclear,direct,0.8,"In contrast, inattention and hyperactivity/impulsivity symptom scores were associated with increases in functional connectivity in the networks of posterior putamen and ventral caudate.",yes,,yes,yes,yes,,,,,,,,,,llama-3.1-8b-instruct,2,keep,yes,yes,yes,yes,yes,no,impulsivity (general),functional connectivity,higher,"The sentence clearly supports the extracted claim, mentioning impulsivity as a symptom associated with increased functional connectivity in the brain.",
560,39551190,Attention and emotion in adolescents with ADHD; a time-varying functional connectivity study.,2025,Journal of affective disorders,attentional impulsivity resting-state fMRI,unknown,dynamic connectivity,impulsivity (general),ADHD,associated_with,lower,unclear,direct,0.8,"Compared to controls, adolescents with ADHD had diminished salience network-centered dynamic FNC that was driven by an integrated ADHD phenotype (p < .004, r = 0.57)",yes,,yes,yes,no,,,,,,,,,,llama-3.1-8b-instruct,2,keep,yes,yes,yes,yes,yes,no,impulsivity (general),dynamic connectivity,lower,"The sentence clearly supports the extracted claim, mentioning a direct association between impulsivity (general) and dynamic connectivity in adolescents with ADHD, with a lower direction.",
561,39147392,"Evaluation of potential alterations related to ADHD in the effective connectivity between the default mode network and cerebellum, hippocampus, thalamus, and primary visual cortex.",2024,"Cerebral cortex (New York, N.Y. : 1991)",attentional impulsivity resting-state fMRI,unknown,dynamic connectivity,attentional impulsivity,attention-deficit/hyperactivity disorder (ADHD),correlates_with,higher,increase in effective connectivity leads to more inhibition imposition,direct,0.8,Our results demonstrated a positive correlation between ADHD and effective connectivity between the right cerebellum and three DMN nodes (intrinsically inhibitory connections).,yes,,yes,yes,yes,,,,,,,,,,llama-3.1-8b-instruct,1,revise,yes,yes,yes,no,no,no,attentional impulsivity,dynamic connectivity,higher,"The sentence does not directly support the claim because it does not mention attentional impulsivity, but it does support the relationship and feature type. The direction is not supported because the sentence mentions a positive correlation, but the claim specifies a higher direction.",
562,24615988,Network connectivity abnormality profile supports a categorical-dimensional hybrid model of ADHD.,2014,Human brain mapping,attentional impulsivity resting-state fMRI,unknown,unknown,impulsivity (general),ADHD,associated_with,unclear,functional connectivity abnormality,unclear,0.7,"Functional connectivity analyses of resting-state fMRI data from 155 children with ADHD and 145 typically developing children (TDC) defined the dorsal attention network (DA), default mode network (DM), salience processing network (SAL) and executive control network (CON).",yes,,yes,yes,yes,,,,,,,,,,llama-3.1-8b-instruct,0,drop,no,no,no,no,no,no,,,,"The sentence does not mention a phenotype-feature association, and it does not support the extracted claim.",
563,27881961,Functional Connectivity of Child and Adolescent Attention Deficit Hyperactivity Disorder Patients: Correlation with IQ.,2016,Frontiers in human neuroscience,attentional impulsivity resting-state fMRI,unknown,functional connectivity,attentional impulsivity,Attention Deficit Hyperactivity Disorder (ADHD),correlates_with,unclear,,direct,0.7,The frontoparietal network is known to be related to hyperactive and impulsive behaviors.,yes,,yes,yes,yes,,,,,,,,,,llama-3.1-8b-instruct,0,drop,no,no,no,unclear,unclear,unclear,,,,"The sentence does not mention attentional impulsivity, functional connectivity, or a correlation, so it does not support the claim.",
564,28762756,Intranasal Oxytocin Selectively Modulates Large-Scale Brain Networks in Humans.,2017,Brain connectivity,attentional impulsivity resting-state fMRI,unknown,functional connectivity,attentional impulsivity,unknown,associated_with,unclear,unknown,direct,0.8,"Our results show that OT mainly alters connectivity in the VA, on one side reducing the coupling to regions that typically form the nodes of DM, an introspective and self-referential network, and on the other side increasing the coupling to the edges of the CO, which is involved in salience processing.",yes,,yes,yes,yes,,,,,,,,,,llama-3.1-8b-instruct,1,revise,yes,yes,yes,no,yes,no,attentional impulsivity,functional connectivity,,"The sentence partially supports the claim, but the direction of the association is unclear. The corrected phenotype and feature type match the extracted claim.",
565,36747838,Individual Differences in Delay Discounting are Associated with Dorsal Prefrontal Cortex Connectivity in Youth.,2023,bioRxiv : the preprint server for biology,attentional impulsivity resting-state fMRI,unknown,functional connectivity,impulsivity (general),unknown,associated_with,unclear,,unclear,0.7,Individual differences in delay discounting were associated with patterns of connectivity emanating from the left dorsal prefrontal cortex.,yes,,yes,yes,no,,,,,,,,,,llama-3.1-8b-instruct,2,keep,yes,yes,yes,yes,yes,no,impulsivity (general),functional connectivity,positive,"The sentence clearly supports the extracted claim, mentioning a specific phenotype (impulsivity), feature type (functional connectivity), and relationship (associated with). The direction is implied to be positive, as the sentence mentions 'associated with', which typically implies a positive relationship. The directness is also supported, as both phenotype and feature are named.",
566,34732691,The sooner the better: clinical and neural correlates of impulsive choice in Tourette disorder.,2021,Translational psychiatry,attentional impulsivity resting-state fMRI,unknown,functional connectivity,impulsivity (general),Tourette disorder,associated_with,unclear,underpinned by,direct,0.8,"Reward discounting was underpinned by resting-state activity of a network comprising the orbito-frontal, cingulate, pre-supplementary motor area, temporal and insular cortices, as well as ventral striatum and hippocampus.",yes,,yes,yes,yes,,,,,,,,,,llama-3.1-8b-instruct,0,drop,no,no,no,unclear,no,no,,functional connectivity,,The sentence does not support the claim because it does not mention impulsivity or any other phenotype associated with Tourette disorder. It also does not mention a relationship between impulsivity and functional connectivity.,
567,28173729,Structural and Functional Abnormalities in Children with Attention-Deficit/Hyperactivity Disorder: A Focus on Subgenual Anterior Cingulate Cortex.,2017,Brain connectivity,attentional impulsivity resting-state fMRI,unknown,functional connectivity,attentional impulsivity,Attention-Deficit/Hyperactivity Disorder (ADHD),associated_with,unclear,,direct,0.8,Network-based statistic analysis of the rs-fMRI data revealed a disconnected functional network between the sgACC and multiple regions in the occipital lobe and cerebellum.,yes,,yes,yes,no,,,,,,,,,,llama-3.1-8b-instruct,1,revise,yes,yes,yes,no,no,no,attentional impulsivity,functional connectivity,decreased,"The sentence does not directly support the claim, but it does support the phenotype and feature. The relationship is supported, but the direction is unclear. The directness is also not supported because the sentence does not name both phenotype and feature. The corrected direction is 'decreased' because the network is 'disconnected'.",
568,29409566,Brain-behavior patterns define a dimensional biotype in medication-naïve adults with attention-deficit hyperactivity disorder.,2018,Psychological medicine,attentional impulsivity resting-state fMRI,unknown,functional connectivity,impulsivity (general),attention-deficit hyperactivity disorder,correlates_with,higher,unclear,direct,0.8,"Adults with ADHD showed stronger functional connectivity compared to healthy controls, predominantly between the default-mode, cingulo-opercular and subcortical networks.",yes,,yes,yes,yes,,,,,,,,,,llama-3.1-8b-instruct,1,revise,yes,yes,yes,no,no,no,impulsivity (general),functional connectivity,higher,"The sentence does not directly support the direction of the claim, as it only mentions 'stronger functional connectivity' without specifying the direction. Additionally, the sentence does not directly support the directness of the claim, as it does not name both phenotype and feature.",
569,36866118,"Structural differences among children, adolescents, and adults with attention-deficit/hyperactivity disorder and abnormal Granger causality of the right pallidum and whole-brain.",2023,Frontiers in human neuroscience,attentional impulsivity resting-state fMRI,unknown,functional connectivity,impulsivity (general),attention-deficit/hyperactivity disorder,predicts,unclear,unknown,indirect,0.7,"The right pallidum as a seed precedes and granger causes the right middle occipital cortex, bilateral fusiform, left postcentral gyrus, left paracentral lobule, left amygdala, and right cerebellum.",yes,,yes,yes,yes,,,,,,,,,,llama-3.1-8b-instruct,0,drop,no,no,no,no,no,no,,,,"The sentence does not mention impulsivity, functional connectivity, or any relationship between impulsivity and another feature. It only describes a brain connectivity pattern.",
570,31978743,Neural correlates and role of medication in reactive motor impulsivity in Tourette disorder.,2020,Cortex; a journal devoted to the study of the nervous system and behavior,attentional impulsivity resting-state fMRI,unknown,functional connectivity,motor impulsivity,Tourette disorder,associated_with,higher,unclear,direct,0.8,We found a higher reactive motor impulsivity in TD patients medicated with antipsychotics compared to unmedicated TD patients and controls.,yes,,yes,yes,yes,,,,,,,,,,llama-3.1-8b-instruct,2,keep,yes,yes,yes,yes,yes,no,motor impulsivity,behavioral trait,higher,"The sentence directly states a higher reactive motor impulsivity in TD patients, which matches the extracted claim.",
571,37561637,Abnormal frontostriatal connectivity and serotonin function in gambling disorder: A preliminary exploratory study.,2023,Journal of behavioral addictions,attentional impulsivity resting-state fMRI,unknown,functional connectivity,attentional impulsivity,gambling disorder,associated_with,unclear,serotonin function,direct,0.8,Individuals with gambling disorder showed loss of functional connectivity between the right nucleus accumbens (NAcc) and a region in the right dorsolateral prefrontal cortex (DLPFC),yes,,yes,yes,yes,,,,,,,,,,llama-3.1-8b-instruct,2,keep,yes,yes,yes,yes,yes,no,attentional impulsivity,functional connectivity,decreased,The sentence directly supports the association between attentional impulsivity and decreased functional connectivity in the context of gambling disorder.,
572,27664824,Perceived social isolation is associated with altered functional connectivity in neural networks associated with tonic alertness and executive control.,2017,NeuroImage,attentional impulsivity resting-state fMRI,unknown,functional connectivity,impulsivity (general),unknown,associated_with,unclear,,unclear,0.7,Perceived social isolation may also be related to altered resting-state functional connectivity in the brain.,yes,,yes,yes,no,,,,,,,,,,llama-3.1-8b-instruct,1,revise,yes,yes,yes,no,no,no,impulsivity (general),functional connectivity,unclear,"The sentence partially supports the claim but needs revision or is indirect. The phenotype and feature are mentioned, but the direction and directness are unclear.",
573,36937718,"The clinical, neuropsychological, and brain functional characteristics of the ADHD restrictive inattentive presentation.",2023,Frontiers in psychiatry,attentional impulsivity resting-state fMRI,unknown,functional connectivity,attentional impulsivity,ADHD restrictive inattentive presentation,associated_with,unclear,,unclear,0.7,"In terms of brain functional connectivity (FC), reduced FC in the DMN was identified in the ADHD-C and the ADHD-I groups but not the ADHD-RI group, compared to the healthy controls.",yes,,yes,yes,yes,,,,,,,,,,llama-3.1-8b-instruct,1,revise,yes,yes,yes,no,no,no,attentional impulsivity,functional connectivity,decreased,"The sentence partially supports the claim as it mentions a group difference in brain functional connectivity, but the direction is not explicitly stated. The phenotype 'attentional impulsivity' is related to the ADHD-I group, which is the diagnostic context of the claim. The feature type 'functional connectivity' is also mentioned. However, the direction is unclear and needs to be revised. The directness is also unclear as it does not name both phenotype and feature. The corrected phenotype, feature type, and direction are based on the extracted claim.",
574,34294803,Functional network topology of the right insula affects emotion dysregulation in hyperactive-impulsive attention-deficit/hyperactivity disorder.,2021,Scientific reports,attentional impulsivity resting-state fMRI,unknown,functional connectivity,impulsivity (general),attention-deficit/hyperactivity disorder (ADHD),affects,higher,clustered network formation,direct,0.8,"In individuals with ADHD characterized by prominent hyperactivity-impulsivity, the latent emotion dysregulation variable was related to an increased clustering and local efficiency of the right insula.",yes,,yes,yes,yes,,,,,,,,,,llama-3.1-8b-instruct,2,keep,yes,yes,yes,yes,yes,no,impulsivity (general),functional connectivity,higher,,
575,28174127,Altered functional connectivity in default mode network in Internet gaming disorder: Influence of childhood ADHD.,2017,Progress in neuro-psychopharmacology & biological psychiatry,attentional impulsivity resting-state fMRI,unknown,functional connectivity,impulsivity (general),"Internet gaming disorder, Attention deficit and hyperactivity disorder (ADHD)",associated_with,unclear,unclear,unclear,0.7,"Individuals with IGD showed altered PCC-based FC, the characteristics of which might be dependent upon history of childhood ADHD.",yes,,yes,yes,yes,,,,,,,,,,llama-3.1-8b-instruct,1,revise,yes,yes,yes,no,no,no,impulsivity (general),functional connectivity,unclear,"The sentence partially supports the claim, but the direction and directness are unclear. The phenotype and feature are supported, but need to be corrected to match the extracted claim.",
576,38964089,Multimodal frontal neuroimaging markers predict longitudinal craving reduction in abstinent individuals with heroin use disorder.,2024,Journal of psychiatric research,attentional impulsivity resting-state fMRI,unknown,functional connectivity,impulsivity (general),heroin use disorder,associated_with,unclear,unclear,unclear,0.7,"The multimodal neuroimaging features, primarily converging in frontal regions (e.g., the left superior frontal thickness, fractional anisotropy of the LSF-occipital tract, and resting-state functional connectivity of left middle frontal-right superior temporal lobe), collectively contributed to prediction alongside dosage and attention impulsiveness.",yes,,yes,yes,no,,,,,,,,,,llama-3.1-8b-instruct,1,revise,yes,yes,yes,no,no,no,impulsivity (general),functional connectivity,unclear,"The sentence partially supports the claim, but the direction and directness are unclear. The phenotype and feature are supported, but the corrected fields need to be specified.",
577,40334458,Temporal variability-based alternations in dynamic functional networks in internet gaming disorder.,2025,Journal of psychiatric research,attentional impulsivity resting-state fMRI,unknown,dynamic connectivity,attentional impulsivity,internet gaming disorder,associated_with,unclear,,indirect,0.8,"Changes in temporal variability at the network level occur in participants with IGD, indicating impaired executive inhibitory functions and attention, as well as imbalances between sensory-attention, sensory-emotion, and emotion-motivation functions.",yes,,yes,yes,yes,,,,,,,,,,llama-3.1-8b-instruct,1,revise,yes,yes,yes,no,no,no,attentional impulsivity,dynamic connectivity,increased,"The sentence partially supports the claim, but the direction of the association is not clear. The corrected phenotype and feature type match the extracted claim. The corrected direction is 'increased' based on the phrase 'impaired executive inhibitory functions and attention' which implies a negative association, but the exact direction is unclear. The sentence does not name both phenotype and feature directly, so directness_supported is false. The sentence does not mention a group difference without a phenotype-feature association, so overclaiming is false.",
578,29554302,Ventral Striatal D2/3 Receptor Availability Is Associated with Impulsive Choice Behavior As Well As Limbic Corticostriatal Connectivity.,2018,The international journal of neuropsychopharmacology,attentional impulsivity resting-state fMRI,unknown,functional connectivity,impulsivity (general),unknown,associated_with,unclear,,indirect,0.7,D2/3 receptor availability was associated with stronger connectivity between the cingulate cortex and hippocampus of high- vs low-impulsive rats.,yes,,yes,yes,yes,,,,,,,,,,llama-3.1-8b-instruct,2,keep,yes,yes,yes,yes,yes,no,impulsivity (general),functional connectivity,unclear,"The sentence clearly supports the extracted claim, mentioning a phenotype (impulsivity), a feature type (functional connectivity), and a relationship (associated with). The direction is unclear, but the extracted direction captures this. The directness is indirect, but the sentence does not need revision in this regard.",
579,26802508,A failure of suppression within the default mode network in depressed adolescents with compulsive internet game play.,2016,Journal of affective disorders,attentional impulsivity resting-state fMRI,unknown,functional connectivity,attentional impulsivity,depression,associated_with,higher,failure to suppress,direct,0.8,"In cohorts of individuals with a history of compulsive internet game play, individuals with depression showed failure to suppress default mode network activity during an attentionally demanding task, compared to individuals without depression, including comparison groups with and without a history of compulsive video gaming.",yes,,yes,yes,yes,,,,,,,,,,llama-3.1-8b-instruct,1,revise,yes,yes,yes,no,no,no,attentional impulsivity,functional connectivity,higher,"The sentence partially supports the claim but needs revision or is indirect. The phenotype 'attentional impulsivity' is supported, but the feature type 'functional connectivity' is not explicitly mentioned in the sentence. The relationship 'associated_with' is supported, but the direction 'higher' is not directly stated in the sentence. The directness 'direct' is not supported because the sentence does not name both phenotype and feature.",
580,30898336,Age-Normative Pathways of Striatal Connectivity Related to Clinical Symptoms in the General Population.,2019,Biological psychiatry,attentional impulsivity resting-state fMRI,unknown,functional connectivity,impulsivity (general),unknown,associated_with,unclear,,unclear,0.7,"Altered striatal development contributes to core deficits in motor and inhibitory control, impulsivity, and inattention associated with attention-deficit/hyperactivity disorder",yes,,yes,yes,yes,,,,,,,,,,llama-3.1-8b-instruct,1,revise,yes,yes,yes,no,no,no,impulsivity (general),functional connectivity,positive,"The sentence partially supports the claim, but the direction and directness are unclear. The phenotype and feature are supported, but the relationship is not explicitly stated as 'associated_with'. The corrected phenotype, feature type, and direction are provided.",
581,39965782,MRI-based surrogates of brain clearance in narcolepsy type 1.,2025,Journal of sleep research,attentional impulsivity resting-state fMRI,unknown,functional connectivity,unknown,narcolepsy type 1,not associated_with,unclear,,background,0.3,The hypothesis of altered brain clearance in narcolepsy type 1 is not supported by evidence from the current study.,yes,,yes,yes,yes,,,,,,,,,,llama-3.1-8b-instruct,2,keep,yes,yes,yes,yes,yes,no,narcolepsy type 1,altered brain clearance,not associated,"The sentence clearly states that the hypothesis of altered brain clearance in narcolepsy type 1 is not supported, which directly supports the claim of 'not associated_with' relationship between the phenotype 'narcolepsy type 1' and the feature 'altered brain clearance'.",
582,36511133,TTLL11 gene is associated with sustained attention performance and brain networks: A genome-wide association study of a healthy Chinese sample.,2023,"Genes, brain, and behavior",attentional impulsivity resting-state fMRI,unknown,functional connectivity,attentional impulsivity,unknown,associated_with,unclear,unknown,indirect,0.7,"The imaging genetics study replicated this association and showed that the TTLL11 gene was associated with resting state activity and connectivity of the somatomoter network, and can be predicted by dorsal attention network connectivity.",yes,,yes,yes,yes,,,,,,,,,,llama-3.1-8b-instruct,1,revise,yes,yes,yes,no,no,no,attentional impulsivity,functional connectivity,,"The sentence partially supports the claim, but the direction and directness are not clearly stated. The phenotype 'attentional impulsivity' is mentioned in the paper title, and the feature type 'functional connectivity' is also mentioned. However, the relationship is clearly stated as 'associated_with'. The direction is unclear, and the directness is indirect, but the sentence does not name both phenotype and feature, so directness_supported is false. The corrected phenotype and feature type are the same as the extracted claim.",
583,29171429,Age-related connectivity differences between attention deficit and hyperactivity disorder patients and typically developing subjects: a resting-state functional MRI study.,2017,Neural regeneration research,attentional impulsivity resting-state fMRI,unknown,functional connectivity,attentional impulsivity,Attention deficit and hyperactivity disorder (ADHD),associated_with,unclear,,unclear,0.7,"We explored age-related brain network differences between ADHD patients and typically developing (TD) subjects using resting state fMRI (rs-fMRI) for three age groups of children, adolescents, and adults.",yes,,yes,yes,yes,,,,,,,,,,llama-3.1-8b-instruct,0,drop,no,no,no,unclear,unclear,unclear,,,,"The sentence does not mention a phenotype-feature association, making it unsupported for the extracted claim.",
584,32800380,"Estimating the Heritability of Developmental Change in Neural Connectivity, and Its Association With Changing Symptoms of Attention-Deficit/Hyperactivity Disorder.",2021,Biological psychiatry,attentional impulsivity resting-state fMRI,unknown,functional connectivity,impulsivity (general),Attention-Deficit/Hyperactivity Disorder (ADHD),associated_with,unclear,,indirect,0.7,Change in hyperactivity-impulsivity was associated with heritable change in white matter tracts metrics and change in the connectivity between the ventral attention and cognitive networks.,yes,,yes,yes,yes,,,,,,,,,,llama-3.1-8b-instruct,2,keep,yes,yes,yes,yes,yes,no,impulsivity (general),functional connectivity,unclear,"The sentence clearly supports the extracted claim, mentioning a relationship between impulsivity and functional connectivity in the context of ADHD.",
585,34851976,Differential structure-function network coupling in the inattentive and combined types of attention deficit hyperactivity disorder.,2021,PloS one,attentional impulsivity resting-state fMRI,unknown,functional connectivity,attentional impulsivity,attention deficit hyperactivity disorder (ADHD),associated_with,unclear,,unclear,0.7,"Children with ADHD had lower structural connectivity and network efficiency in the DMN, without significant group differences in functional networks.",yes,,yes,yes,no,,,,,,,,,,llama-3.1-8b-instruct,2,keep,yes,yes,yes,yes,yes,no,attentional impulsivity,functional connectivity,decreased,"The sentence clearly supports the claim by stating that children with ADHD have lower structural connectivity and network efficiency in the DMN, which is associated with attentional impulsivity. The direction is supported as it implies a decrease in functional connectivity.",
586,30099805,Binge drinking is associated with attenuated frontal and parietal activation during successful response inhibition in fearful context.,2019,The European journal of neuroscience,attentional impulsivity resting-state fMRI,unknown,functional connectivity,attentional impulsivity,unknown,associated_with,lower,disrupted functional connectivity within brain substrates directing attention,direct,0.8,Higher binge drinking was associated with attenuated frontal and parietal activation during successful response inhibition within a fearful context.,yes,,yes,yes,no,,,,,,,,,,llama-3.1-8b-instruct,2,keep,yes,yes,yes,yes,yes,no,attentional impulsivity,functional connectivity,lower,,
587,34497483,Abnormal Topological Network in Parkinson's Disease With Impulse Control Disorders: A Resting-State Functional Magnetic Resonance Imaging Study.,2021,Frontiers in neuroscience,attentional impulsivity resting-state fMRI,unknown,functional connectivity,impulsivity (general),Parkinson's disease with impulse control disorders,associated_with,unclear,,unclear,0.7,The brains of Parkinson disease (PD) with impulse control disorders (ICDs) patients have functional disconnection changes.,yes,,yes,yes,no,,,,,,,,,,llama-3.1-8b-instruct,1,revise,yes,yes,yes,no,no,no,impulsivity (general),functional connectivity,unclear,"The sentence partially supports the claim by mentioning a phenotype (impulsivity) and a feature (functional disconnection changes), but the direction and directness are unclear. The corrected phenotype, feature type, and direction are based on the extracted claim.",
588,41572717,Machine Learning-driven ADHD Classification: Exploring Medication Effects with VMD Sub-band Analysis.,2026,Current computer-aided drug design,attentional impulsivity resting-state fMRI,unknown,functional connectivity,impulsivity (general),ADHD,associated_with,unclear,,unclear,0.7,This study aims to classify ADHD subtypes and assess medication effects by converting resting-state fMRI images into one-dimensional (1D) signals and extracting statistical features using Variational Mode Decomposition (VMD).,yes,,yes,yes,yes,,,,,,,,,,llama-3.1-8b-instruct,0,drop,no,no,no,unclear,unclear,unclear,,,,"The sentence does not mention impulsivity, functional connectivity, association, or any direction, making it irrelevant to the extracted claim.",
589,35682491,Digital Addiction and Sleep.,2022,International journal of environmental research and public health,attentional impulsivity functional connectivity,unknown,functional connectivity,impulsivity (general),unknown,associated_with,unclear,"altered GABAergic and glutamatergic neurotransmitter systems, dopamine and serotonin synaptic plasticity",unclear,0.8,"Digital addiction is identified as functionally equivalent to all addictions, characterized by the compulsive, habitual, and uncontrolled use of digital devices and an excessively repeated engagement in a particular online behavior.",yes,,yes,yes,yes,,,,,,,,,,llama-3.1-8b-instruct,0,drop,no,no,no,unclear,unclear,unclear,,,,"The sentence does not mention impulsivity or any other phenotype, nor does it mention functional connectivity or any other feature type. It also does not mention a relationship between the phenotype and feature type.",
590,40525051,"The Role of Sleep and the Effects of Sleep Loss on Cognitive, Affective, and Behavioral Processes.",2025,Cureus,attentional impulsivity functional connectivity,unknown,functional connectivity,attentional impulsivity,unknown,associated_with,lower,weakens prefrontal-amygdalacontinuity,direct,0.8,"Sleep deprivation increases amygdala reactivity, weakens prefrontal-amygdalacontinuity, and contributes to emotional dysregulation, impulsivity, and risk-taking behaviors.",yes,,yes,yes,no,,,,,,,,,,llama-3.1-8b-instruct,1,revise,yes,yes,yes,no,no,no,attentional impulsivity,functional connectivity,lower,"The sentence partially supports the claim, but the direction and directness need to be revised to match the extracted claim.",
591,39339712,Investigating the Impact of Nutrition and Oxidative Stress on Attention Deficit Hyperactivity Disorder.,2024,Nutrients,attentional impulsivity functional connectivity,unknown,functional connectivity,attentional impulsivity,unknown,associated_with,unclear,oxidative stress,unclear,0.7,"Individuals with ADHD exhibit reduced levels of key antioxidant enzymes, including glutathione peroxidase (GPx), catalase (CAT), and superoxide dismutase (SOD), as well as a diminished total antioxidant status (TOS) compared to healthy controls.",yes,,yes,yes,no,,,,,,,,,,llama-3.1-8b-instruct,2,keep,yes,yes,yes,yes,yes,no,attentional impulsivity,functional connectivity,decreased,"The sentence clearly supports the claim by stating that individuals with ADHD have reduced levels of antioxidant enzymes and a diminished total antioxidant status compared to healthy controls, which is consistent with the claim that attentional impulsivity is associated with decreased functional connectivity.",
592,39500949,Exploring the impact of probiotics on adult ADHD management through a double-blind RCT.,2024,Scientific reports,attentional impulsivity functional connectivity,unknown,functional connectivity,attentional impulsivity,ADHD,associated_with,unclear,unknown,unclear,0.6,There was also a negative correlation between FCC and symptoms of attention and impulsivity.,yes,,yes,yes,yes,,,,,,,,,,llama-3.1-8b-instruct,1,revise,yes,yes,yes,no,no,no,attentional impulsivity,functional connectivity,negative,"The sentence partially supports the claim, but the direction and directness are unclear. The corrected phenotype, feature type, and direction are provided.",
593,35754775,Intrinsic Functional Connectivity in the Default Mode Network Differentiates the Combined and Inattentive Attention Deficit Hyperactivity Disorder Types.,2022,Frontiers in human neuroscience,attentional impulsivity functional connectivity,unknown,functional connectivity,impulsivity (general),Attention Deficit Hyperactivity Disorder (ADHD),differentiates,unclear,unclear,direct,0.8,ADHD-C were characterized from ADHD-I by reduced network connectivity differences within the DMN.,yes,,yes,yes,yes,,,,,,,,,,llama-3.1-8b-instruct,1,revise,yes,yes,yes,no,no,no,impulsivity (general),functional connectivity,decreased,"The sentence partially supports the claim but needs revision or is indirect. The direction is not explicitly stated, but it can be inferred as decreased based on the context. The directness is also not fully supported as the sentence does not name both phenotype and feature.",
594,38123729,Inactivation of hypocretin receptor-2 signaling in dopaminergic neurons induces hyperarousal and enhanced cognition but impaired inhibitory control.,2024,Molecular psychiatry,attentional impulsivity functional connectivity,unknown,functional connectivity,impulsivity (general),unknown,associated_with,unclear,inactivation,unclear,0.7,"Loss of Hcrtr2, but not Hcrtr1 or Hcrtr1&2, induced a dramatic increase in theta (7-11 Hz) electroencephalographic (EEG) activity... DAHcrtr2-deficient mice displayed maladaptive patterns of reward-seeking, with behavioral indices of enhanced impulsivity and compulsivity.",yes,,yes,yes,no,,,,,,,,,,llama-3.1-8b-instruct,2,keep,yes,yes,yes,yes,yes,no,impulsivity (general),functional connectivity,increased,"The sentence clearly supports the phenotype (impulsivity), feature type (functional connectivity), relationship (associated_with), direction (increased), and directness (direct).",
595,24576926,Functional connectivity and temporal variability of brain connections in adults with attention deficit/hyperactivity disorder and bipolar disorder.,2014,Neuropsychobiology,attentional impulsivity functional connectivity,unknown,EEG connectivity,impulsivity (general),"ADHD, bipolar disorder",associated_with,unclear,,unclear,0.7,An enhancement of functional connectivity was observed in the ADHD group.,yes,,yes,yes,no,,,,,,,,,,llama-3.1-8b-instruct,1,revise,yes,no,yes,no,no,no,impulsivity (general),EEG connectivity,increased,"The sentence does not specify the feature type, but it can be inferred as related to EEG connectivity. The direction is not clear, but it can be inferred as increased based on the word 'enhancement'.",
596,22153589,Abnormal functional connectivity in children with attention-deficit/hyperactivity disorder.,2012,Biological psychiatry,attentional impulsivity functional connectivity,unknown,functional connectivity,attentional impulsivity,attention-deficit/hyperactivity disorder (ADHD),associated_with,unclear,impaired interactions,direct,0.8,Children with ADHD had lower connectivity (short- and long-range) in regions of the dorsal attention (superior parietal cortex) and default-mode (precuneus) networks and in cerebellum and higher connectivity (short-range) in reward-motivation regions (ventral striatum and orbitofrontal cortex) than control subjects.,yes,,yes,yes,yes,,,,,,,,,,llama-3.1-8b-instruct,2,keep,yes,yes,yes,yes,yes,no,attentional impulsivity,functional connectivity,decreased,"The sentence clearly supports the claim by stating a direct association between attentional impulsivity and functional connectivity in children with ADHD. The direction of the association is also clear, with decreased connectivity in certain regions and increased connectivity in others.",
597,25936249,The neurobiology of aggression and violence.,2015,CNS spectrums,attentional impulsivity functional connectivity,unknown,functional connectivity,impulsivity (general),unknown,associated_with,unclear,,unclear,0.5,"We will examine the neuroanatomy of aggression and violence, focusing on regional volumes, functional studies, and interregional connectivity.",yes,,yes,yes,no,,,,,,,,,,llama-3.1-8b-instruct,0,drop,no,no,no,unclear,unclear,unclear,,,,"The sentence does not mention a specific phenotype or feature, making it unsupported for the extracted claim.",
598,10570690,What is attention-deficit/hyperactivity disorder?,1999,Pediatric clinics of North America,attentional impulsivity functional connectivity,unknown,functional connectivity,attentional impulsivity,unknown,associated_with,unclear,,unclear,0.5,"Neurobiologic studies suggest that the circuitry involving frontal cortical-basal ganglia connections may be structurally or functionally different in individuals with ADHD, although the specificity of these findings has not been researched thoroughly.",yes,,yes,yes,yes,,,,,,,,,,llama-3.1-8b-instruct,0,drop,no,no,no,unclear,unclear,no,,,,"The sentence does not mention attentional impulsivity, which is the phenotype in the extracted claim. It also does not mention a specific feature type, relationship, or direction.",
599,29033857,An Update Overview on Brain Imaging Studies of Internet Gaming Disorder.,2017,Frontiers in psychiatry,attentional impulsivity functional connectivity,unknown,functional connectivity,impulsivity (general),Internet Gaming Disorder,associated_with,lower,disruption,direct,0.8,"IGD adolescents had disruption in the functional connectivity in areas responsible for learning, memory, and executive function.",yes,,yes,yes,no,,,,,,,,,,llama-3.1-8b-instruct,1,revise,yes,yes,yes,no,no,no,impulsivity (general),functional connectivity,lower,"The sentence does not explicitly state the direction of association, and it does not name both phenotype and feature. The corrected fields are based on the extracted claim.",
600,40840870,Comparison of 5-Day Multidaily Neuronavigated Theta-Burst Sessions With 6-Week Standard Repetitive Transcranial Magnetic Stimulation (the Dutch Depression Outcome Trial): Protocol for a Randomized Controlled Trial.,2025,JMIR research protocols,attentional impulsivity functional connectivity,unknown,functional connectivity,impulsivity (general),treatment-resistant depression,associated_with,unclear,,unclear,0.3,Personalized targets will be identified in the accelerated intermittent theta-burst stimulation condition based on negative functional coupling between the subgenual anterior cingulate cortex and the dorsolateral prefrontal cortex.,yes,,yes,yes,yes,,,,,,,,,,llama-3.1-8b-instruct,1,revise,yes,yes,yes,no,no,no,impulsivity (general),functional connectivity,negative,"The sentence supports the phenotype (impulsivity) and feature type (functional connectivity), but the relationship is already established in the claim. The direction is not supported as it is 'negative' and the claim has 'unclear' direction. The directness is not supported as it does not name both phenotype and feature. The corrected phenotype, feature type, and direction are based on the information in the sentence.",
601,24023940,Elevated functional connectivity in a striatal-amygdala circuit in pathological gamblers.,2013,PloS one,attentional impulsivity functional connectivity,unknown,functional connectivity,impulsivity (general),pathological gamblers,associated_with,higher,unclear,direct,1.0,We observed reliable increases in functional coupling between striatum and bilateral amygdala in gamblers vs. controls.,yes,,yes,yes,no,,,,,,,,,,llama-3.1-8b-instruct,2,keep,yes,yes,yes,yes,yes,no,impulsivity (general),functional connectivity,higher,"The sentence directly supports the association between impulsivity (general) and functional connectivity, with a higher direction, in the context of pathological gamblers.",
602,24926234,Subcircuit-specific neuromodulation in the prefrontal cortex.,2014,Frontiers in neural circuits,attentional impulsivity functional connectivity,unknown,functional connectivity,unknown,unknown,associated_with,unclear,neuromodulation,unclear,0.6,"During goal-directed behavior, the prefrontal cortex (PFC) exerts top-down control over numerous cortical and subcortical regions.",yes,,yes,yes,yes,,,,,,,,,,llama-3.1-8b-instruct,0,drop,no,no,no,no,no,no,,,,"The sentence does not mention a specific phenotype or feature, and does not establish a relationship between them.",
603,32066697,Shared and distinct resting functional connectivity in children and adults with attention-deficit/hyperactivity disorder.,2020,Translational psychiatry,attentional impulsivity functional connectivity,unknown,functional connectivity,impulsivity (general),attention-deficit/hyperactivity disorder,associated_with,lower,unclear,direct,0.8,"The ADHD-discriminative FCs shared in children and adults lie in the intra-network within default mode network (DMN) and the inter-network between DMN and ventral attention network, positively correlated with total scores of ADHD symptoms.",yes,,yes,yes,yes,,,,,,,,,,llama-3.1-8b-instruct,1,revise,yes,yes,yes,no,no,no,impulsivity (general),functional connectivity,higher,"The sentence mentions a positive correlation, which contradicts the extracted direction of 'lower'. The sentence also does not name the phenotype directly, but the extracted phenotype 'impulsivity (general)' is a general term that could be related to ADHD symptoms. The feature type is mentioned as 'FCs' which is a type of functional connectivity, so it is partially supported.",
604,38176941,The Role of the Cerebellum in Drug Reward: A Review.,2023,Journal of integrative neuroscience,attentional impulsivity functional connectivity,unknown,functional connectivity,unknown,unknown,associated_with,unclear,unclear,unclear,0.6,evidence from neuroimaging and behavioral studies has suggested the role of cerebellum in drug reward,yes,,yes,yes,yes,,,,,,,,,,llama-3.1-8b-instruct,0,drop,no,no,no,no,no,no,,,,"The sentence does not support the structured claim because it does not mention a specific phenotype, feature, or relationship.",
605,18568333,[Legal aspects of hyperkinetic disorders/ADHD].,2008,Der Nervenarzt,attentional impulsivity functional connectivity,unknown,unknown,impulsivity (general),hyperkinetic disorders/ADHD,associated_with,unclear,,background,0.3,Children and adolescents diagnosed with ADHD suffer from hyperactivity and deficits in attention and impulse control.,yes,,yes,yes,yes,,,,,,,,,,llama-3.1-8b-instruct,2,keep,yes,yes,yes,yes,yes,no,impulsivity (general),behavioral,unclear,"The sentence clearly supports the phenotype (impulsivity), feature (behavioral), relationship (associated_with), and direction (unclear) when stated. The directness is also supported as the sentence is background information.",
606,32994553,Impulsive prepotent actions and tics in Tourette disorder underpinned by a common neural network.,2021,Molecular psychiatry,attentional impulsivity functional connectivity,unknown,functional connectivity,motor impulsivity,Tourette disorder,associated_with,higher,unclear,direct,0.8,"We found that unmedicated TD patients showed increased waiting impulsivity compared to controls, which was independent of comorbid conditions, but correlated with the severity of tics.",yes,,yes,yes,yes,,,,,,,,,,llama-3.1-8b-instruct,2,keep,yes,yes,yes,yes,yes,no,motor impulsivity,functional connectivity,higher,,
607,9571295,Frontal lobe functions and dysfunctions.,1998,Clinical EEG (electroencephalography),attentional impulsivity functional connectivity,unknown,EEG connectivity,impulsivity (general),unknown,associated_with,unclear,unknown,background,0.3,"The prefrontal cortex is also involved in motor action: in its initiation, planning, designing and sequencing rather than its mere execution.",yes,,yes,yes,yes,,,,,,,,,,llama-3.1-8b-instruct,0,drop,no,no,no,unclear,no,no,,,,"The sentence does not mention impulsivity or EEG connectivity, and it does not establish an association between a phenotype and a feature.",
608,39284401,"Transcranial Magnetic Stimulation-Induced Plasticity Improving Cognitive Control in Obsessive-Compulsive Disorder, Part II: Task-Based Neural Predictors of Treatment Response.",2025,Biological psychiatry,attentional impulsivity functional connectivity,unknown,functional connectivity,impulsivity (general),Obsessive-Compulsive Disorder,associated_with,unclear,unknown,indirect,0.6,Higher activation in several task-relevant regions during planning and response inhibition and lower error-related activation corresponded with better short-term clinical improvement.,yes,,yes,yes,no,,,,,,,,,,llama-3.1-8b-instruct,1,revise,yes,yes,yes,no,no,no,impulsivity (general),functional connectivity,negative,"The sentence partially supports the claim, but the direction and directness need to be revised. The sentence implies a negative relationship between activation and impulsivity, and it is indirect because it does not name both phenotype and feature.",
609,31704786,The Claustrum-Prefrontal Cortex Pathway Regulates Impulsive-Like Behavior.,2019,The Journal of neuroscience : the official journal of the Society for Neuroscience,attentional impulsivity functional connectivity,unknown,functional connectivity,impulsivity (general),unknown,regulates,unclear,unknown,unclear,0.8,"We found that chemogenetic activation and inhibition of the CLA-PFC pathway increased and reduced the impulsive-like behavior (i.e., premature responses), respectively.",yes,,yes,yes,no,,,,,,,,,,llama-3.1-8b-instruct,2,keep,yes,yes,yes,yes,yes,no,impulsivity (general),behavioral response,positive,"The sentence clearly supports the phenotype of impulsivity, the feature of premature responses, the relationship of regulation, the direction of positive effect, and the directness of the effect on behavior.",
610,39676699,Early-life IL-4 administration induces long-term changes in microglia in the cerebellum and prefrontal cortex.,2025,Journal of neurochemistry,attentional impulsivity functional connectivity,unknown,functional connectivity,impulsivity (general),unknown,associated_with,unclear,elevated IL-4 levels prevent microglia-mediated engulfment of neurons,indirect,0.7,Early-life allergic asthma induces hyperactive and impulsive behaviors in mice. This phenotype was reproduced in animals administered with IL-4 in the second postnatal week.,yes,,yes,yes,no,,,,,,,,,,llama-3.1-8b-instruct,1,revise,yes,no,yes,no,no,no,impulsivity (general),behavioral,,The sentence supports the phenotype but not the feature type. The feature type should be corrected to 'behavioral' as it is related to 'hyperactive and impulsive behaviors'. The direction is unclear and should be left as 'unclear' or corrected to a specific direction if possible.,
611,25900066,Impulsivity and aggression in schizophrenia: a neural circuitry perspective with implications for treatment.,2015,CNS spectrums,attentional impulsivity functional connectivity,unknown,functional connectivity,impulsivity (general),schizophrenia,associated_with,unclear,,unclear,0.7,Many studies have implicated dysfunctional frontotemporal circuitry in impulsivity and aggression in schizophrenia,yes,,yes,yes,yes,,,,,,,,,,llama-3.1-8b-instruct,1,revise,yes,yes,yes,no,no,no,impulsivity (general),functional connectivity,,"The sentence partially supports the claim, but the direction and directness are unclear. The phenotype and feature are supported, but need to be corrected to match the extracted claim.",
612,25748775,The role of the thalamus in ADHD symptomatology and treatment.,2015,Applied neuropsychology. Child,attentional impulsivity functional connectivity,unknown,EEG connectivity,impulsivity (general),ADHD,associated_with,unclear,generates waking-state electroencephalography (EEG) rhythms,unclear,0.7,"The thalamus likely plays a prominent role in ADHD symptomatology, based on evidence that the thalamus generates waking-state electroencephalography (EEG) rhythms",yes,,yes,yes,yes,,,,,,,,,,llama-3.1-8b-instruct,2,keep,yes,yes,yes,yes,yes,no,impulsivity (general),EEG connectivity,unclear,"The sentence clearly supports the claim, mentioning the thalamus' role in ADHD symptomatology and its generation of EEG rhythms, which is associated with impulsivity (general) and EEG connectivity.",
613,20374289,Disturbed structural connectivity is related to inattention and impulsivity in adult attention deficit hyperactivity disorder.,2010,The European journal of neuroscience,attentional impulsivity functional connectivity,unknown,structural connectivity,impulsivity (general),ADHD,correlates_with,unclear,,unclear,0.7,Measures of impulsivity were correlated with FA in right orbitofrontal fibre tracts.,yes,,yes,yes,no,,,,,,,,,,llama-3.1-8b-instruct,2,keep,yes,yes,yes,yes,yes,no,impulsivity (general),structural connectivity,positive,"The sentence clearly supports the extracted claim, mentioning impulsivity as the phenotype, structural connectivity as the feature type, a correlation as the relationship, and a positive direction.",
614,35126772,Functional neuronal networks reveal emotional processing differences in children with ADHD.,2022,Cognitive neurodynamics,attentional impulsivity functional connectivity,unknown,functional connectivity,attentional impulsivity,ADHD,associated_with,higher,unclear,direct,0.8,We find that the functional connectivity of the frontal and occipital lobes in the ADHD group is significantly (P-value < 0.01) higher than in the healthy group.,yes,,yes,yes,yes,,,,,,,,,,llama-3.1-8b-instruct,2,keep,yes,yes,yes,yes,yes,no,attentional impulsivity,functional connectivity,higher,The sentence directly supports the association between attentional impulsivity and higher functional connectivity in the ADHD group compared to the healthy group.,
615,37442497,Possible effects of pair bonds on general cognition: Evidence from shared roles of dopamine.,2023,Neuroscience and biobehavioral reviews,attentional impulsivity functional connectivity,unknown,functional connectivity,impulsivity (general),unknown,correlates_with,unclear,dopaminergic pathways,unclear,0.6,"Highlighting dopamine as a key player in pair bonds and non-social cognition will provide evidence that pair bonding can alter general cognitive processes like attention, working memory, cognitive flexibility, and impulse control.",yes,,yes,yes,yes,,,,,,,,,,llama-3.1-8b-instruct,1,revise,yes,no,yes,no,no,no,impulsivity (general),functional connectivity,,"The sentence partially supports the claim by mentioning a relationship between pair bonding and general cognitive processes, but it does not specify the feature type (functional connectivity) and the direction of the relationship is unclear.",
616,17184598,Polymorphisms of dopamine-beta-hydroxylase in ADHD children.,2006,Folia biologica,attentional impulsivity functional connectivity,unknown,unknown,impulsivity (general),ADHD,associated_with,unclear,indirect,indirect,0.6,Patients with ADHD showed decreased activities of DBH in serum and urine.,yes,,yes,yes,yes,,,,,,,,,,llama-3.1-8b-instruct,2,keep,yes,yes,yes,yes,yes,no,impulsivity (general),unknown,decreased,"The sentence directly states a phenotype-feature association in the context of ADHD, with a clear direction of decreased activity.",
617,29692743,Bupropion Shows Different Effects on Brain Functional Connectivity in Patients With Internet-Based Gambling Disorder and Internet Gaming Disorder.,2018,Frontiers in psychiatry,attentional impulsivity functional connectivity,unknown,functional connectivity,impulsivity (general),Internet-Based Gambling Disorder and Internet Gaming Disorder,associated_with,unclear,,unclear,0.7,"After the 12-week bupropion treatment, clinical symptoms, including the severity of IGD or GD, depressive symptoms, attention, and impulsivity improved in both groups.",yes,,yes,yes,yes,,,,,,,,,,llama-3.1-8b-instruct,1,revise,yes,no,yes,no,no,no,impulsivity (general),clinical symptoms,,"The sentence partially supports the claim by mentioning the improvement of impulsivity, but it does not directly relate to functional connectivity. The direction of the relationship is also unclear.",
618,38161933,The Impact of Sleep Disorders on Cardiovascular Health: Mechanisms and Interventions.,2023,Cureus,attentional impulsivity functional connectivity,unknown,functional connectivity,impulsivity (general),unknown,associated_with,unclear,"aberrant metabolic processes, inflammation, disruption of the autonomic nervous system, endothelial dysfunction",unclear,0.7,"Sleep disorders, which include conditions like insomnia and sleep apnea, are drawing increasing amounts of attention due to their serious detrimental consequences on cardiovascular health.",yes,,yes,yes,yes,,,,,,,,,,llama-3.1-8b-instruct,0,drop,no,no,no,unclear,unclear,unclear,,,,"The sentence does not mention a specific phenotype-feature association, making it unsupported for the extracted claim.",
619,38359839,The resting-state brain activity signatures for addictive disorders.,2024,"Med (New York, N.Y.)",motor impulsivity resting-state fMRI,unknown,BOLD variability,impulsivity (general),substance use disorder (SUD) or behavioral addiction (BEA),associated_with,higher,"altered dopaminergic, GABAergic, and acetylcholine system in SUD, while this also includes the serotonergic system in BEA",direct,0.8,The overall comparison between addiction cohorts and healthy subjects indicated significantly increased ReHo and ALFF in the right striatum (putamen) and bilateral supplementary motor area.,yes,,yes,yes,no,,,,,,,,,,llama-3.1-8b-instruct,1,revise,yes,yes,yes,yes,no,no,impulsivity (general),BOLD variability,higher,"The sentence partially supports the claim as it mentions increased ReHo and ALFF, which can be related to BOLD variability. However, it does not directly mention impulsivity or the relationship between the brain activity and impulsivity. The directness_supported field is set to false because the sentence does not name both phenotype and feature.",
620,39422700,Evolution of aberrant brain-wide spatiotemporal dynamics of resting-state networks in a Huntington's disease mouse model.,2024,Clinical and translational medicine,motor impulsivity resting-state fMRI,unknown,dynamic connectivity,impulsivity (general),Huntington's disease,associated_with,unclear,unknown,unclear,0.6,Hyperactivity in the LCN-linked regions within short QPPs observed before motor impairment onset.,yes,,yes,yes,yes,,,,,,,,,,llama-3.1-8b-instruct,1,revise,yes,yes,yes,no,no,no,impulsivity (general),dynamic connectivity,increased,"The sentence mentions hyperactivity, which can be associated with increased impulsivity. However, the direction is not explicitly stated, and the directness is also unclear. The brain system is mentioned as LCN-linked regions, which is not specified in the claim.",
621,37558974,Static and dynamic changes of intrinsic brain local connectivity in internet gaming disorder.,2023,BMC psychiatry,motor impulsivity resting-state fMRI,unknown,dynamic connectivity,impulsivity (general),internet gaming disorder,associated_with,higher,,direct,0.8,"Compared with HCs, IGDs showed both increased static and dynamic intrinsic local connectivity in bilateral medial superior frontal gyrus (mSFG), superior frontal gyrus (SFG), and supplementary motor area (SMA).",yes,,yes,yes,yes,,,,,,,,,,llama-3.1-8b-instruct,2,keep,yes,yes,yes,yes,yes,no,impulsivity (general),dynamic connectivity,higher,"The sentence directly supports the claim by stating a group difference (IGDs vs HCs) and a specific brain region (bilateral medial superior frontal gyrus, superior frontal gyrus, and supplementary motor area) that shows increased intrinsic local connectivity, which is associated with impulsivity (general) in the context of internet gaming disorder.",
622,27447451,Altered brain functional networks in people with Internet gaming disorder: Evidence from resting-state fMRI.,2016,Psychiatry research. Neuroimaging,motor impulsivity resting-state fMRI,unknown,functional connectivity,impulsivity (general),Internet gaming disorder,associated_with,unclear,,unclear,0.6,"The IGD subjects showed reduced regional centralities in the prefrontal cortex, left posterior cingulate cortex, right amygala, and bilateral lingual gyrus, and increased functional connectivity in sensory-motor-related brain networks compared to the HC subjects.",yes,,yes,yes,no,,,,,,,,,,llama-3.1-8b-instruct,1,revise,yes,yes,yes,no,no,no,impulsivity (general),functional connectivity,decreased,"The sentence partially supports the claim, but the direction and directness need to be revised. The phenotype is impulsivity (general), which is supported. The feature type is functional connectivity, which is also supported. The relationship is associated_with, which is supported. However, the direction is unclear and should be revised to decreased regional centralities and increased functional connectivity. The directness is unclear and should be revised to name both phenotype and feature.",
623,28715675,Resting-state brain networks in patients with Parkinson's disease and impulse control disorders.,2017,Cortex; a journal devoted to the study of the nervous system and behavior,motor impulsivity resting-state fMRI,unknown,functional connectivity,impulsivity (general),Parkinson's disease,associated_with,unclear,unclear,indirect,0.7,"The presence of ICD symptoms was associated with an increased connectivity within the salience and default-mode networks, as well as with a decreased connectivity within the central executive network.",yes,,yes,yes,no,,,,,,,,,,llama-3.1-8b-instruct,2,keep,yes,yes,yes,yes,yes,no,impulsivity (general),functional connectivity,increased,"The sentence clearly supports the extracted claim, mentioning a specific phenotype (impulsivity), feature type (functional connectivity), relationship (associated with), and direction (increased). The directness is also supported as the sentence names both phenotype and feature.",
624,35567768,Extracting electrophysiological correlates of functional magnetic resonance imaging data using the canonical polyadic decomposition.,2022,Human brain mapping,motor impulsivity resting-state fMRI,unknown,EEG connectivity,unknown,unknown,associated_with,unclear,neurovascular coupling mechanisms,unclear,0.5,The relation between electrophysiology and BOLD-fMRI requires further elucidation.,yes,,yes,yes,yes,,,,,,,,,,llama-3.1-8b-instruct,0,drop,no,no,no,unclear,unclear,unclear,,,,"The sentence does not support the structured claim as it does not mention any specific phenotype, feature, or relationship.",
625,27381822,Altered resting-state neural activity and changes following a craving behavioral intervention for Internet gaming disorder.,2016,Scientific reports,motor impulsivity resting-state fMRI,unknown,functional connectivity,impulsivity (general),Internet gaming disorder,associated_with,unclear,unclear,direct,0.8,"IGD subjects showed decreased amplitude of low fluctuation in the orbital frontal cortex and posterior cingulate cortex, and exhibited increased resting-state functional connectivity between the posterior cingulate cortex and dorsolateral prefrontal cortex, compared with HC subjects.",yes,,yes,yes,yes,,,,,,,,,,llama-3.1-8b-instruct,1,revise,yes,yes,yes,no,no,no,impulsivity (general),functional connectivity,decreased,"The sentence partially supports the claim, but the direction of the relationship is not clearly stated. The corrected phenotype is 'impulsivity (general)' as it is related to the 'orbital frontal cortex' and 'posterior cingulate cortex'. The corrected feature type is 'functional connectivity' as it is mentioned in the sentence. The corrected direction is 'decreased' as it is mentioned for the amplitude of low fluctuation in the orbital frontal cortex and posterior cingulate cortex.",
626,27083527,Dissociated neural substrates underlying impulsive choice and impulsive action.,2016,NeuroImage,motor impulsivity resting-state fMRI,unknown,functional connectivity,impulsivity (general),unknown,associated_with,unclear,,unclear,0.7,"RSFC analysis using the FP and right IFG as seed regions revealed two distinct networks that correspond well to the 'waiting' and 'stopping' systems, respectively.",yes,,yes,yes,no,,,,,,,,,,llama-3.1-8b-instruct,0,drop,no,no,no,unclear,unclear,unclear,,,,"The sentence does not mention impulsivity or any related phenotype, and it does not describe a relationship between functional connectivity and impulsivity.",
627,38300175,Alterations in the brain functional network of abstinent male individuals with methamphetamine use disorder.,2024,"Cerebral cortex (New York, N.Y. : 1991)",motor impulsivity resting-state fMRI,unknown,functional connectivity,motor impulsivity,methamphetamine use disorder,associated_with,lower,unclear,direct,0.8,participants with methamphetamine use disorder had decreased frontoparietal functional connectivity strength.,yes,,yes,yes,no,,,,,,,,,,llama-3.1-8b-instruct,1,revise,yes,yes,yes,no,no,no,motor impulsivity,functional connectivity,lower,"The sentence does not directly state the relationship between motor impulsivity and functional connectivity, but it does mention a decrease in functional connectivity strength, which is consistent with the claim. However, the direction is not explicitly stated as lower, and the directness is not explicitly stated as direct.",
628,37502837,Early Life Stress and Body-Mass Index Modulate Brain Connectivity in Alcohol Use Disorder.,2023,Research square,motor impulsivity resting-state fMRI,unknown,functional connectivity,impulsivity (general),alcohol use disorder,associated_with,unclear,unknown,indirect,0.7,"The link between AUD and higher body-mass index (BMI) is known, but we lack understanding of how BMI impacts the relationship between ELS and brain connectivity in individuals with AUD.",yes,,yes,yes,yes,,,,,,,,,,llama-3.1-8b-instruct,0,drop,no,no,no,unclear,unclear,unclear,,,,"The sentence does not support the claim as it discusses a different relationship between BMI and brain connectivity, and does not mention impulsivity or functional connectivity.",
629,32428984,Adolescent alcohol use disrupts functional neurodevelopment in sensation seeking girls.,2021,Addiction biology,motor impulsivity resting-state fMRI,unknown,functional connectivity,motor impulsivity,unknown,associated_with,unclear,disrupts,unclear,0.7,"Girls showed greater within-network connectivity in two motor networks with more alcohol consumption, and these effects were mediated by sensation-seeking only in girls.",yes,,yes,yes,no,,,,,,,,,,llama-3.1-8b-instruct,2,keep,yes,yes,yes,yes,yes,no,motor impulsivity,functional connectivity,increased,"The sentence clearly supports the claim by stating a specific association between motor impulsivity and increased functional connectivity in motor networks, with a clear direction of increased connectivity with more alcohol consumption.",
630,22901705,Alterations in regional homogeneity of resting-state brain activity in internet gaming addicts.,2012,Behavioral and brain functions : BBF,motor impulsivity resting-state fMRI,unknown,BOLD variability,unknown,internet gaming addiction,associated_with,unclear,,unclear,0.6,"Comparing to the healthy controls, IGA subjects show enhanced ReHo in brainstem, inferior parietal lobule, left posterior cerebellum, and left middle frontal gyrus. All of these regions are thought related with sensory-motor coordination.",yes,,yes,yes,yes,,,,,,,,,,llama-3.1-8b-instruct,2,keep,yes,yes,yes,yes,yes,no,internet gaming addiction,BOLD variability,increased,"The sentence clearly states that IGA subjects show enhanced ReHo in certain brain regions, which supports the claim of an association between internet gaming addiction and increased BOLD variability in these regions. The direction of the association is also clear, as it is described as 'enhanced'. The directness of the association is also clear, as it is stated that the regions are related to sensory-motor coordination, which is a specific feature.",
631,28168274,"Influences of Age, Sex, and Moderate Alcohol Drinking on the Intrinsic Functional Architecture of Adolescent Brains.",2018,"Cerebral cortex (New York, N.Y. : 1991)",motor impulsivity resting-state fMRI,unknown,functional connectivity,impulsivity (general),unknown,associated_with,unclear,,unclear,0.5,"executive-control frontolimbicstriatal connectivity was stronger in older than younger adolescents, particularly boys, and predicted better ability in balance, memory, and impulse control.",yes,,yes,yes,yes,,,,,,,,,,llama-3.1-8b-instruct,2,keep,yes,yes,yes,yes,yes,no,impulsivity (general),functional connectivity,positive,"The sentence clearly supports the claim, mentioning a specific relationship between executive-control frontolimbicstriatal connectivity and impulsivity, as well as a direction (stronger connectivity being associated with better ability).",
632,36807959,Internet gaming disorder and tobacco use disorder share neural connectivity patterns between the subcortical and the motor network.,2023,Human brain mapping,motor impulsivity resting-state fMRI,unknown,functional connectivity,impulsivity (general),unknown,associated_with,unclear,"enhanced connectivity may indicate a greater association between rewards and behaviors, inducing addiction behaviors without flexible and complex regulation",direct,0.8,PIGD and PTUD exhibited common enhanced node strength between the subcortical and motor networks.,yes,,yes,yes,yes,,,,,,,,,,llama-3.1-8b-instruct,2,keep,yes,yes,yes,yes,yes,no,impulsivity (general),functional connectivity,enhanced,"The sentence clearly supports the extracted claim, mentioning a specific phenotype (impulsivity), feature type (functional connectivity), relationship (associated with), direction (enhanced), and directness (direct).",
633,30914304,Cognitive variability in bipolar I disorder: A cluster-analytic approach informed by resting-state data.,2019,Neuropharmacology,motor impulsivity resting-state fMRI,unknown,functional connectivity,impulsivity (general),bipolar I disorder,associated_with,unclear,,indirect,0.7,"Cluster 1 (n=22) was characterized by deficits in cognitive flexibility and motor inhibition, cluster 2 (n=12) displayed impulsive decision-making.",yes,,yes,yes,no,,,,,,,,,,llama-3.1-8b-instruct,1,revise,yes,yes,yes,no,no,no,impulsivity (general),behavioral,increased,"The sentence partially supports the claim by mentioning impulsivity, but the direction is unclear and the feature type is not explicitly stated as functional connectivity. The corrected phenotype and feature type are based on the information provided in the sentence.",
634,28462585,Pramipexole Modulates Interregional Connectivity Within the Sensorimotor Network.,2017,Brain connectivity,motor impulsivity resting-state fMRI,unknown,functional connectivity,motor impulsivity,unknown,associated_with,lower,D2 agonists distort functional connections,direct,0.9,The connectivity between the right caudate nucleus and other cortical regions was weaker under pramipexole than under placebo.,yes,,yes,yes,no,,,,,,,,,,llama-3.1-8b-instruct,2,keep,yes,yes,yes,yes,yes,no,motor impulsivity,functional connectivity,lower,"The sentence directly states a relationship between pramipexole and weaker functional connectivity, which is consistent with the claim.",
635,25925985,Impaired corticostriatal connectivity in impulse control disorders in Parkinson disease.,2015,Neurology,motor impulsivity resting-state fMRI,unknown,functional connectivity,impulsivity (general),Parkinson disease,associated_with,unclear,,direct,0.8,The presence of an ICD in patients with PD was associated with functional disconnection between the left anterior putamen and both the left inferior temporal gyrus and the left anterior cingulate gyrus.,yes,,yes,yes,no,,,,,,,,,,llama-3.1-8b-instruct,2,keep,yes,yes,yes,yes,yes,no,impulsivity (general),functional disconnection,unclear,"The sentence directly supports the association between impulsivity and functional disconnection in Parkinson disease, with unclear direction. The corrected phenotype and feature type are based on the sentence, and the corrected direction is the same as the original direction.",
636,28265121,Brain structural and functional signatures of impulsive-compulsive behaviours in Parkinson's disease.,2018,Molecular psychiatry,motor impulsivity resting-state fMRI,unknown,functional connectivity,motor impulsivity,Parkinson's disease,associated_with,unclear,,unclear,0.7,"Compared with controls, all patients had an increased functional connectivity within the visual network.",yes,,yes,yes,yes,,,,,,,,,,llama-3.1-8b-instruct,0,drop,no,yes,no,no,no,no,,functional connectivity,,The sentence does not mention the phenotype 'motor impulsivity' and the relationship 'associated_with' is not supported.,
637,41932579,Improvement in Tics and Motor Impulsivity Is Associated with Functional and Receptor-Enriched Connectivity changes in Adolescents with Tourette Disorder.,2026,Biological psychiatry. Cognitive neuroscience and neuroimaging,motor impulsivity resting-state fMRI,unknown,functional connectivity,motor impulsivity,Tourette Disorder,associated_with,unclear,,unclear,0.7,Changes in motor and limbic fronto-striatal functional connectivity were associated with longitudinal improvements in tics and WI in TD adolescents.,yes,,yes,yes,yes,,,,,,,,,,llama-3.1-8b-instruct,2,keep,yes,yes,yes,yes,yes,no,motor impulsivity,functional connectivity,associated with improvements,"The sentence clearly supports the claim, mentioning both the phenotype (tics and motor impulsivity) and the feature (functional connectivity), and stating a relationship (associated with) and direction (improvements). The directness is also supported as both phenotype and feature are named. The sentence does not overclaim as it mentions a phenotype-feature association.",
638,39003410,Data-driven exploratory method investigation on the effect of dyslexia education at brain connectivity in Turkish children: a preliminary study.,2024,Brain structure & function,motor impulsivity resting-state fMRI,unknown,functional connectivity,impulsivity (general),dyslexia,associated_with,unclear,,unclear,0.6,"Our findings confirmed that impulsivity is associated with motor coordination and visuality, and that the dyslexic group has weaknesses in brain connectivity related to these conditions.",yes,,yes,yes,no,,,,,,,,,,llama-3.1-8b-instruct,1,revise,yes,yes,yes,no,no,no,impulsivity (general),functional connectivity,unclear,"The sentence partially supports the claim, but the direction and directness are unclear. The phenotype and feature are supported, but the relationship is not explicitly stated as 'associated_with'.",
639,28490656,Role of habenula and amygdala dysfunction in Parkinson disease patients with punding.,2017,Neurology,motor impulsivity resting-state fMRI,unknown,functional connectivity,impulsivity (general),Parkinson disease,associated_with,unclear,,unclear,0.7,"PD-punding patients showed higher functional connectivity of habenula and amygdala with thalamus and striatum bilaterally, and lower connectivity between bilateral habenula and left frontal and precentral cortices.",yes,,yes,yes,yes,,,,,,,,,,llama-3.1-8b-instruct,2,keep,yes,yes,yes,yes,yes,no,impulsivity (general),functional connectivity,increased,The sentence clearly supports the extracted claim by stating a specific association between impulsivity and functional connectivity in PD-punding patients.,
640,28040671,Decisional impulsivity and the associative-limbic subthalamic nucleus in obsessive-compulsive disorder: stimulation and connectivity.,2017,Brain : a journal of neurology,motor impulsivity resting-state fMRI,unknown,functional connectivity,impulsivity (general),obsessive-compulsive disorder,associated_with,higher,stimulation,direct,0.8,We show that stimulation of the subthalamic nucleus is causally implicated in increasing decisional impulsivity...,yes,,yes,yes,no,,,,,,,,,,llama-3.1-8b-instruct,2,keep,yes,yes,yes,yes,yes,no,impulsivity (general),functional connectivity,higher,The sentence directly supports the claim by stating a direct relationship between stimulation of the subthalamic nucleus and an increase in decisional impulsivity.,
641,25864599,New developments on the neurobiological and pharmaco-genetic mechanisms underlying internet and videogame addiction.,2015,The American journal on addictions,motor impulsivity resting-state fMRI,unknown,functional connectivity,impulsivity (general),unknown,associated_with,unclear,involved changes in reward and loss of control,unclear,0.7,"Brain imaging studies of the resting state have shown that long-term internet game playing affected brain regions responsible for reward, impulse control and sensory-motor coordination.",yes,,yes,yes,yes,,,,,,,,,,llama-3.1-8b-instruct,1,revise,yes,yes,yes,no,no,no,impulsivity (general),functional connectivity,increased,"The sentence partially supports the claim, but the direction and directness are unclear. The phenotype and feature are supported, but the corrected fields are needed to match the extracted claim.",
642,26185010,Jumping the Gun: Mapping Neural Correlates of Waiting Impulsivity and Relevance Across Alcohol Misuse.,2016,Biological psychiatry,motor impulsivity resting-state fMRI,unknown,functional connectivity,impulsivity (general),alcohol misuse,associated_with,lower,connectivity of limbic and motor cortical and striatal nodes,direct,0.8,Connectivity of limbic and motor cortical and striatal nodes mapped onto a mesial-lateral axis of the subthalamic nucleus.,yes,,yes,yes,yes,,,,,,,,,,llama-3.1-8b-instruct,0,drop,no,no,no,no,no,no,,,,"The sentence does not mention impulsivity or any other phenotype, and it does not mention a feature type or relationship.",
643,24223843,Amplitude of low frequency fluctuation abnormalities in adolescents with online gaming addiction.,2013,PloS one,motor impulsivity resting-state fMRI,unknown,BOLD variability,impulsivity (general),online gaming addiction,associated_with,higher,unclear,direct,0.7,"Adolescents with OGA showed a significant increase in ALFF values in the left medial orbitofrontal cortex (OFC), the left precuneus, the left supplementary motor area (SMA), the right parahippocampal gyrus (PHG) and the bilateral middle cingulate cortex (MCC).",yes,,yes,yes,no,,,,,,,,,,llama-3.1-8b-instruct,0,drop,no,no,no,no,no,no,,,,"The sentence does not mention impulsivity, BOLD variability, or a relationship between impulsivity and BOLD variability. It also does not mention a direct association between impulsivity and a brain feature.",
644,41148227,The alteration of dorsal attention network in internet gaming disorder and tobacco use disorder: an independent component analysis.,2025,"Cerebral cortex (New York, N.Y. : 1991)",motor impulsivity resting-state fMRI,unknown,functional connectivity,impulsivity (general),unknown,associated_with,higher,,direct,0.8,"Rs-fMRI revealed increased functional connectivity in the precuneus cortex, left postcentral gyrus, and right superior frontal gyrus in the dorsal attention network (DAN) in the IGD group in contrast to HC group.",yes,,yes,yes,yes,,,,,,,,,,llama-3.1-8b-instruct,1,revise,yes,yes,yes,yes,no,no,impulsivity (general),functional connectivity,higher,"The sentence directly supports the phenotype and feature, but does not name the brain system, which is required for directness. The direction is also supported, but the sentence does not explicitly state the relationship between the phenotype and feature, which is required for relationship support.",
645,32169732,Structural and functional abnormalities within sensori-motor and limbic networks underpin intermittent explosive symptoms in Tourette disorder.,2020,Journal of psychiatric research,motor impulsivity resting-state fMRI,unknown,functional connectivity,impulsivity (general),Tourette disorder,associated_with,unclear,unclear,direct,0.8,"TD patients (without ADHD) with IEO compared to TD without IEO, showed altered connectivity pattern among the orbito-frontal cortex, amygdala and hippocampus.",yes,,yes,yes,no,,,,,,,,,,llama-3.1-8b-instruct,2,keep,yes,yes,yes,yes,yes,no,impulsivity (general),functional connectivity,unclear,"The sentence clearly supports the extracted claim, mentioning a direct association between impulsivity (general) and altered functional connectivity in TD patients with IEO compared to TD without IEO.",
646,26689148,Brain connectivity and psychiatric comorbidity in adolescents with Internet gaming disorder.,2017,Addiction biology,motor impulsivity resting-state fMRI,unknown,functional connectivity,unknown,"Internet gaming disorder, major depressive disorder, attention deficit hyperactivity disorder (ADHD)",associated_with,unclear,unclear,unclear,0.6,Patients with IGD showed an increased functional correlation between seven pairs of regions...,yes,,yes,yes,no,,,,,,,,,,llama-3.1-8b-instruct,2,keep,yes,yes,yes,yes,yes,no,,,,,
647,31801105,A preliminary study of disrupted functional network in individuals with Internet gaming disorder: Evidence from the comparison with recreational game users.,2020,Addictive behaviors,motor impulsivity resting-state fMRI,unknown,functional connectivity,impulsivity (general),Internet gaming disorder,associated_with,unclear,,unclear,0.6,"subjects with IGD as compared to those with RGU showed increased nodal centralities in the reward, craving, emotional memory and sensory-motor processing regions.",yes,,yes,yes,yes,,,,,,,,,,llama-3.1-8b-instruct,2,keep,yes,yes,yes,yes,yes,no,impulsivity (general),functional connectivity,increased,"The sentence clearly supports the claim by stating a specific association between impulsivity (general) and increased nodal centralities in certain brain regions, which is a type of functional connectivity. The direction of the association is also clearly stated as 'increased'.",
648,22331588,Periods of rest in fMRI contain individual spontaneous events which are related to slowly fluctuating spontaneous activity.,2013,Human brain mapping,motor impulsivity resting-state fMRI,unknown,functional connectivity,unknown,unknown,correlates_with,unclear,unknown,indirect,0.7,"The correspondence between spontaneous events and slow fluctuations in these networks was assessed using a sliding window, seed-correlation analysis, where seed regions were selected based on the individual spontaneous event BOLD activity maps.",yes,,yes,yes,yes,,,,,,,,,,llama-3.1-8b-instruct,0,drop,no,no,no,no,no,no,,,,"The sentence does not mention a phenotype or a feature, and it does not establish a relationship between them.",
649,41556979,Connectome-based predictive modelling of problematic gaming in youth from the ABCD study.,2026,Journal of behavioral addictions,motor impulsivity resting-state fMRI,unknown,functional connectivity,impulsivity (general),unknown,predicts,unclear,,indirect,0.12,"CPM successfully predicted problematic-gaming scores (r = 0.12, p = 0.002).",yes,,yes,yes,yes,,,,,,,,,,llama-3.1-8b-instruct,1,revise,yes,yes,yes,no,no,no,impulsivity (general),functional connectivity,positive,"The sentence supports the phenotype and feature, but the direction is unclear and the directness is indirect. The corrected direction is positive because the r value is 0.12, which is a positive correlation.",
650,41612124,Next Generation 7 Tesla Arterial Spin Labeling With Rotated Spiral Acquisition Enables Mesoscale Resolution in 3D Brain Perfusion and Functional MRI.,2026,Magnetic resonance in medicine,motor impulsivity resting-state fMRI,unknown,unknown,unknown,unknown,unknown,unclear,,background,0.3,"Laminar perfusion fMRI revealed a two-peak activation in the primary motor cortex induced by FT, and distinct laminar profiles for task-positive and task-negative networks during WM task.",yes,,yes,yes,yes,,,,,,,,,,llama-3.1-8b-instruct,1,revise,yes,yes,yes,no,yes,no,primary motor cortex,activation,increased,"The sentence partially supports the claim by mentioning a specific phenotype (primary motor cortex) and feature (activation), but the direction is unclear. The corrected phenotype and feature type are provided, and the direction is assumed to be increased based on the context of 'activation'. The directness is supported as the sentence is not background-only.",
651,41740634,Connectome-based prediction of problematic use of social media in adolescents: Findings from the ABCD study.,2026,NeuroImage,motor impulsivity resting-state fMRI,unknown,functional connectivity,impulsivity (general),unknown,predicts,unclear,,indirect,0.7,CPM successfully predicted PUSM scores and identified connectivity within and between multiple large-scale neural networks predictive of PUSM severity.,yes,,yes,yes,no,,,,,,,,,,llama-3.1-8b-instruct,1,revise,yes,yes,yes,no,no,no,impulsivity (general),functional connectivity,positive,"The sentence partially supports the claim, but the direction and directness need to be revised. The sentence implies a positive direction (predictive of PUSM severity) and indirectness (predicting scores and identifying connectivity).",
652,41748653,Serotonergic cortico-limbic and executive network dysfunction in Parkinson's disease impulse control disorders: a PET-fMRI study.,2026,NPJ Parkinson's disease,motor impulsivity resting-state fMRI,unknown,functional connectivity,impulsivity (general),Parkinson's disease,associated_with,unclear,serotonergic dysfunction,direct,0.8,"PDICD+ patients showed steeper delay discounting and altered functional connectivity, including enhanced posterior parietal coupling within executive networks and disrupted salience-executive interactions.",yes,,yes,yes,yes,,,,,,,,,,llama-3.1-8b-instruct,1,revise,yes,yes,yes,no,yes,no,impulsivity (general),functional connectivity,increased,"The sentence partially supports the claim, but the direction is unclear and should be revised to 'increased' based on the mention of 'enhanced' and 'disrupted'.",
653,41932505,Intrinsic functional connectivity alterations in medication-naïve children with combined and inattentive ADHD types: Evidence from cortical surface-based analysis.,2026,Journal of affective disorders,motor impulsivity resting-state fMRI,unknown,functional connectivity,impulsivity (general),ADHD,associated_with,unclear,,unclear,0.7,"Significant intra- and inter-network FC disruptions emerged in children with ADHD, particularly in default mode (DMN), ventral attentional (VAN), and somatosensory-motor (SMN) networks.",yes,,yes,yes,yes,,,,,,,,,,llama-3.1-8b-instruct,1,revise,yes,yes,yes,no,no,no,impulsivity (general),functional connectivity,unclear,"The sentence partially supports the claim, but the direction and directness are unclear. The phenotype and feature are supported, but the relationship is not explicitly stated. The corrected phenotype, feature type, and direction are provided.",
654,35302338,Involvement of muscle satellite cell dysfunction in neuromuscular disorders: Expanding the portfolio of satellite cell-opathies.,2022,European journal of translational myology,motor impulsivity functional connectivity,unknown,unknown,unknown,unknown,unknown,unclear,,background,0.3,Muscular weakness is often progressive and paralleled by continuous decline in the ability of skeletal muscle to functionally adapt and regenerate.,yes,,yes,yes,yes,,,,,,,,,,llama-3.1-8b-instruct,2,keep,yes,yes,yes,yes,yes,no,muscular weakness,functionally adapt and regenerate,decline,"The sentence clearly supports the claim by mentioning a phenotype (muscular weakness), a feature (functionally adapt and regenerate), a relationship (decline), and a direction (decline). The directness is also supported as the sentence is not background-only.",
655,31003231,Convergent neural connectivity in motor impulsivity and high-fat food binge-like eating in male Sprague-Dawley rats.,2019,Neuropsychopharmacology : official publication of the American College of Neuropsychopharmacology,motor impulsivity functional connectivity,unknown,functional connectivity,motor impulsivity,unknown,associated_with,unclear,chemogenetic activation of the ventral mPFC to NAcSh pathway,direct,1.0,Compromised signaling between the mPFC and nucleus accumbens shell (NAcSh) is thought to underlie the cognitive inability to withhold prepotent responses (motor impulsivity) and binge intake of high-fat food (HFF) seen in binge eating disorder.,yes,,yes,yes,yes,,,,,,,,,,llama-3.1-8b-instruct,2,keep,yes,yes,yes,yes,yes,no,motor impulsivity,functional connectivity,unclear,"The sentence clearly supports the extracted claim, mentioning both the phenotype (motor impulsivity) and feature (functional connectivity), and stating a relationship (associated_with) without specifying direction. The directness is also supported as the sentence names both phenotype and feature.",
656,38842027,Cross-Frequency Coupling as a Biomarker for Early Stroke Recovery.,2024,Neurorehabilitation and neural repair,motor impulsivity functional connectivity,unknown,EEG connectivity,unknown,unknown,associated_with,unclear,unknown,indirect,0.7,"The application of neuroimaging-based biomarkers in stroke has enriched our understanding of post-stroke recovery mechanisms, including alterations in functional connectivity based on synchronous oscillatory activity across various cortical regions.",yes,,yes,yes,yes,,,,,,,,,,llama-3.1-8b-instruct,0,drop,no,no,no,no,no,no,,,,"The sentence does not mention a specific phenotype or feature, and the relationship is not clearly stated.",
657,21259388,Altered motor network activation and functional connectivity in adult Tourette's syndrome.,2011,Human brain mapping,motor impulsivity functional connectivity,unknown,functional connectivity,motor impulsivity,Tourette's syndrome,associated_with,unclear,unclear,indirect,0.7,"We observed differential neuronal activation patterns depending on both handedness (dominant vs. nondominant) and tapping frequency in frontal, parietal, and subcortical areas.",yes,,yes,yes,no,,,,,,,,,,llama-3.1-8b-instruct,0,drop,no,no,no,no,no,no,,,,"The sentence does not mention motor impulsivity, functional connectivity, or any relationship between them. It discusses differential neuronal activation patterns depending on handedness and tapping frequency in various brain areas.",
658,40260305,Effective connectivity analysis of response inhibition functional network.,2025,Frontiers in neuroscience,motor impulsivity functional connectivity,unknown,functional connectivity,nonplanning impulsivity,unknown,associated_with,unclear,,unclear,0.7,"Our results identified four functional networks activated during correct motor response inhibition: the salience network (SN), the right and left executive control networks (ECNs), and the ventral default mode network (vDMN).",yes,,yes,yes,yes,,,,,,,,,,llama-3.1-8b-instruct,0,drop,no,no,no,unclear,unclear,unclear,,,,"The sentence does not mention nonplanning impulsivity, functional connectivity, association, or any direction/directness.",
659,39341756,Imaging of impulse control disorders in Parkinson's disease.,2024,Revue neurologique,motor impulsivity functional connectivity,unknown,functional connectivity,motor impulsivity,Parkinson's disease,associated_with,unclear,abnormal connectivity within the reward system,direct,1.0,Functional magnetic resonance imaging (fMRI) studies reveal abnormal connectivity within the reward system involving the ventral striatum and orbitofrontal cortex.,yes,,yes,yes,yes,,,,,,,,,,llama-3.1-8b-instruct,1,revise,yes,yes,yes,no,no,no,motor impulsivity,functional connectivity,unclear,"The sentence partially supports the claim but needs revision or is indirect. The phenotype 'motor impulsivity' is not explicitly mentioned in the sentence, but it can be inferred as the sentence discusses 'abnormal connectivity within the reward system' which is related to the claim's mechanism. The feature type 'functional connectivity' is also supported. However, the direction is unclear and the directness is not supported as the sentence does not name both phenotype and feature.",
660,8595027,Social and emotional self-regulation.,1995,Annals of the New York Academy of Sciences,motor impulsivity functional connectivity,unknown,functional connectivity,impulsivity (general),unknown,associated_with,unclear,unclear,background,0.3,"In humans, frontal lesions result in deficits of social and emotional behavior that are often surprising in the presence of intact language and other cognitive skills.",yes,,yes,yes,yes,,,,,,,,,,llama-3.1-8b-instruct,0,drop,no,no,no,no,no,no,,,,"The sentence does not mention impulsivity, functional connectivity, or any relationship between them.",
661,38772504,The association of impulsivity with depression and anxiety symptoms: A transdiagnostic network analysis and replication.,2024,Journal of affective disorders,motor impulsivity functional connectivity,unknown,functional connectivity,motor impulsivity,unknown,associated_with,unclear,,unclear,0.7,The motor impulsivity dimension was revealed to be closely connected with individual symptoms of depression and anxiety regardless of whether they were in separate disorder forms or comorbid forms.,yes,,yes,yes,yes,,,,,,,,,,llama-3.1-8b-instruct,2,keep,yes,yes,yes,yes,yes,no,motor impulsivity,functional connectivity,associated with,"The sentence clearly supports the association between motor impulsivity and symptoms of depression and anxiety, and the direction of association is implied to be positive (i.e., motor impulsivity is associated with symptoms of depression and anxiety).",
662,20174620,On the similarity of functional connectivity between neurons estimated across timescales.,2010,PloS one,motor impulsivity functional connectivity,unknown,functional connectivity,unknown,unknown,associated_with,unclear,,indirect,0.5,We find that functional connectivity is relatively robust to low-pass filtering--dropping by about 10% when low pass filtering at 10 hz and about 50% when low pass filtering down to about 1 Hz--and that estimates are robust to high levels of additive noise.,yes,,yes,yes,yes,,,,,,,,,,llama-3.1-8b-instruct,1,revise,yes,yes,yes,no,yes,no,functional connectivity,robustness to filtering,,"The sentence partially supports the claim by mentioning the feature type 'functional connectivity' and the relationship 'associated_with'. However, the direction is unclear and the feature type is not exactly 'functional connectivity' but rather 'robustness to filtering'. The directness is 'indirect' which matches the claim.",
663,20728878,Prefrontal cortex and impulsive decision making.,2011,Biological psychiatry,motor impulsivity functional connectivity,unknown,functional connectivity,motor impulsivity,unknown,associated_with,unclear,unclear,unclear,0.7,"The prefrontal cortex and its connected areas, such as the basal ganglia, play an important role in gating impulsive actions in a variety of behavioral tasks.",yes,,yes,yes,no,,,,,,,,,,llama-3.1-8b-instruct,2,keep,yes,yes,yes,yes,yes,no,motor impulsivity,functional connectivity,associated_with,"The sentence clearly supports the association between the prefrontal cortex and motor impulsivity, as it mentions the prefrontal cortex's role in gating impulsive actions. The feature type is also supported as functional connectivity is implied by the mention of connected areas. The direction is supported as the sentence implies a positive association between the prefrontal cortex and motor impulsivity. The directness is supported as the sentence names both the phenotype (motor impulsivity) and the brain system (prefrontal cortex).",
664,34274404,Exploring cortico-cortical interactions during action preparation by means of dual-coil transcranial magnetic stimulation: A systematic review.,2021,Neuroscience and biobehavioral reviews,motor impulsivity functional connectivity,unknown,functional connectivity,unknown,unknown,associated_with,unclear,,unclear,0.7,Action preparation is characterized by a set of complex and distributed processes that occur in multiple brain areas.,yes,,yes,yes,yes,,,,,,,,,,llama-3.1-8b-instruct,0,drop,no,no,no,unclear,unclear,unclear,,,,"The sentence does not mention a specific phenotype or feature, making it unsupported for the extracted claim.",
665,39218589,[A review of functional electrical stimulation based on brain-computer interface].,2024,Sheng wu yi xue gong cheng xue za zhi = Journal of biomedical engineering = Shengwu yixue gongchengxue zazhi,motor impulsivity functional connectivity,unknown,unknown,unknown,unknown,unclear,unclear,Functional electrical stimulation (FES) based on brain-computer interface (BCI) connects the patient's intentions with muscle contraction,background,0.5,Functional electrical stimulation (FES) based on brain-computer interface (BCI) connects the patient's intentions with muscle contraction,yes,,yes,yes,yes,,,,,,,,,,llama-3.1-8b-instruct,0,drop,no,no,no,unclear,no,no,,,,"The sentence does not mention a specific phenotype or feature, making it unsupported for the extracted claim.",
666,36579893,A circuit-based approach to modulate hypersexuality in Parkinson's disease.,2023,Psychiatry and clinical neurosciences,motor impulsivity functional connectivity,unknown,functional connectivity,impulsivity (general),Parkinson's disease,associated_with,unclear,unclear,unclear,0.7,"Compared with their nonhypersexual peers, patients with hypersexuality recruited caudate, pre-supplementary motor area, ventral tegmental area, and anterior cingulate cortex while on medication.",yes,,yes,yes,yes,,,,,,,,,,llama-3.1-8b-instruct,2,keep,yes,yes,yes,yes,yes,no,impulsivity (general),functional connectivity,increased,"The sentence directly compares patients with hypersexuality to their nonhypersexual peers, indicating an association between the two groups. The brain regions mentioned (caudate, pre-supplementary motor area, ventral tegmental area, and anterior cingulate cortex) are involved in functional connectivity. The direction of the association can be inferred as increased activity in these regions in patients with hypersexuality.",
667,36836613,Application of Repetitive Transcranial Magnetic Stimulation in Neuropathic Pain: A Narrative Review.,2023,"Life (Basel, Switzerland)",motor impulsivity functional connectivity,unknown,functional connectivity,unknown,unknown,associated_with,unclear,altering imbalanced functional connectivity,unclear,0.5,"rTMS was hypothesized to achieve analgesic effects by upregulating the pain threshold, inhibiting pain impulse, modulating the brain cortex, altering imbalanced functional connectivity",yes,,yes,yes,yes,,,,,,,,,,llama-3.1-8b-instruct,1,revise,yes,yes,yes,no,no,no,neuropathic pain,functional connectivity,decreased,"The sentence partially supports the claim but needs revision or is indirect. The phenotype is not explicitly stated, but it can be inferred as neuropathic pain. The feature type is mentioned as functional connectivity, which is correct. The relationship is mentioned as altering imbalanced functional connectivity, which is consistent with associated_with. However, the direction is unclear and the directness is also unclear because it does not name both phenotype and feature.",
668,35277392,Prefrontal Cortical Connectivity Mediates Locus Coeruleus Noradrenergic Regulation of Inhibitory Control in Older Adults.,2022,The Journal of neuroscience : the official journal of the Society for Neuroscience,motor impulsivity functional connectivity,unknown,functional connectivity,impulsivity (general),unknown,associated_with,unclear,regulation,unclear,0.7,We confirm that better response inhibition is correlated with locus coeruleus integrity and stronger connectivity between presupplementary motor area (preSMA) and right inferior frontal gyrus (rIFG),yes,,yes,yes,yes,,,,,,,,,,llama-3.1-8b-instruct,1,revise,yes,yes,yes,no,no,no,impulsivity (general),functional connectivity,positive,"The sentence supports the phenotype and feature, but the direction is unclear. The relationship is association, which matches the claim. The directness is unclear because the sentence does not explicitly state the relationship between the phenotype and feature. The corrected phenotype, feature type, and direction are based on the extracted claim.",
669,36754503,V to VII Nerve Transfer for Smile Reanimation.,2023,Atlas of the oral and maxillofacial surgery clinics of North America,motor impulsivity functional connectivity,unknown,unknown,unknown,unknown,associated_with,unclear,neural impulse transfer,background,0.3,"The masseteric nerve can be usually connected directly to the facial nerve without the interposition of a nerve graft, with a faster reinnervation.",yes,,yes,yes,yes,,,,,,,,,,llama-3.1-8b-instruct,1,revise,yes,yes,yes,no,yes,no,unknown,unknown,increased,"The sentence partially supports the claim by mentioning a relationship between the masseteric nerve and the facial nerve, but the direction of the relationship is unclear. The directness of the relationship is supported as it mentions a direct connection. The phenotype and feature type are unknown, so they cannot be corrected. A possible correction for the direction is 'increased' as the reinnervation is faster.",
670,41281564,Associations between structural injury and task-based corticomuscular connectivity after stroke.,2025,Frontiers in neurology,motor impulsivity functional connectivity,unknown,EEG connectivity,unknown,unknown,associates_with,unclear,unclear,background,0.6,"In this study, we examined relationships between structural injury and integrity measures with task-based functional connectivity between electrodes overlying sensorimotor cortical regions and affected upper-extremity musculature (referred to as corticomuscular coherence; CMC).",yes,,yes,yes,no,,,,,,,,,,llama-3.1-8b-instruct,1,revise,yes,yes,yes,no,no,no,structural injury,EEG connectivity,positive,"The sentence partially supports the claim, but the phenotype and feature need to be corrected. The direction is unclear, so it cannot be supported.",
671,33441433,"Motor Interference, But Not Sensory Interference, Increases Midfrontal Theta Activity and Brain Synchronization during Reactive Control.",2021,The Journal of neuroscience : the official journal of the Society for Neuroscience,motor impulsivity functional connectivity,unknown,functional connectivity,motor impulsivity,unknown,associated_with,higher,increases,direct,1.0,"Motor conflicts, but not attentional conflicts, elicited increases in midfrontal theta power during conflict resolution.",yes,,yes,yes,yes,,,,,,,,,,llama-3.1-8b-instruct,2,keep,yes,yes,yes,yes,yes,no,motor impulsivity,functional connectivity,higher,"The sentence directly supports the claim by stating that motor conflicts increase midfrontal theta power, which is a functional connectivity feature. The direction of the relationship is also clearly stated as an increase, matching the claim's direction.",
672,31421156,"Nicotinic acetylcholine receptor at vertebrate motor endplates: Endocytosis, recycling, and degradation.",2019,Neuroscience letters,motor impulsivity functional connectivity,unknown,unknown,unknown,unknown,unknown,unclear,not applicable,background,0.2,The conversion of nerve impulses into muscle contraction is initiated by binding of acetylcholine to its nicotinic receptor (nAChR) at the postsynapse.,yes,,yes,yes,no,,,,,,,,,,llama-3.1-8b-instruct,0,drop,no,no,no,no,no,no,,,,"The sentence does not mention a phenotype or a feature, and it does not establish a relationship between them.",
673,23074304,Are ASD and ADHD a Continuum? A Comparison of Pathophysiological Similarities Between the Disorders.,2015,Journal of attention disorders,motor impulsivity functional connectivity,unknown,functional connectivity,impulsivity (general),unknown,associated_with,unclear,,unclear,0.6,"shared involvement of sensory processing, motor and impulse control, abnormal patterns of neural connectivity",yes,,yes,yes,yes,,,,,,,,,,llama-3.1-8b-instruct,1,revise,yes,yes,yes,no,no,no,impulsivity (general),functional connectivity,associated_with,"The sentence partially supports the claim by mentioning impulsivity and functional connectivity, but the direction and directness are unclear. The corrected fields are based on the extracted claim.",
674,10349031,An fMRI study of Stroop word-color interference: evidence for cingulate subregions subserving multiple distributed attentional systems.,1999,Biological psychiatry,motor impulsivity functional connectivity,unknown,functional connectivity,unknown,unknown,associated_with,unclear,unclear,background,0.5,The goal of this study was to model the functional connectivity of the neural systems that subserve attention and impulse control.,yes,,yes,yes,yes,,,,,,,,,,llama-3.1-8b-instruct,0,drop,no,no,no,unclear,unclear,unclear,,,,"The sentence does not mention a specific phenotype or feature, and the relationship is not clearly stated.",
675,40088861,"Phenotypic clusters of narcolepsy type 1: Insights from age of onset, weight gain, sleep patterns, and impulsivity.",2025,Sleep medicine,motor impulsivity functional connectivity,unknown,functional connectivity,motor impulsivity,unknown,associated_with,higher,,unclear,0.7,Patients with teenage onset and greater weight gain showed the highest motor impulsivity score.,yes,,yes,yes,no,,,,,,,,,,llama-3.1-8b-instruct,2,keep,yes,yes,yes,yes,yes,no,motor impulsivity,behavioral trait,higher,The sentence clearly supports the extracted claim by stating a specific association between motor impulsivity and weight gain in patients with teenage onset.,
676,39453553,Behavioral disorders in Parkinson disease: current view.,2025,"Journal of neural transmission (Vienna, Austria : 1996)",motor impulsivity functional connectivity,unknown,functional connectivity,impulsivity (general),Parkinson disease,associated_with,unclear,neurodegeneration and altered neuronal connectivity,unclear,0.7,"Behavioral changes in PD show distinct patterns of brain atrophy, dopaminergic and serotonergic deterioration, altered neuronal connectivity in frontostriatal, corticolimbic, default mode and other networks",yes,,yes,yes,yes,,,,,,,,,,llama-3.1-8b-instruct,1,revise,yes,yes,yes,no,no,no,impulsivity (general),functional connectivity,unclear,"The sentence partially supports the claim, but the direction and directness are unclear. The phenotype and feature are mentioned, but the relationship is not explicitly stated as 'associated_with'.",
677,25307575,Methods of association and dissociation for establishing selective brain-behavior relations.,2014,Handbook of clinical neurology,motor impulsivity functional connectivity,unknown,functional connectivity,impulsivity (general),unknown,associated_with,unclear,,unclear,0.6,Enhanced spatial and temporal resolution in brain imaging modalities has led to refined visualization and quantification of the brain's functional connectivity of neural networks.,yes,,yes,yes,no,,,,,,,,,,llama-3.1-8b-instruct,0,drop,no,no,no,unclear,unclear,unclear,,,,"The sentence does not mention impulsivity, functional connectivity, association, or any direction/directness, so it does not support the claim.",
678,38504872,Neurocomputational mechanisms underlying perception and sentience in the neocortex.,2024,Frontiers in computational neuroscience,motor impulsivity functional connectivity,unknown,functional connectivity,unknown,unknown,associated_with,unclear,quantum-phase processing,background,0.3,"We demonstrate, using the threshold and refractory period of a quantum-phase pulse, that action potentials diffract across a neural network due to the annulment of parallel collisions in the phase ternary computation (PTC).",yes,,yes,yes,no,,,,,,,,,,llama-3.1-8b-instruct,0,drop,no,no,no,no,no,no,,,,The sentence does not mention a phenotype or a feature type that is related to functional connectivity.,
679,19344685,How not to study spontaneous activity.,2009,NeuroImage,motor impulsivity functional connectivity,unknown,functional connectivity,unknown,unknown,associated_with,unclear,unknown,background,0.3,A growing number of electrophysiological and functional magnetic resonance imaging (fMRI) studies are appearing that report on various aspects of the brain's spontaneous activity or 'default mode' of operation.,yes,,yes,yes,no,,,,,,,,,,llama-3.1-8b-instruct,0,drop,no,no,no,unclear,unclear,unclear,,,,"The sentence does not mention a specific phenotype, feature, or relationship, making it unsupported for the extracted claim.",
680,38246283,Impulsivity and neural correlates of response inhibition in bipolar disorder and their unaffected relatives: A MEG study.,2024,Journal of affective disorders,motor impulsivity functional connectivity,unknown,functional connectivity,motor impulsivity,bipolar disorder,associated_with,lower,hypoactivity,direct,0.8,Increased motor impulsiveness in BD was related to abnormal alterations in beta oscillatory activity of rIFG and functional connectivity between rIFG and pre-SMA.,yes,,yes,yes,no,,,,,,,,,,llama-3.1-8b-instruct,2,keep,yes,yes,yes,yes,yes,no,motor impulsiveness,functional connectivity,lower,,
681,28193688,Compulsive Social Behavior Emerges after Selective Ablation of Striatal Cholinergic Interneurons.,2017,The Journal of neuroscience : the official journal of the Society for Neuroscience,motor impulsivity functional connectivity,unknown,functional connectivity,impulsivity (general),unknown,associated_with,unclear,reduced number of striatal cholinergic interneurons,unclear,0.7,"Selective SCIN ablation results in an increase of the functional connectivity between different cortical areas and the motor, but not associative, region of the striatum.",yes,,yes,yes,no,,,,,,,,,,llama-3.1-8b-instruct,2,keep,yes,yes,yes,yes,yes,no,impulsivity (general),functional connectivity,increased,"The sentence clearly supports the claim by stating an increase in functional connectivity, which is a specific direction. The phenotype of impulsivity (general) is also supported, as it is implied by the context of the study. The feature type of functional connectivity is also supported, as it is explicitly mentioned in the sentence. The relationship of associated_with is supported, as the sentence describes a change in functional connectivity. The direction of increased is supported, as it is explicitly stated in the sentence. The directness of direct is supported, as the sentence names both the phenotype and feature.",
682,37113158,Brain motion networks predict head motion during rest- and task-fMRI.,2023,Frontiers in neuroscience,motor impulsivity functional connectivity,unknown,functional connectivity,unknown,unknown,predicts,unclear,,background,0.7,"Parametric testing, as well as CPM-based permutations for null hypothesis testing, revealed strong linear associations between observed and predicted values of head motion.",yes,,yes,yes,yes,,,,,,,,,,llama-3.1-8b-instruct,0,drop,no,no,no,no,no,no,,,,"The sentence does not mention a phenotype or a feature, and it does not establish a relationship between them.",
683,29992242,Reorganization of cortical oscillatory dynamics underlying disinhibition in frontotemporal dementia.,2018,Brain : a journal of neurology,motor impulsivity functional connectivity,unknown,functional connectivity,unknown,frontotemporal dementia,associated_with,unclear,altered cross-frequency coupling,unclear,0.8,"We predicted that in frontotemporal dementia, core functional deficits such as disinhibition would be associated with differences in the frequency spectrum and altered cross-frequency coupling between frontal cortical regions.",yes,,yes,yes,no,,,,,,,,,,llama-3.1-8b-instruct,1,revise,yes,yes,yes,no,no,no,disinhibition,frequency spectrum and altered cross-frequency coupling,associated with,"The sentence partially supports the claim but needs revision or is indirect. The phenotype is mentioned as 'core functional deficits such as disinhibition', which is a more specific claim than the extracted phenotype 'unknown'. The feature is mentioned as 'differences in the frequency spectrum and altered cross-frequency coupling', which is a more specific claim than the extracted feature type 'functional connectivity'. The relationship is mentioned as 'associated with', which is a more specific claim than the extracted relationship 'associated_with'. The direction is unclear in the sentence, so it cannot be supported. The directness is also unclear in the sentence, so it cannot be supported.",
684,28826495,Anatomical and functional organization of the human substantia nigra and its connections.,2017,eLife,motor impulsivity functional connectivity,unknown,functional connectivity,motor impulsivity,unknown,associated_with,unclear,,direct,0.8,"The lateral SN connects with somatomotor regions of striatum and cortex and also encodes salience. Behavioral measures from delay discounting and flanker tasks supported a role for the value-coding medial SN network in decisional impulsivity, while the salience-coding ventral SN network was associated with motor impulsivity.",yes,,yes,yes,yes,,,,,,,,,,llama-3.1-8b-instruct,1,revise,yes,yes,yes,no,yes,no,motor impulsivity,functional connectivity,associated with,"The sentence partially supports the claim because it directly associates motor impulsivity with functional connectivity, but the direction of the association is unclear. The corrected phenotype, feature type, and direction are provided based on the relevant part of the sentence.",
685,36185399,Geometric basis of action potential of skeletal muscle cells and neurons.,2022,Open life sciences,motor impulsivity functional connectivity,unknown,unknown,unknown,unknown,unknown,unclear,,background,0.0,"The action potential of motor nerve fibers has the characteristics of a time curve manifold, and this time-manifold curve of motor nerve fibers comes from the visual cortex in which spatial geometric manifolds are formed within the synaptic connection of neurons.",yes,,yes,yes,yes,,,,,,,,,,llama-3.1-8b-instruct,0,drop,no,no,no,no,no,no,,,,"The sentence does not mention a specific phenotype or feature, and it does not establish a relationship between them. It also does not provide a clear direction or directness.",
686,38676689,[Associations of serum neuromarkers with clinical features of Parkinson's disease].,2024,Zhurnal nevrologii i psikhiatrii imeni S.S. Korsakova,motor impulsivity functional connectivity,unknown,unknown,motor impulsivity,Parkinson's disease,associated_with,unclear,unknown,background,0.7,"There were correlations between BDNF concentration and the severity of impulsive behavioral disorders (r=0.500, p<0.001)",yes,,yes,yes,no,,,,,,,,,,llama-3.1-8b-instruct,1,revise,yes,yes,yes,no,no,no,motor impulsivity,behavioral disorder severity,positive,"The sentence supports the phenotype and relationship, but the direction is unclear and the feature type is not exactly the same as the extracted claim. The corrected phenotype and feature type are based on the sentence, and the corrected direction is inferred from the positive correlation.",
687,19048104,Functional connectivity in tactile object discrimination: a principal component analysis of an event related fMRI-Study.,2008,PloS one,motor impulsivity functional connectivity,unknown,functional connectivity,unknown,unknown,associated_with,unclear,,unclear,0.5,"Tactile object discrimination is an essential human skill that relies on functional connectivity between the neural substrates of motor, somatosensory and supramodal areas.",yes,,yes,yes,yes,,,,,,,,,,llama-3.1-8b-instruct,1,revise,yes,yes,yes,no,no,no,tactile object discrimination,functional connectivity,,"The sentence partially supports the claim, but the direction and directness are unclear. The phenotype and feature are mentioned, but the relationship is not explicitly stated. The corrected phenotype and feature type are provided.",
688,33022684,Anatomy of Trigeminal Neuromodulation Targets: From Periphery to the Brain.,2020,Progress in neurological surgery,motor impulsivity functional connectivity,unknown,unknown,unknown,unknown,unknown,unclear,electrical neuromodulation,background,0.3,Electrical neuromodulation refers to adjustable manipulation of the central or peripheral pain pathways using electrical current for the purpose of reversible modification of the function of the nociceptive system through the use of implantable devices.,yes,,yes,yes,yes,,,,,,,,,,llama-3.1-8b-instruct,0,drop,no,no,no,unclear,no,no,,,,The sentence does not support the claim as it is background information about electrical neuromodulation and does not mention a phenotype-feature association.,
689,40767014,Functional and Diffusion-Based Microstructural Correlates in Cortical and Subcortical Substrates of Motor Performance of a Complex Visuomotor Task in Middle-Aged Adults.,2025,Journal of integrative neuroscience,motor impulsivity functional connectivity,unknown,unknown,unknown,unknown,unknown,unclear,,background,0.3,"There were also significant training-induced changes in functional activity in cerebellar, cortical and subcortical brain regions.",yes,,yes,yes,yes,,,,,,,,,,llama-3.1-8b-instruct,0,drop,no,no,no,no,no,no,,,,"The sentence does not mention a specific phenotype or feature, and the relationship is unclear.",
690,29773045,A Review on Functional Electrical Stimulation in Tetraplegic Patients to Restore Hand Function.,2017,Journal of long-term effects of medical implants,motor impulsivity functional connectivity,unknown,unknown,unknown,unknown,unknown,unclear,,unclear,0.0,,yes,,yes,no,unclear,,,,,,,,,,llama-3.1-8b-instruct,0,drop,no,no,no,no,no,no,,,,"The sentence does not support the structured claim as it does not provide any information about a specific phenotype, feature, relationship, or direction.",
691,26190986,Mindful movement and skilled attention.,2015,Frontiers in human neuroscience,motor impulsivity functional connectivity,unknown,functional connectivity,impulsivity (general),unknown,associated_with,unclear,,unclear,0.6,Deficient motor control correlates with impaired (disinhibited) behavioral control contributing to defining features of excessive distractibility and impulsivity.,yes,,yes,yes,no,,,,,,,,,,llama-3.1-8b-instruct,2,keep,yes,yes,yes,yes,yes,no,impulsivity (general),functional connectivity,associated with,"The sentence clearly supports the extracted claim by stating a correlation between deficient motor control and impaired behavioral control, which is associated with impulsivity.",
692,27343257,Atomoxetine restores the response inhibition network in Parkinson's disease.,2016,Brain : a journal of neurology,motor impulsivity functional connectivity,unknown,functional connectivity,nonplanning impulsivity,Parkinson's disease,restores,higher,noradrenergic denervation,direct,0.8,"We found that the normal interaction between pre-supplementary motor cortex and the inferior frontal gyrus was absent in Parkinson's disease patients on placebo (despite dopaminergic therapy), but this connection was restored by atomoxetine.",yes,,yes,yes,yes,,,,,,,,,,llama-3.1-8b-instruct,2,keep,yes,yes,yes,yes,yes,no,nonplanning impulsivity,functional connectivity,lower,The sentence directly supports the claim by stating that the connection between pre-supplementary motor cortex and the inferior frontal gyrus was restored by atomoxetine in Parkinson's disease patients.,
693,19940844,"Probing compulsive and impulsive behaviors, from animal models to endophenotypes: a narrative review.",2010,Neuropsychopharmacology : official publication of the American College of Neuropsychopharmacology,motor impulsivity functional connectivity,unknown,functional connectivity,impulsivity (general),unknown,associated_with,unclear,unclear,unclear,0.6,Failures in cortical control of fronto-striatal neural circuits may underpin impulsive and compulsive acts.,yes,,yes,yes,yes,,,,,,,,,,llama-3.1-8b-instruct,1,revise,yes,no,yes,no,no,no,impulsivity (general),functional connectivity,,"The sentence partially supports the claim, but the feature type is not explicitly mentioned as 'functional connectivity'. The direction is also unclear.",
694,37190759,Connectome-based prediction of craving in gambling disorder and cocaine use disorder.,2023,Dialogues in clinical neuroscience,motor impulsivity functional connectivity,unknown,functional connectivity,impulsivity (general),unknown,predicts,unclear,,unclear,0.7,Craving was predicted by neural connectivity across disorders.,yes,,yes,yes,yes,,,,,,,,,,llama-3.1-8b-instruct,1,revise,yes,yes,yes,no,no,no,impulsivity (general),functional connectivity,unclear,"The sentence partially supports the claim but needs revision or is indirect. The phenotype and feature are mentioned, but the direction and directness are unclear.",
695,31907881,Human Brain Imaging Links Dopaminergic Systems to Impulsivity.,2020,Current topics in behavioral neurosciences,motor impulsivity functional connectivity,unknown,functional connectivity,motor impulsivity,unknown,associated_with,higher,dopaminergic,direct,0.9,"Strong evidence links striatal dopaminergic function with impulsivity, measured by self-reports and laboratory tests of cognitive control and reward-based decision-making.",yes,,yes,yes,no,,,,,,,,,,llama-3.1-8b-instruct,2,keep,yes,yes,yes,yes,yes,no,motor impulsivity,functional connectivity,higher,"The sentence directly links striatal dopaminergic function to impulsivity, which matches the extracted claim's phenotype and feature. The direction of higher is also supported. The directness is supported as the sentence names both phenotype (impulsivity) and feature (striatal dopaminergic function).",
696,18803315,Biology and pathology of nonmyelinating Schwann cells.,2008,Glia,motor impulsivity functional connectivity,unknown,unknown,unknown,unknown,unknown,unclear,,background,0.2,"The CNS contains relatively few unmyelinated nerve fibers, and thus benefits from the advantages that are conferred by myelination, including faster conduction velocities, lower energy consumption for impulse transmission, and greater stability of point-to-point connectivity.",yes,,yes,yes,yes,,,,,,,,,,llama-3.1-8b-instruct,0,drop,no,no,no,no,no,no,,,,"The sentence does not mention a phenotype-feature association, and it is background information about the CNS.",
697,23206930,Reward circuit connectivity relates to delay discounting in children with attention-deficit/hyperactivity disorder.,2013,European neuropsychopharmacology : the journal of the European College of Neuropsychopharmacology,ADHD impulsivity resting-state fMRI connectivity,unknown,functional connectivity,impulsivity (general),Attention-deficit/hyperactivity disorder (ADHD),associated_with,higher,altered processing of anticipated rewards,direct,0.8,We found that functional connectivity of NAcc was atypical in children with ADHD and the ADHD-related increased connectivity between NAcc and the prefrontal cortex was associated with greater impulsivity (steeper delayed-reward discounting).,yes,,yes,yes,yes,,,,,,,,,,llama-3.1-8b-instruct,2,keep,yes,yes,yes,yes,yes,no,impulsivity (general),functional connectivity,higher,,
698,28938222,Inter-hemispherical asymmetry in default-mode functional connectivity and BAIAP2 gene are associated with anger expression in ADHD adults.,2017,Psychiatry research. Neuroimaging,ADHD impulsivity resting-state fMRI connectivity,unknown,functional connectivity,impulsivity (general),ADHD,associated_with,unclear,unknown,unclear,0.7,We investigated the association between BAIAP2 polymorphisms and DMN functional connectivity (FC) asymmetry as well as behavioral measures in ADHD adults.,yes,,yes,yes,yes,,,,,,,,,,llama-3.1-8b-instruct,1,revise,yes,yes,yes,no,no,no,impulsivity (general),functional connectivity,,"The sentence partially supports the claim but needs revision or is indirect. The phenotype and feature are mentioned, but the direction and directness are unclear.",
699,30374665,"Peer influence, Frontostriatal connectivity, and delay discounting in African American emerging adults.",2020,Brain imaging and behavior,ADHD impulsivity resting-state fMRI connectivity,unknown,functional connectivity,impulsivity (general),ADHD,associated_with,lower,unknown,direct,0.8,"Greater (i.e., more positive) frontostriatal rsFC was associated with decreased delay discounting (i.e., less impulsive decision making).",yes,,yes,yes,yes,,,,,,,,,,llama-3.1-8b-instruct,2,keep,yes,yes,yes,yes,yes,no,impulsivity (general),functional connectivity,lower,"The sentence clearly supports the extracted claim, mentioning a direct association between frontostriatal rsFC and decreased delay discounting, which is related to impulsivity.",
700,33304251,Neural Basis of Increased Cognitive Control of Impulsivity During the Mid-Luteal Phase Relative to the Late Follicular Phase of the Menstrual Cycle.,2020,Frontiers in human neuroscience,ADHD impulsivity resting-state fMRI connectivity,unknown,functional connectivity,impulsivity (general),unknown,associated_with,unclear,,unclear,0.7,"Discount rate (transformed k) correlated with functional connectivity between the DS and dorsal lateral prefrontal cortex (dlPFC), consistent with previous findings indicating that DS-dlPFC circuitry may regulate impulsivity.",yes,,yes,yes,yes,,,,,,,,,,llama-3.1-8b-instruct,2,keep,yes,yes,yes,yes,yes,no,impulsivity (general),functional connectivity,associated_with,"The sentence clearly supports the extracted claim by mentioning a correlation between the phenotype (impulsivity) and the feature (functional connectivity between DS and dlPFC), which is consistent with the relationship (associated_with). The direction is also supported as it implies a positive association. The directness is supported as both phenotype and feature are named in the sentence.",
