pmid,title,response,mentions_pmid,has_anchored_sentence,unparseable_as_schema,error
39315326,Resting-state brain networks alterations in adolescents with Internet Gaming Disorder associate with cognitive control impairments.,"This study (PMID: 39315326) investigated the neural mechanisms underlying cognitive control impairments in adolescents with Internet Gaming Disorder (IGD). The researchers found that impulsivity in adolescent IGD subjects was positively correlated with the severity of IGD, and was associated with alterations in the Executive Control Network (ECN) and the Salience Network (SN). Specifically, decreased functional connectivity between the SN and ECN, as well as decreased resting state activity of the dorsal attention network (DAN), were linked to attentional dysregulation and impulsivity in adolescents with IGD. Notably, the degree of IGD was positively correlated with enhanced functional connectivity between the ECN and DAN. These findings suggest that changes in the ECN and DAN may contribute to the development of impulsivity and attentional deficits in adolescents with IGD. The study's results provide new insights into the neurobiological mechanisms underlying cognitive control impairments in IGD, and highlight the importance of examining the relationship between cognitive control disorders and resting-state brain networks in this population.",True,False,True,
35040662,Role of White Matter Microstructure in Impulsive Behavior.,"A recent study (PMID: 35040662) investigated the relationship between white matter microstructure and impulsivity in healthy individuals. The researchers used diffusion tensor imaging (DTI) to examine the association between impulsivity and white matter fractional anisotropy (FA) values in 74 healthy adults. 

The results showed that whole-brain FA was inversely correlated with motor impulsiveness and positively correlated with nonplanning impulsiveness. Specifically, motor impulsiveness was associated with lower FA values in the corticospinal tract, while nonplanning impulsiveness was linked to higher FA values in the superior fronto-occipital fasciculus. These findings suggest that impulsivity is a network-based construct involving white matter microstructural integrity, and that specific white matter tracts may be involved in different aspects of impulsivity.

This study provides evidence that altered white matter microstructure may underlie normal individual variability in impulsive behaviors, and highlights the importance of considering the neural basis of impulsivity in both healthy and clinical populations. The findings have implications for the development of novel treatments targeting white matter microstructure to reduce impulsivity in individuals with neuropsychiatric illnesses.",True,False,True,
39796107,The Relationship Between Impulsivity Traits and In Vivo Cerebral Serotonin Transporter and Serotonin 2A Receptor Binding in Healthy Individuals: A Double-Tracer PET Study with C-11 DASB and C-11 MDL100907.,"A recent study (PMID: 39796107) investigated the relationship between impulsivity traits and serotonergic activity in healthy individuals using positron emission tomography (PET) with two tracers: [11C]DASB and [11C]MDL100907. The study found that non-planning impulsiveness was positively correlated with 5-HT2A receptor binding potential (BPND) in several brain regions, including the caudate, prefrontal cortex, and amygdala. These findings suggest that impulsivity traits may be associated with serotonergic neurotransmission, particularly 5-HT2A receptor-mediated postsynaptic signaling. The study's results also indicate that motor impulsiveness was positively correlated with serotonin transporter binding potential in the caudate. Overall, this study provides evidence that impulsivity is linked to altered serotonergic activity in key brain regions involved in executive function, judgment, and inhibitory control.",True,False,True,
29337234,Electrophysiological Activity Prior to Self-initiated Movements is Related to Impulsive Personality Traits.,"A recent neuroimaging study (PMID: 29337234) investigated the relationship between impulsivity and neural activity prior to self-initiated movements. The study found a positive correlation between impulsivity, as measured by the Barratt Impulsiveness Scale (BIS-11), and motor system excitability during movement preparation. Specifically, individuals with higher impulsivity scores showed an earlier negative rising phase and greater amplitude of the readiness potential (RP), a neural signal associated with motor preparation. These findings suggest that trait impulsivity may be characterized by less effective preparatory inhibition mechanisms, which could contribute to the control of behavior. This study provides evidence that impulsivity is related to differences in neural activity prior to movement onset, and highlights the potential role of neuroimaging in understanding the neural mechanisms underlying impulsive behavior.",True,False,True,
12860356,"Impulsivity, gender, and response to fenfluramine challenge in borderline personality disorder.","A PubMed abstract (PMID: 12860356) suggests that impulsivity in borderline personality disorder (BPD) is linked to reduced central serotonergic function. A study of 64 BPD subjects (20 males, 44 females) and 57 controls found that male BPD subjects had lower prolactin responses to a fenfluramine challenge compared to male controls. 

The study also found that impulsivity and aggression predicted prolactin responses, and that when impulsivity was accounted for, the effect of BPD diagnosis on prolactin response was eliminated. Furthermore, impulsivity and aggression were inversely related to prolactin responses in male but not female subjects. 

These findings suggest that impulsivity may be a key factor in the relationship between BPD and central serotonergic function, and that gender differences in this relationship may exist. The study's results have implications for understanding the neurobiological basis of impulsivity in BPD and for developing targeted treatments for this population.",True,False,True,
39424632,Enhanced ADHD classification through deep learning and dynamic resting state fMRI analysis.,"This study (PMID: 39424632) investigated the use of deep learning and dynamic resting-state functional magnetic resonance imaging (rs-fMRI) analysis to classify Attention Deficit Hyperactivity Disorder (ADHD) from typically developing children (TDC). The researchers developed a novel deep learning-based network, Skip-Vote-Net, which leveraged dynamic connectivity analysis on rs-fMRI data to classify ADHD subtypes.

The study found that Skip-Vote-Net achieved high classification accuracies for ADHD, particularly in distinguishing between the inattentive subtype (ADHDI) and the predominantly combined subtype (ADHDC). The results suggest that dynamic changes in functional connectivity patterns among ADHD children can be effectively captured using Skip-Vote-Net, which may have potential as an effective diagnostic tool for identifying ADHD subtypes and distinguishing ADHD from TDC.

Notably, the study highlights the importance of impulsivity in ADHD, as it is a core symptom of the disorder. The use of rs-fMRI analysis and deep learning-based networks like Skip-Vote-Net may provide valuable insights into the neural mechanisms underlying impulsivity in ADHD, which could inform the development of more effective treatments.

Overall, this study contributes to the growing body of evidence on the use of neuroimaging techniques, such as rs",True,False,True,
32035425,Ventromedial prefrontal value signals and functional connectivity during decision-making in suicidal behavior and impulsivity.,"This study (PMID: 32035425) investigated the neural underpinnings of impulsivity and suicidal behavior using neuroimaging techniques. The researchers found that individuals with a history of suicide attempts showed reduced ventromedial prefrontal cortex (vmPFC) value activation during decision-making tasks compared to nonpsychiatric controls. 

The study also explored the relationship between impulsivity and vmPFC-frontoparietal connectivity in nonpsychiatric controls and compared it among patient groups. The results showed that impulsivity negatively moderated vmPFC-frontoparietal connectivity in nonpsychiatric controls, but this effect was abolished in individuals with a history of suicide attempts. 

These findings suggest that disrupted vmPFC value signals and altered vmPFC-frontoparietal connectivity patterns may contribute to the development of suicidal behavior in individuals with impulsivity. The study's results highlight the importance of considering the neural mechanisms underlying impulsivity and suicidal behavior in the development of effective treatments. 

The study's findings also suggest that the relationship between impulsivity and vmPFC-frontoparietal connectivity is specific to the vmPFC and not the striatum, which may have implications for the development of targeted interventions for individuals with suicidal behavior and impulsivity.",True,False,True,
29442271,Exploring variability in basal ganglia connectivity with functional MRI in healthy aging.,"A recent study (PMID: 29442271) investigated the relationship between functional connectivity within the basal ganglia network (BGN) and various factors in healthy older adults. The study found that age was the only consistent correlate of BGN functional connectivity, with older adults showing reduced connectivity. 

Interestingly, the study also explored the relationship between BGN functional connectivity and impulsivity, but found no significant association. This suggests that impulsivity may not be directly linked to changes in BGN functional connectivity in healthy aging. 

The study's findings are in line with previous research suggesting that changes in BGN functional connectivity are more closely related to age-related alterations in the dopaminergic system rather than other factors such as impulsivity. 

This study's results have implications for our understanding of the neural mechanisms underlying healthy aging and the potential impact of age-related changes on brain function. However, further research is needed to fully understand the relationship between BGN functional connectivity and impulsivity in both healthy and diseased populations.",True,False,True,
26745144,Head Motion and Inattention/Hyperactivity Share Common Genetic Influences: Implications for fMRI Studies of ADHD.,"This study (PMID: 26745144) investigated the relationship between head motion (HM) and impulsivity/hyperactivity in individuals with Attention Deficit Hyperactivity Disorder (ADHD). The researchers used neuroimaging data from resting-state functional MRI (fMRI) and maternal and self-report measures of impulsivity/hyperactivity from the Strengths and Weaknesses of ADHD Symptoms and Normal Behaviour (SWAN) scales. 

The study found that HM was moderately correlated with maternal reports of impulsivity/hyperactivity, suggesting a shared genetic influence. Specifically, the genetic correlations between HM and impulsivity/hyperactivity were 0.24 and 0.23, indicating that a significant portion of the association between HM and impulsivity/hyperactivity can be attributed to pleiotropic genetic factors. 

The study's findings have important implications for fMRI studies of ADHD, as treating HM as a nuisance covariate may reduce power to detect between-group effects and increase the likelihood of false positives. To address this issue, the researchers suggest two potential solutions: censoring motion-contaminated frames of the RS-fMRI scan or explicitly modeling the relationship between HM and impulsivity/hyperactivity. 

Overall, this study highlights the need to consider the relationship between HM and impulsivity/hyperactivity",True,False,True,
38018143,Converging Evidence for Frontopolar Cortex as a Target for Neuromodulation in Addiction Treatment.,"Evidence Summary: Impulsivity and Neuroimaging

Recent neuroimaging studies suggest that the frontopolar cortex may be a key region for targeting in addiction treatment. This area has been identified as a promising therapeutic target for transcranial brain stimulation in substance use disorders, supported by converging multimodal evidence from lesion-based maps, functional MRI-based maps, tES studies, TMS studies, and dose-response relationships (PMID: 38018143). 

The frontopolar cortex has been implicated in impulsivity, a common trait among individuals with substance use disorders. By targeting this region with transcranial brain stimulation, clinicians may be able to improve clinical outcomes in individuals with substance use disorders. The review highlights the importance of considering interindividual variations in brain state and trait, as well as electric field distribution patterns, when tailoring treatment. This approach may lead to improved treatment outcomes through optimization of treatment dimensions such as context, target, dose, and timing.",True,False,True,
36747838,Individual Differences in Delay Discounting are Associated with Dorsal Prefrontal Cortex Connectivity in Youth.,"This study investigated the neural basis of impulsivity in youth, specifically examining the relationship between delay discounting and functional connectivity in the brain. 

The researchers found that individual differences in delay discounting, a measure of impulsive choice, were associated with patterns of connectivity emanating from the left dorsal prefrontal cortex (DPC), a key region of the default mode network. 

Notably, delay discounting was linked to increased connectivity between the DPC and other parts of the default mode network, as well as reduced connectivity with regions involved in attentional and cognitive control, such as the dorsal and ventral attention networks. 

These findings suggest that impulsivity in youth may be related to altered functional connectivity within and between key brain networks, including the default mode network and attentional networks. 

This study contributes to our understanding of the neural mechanisms underlying impulsivity and may have implications for the development of targeted interventions to reduce impulsive behavior in youth. 

The study's use of resting-state fMRI and multivariate analysis techniques provides a comprehensive and nuanced understanding of the complex relationships between brain function and behavior. 

Overall, this research highlights the importance of considering individual differences in brain function when studying impulsivity and suggests that a more detailed understanding of the neural basis of impulsivity may be critical for the development",False,False,True,
39284401,"Transcranial Magnetic Stimulation-Induced Plasticity Improving Cognitive Control in Obsessive-Compulsive Disorder, Part II: Task-Based Neural Predictors of Treatment Response.","This study (39284401) investigated the use of task-based functional magnetic resonance imaging (fMRI) to predict clinical outcomes in obsessive-compulsive disorder (OCD) patients undergoing repetitive transcranial magnetic stimulation (rTMS) combined with exposure with response prevention psychotherapy. 

The study found that pretreatment fMRI-derived measures of task-related brain activation and connectivity during planning and inhibitory control tasks were associated with clinical response to rTMS in OCD patients. Specifically, higher activation in task-relevant regions and lower error-related activation were correlated with better short-term clinical improvement in the vertex group. In contrast, lower precuneus activation with increased planning taskload was associated with symptom reduction in the dorsolateral prefrontal cortex group, while higher error-related activation and lower inhibition-related insular-amygdalar connectivity were linked to symptom reduction in the presupplementary motor area group.

These findings suggest that neuroimaging measures of impulsivity and cognitive control, such as task-related brain activation and connectivity, may be useful in predicting treatment response to rTMS in OCD patients. However, the study's results also highlight the importance of considering individual differences in brain function and the need for larger sample sizes and placebo-controlled trials to further validate these findings.",True,False,True,
35277392,Prefrontal Cortical Connectivity Mediates Locus Coeruleus Noradrenergic Regulation of Inhibitory Control in Older Adults.,"This study (35277392) investigated the relationship between impulsivity and neuroimaging in older adults. The researchers used magnetic resonance imaging (MRI) to examine the integrity of the locus coeruleus noradrenergic system, which is responsible for regulating inhibitory control. They found that better response inhibition was correlated with locus coeruleus integrity and stronger connectivity between the presupplementary motor area (preSMA) and right inferior frontal gyrus (rIFG). 

The study's results suggest that the locus coeruleus noradrenergic system plays a significant role in regulating inhibitory control, and that this effect is mediated by prefrontal cortical connectivity. The researchers also found that age moderated the relationship between locus coeruleus integrity and inhibitory control, indicating that the effect of the locus coeruleus on behavior changes with age.

These findings provide evidence that impulsivity is associated with differences in brain structure and function, specifically in the locus coeruleus and prefrontal cortex. The study's results have implications for the development of treatment strategies for impulsive clinical populations, and suggest that age and locus coeruleus integrity may be important factors to consider when designing these interventions.",True,False,True,
29454934,Time scale properties of task and resting-state functional connectivity: Detrended partial cross-correlation analysis.,"This study (PMID: 29454934) investigated the time scale properties of functional connectivity in the brain during rest and task states using fMRI data from 68 subjects. The researchers employed a novel measure, detrended partial cross-correlation analysis (DPCCA), to examine correlations between brain regions at different time scales. 

The results showed that the time scales of within-network connectivity in the default mode network (DMN) and task networks were modulated in opposite directions across rest and task states. Specifically, the time scale increased during rest compared to task in the DMN, while it decreased in task networks.

Notably, the study found a significant correlation between the within-network connectivity time scale of the pre-supplementary motor area (a region critical for proactive inhibitory control) and impulsivity. The results showed that individuals with higher impulsivity (as measured by the Barratt impulsivity scale) had shorter within-network connectivity time scales in this region, which was also associated with longer stop signal reaction times. 

These findings suggest that the time scale properties of brain networks may vary across mental states and provide evidence for the role of low-frequency fluctuations of BOLD signals in behavioral control, particularly in relation to impulsivity.",True,False,True,
40630648,Identifying a Biological Signature of Trauma-Related Neurodegeneration Following Repeated Traumatic Brain Injuries Compared with Healthy Controls.,"This study investigated the relationship between repeated traumatic brain injuries (TBIs) and neurodegeneration, comparing participants with a history of TBIs to healthy controls. The study found that despite a higher symptom burden, participants with TBIs did not exhibit significant differences in core diagnostic biomarkers for Alzheimer's disease (AD) compared to controls. However, volumetrics in critical brain regions, particularly the amygdala, were associated with several symptom domains in the TBI group.

Notably, the study found that impulsivity, as measured by the Barratt Impulsivity Scale (BIS), was associated with amygdala normative percentile and/or amygdala asymmetry index in the TBI group. This suggests that impulsivity may be linked to changes in the amygdala, a region critical for emotional processing and regulation.

The study's findings have implications for the development of early biomarkers for chronic symptom burden in individuals with a history of TBIs. While PET scans may not be sensitive enough to detect neuropathology in this population, volumetrics in critical brain regions, such as the amygdala, may provide a more viable early indicator of chronic symptom burden.

Overall, this study highlights the complex relationship between TBIs, neurodegeneration, and symptom burden, and underscores the need for further",False,False,True,
14572528,Response inhibition and impulsivity: an fMRI study.,"This 2003 fMRI study (PMID: 14572528) investigated the neural correlates of response inhibition in 19 normal subjects performing a Go/NoGo task. The study found that response inhibition was most prominent in the right lateral orbitofrontal cortex, with additional activation in the superior temporal gyrus, medial orbitofrontal cortex, cingulate gyrus, and inferior parietal lobule, predominantly on the right side.

The study also explored the relationship between impulsivity and neural response during response inhibition. Results showed that subjects with greater impulsivity scores and those who made more errors had greater activation of paralimbic areas, while less impulsive individuals and those with fewer errors activated higher order association areas. Notably, the study found a strong association between posterior orbital activation and Eysenck's impulsivity score, suggesting that greater engagement of the right orbitofrontal cortex is needed to maintain behavioral inhibition in impulsive individuals.

Interestingly, the study found that lower IQ was a more significant predictor of errors of commission during the task than impulsivity scores. The study's findings suggest that neuroimaging of brain activity during response inhibition tasks may be useful in understanding the functional neuroanatomy and associated neurochemistry of response inhibition, and may also inform the development",True,False,True,
33426970,Add-on repetitive transcranial magnetic stimulation in patients with opioid use disorder undergoing methadone maintenance therapy.,"This study examined the effects of repetitive transcranial magnetic stimulation (rTMS) on individuals with opioid use disorder (OUD) undergoing methadone maintenance therapy (MMT). The results suggest that rTMS may have a beneficial effect on impulsivity, as measured by the Barratt Impulsiveness Scale-11 (BIS-11), particularly in the attentional subscale. The active rTMS group showed significant improvements in BIS-11 attentional subscales compared to the sham group (P = 0.04). Additionally, the active rTMS group had lower commission T-scores (C-TS) on the Continuous Performance Tests (CPTs), indicating improved attention (P = 0.02). These findings suggest that rTMS may be a useful adjunctive treatment for reducing impulsivity and improving attention in individuals with OUD. 

The study also found that rTMS had a significant effect on depressive symptoms, as measured by the Hamilton Depression Rating Scale (HDRS), with the active rTMS group showing significant improvements compared to the sham group (P = 0.003). However, rTMS did not appear to have a significant effect on craving or heroin use behavior. Overall, the results of this study suggest that rT",False,False,True,
41098388,Functional connectivity in resting-state fMRI (rs-fMRI) in opioid use disorder.,"This evidence summary focuses on the relationship between impulsivity and neuroimaging, specifically resting-state functional magnetic resonance imaging (rs-fMRI), in individuals with opioid use disorder.

Research has shown that individuals with opioid addiction exhibit significant disruptions in functional connectivity within key brain networks, including the default mode network (DMN) and salience network (SN) (PMID: 41098388). These networks are involved in cognitive functions such as decision-making and impulse control. The DMN is responsible for introspection and self-reflection, while the SN is involved in detecting and responding to salient stimuli.

The study found that individuals with opioid addiction had altered functional connectivity within these networks, which may contribute to impulsivity and other cognitive deficits. The DMN and SN are critical for regulating impulse control, and disruptions in these networks may lead to impulsive behaviors.

The use of rs-fMRI has provided valuable insights into the neural mechanisms underlying opioid addiction and impulsivity. This non-invasive imaging technique allows researchers to examine functional connectivity in the brain while participants are at rest, providing a unique window into the neural networks involved in addiction and impulsivity.

Overall, the findings of this study highlight the importance of standardizing research practices and conducting longitudinal randomized studies to better understand the effects of opioid addiction on brain function and",True,False,True,
24834038,Brain functional connectivity changes in children that differ in impulsivity temperamental trait.,"This study (PMID: 24834038) investigated the relationship between impulsivity and brain functional connectivity in typically developing children. The researchers used magnetic resonance imaging (MRI) to measure brain activity at rest and related it to impulsivity scores obtained from parents' questionnaires. 

Key findings include two default mode network (DMN) clusters, located at the posterior cingulate cortex and the right angular gyrus, which showed a negative correlation with impulsivity scores. The study also found that the impulsivity trait modulated the pattern of functional connectivity between the DMN and other brain networks, particularly reducing the anti-phasic relation between the DMN and action-related networks in high impulsive children.

These results suggest that impulsivity, as a personality trait, has a modulatory influence on the functional connectivity of resting-state brain networks in children. This study bridges the gap between developmental approaches and behavioral neuroscience by linking questionnaire-based data with brain structure and function. The findings provide evidence that impulsivity is associated with altered brain connectivity patterns, which may contribute to the development of behavioral problems in children.",True,False,True,
28189592,Dissociable frontostriatal white matter connectivity underlies reward and motor impulsivity.,"A recent neuroimaging study (28189592) investigated the relationship between frontostriatal white matter connectivity and impulsivity in healthy individuals. The study used diffusion imaging data and probabilistic tractography to examine the association between white matter tracts and reward and motor impulsivity measures.

Key findings suggest that individual differences in white matter connectivity between the ventral striatum and prefrontal cortex regions (ventromedial and dorsolateral) are associated with reward impulsivity, as measured by delay discounting. In contrast, connectivity between the dorsal striatum and supplementary motor area is linked to motor impulsivity.

These results indicate that different types of impulsivity may be driven by distinct frontostriatal neural circuitry, supporting the idea of dissociable neural mechanisms underlying various forms of impulsive behavior. The study's findings also highlight the importance of structural connectivity in explaining behavioral variation, suggesting that white matter tracts play a critical role in modulating impulsive tendencies.",True,False,True,
31886611,Dorsal striatal functional connectivity changes in Internet gaming disorder: A longitudinal magnetic resonance imaging study.,"This longitudinal magnetic resonance imaging (MRI) study investigated the neural correlates of internet gaming disorder (IGD) in young males. The study found that individuals with IGD exhibited altered functional connectivity (FC) in the dorsal striatum, a brain region involved in reward processing and impulse control. Specifically, they showed decreased FC between the left dorsal putamen and left medial prefrontal cortex (mPFC), suggesting a weakening of prefrontal control. In contrast, they exhibited increased FC between the right dorsal putamen and right middle occipital gyrus (MOG), indicating strengthening of the sensorimotor network.

These findings suggest that IGD may be associated with changes in the neural circuits underlying impulsivity and reward processing. The study's results also showed a significant correlation between changes in dorsal putamen-MOG FC and gaming time per day, indicating that the neural changes observed may be related to the severity of IGD.

The study's use of longitudinal MRI assessments allowed for the examination of changes in brain structure and function over time, providing valuable insights into the neural mechanisms underlying IGD. The findings have implications for the development of novel treatments for IGD, which may target the altered neural circuits involved in impulsivity and reward processing.",False,False,True,
28860514,Delay discounting is associated with the fractional amplitude of low-frequency fluctuations and resting-state functional connectivity in late adolescence.,"This study investigated the neural correlates of delay discounting (DD) in late adolescence using resting-state functional magnetic resonance imaging (RS-fMRI). The results showed that higher DD was associated with increased fractional amplitude of low-frequency fluctuations (fALFF) in the dorsal anterior cingulate cortex (dACC), a region involved in conflict monitoring and strategy adaptation. Additionally, DD was positively correlated with resting-state functional connectivity (RSFC) between the dACC and the left dorsolateral prefrontal cortex (DLPFC), a critical functional circuit in the cognitive control network.

These findings suggest that impulsivity, as measured by DD, is linked to altered neural activity and connectivity in regions involved in executive function and self-regulation. The study's results provide new insights into the neural basis of DD in adolescents and highlight the importance of considering individual differences in impulsivity when examining the neural correlates of decision-making.

The study's findings have implications for our understanding of the neural mechanisms underlying impulsivity and decision-making in adolescents. The results suggest that impulsivity may be associated with altered neural activity and connectivity in regions involved in executive function and self-regulation, and that these effects may persist even after adjusting for general intelligence and trait impulsivity. Further research is needed to replicate and extend these findings, and to explore",False,False,True,
34993375,Brain Networks Associated With COVID-19 Risk: Data From 3662 Participants.,"This study (PMID: 34993375) investigated the association between brain networks and COVID-19 risk in a large cohort of 3662 participants from the UK Biobank Resource. Using functional magnetic resonance imaging (fMRI) scans, the researchers identified six brain network fingerprints associated with COVID-19 positive status. The findings suggest that individuals with reduced connectivity in top-down attention and executive networks, such as the central executive and ventral salience networks, are at increased risk of COVID-19 infections. Conversely, increased internal connectivity within introspective and instinctive networks, such as the default mode, ventral salience, subcortical, and sensorimotor networks, was also linked to higher infection rates.

Notably, the study's results imply a potential link between brain network organization and impulsivity. The identified risk networks, characterized by reduced top-down control and increased internal connectivity, may be relevant to impulsivity and impulse control deficits. This is because top-down attention and executive networks are typically involved in regulating impulsive behaviors, whereas introspective and instinctive networks are often associated with automatic and impulsive processing. Therefore, the study's findings may have implications for the treatment of illnesses characterized by impulsivity, such as attention-deficit/hyperactivity disorder (ADHD).",True,False,True,
37561637,Abnormal frontostriatal connectivity and serotonin function in gambling disorder: A preliminary exploratory study.,"A recent study (PMID: 37561637) investigated the neurobiological mechanisms underlying gambling disorder, focusing on frontostriatal connectivity and neurotransmitter systems. The study found that individuals with gambling disorder exhibited abnormal frontostriatal connectivity, specifically a loss of functional connectivity between the right nucleus accumbens (NAcc) and the right dorsolateral prefrontal cortex (DLPFC). 

Notably, the study also found that serotonergic function, as measured by 11C-MADAM binding, was significantly altered in individuals with gambling disorder. Specifically, right NAcc 11C-MADAM binding potential correlated with attentional impulsivity in individuals with gambling disorder, suggesting a link between serotonergic function and impulsivity in this population.

These findings contribute to our understanding of the neurobiological mechanisms underlying gambling disorder and may have implications for the development of treatments targeting this condition. The study's results highlight the importance of frontostriatal connectivity and serotonergic function in the pathophysiology of gambling disorder, and suggest that impulsivity may be a key symptom that is closely tied to these neural mechanisms.",True,False,True,
22901705,Alterations in regional homogeneity of resting-state brain activity in internet gaming addicts.,"This study (PMID: 22901705) investigated the brain functions of internet gaming addicts (IGA) using resting-state functional magnetic resonance imaging (fMRI). The results showed that IGA subjects had altered regional homogeneity (ReHo) in various brain regions compared to healthy controls. Specifically, IGA subjects exhibited increased ReHo in brain regions associated with sensory-motor coordination, such as the brainstem, inferior parietal lobule, left posterior cerebellum, and left middle frontal gyrus. Conversely, they showed decreased ReHo in regions related to visual and auditory functions, including the temporal, occipital, and parietal lobes.

These findings suggest that long-term online gaming may lead to changes in brain activity patterns, particularly in regions involved in sensory-motor processing and regulation. The increased ReHo in sensory-motor coordination regions may indicate enhanced brain synchronization, potentially contributing to the addictive behavior. In contrast, the decreased ReHo in visual and auditory regions may reflect reduced excitability or decreased sensitivity to external stimuli, which could also contribute to the development of IGA.

Overall, this study provides evidence that impulsivity and neuroimaging are linked, as the altered brain activity patterns in IGA subjects may be related to the impulsive behavior associated with internet gaming",True,False,True,
41281564,Associations between structural injury and task-based corticomuscular connectivity after stroke.,"This study investigated the relationship between structural injury and task-based corticomuscular connectivity after stroke (PMID: 41281564). The researchers used electroencephalography (EEG) and electromyography (EMG) recordings during a grip task to assess corticomuscular coherence (CMC) in individuals with early subacute stroke. 

The study found that in individuals with mild-moderate corticospinal tract (CST) injury, greater injury was associated with higher CMC between specific cortical regions and muscles. Conversely, in individuals with higher CST integrity, CST integrity was positively related to CMC between other cortical regions and muscles. These findings suggest that post-stroke structural injury modulates task-based corticomuscular connectivity and highlight the complexity of structure-function relationships in stroke.

The study's results have implications for understanding the neural mechanisms underlying post-stroke recovery and may inform targeted rehabilitation strategies to optimize recovery. The findings also underscore the importance of considering individual differences in CST injury and integrity when investigating structure-function relationships in stroke.

The study's use of task-based functional connectivity measurements, which reflect synchronous activity between cortex and muscle, provides additional insight into the neural mechanisms underlying post-stroke recovery. The identification of specific cortical regions and muscles involved in adaptive and/or compensatory neuro",True,False,True,
38002468,Insula Connectivity Abnormalities Predict Impulsivity in Chronic Heroin Use Disorder: A Cross-Sectional Resting-State fMRI Study.,"A recent study (PMID: 38002468) investigated the neural correlates of impulsivity in individuals with chronic heroin use disorder (HUD) using resting-state functional magnetic resonance imaging (rs-fMRI). The study found that patients with HUD exhibited higher levels of trait impulsivity, particularly motor and nonplanning impulsivity, compared to healthy controls. 

The researchers used the insula as a seed point to examine the functional connectivity (FC) between the insula and the whole brain. They discovered that changes in FC between the right insula and certain brain regions, including the lateral occipital cortex and the right angular gyrus, were positively correlated with total trait impulsivity scores and specific impulsivity subtypes. Conversely, changes in FC between the left insula and the left superior frontal gyrus and left frontopolar brain region were negatively correlated with trait impulsivity.

These findings suggest that the insula may play a critical role in impulsivity and could serve as a potential biomarker for identifying trait impulsivity in patients with HUD. The study's results contribute to our understanding of the neural mechanisms underlying impulsivity in addiction and highlight the importance of examining the intrinsic factor structure of impulsivity in HUD.",True,False,True,
15309395,Negative correlation between right prefrontal activity during response inhibition and impulsiveness: a fMRI study.,"A study published in 2004 (PMID: 15309395) investigated the relationship between impulsivity and brain activity during a Go/No-Go task using functional magnetic resonance imaging (fMRI). The study found that individuals with higher motor impulsiveness showed reduced activity in the right dorsolateral prefrontal cortex (RDLPFC) during response inhibition. This suggests that the RDLPFC may play a key role in regulating impulsivity, with reduced activity in this region potentially contributing to impulsive behavior. The findings support the idea that neuroimaging can be used to identify individual differences in impulsivity and may have implications for understanding the neural mechanisms underlying impulsive behavior.",True,False,True,
34461353,Impulsivity is related to overhasty risk learning in attention-deficit/hyperactivity disorder: A computational psychiatric approach.,"A recent study (PMID: 34461353) investigated the relationship between impulsivity and risk-taking behavior in individuals with attention-deficit/hyperactivity disorder (ADHD). The researchers used a computational modeling approach and functional magnetic resonance imaging (fMRI) data to examine how impulsivity influences the cognitive process of risk learning. 

The study found that impulsivity, as measured by the Barratt Impulsiveness Scale (BIS), was significantly correlated with overhasty learning in ADHD patients. This suggests that individuals with higher impulsivity scores tend to update their beliefs more quickly during risk learning, leading to enhanced risk-taking behavior. 

Furthermore, the researchers created a connectome-based predictive model (CPM) using fMRI data to predict the degree of risk-learning bias. The model identified negatively correlated edges in the brain network, particularly in the frontal lobe, including the orbitofrontal area, as predictive of overhasty learning. 

These findings suggest that impulsivity in ADHD patients is associated with overhasty updating of beliefs during risk learning, and that weak functional connectivity to the frontal lobe, particularly the orbitofrontal area, may be a key factor in this process. The study's results provide new insights into the neural mechanisms underlying impulsivity and risk-taking behavior in",True,False,True,
28783574,Go/No-Go task performance predicts differences in compulsivity but not in impulsivity personality traits.,"A recent study (28783574) investigated the relationship between performance on the Go/No-Go task, a measure of response inhibition, and personality traits related to impulsivity and compulsivity. The study found that individuals who performed poorly on the task, as indicated by high false alarms, exhibited higher levels of compulsivity, as measured by the Maudsley Obsessional Compulsive Questionnaire (MOCI). Specifically, they displayed a high-risk strategy of responding and scored higher on the MOCI Total and Checking subscales. However, no significant relationship was found between task performance and impulsivity, as measured by the Barratt Impulsiveness Scale (BIS-11). These findings suggest that the Go/No-Go task may be more closely related to compulsivity than impulsivity, highlighting the need for further research to clarify the distinction between these two personality traits and to improve the convergence of clinical scales and behavioral measures.",True,False,True,
37673288,Resting-state functional magnetic resonance imaging alterations in borderline personality disorder: A systematic review.,"This systematic review of 15 resting-state functional magnetic resonance imaging (rs-fMRI) studies in borderline personality disorder (BPD) individuals found evidence of altered brain connectivity patterns. Specifically, aberrant resting-state functional connectivity was observed within and between the default mode network (DMN), salience network (SN), and central executive network (CEN) in individuals with BPD compared to healthy controls. 

Impulsivity, a key symptom of BPD, was not directly investigated in this review, but the identified brain regions, including the bilateral amygdala, anterior and posterior cingulate cortex, hippocampus, and prefrontal cortex, are involved in emotion regulation and impulse control. The findings suggest that these brain regions may be disrupted in individuals with BPD, contributing to the development of impulsivity and other clinical symptoms.

The review highlights the need for future studies to explore the neural correlates of BPD using multimodal methodologies and longitudinal designs. This could provide a better understanding of the complex relationships between brain function, impulsivity, and other symptoms of BPD.",False,False,True,
37887440,"Neurophysiological, Neuroimaging, and Neuropsychological Predictors of Human Alcoholism and Risk.","This evidence summary focuses on the relationship between impulsivity and neuroimaging in the context of alcohol use disorder (AUD). 

Impulsivity has been identified as a significant predictor of AUD, and various neuroimaging measures have been used to investigate its neural mechanisms. Studies have employed electroencephalogram (EEG) and event-related potentials/oscillations (ERPs/EROs) to examine the neural correlates of impulsivity in individuals with AUD. For instance, research has shown that delta event-related oscillations are related to a history of extreme binge drinking in adolescence and lifetime suicide risk (PMID: 37887440).

Additionally, functional magnetic resonance imaging (fMRI) has been used to investigate the neural mechanisms underlying response inhibition in individuals with AUD. Studies have found that resting-state fMRI functional connectivity of the reward network, neuropsychological performance, and impulsivity measures can differentiate individuals with and without AUD (PMID: 37887440).

Furthermore, epigenetic effects in HPA axis genes have been associated with cortical thickness, ERP components, and substance use disorder (SUD) outcome. These findings suggest that impulsivity is a complex trait influenced by multiple factors, including genetic and environmental factors.

Overall, the evidence suggests that impulsivity is a critical predictor of",True,False,True,
38468374,Functional connectivity alterations in individuals with gaming disorder assessed by functional magnetic resonance imaging: a systematic review.,"This systematic review of 18 studies (PMID: 38468374) examined the relationship between Internet Gaming Disorder (IGD) and alterations in brain connectivity using functional magnetic resonance imaging (fMRI). The review found significant changes in functional connectivity in various brain regions, including the prefrontal cortex, fronto-parietal regions, frontal gyrus, insula lobe, cingulate cortex, and striatum. These changes were associated with impulsivity, loss of inhibitory control in decision-making, and the transformation of leisure into dependence. The review highlights the need for more long-term studies that can be comparative between different age groups to better understand the effects of video game addiction across human development. The findings suggest that neuroimaging can be a valuable tool in identifying the neural mechanisms underlying IGD and impulsivity, which can inform the development of targeted interventions.",True,False,True,
32987241,Intrinsic functional connectivity of the default mode and cognitive control networks relate to change in behavioral performance over two years.,"This study (32987241) investigated the relationship between intrinsic functional connectivity of the default mode network (DMN) and cognitive control network (CCN) and cognitive control behaviors in 109 healthy individuals over a two-year period. The results showed that increased within-network connectivity in the DMN was associated with improved memory performance, while decreased connectivity between certain nodes of the CCN and DMN was linked to enhanced cognitive performance. Specifically, reduced connectivity between posterior parietal CCN and DMN nodes, as well as between left and right dorsolateral prefrontal nodes, was associated with improved cognitive performance. These findings suggest that intrinsic connectivity within and between these networks may play a crucial role in modulating cognitive control behaviors, including impulsivity, and that age-independent plastic changes in these networks may be a potential mechanism for improving cognitive function. 

The study's findings have implications for understanding the neural mechanisms underlying cognitive control and impulsivity, and may inform the development of novel interventions aimed at enhancing cognitive function and reducing impulsivity. The use of neuroimaging techniques, such as functional magnetic resonance imaging (fMRI), allowed researchers to non-invasively assess changes in intrinsic connectivity within and between the DMN and CCN over time, providing valuable insights into the neural basis of cognitive control and impuls",True,False,True,
41098856,The CB1 receptor: linking impulsivity and substance use disorder.,"This evidence summary focuses on the relationship between impulsivity and neuroimaging, specifically highlighting the role of the cannabinoid receptor type 1 (CB1R) in modulating impulsive behavior.

Research suggests that CB1R, predominantly localized in presynaptic terminals, plays a crucial role in regulating synaptic transmission through retrograde endocannabinoid signaling (PMID: 41098856). The expression of CB1R follows an ontogenetic trajectory, with region- and age-specific patterns that are particularly dynamic during adolescence, a period characterized by heightened impulsivity and marked neuroplasticity.

Studies indicate that the hippocampus and cerebellum contribute to the modulation of impulsive behavior through their connectivity with prefrontal and limbic circuits. CB1R signaling in these regions influences decision-making, reward sensitivity, and response inhibition, all processes critical to the emergence of impulsive traits and drug-seeking behavior.

The review proposes a distributed CB1R-regulated neurocircuit that underlies impulsivity and mediates risk for substance use disorders (SUDs). It highlights adolescence as a critical period during which CB1R ontogeny may transiently unbalance inhibitory control systems, creating a neurobiological substrate for risky behaviors.

Key findings from this review include:

* The dynamic role",True,False,True,
27896939,"A multimodal study of impulsivity and body weight: Integrating behavioral, cognitive, and neuroimaging approaches.","A recent study (PMID: 27896939) investigated the relationship between impulsivity and body weight using a multimodal approach, incorporating behavioral, cognitive, and neuroimaging techniques. The study found positive correlations between body mass index (BMI) and both trait and state impulsivity, suggesting that individuals with higher BMI tend to exhibit more impulsive behaviors.

Neuroimaging results revealed that individuals with higher BMI showed reduced activation in the temporal lobe and insula during successful response inhibition, indicating impaired inhibitory control. Additionally, there was a positive association between BMI and functional connectivity between the right inferior frontal gyrus and right middle frontal gyrus during successful response inhibition.

Mediation analysis revealed that trait impulsivity, as measured by the impulsive sensation-seeking scale (ImpSS), mediated the relationship between BMI and neural response in the right inferior frontal gyrus. This suggests that trait impulsivity may play a key role in the neural mechanisms underlying the relationship between impulsivity and body weight.

Overall, this study provides evidence that impulsivity is a critical factor in the development and maintenance of obesity, and highlights the need to address inhibitory control mechanisms in weight management programs.",True,False,True,
28174127,Altered functional connectivity in default mode network in Internet gaming disorder: Influence of childhood ADHD.,"This evidence summary focuses on the relationship between impulsivity and neuroimaging findings in individuals with internet gaming disorder (IGD).

Research has shown that individuals with IGD exhibit altered functional connectivity in the default mode network (DMN), particularly in regions associated with executive control and salience processing (28174127). Specifically, IGD subjects without childhood ADHD demonstrated expanded functional connectivity between DMN-related regions and brain areas involved in salience processing, whereas those with childhood ADHD showed increased connectivity between the posterior cingulate cortex (PCC) and the cerebellum, a region implicated in executive control.

Notably, the strength of connectivity between the PCC and cerebellum was positively correlated with self-reported impulsiveness in IGD subjects with childhood ADHD. This suggests that altered neural networks for executive control in ADHD may predispose individuals to developing IGD, and that impulsivity may be a key factor in this relationship.

These findings highlight the importance of considering the interplay between childhood ADHD and IGD in understanding the neural mechanisms underlying impulsivity and executive control deficits in IGD. Further research is needed to elucidate the complex relationships between these factors and to inform the development of effective interventions for IGD.",True,False,True,
25925985,Impaired corticostriatal connectivity in impulse control disorders in Parkinson disease.,"This evidence summary focuses on the relationship between impulsivity and neuroimaging findings in Parkinson's disease (PD). 

A 2015 study published in Neurology (PMID: 25925985) investigated the neural mechanisms underlying impulse control disorders (ICDs) in PD patients. The researchers used functional magnetic resonance imaging (fMRI) to examine resting-state corticostriatal connectivity in 20 PD patients with ICDs, 19 PD patients without ICDs, and 19 healthy controls.

The study found that PD patients with ICDs exhibited impaired connectivity between the left anterior putamen and key brain regions, including the left inferior temporal gyrus and the left anterior cingulate gyrus. In contrast, PD patients without ICDs and healthy controls showed normal corticostriatal connectivity. These findings suggest that ICDs in PD are associated with disrupted neural communication between the striatum and cortical regions involved in impulse control.

The study's results have implications for understanding the neural basis of impulsivity in PD and may inform the development of targeted treatments for ICDs in this population.",True,False,True,
31907881,Human Brain Imaging Links Dopaminergic Systems to Impulsivity.,"A recent study (31907881) has provided strong evidence linking striatal dopaminergic function to impulsivity. The research utilized a combination of molecular and functional imaging techniques, including positron emission tomography (PET) and functional magnetic resonance imaging (fMRI), along with pharmacological probes to evaluate the role of dopamine in impulsivity.

Key findings suggest that striatal D2-type dopamine receptors (D2 and D3) and corticostriatal connectivity play a crucial role in cognitive control. Low levels of striatal and midbrain D2-type receptor availability were found to correlate with self-reported impulsivity, while striatal D2-type receptor availability showed a positive correlation with motor response inhibition and cognitive flexibility.

Furthermore, the study found an inverted U-shaped function between striatal D2-type dopamine receptor availability and impulsive choice on reward-based decision-making tasks, indicating an optimal level of striatal dopaminergic activity. These findings have significant implications for the development of therapeutic targets to improve cognitive control, particularly in clinical populations with striatal dopamine D2-type receptor deficits.

Overall, this research highlights the importance of striatal dopaminergic systems in impulsivity and provides a foundation for further investigation into the neural mechanisms underlying this complex behavior.",True,False,True,
37086305,"Emotion dysregulation, impulsivity and anger rumination in borderline personality disorder: the role of amygdala and insula.","A recent study (PMID: 37086305) investigated the role of amygdala and insula in borderline personality disorder (BPD) patients. The study found that BPD patients had lower cortical thickness of the left insula, which correlated with anger rumination. Additionally, female BPD patients showed reduced right amygdala volumes, which correlated with difficulties in emotion regulation, depression, and rumination.

The study also found reduced functional connectivity between the amygdala and other brain regions, including the frontal pole, precuneus, and temporal pole, in BPD patients. This reduced connectivity correlated with anger rumination and impulsivity. These findings suggest that the amygdala and insula play a significant role in the neuropsychiatric symptoms of BPD, including emotion dysregulation, impulsivity, and anger rumination.

The study's results provide evidence that alterations in the amygdala and insula are associated with specific symptoms of BPD, and highlight the importance of these limbic structures in the pathophysiology of the disorder. Further research is needed to fully understand the relationship between these brain regions and BPD symptoms, and to explore potential therapeutic targets for the treatment of BPD.",True,False,True,
31427669,The Effect of Mindfulness Meditation on Impulsivity and its Neurobiological Correlates in Healthy Adults.,"A recent study published in Scientific Reports (PMID: 31427669) investigated the effect of mindfulness meditation on impulsivity and its neurobiological correlates in healthy adults. The study found that an eight-week mindfulness intervention did not significantly reduce impulsivity in participants, as measured by the go/no-go task and the Barratt Impulsiveness Scale (BIS-11). 

Interestingly, long-term meditators (LTMs) reported lower attentional impulsivity but higher motor and non-planning impulsivity on the BIS-11 compared to meditation-naïve participants (MNPs). Neuroimaging results showed that LTMs had less striatal gray matter, greater cortico-striatal-thalamic functional connectivity, and lower spontaneous eye-blink rate (a physiological dopamine indicator) than MNPs. 

However, the study's findings suggest that neither short-term nor long-term mindfulness practice may be effective in reducing impulsive behavior in healthy adults, particularly those with inhibitory motor control or planning capacity deficits. The lack of significant relationships between total lifetime practice hours (TLPH) and impulsivity or neurobiological metrics further supports this conclusion, suggesting that pre-existing differences between LTMs and MNPs may be responsible for the observed differences.",True,False,True,
26460483,Lateral prefrontal model-based signatures are reduced in healthy individuals with high trait impulsivity.,"This study (PMID: 26460483) investigated the relationship between impulsivity and neural control mechanisms in healthy individuals. The researchers used a sequential decision-making task during functional magnetic resonance imaging (fMRI) to examine model-free and model-based control in 50 participants with high and low impulsivity levels. 

The results showed that high-impulsive individuals exhibited a greater reliance on model-free control, which is associated with habitual behavior, and reduced model-based signatures in the right lateral prefrontal cortex. This suggests that individuals with high impulsivity may be more prone to habitual behavior and less able to engage in goal-directed control. 

Interestingly, the study found that gray matter density in the left dorsolateral prefrontal cortex was positively associated with model-based control, regardless of impulsivity levels. This implies that individual differences in brain structure may influence the ability to engage in goal-directed behavior. 

Overall, the study provides evidence that impulsivity is associated with altered neural control mechanisms, specifically a greater reliance on model-free control and reduced model-based control in the right lateral prefrontal cortex. These findings have implications for our understanding of the neural basis of impulsivity and may inform the development of interventions to reduce impulsivity and promote goal-directed behavior.",True,False,True,
30616125,A multi-dimensional evaluation of craving and impulsivity among people admitted for alcohol-related problems in emergency department.,"Based on the abstract of the 2019 study (PMID: 30616125), here's a short free-form evidence summary about impulsivity and neuroimaging:

This study investigated the relationship between craving and impulsivity in individuals admitted to the emergency department for alcohol-related problems. The results suggest that specific sub-dimensions of impulsivity, particularly the Urgency subscale, and craving, as measured by the Visual Analogue Scale and the Obsessive Compulsive Drinking Scale, are significant predictors of the severity of alcohol-use disorders. The findings imply that impulsivity, particularly the Urgency aspect, plays a critical role in the maintenance of excessive alcohol consumption. However, it's essential to note that this study did not involve neuroimaging techniques, but rather focused on self-reported measures of impulsivity and craving. Further research using neuroimaging methods, such as functional magnetic resonance imaging (fMRI), could provide more insight into the neural mechanisms underlying impulsivity and craving in individuals with alcohol-use disorders.",True,False,True,
31284029,Genetic contribution to the phenotypic correlation between trait impulsivity and resting-state functional connectivity of the amygdala and its subregions.,"This study (PMID: 31284029) investigated the relationship between trait impulsivity and resting-state functional connectivity (rsFC) of the amygdala and its subregions in a sample of 292 twins. The results showed that trait impulsivity was positively correlated with rsFC between the left amygdala and the right dorsolateral prefrontal cortex (DLPFC), as well as between the left basolateral amygdala and the right DLPFC and inferior frontal gyrus. Additionally, trait impulsivity was correlated with rsFC between the right superficial amygdala and the dorsal anterior cingulate cortex and right anterior insula.

Genetic analyses revealed overlapping genes between trait impulsivity and rsFC of the left amygdala or the left basolateral amygdala with the right DLPFC, accounting for 82% and 60% of the phenotypic associations, respectively. These findings suggest a genetic link between trait impulsivity and intrinsic brain functional connectivity centered at the amygdala, particularly at its basolateral subregion. The study's results provide evidence that impulsivity is associated with specific neural circuits, and that genetic factors contribute to this association.",True,False,True,
29277650,"Macroscale variation in resting-state neuronal activity and connectivity assessed by simultaneous calcium imaging, hemodynamic imaging and electrophysiology.","This study (PMID: 29277650) investigated the relationship between resting-state neuronal activity and connectivity in mice using simultaneous calcium imaging, hemodynamic imaging, and electrophysiology. The results showed that the calcium signal is more correlated with multi-unit activity and has a higher signal-to-noise ratio compared to local field potentials. 

The study also found that the relationship between the calcium and hemodynamic signals varies across brain regions, with delays increasing towards posterior cortical regions. Furthermore, the functional connectivity (FC) measured by the hemodynamic signal was significantly correlated with FC measured by calcium, but the two estimates were found to be significantly different.

These findings have implications for the interpretation of hemodynamic-based measurements of FC and highlight the need for improved modeling methods to reduce potential sources of bias. This study contributes to our understanding of the relationship between neuronal activity and connectivity, which is relevant to various neurological and psychiatric disorders, including those characterized by impulsivity.

Impulsivity is a complex trait that has been linked to abnormalities in brain structure and function, particularly in regions involved in executive control and decision-making. Neuroimaging studies have shown that impulsivity is associated with altered activity and connectivity in brain regions such as the prefrontal cortex, anterior cingulate cortex, and basal ganglia.

Future studies",True,False,True,
31401546,Functional connectivity of emotional well-being: Overconnectivity between default and attentional networks is associated with attitudes of anger and aggression.,"A recent neuroimaging study (PMID: 31401546) investigated the relationship between brain connectivity and emotional well-being. The study found that individuals with higher levels of anger and aggression tend to have overconnectivity between the default mode network (DMN) and the attentional network. 

This overconnectivity is thought to be associated with impaired effortful control and decreased response inhibition, which are key components of impulsivity. In other words, individuals with higher impulsivity may have a brain network that is overly active and interconnected, leading to difficulties in regulating emotions and behaviors.

The study used two approaches to examine functional connectivity in the brain, including principal component analysis and pairwise network connectivity. The results suggest that individuals with higher levels of anger and aggression tend to have a brain network that is characterized by overconnectivity between the DMN and attentional network, which is a key feature of impulsivity.

Overall, this study provides evidence that impulsivity is associated with altered brain connectivity patterns, particularly between the DMN and attentional network. These findings have implications for our understanding of the neural mechanisms underlying impulsivity and may inform the development of new treatments for impulsivity-related disorders.",True,False,True,
37992501,Testing the triple network model of psychopathology in a transdiagnostic neurodevelopmental cohort.,"This study (PMID: 37992501) investigated the relationship between impulsivity and connectivity between brain networks in a transdiagnostic sample of children with neurodevelopmental difficulties. The researchers found that hyperactivity/impulsivity was associated with increased functional connectivity between the Salience Network (SN), Central Executive Network (CEN), and Default Mode Network (DMN) in children with difficulties, whereas it was associated with decreased connectivity between the CEN and DMN in comparison children.

These findings suggest that impulsivity may be linked to altered connectivity between brain networks involved in cognitive control, reward processing, and default mode processing. The study's results also imply that delayed network segregation and difficulties sustaining CEN activity may contribute to the development of impulsivity.

The study's use of resting-state functional Magnetic Resonance Imaging (fMRI) and a transdiagnostic sample of children with neurodevelopmental difficulties provides valuable insights into the neural mechanisms underlying impulsivity. The findings have implications for the development of targeted interventions aimed at improving cognitive control and reducing impulsivity in children with neurodevelopmental difficulties.",True,False,True,
38451271,Trait anxiety and corresponding neuromarkers predict internet addiction: A longitudinal study.,"A longitudinal study published in the Journal of Behavioral Addictions in 2024 (PMID: 38451271) investigated the relationship between trait anxiety (TA) and internet addiction (IA). The study found a significant positive correlation between TA and IA, with individuals with high TA demonstrating higher IA across time. 

Using connectome-based predictive modeling (CPM), the researchers identified neuromarkers associated with TA, including functional connectivity of cognitive control and emotion-regulation circuits and the default mode network (DMN). These neuromarkers were found to predict IA, suggesting that impulsivity may be linked to altered neural activity in these circuits. 

The study also explored the mediating role of stressful life events and DMN in the relationship between TA and IA. The results indicated that these factors play a significant role in mediating the association between TA and IA, suggesting that impulsivity may be influenced by both neural and socio-psychological factors. 

Overall, the study provides new insights into the neural and socio-psychological mechanisms underlying the relationship between TA and IA, and highlights the potential for developing neural and psychological interventions to address impulsivity and IA.",True,False,True,
37058964,Impulsivity and self-regulation: A dual-process model of risky driving in young drivers in Iran.,"A recent study (PMID: 37058964) examined the dual-process model of risky driving in young Iranian drivers. The model suggests that regulatory processes mediate the effect of impulsivity on risky driving. The study found that executive functions and driving self-regulation mediated the relationship between attention impulsivity and driving errors, while executive functions, reflective functioning, and driving self-regulation mediated the relationship between motor impulsivity and driving errors. Additionally, attitudes toward driving safety mediated the relationship between normlessness and sensation-seeking with driving violations. These findings support the mediatory role of cognitive and self-regulatory capacities in the connection between impulsive processes and driving errors and violations. This study provides evidence that impulsivity is associated with increased risk of driving errors and violations, and that cognitive and self-regulatory capacities can mitigate this risk. Neuroimaging studies have previously linked impulsivity to altered activity in brain regions such as the prefrontal cortex, anterior cingulate cortex, and basal ganglia, which are involved in executive functions, emotion regulation, and motor control. These findings suggest that impulsivity may be related to abnormalities in brain structure and function, particularly in regions involved in self-regulation and decision-making.",True,False,True,
40334458,Temporal variability-based alternations in dynamic functional networks in internet gaming disorder.,"This study (PMID: 40334458) investigated the dynamic functional networks in individuals with internet gaming disorder (IGD) using resting-state functional magnetic resonance imaging (fMRI). The researchers found that IGD individuals exhibited altered temporal variability in brain networks compared to recreational game users. Specifically, they showed decreased within-network variability in the default mode network, which is involved in executive inhibitory functions and attention. In contrast, they had increased within-network temporal variability in the ventral attention network, which is associated with attention, and increased between-network temporal variability in several networks, including the sensorimotor network, limbic network, and ventral attention network. These findings suggest that IGD is characterized by impaired executive inhibitory functions, attention, and imbalances between sensory-attention, sensory-emotion, and emotion-motivation functions. The study's results provide new insights into the dynamic functional organization of the brain in IGD and contribute to our understanding of the neural basis of pathological gaming behaviors.",True,False,True,
28040671,Decisional impulsivity and the associative-limbic subthalamic nucleus in obsessive-compulsive disorder: stimulation and connectivity.,"Decisional impulsivity, characterized by rapid decision-making with limited accumulation of evidence and delay discounting, has been linked to the subthalamic nucleus (STN) in the brain. A 2017 study published in Brain: A Journal of Neurology (PMID: 28040671) investigated the relationship between STN stimulation and decisional impulsivity in individuals with obsessive-compulsive disorder (OCD). The study found that STN stimulation increased decisional impulsivity, with participants showing less accumulation of evidence during probabilistic uncertainty and enhanced delay discounting. This suggests that the STN plays a causal role in decisional impulsivity.

Using resting-state functional connectivity, the study also identified a specific region within the STN, the anterior associative-limbic subthalamic nucleus, as being associated with evidence accumulation and decision-making under uncertainty. This region was found to be lateralized to the right anterior ventromedial subthalamic nucleus, consistent with previous observations of lateralization of emotionally evoked activity.

The study's findings have implications for the treatment of OCD and other psychiatric disorders, particularly in relation to the potential for subthalamic stimulation to modulate behavioral symptoms and cognitive effects. The specificity of the anterior associative-limbic subthalamic nucleus in decisional impulsivity highlights the",True,False,True,
33304251,Neural Basis of Increased Cognitive Control of Impulsivity During the Mid-Luteal Phase Relative to the Late Follicular Phase of the Menstrual Cycle.,"This evidence summary focuses on the relationship between impulsivity, neuroimaging, and the menstrual cycle.

Research has shown that hormonal fluctuations across the menstrual cycle influence reward-related motivation and impulsive behaviors (PMID: 33304251). A study published in Frontiers in Human Neuroscience in 2020 found that women in the late follicular phase (FP) were more impulsive than those in the mid-luteal phase (LP), as evidenced by their greater responsiveness to short-term rewards and increased activity in the dorsal striatum (DS). 

The study also found that the dorsal lateral prefrontal cortex (dlPFC) played a crucial role in regulating impulsivity, with functional connectivity between the DS and dlPFC correlating with discount rate and psychometric impulsivity scores. Notably, the right dlPFC was more active in the mid-LP than in the late FP, and this effect was sensitive to estradiol levels.

These findings suggest that cyclical gonadal hormones affect cognitive control of impulsive behavior in a periodic manner, possibly via DS-dlPFC circuitry. The study's results have implications for the treatment of conditions characterized by hyper-impulsivity, such as obsessive-compulsive disorder, Parkinson's disease, and attention deficit hyperactivity disorder.",True,False,True,
25944613,Nature of functional links in valuation networks differentiates impulsive behaviors between abstinent heroin-dependent subjects and nondrug-using subjects.,"This 2015 NeuroImage study (PMID: 25944613) investigated the neural correlates of impulsivity in abstinent heroin-dependent individuals and nondrug-using controls using resting-state functional MRI. The study found that the functional link between the reward system (β-network) and the executive control system (δ-network) influences impulsivity. In nondrug-using controls, the link between these networks is balanced, with the executive control system competitively controlling impulsivity. However, in abstinent heroin-dependent individuals, the link is imbalanced, with stronger connectivity between the reward system and weaker connectivity between the executive control system and the reward system. This imbalance is associated with impulsivity, suggesting that the reward and executive control systems may mutually reinforce each other in individuals with a history of heroin dependence. These findings may provide insight into the neural mechanisms underlying drug addiction and impulsivity, and may serve as a potential endophenotype for identifying individual differences in self-control capacity.",True,False,True,
32464339,Investigation of structure-function correlation among the young offspring of patients with bipolar disorder.,"This study investigated the relationship between neurocognition and neuroimaging findings in young offspring of patients with bipolar disorder (BDoff). The results showed that fractional anisotropy (FA) values in the superior longitudinal fasciculus (SLF) were negatively correlated with executive functioning tasks, such as the Stroop interference, Wisconsin Card Sorting Test, and Trail Making Test. 

In contrast, mean diffusivity (MD) values in the cingulum were positively correlated with impulsivity, as measured by the Barratt Impulsiveness Scale-Attentional. Specifically, higher MD values in the cingulum were associated with higher impulsivity scores. These findings suggest that abnormalities in white matter tracts, as measured by diffusion tensor imaging, may be related to cognitive dysfunction and impulsivity in BDoff.

The study's results provide evidence that impulsivity is associated with specific neuroimaging findings in a high-risk group for bipolar disorder. This suggests that impulsivity may be a potential biomarker for early recognition of BD. However, the study's small sample size (n = 16) and cross-sectional design limit the generalizability of the findings. Further research is needed to replicate and extend these results.",False,False,True,
28423021,Trait impulsivity components correlate differently with proactive and reactive control.,"A recent neuroimaging study (PMID: 28423021) investigated the relationship between impulsivity and cognitive control. The study found that different components of impulsivity (motor, attention, and non-planning) correlated differently with proactive and reactive control processes. 

Proactive control, which involves anticipating and preparing for upcoming tasks, was associated with motor impulsivity in the inferior parietal lobule and negatively associated with attention impulsivity in the right dorsolateral prefrontal cortex (DLPFC). 

Reactive control, which involves responding to unexpected stimuli, was negatively associated with motor impulsivity in the right DLPFC and anterior cingulate cortex. These findings suggest that different cognitive control subsystems are involved in impulsivity, and that impulsivity trait components may be attributed to distinct neural mechanisms. 

This study provides evidence that impulsivity is a complex trait with multiple underlying neural mechanisms, and that different components of impulsivity may be associated with distinct cognitive control processes.",True,False,True,
26648853,Impulsivity is Associated with Increased Metabolism in the Fronto-Insular Network in Parkinson's Disease.,"A recent study (PMID: 26648853) investigated the relationship between impulsivity and neural activity in patients with Parkinson's disease (PD). The researchers used 18-fluorodeoxyglucose positron emission tomography (FDG-PET) to measure glucose metabolism in the brain, which serves as a proxy for neural activity. 

The study found that patients with higher impulsivity scores, as measured by the Barratt Impulsiveness Scale 11 (BIS), had increased glucose metabolism in the fronto-insular network, specifically in the orbitofrontal cortex (OFC), anterior cingulate cortex (ACC), and right insula. This suggests that impulsivity is associated with increased neural activity in these regions. 

Furthermore, the researchers observed a positive correlation between glucose metabolism and impulsivity scores, indicating that higher neural activity in the fronto-insular network is linked to greater impulsivity. These findings provide evidence that impulsivity is related to increased neural activity in the fronto-insular network in PD patients.",True,False,True,
29040723,Resting-state functional connectivity in combat veterans suffering from impulsive aggression.,"This study (PMID: 29040723) investigated the neural basis of impulsive aggression in combat veterans using resting-state functional magnetic resonance imaging (fMRI). The researchers found that combat veterans with impulsive aggression problems exhibited reduced functional connectivity between the basolateral amygdala (BLA) and the left dorsolateral prefrontal cortex (DLPFC) compared to combat controls. This suggests that impaired top-down regulation of the amygdala by prefrontal regions may contribute to impulsive aggression in this population.

The study also identified group differences in functional connectivity between other brain regions, including the anterior cingulate cortex (ACC) and left cuneus, which may be related to heightened vigilance to threatening visual cues, and between the left anterior insular cortex (AIC) and right temporal pole, possibly related to negative memory associations in impulsive aggression.

These findings provide evidence that impulsive aggression in combat veterans is associated with altered functional connectivity in brain regions involved in emotion regulation, attention, and memory. The results support the hypothesis that impaired top-down regulation of the amygdala by prefrontal regions contributes to impulsive aggression in this population.",True,False,True,
25738502,Decreased prefrontal lobe interhemispheric functional connectivity in adolescents with internet gaming disorder: a primary study using resting-state FMRI.,"This study (PMID: 25738502) investigated the interhemispheric resting-state functional connectivity (rsFC) in adolescents with internet gaming disorder (IGD) using voxel-mirrored homotopic connectivity (VMHC) and resting-state functional magnetic resonance imaging (fMRI). 

The results showed that adolescents with IGD had decreased interhemispheric rsFC in several regions of the prefrontal lobe, including the superior frontal gyrus (orbital part), inferior frontal gyrus (orbital part), and middle frontal gyrus, compared to healthy controls. 

These findings suggest that altered interhemispheric connectivity in the prefrontal lobe may be a key factor in the neuropathological mechanism of IGD. The study's results also provide further evidence for the reclassification of IGD as a behavioral addiction.

The study's findings have implications for our understanding of impulsivity in IGD, as the prefrontal lobe is a region involved in executive function, decision-making, and impulse control. Decreased interhemispheric connectivity in this region may contribute to the impulsive behavior characteristic of IGD.

Overall, this study contributes to the growing body of research on the neural mechanisms underlying IGD and provides new insights into the role of altered interhem",True,False,True,
28777996,Neural connectivity moderates the association between sleep and impulsivity in adolescents.,"Here's a short free-form evidence summary about impulsivity and neuroimaging based on the provided PubMed abstract (PMID: 28777996):

A 2017 study published in Developmental Cognitive Neuroscience investigated the relationship between sleep quality and impulsivity in adolescents using functional magnetic resonance imaging (fMRI). The study found that poor sleep quality was associated with greater affect-related impulsivity in adolescents with low connectivity between the prefrontal cortex and default mode network. However, this association was not observed in adolescents with high connectivity. This suggests that neural functioning plays a role in the link between sleep quality and impulsivity. Notably, the study found that sleep quality was not related to response inhibition or cognitive impulsivity, indicating that sleep may have a greater impact on affect-related impulsivity. The study also identified pillow comfort as a significant predictor of sleep quality, independent of age, sex, and income, highlighting a potential target for intervention to improve sleep quality and reduce impulsivity in adolescents.",True,False,True,
40193128,Subthalamic Deep Brain Stimulation: Mapping Non-Motor Outcomes to Structural Connections.,"This study (PMID: 40193128) investigated the relationship between subthalamic deep brain stimulation (STN-DBS) and non-motor outcomes in Parkinson's Disease (PD) patients. The researchers used principal component analysis (PCA) to identify the main dimensions of neuropsychiatric and neuropsychological outcomes, which were then linked to specific anatomical fiber bundles. 

The study found that stimulation of certain fiber bundles, connecting the frontal cortex with the subthalamic nucleus, was associated with changes in non-motor symptoms, including impulsivity. Specifically, the researchers identified four principal components, which could be interpreted as reflecting general non-motor improvement, improvement of mood and cognition with worsening of trait impulsivity, improvement of cognition, and improvement of empathy with worsening of impulsive-compulsive behaviors. 

These findings suggest that impulsivity in PD patients may be related to the stimulation of specific brain circuits, and that targeting these circuits through STN-DBS may be a potential treatment strategy for impulsivity. The study's approach, which uses PCA to map changes in non-motor outcomes to specific anatomical fiber bundles, represents an innovative concept for personalizing deep brain stimulation.",True,False,True,
31383336,Hypothesis: Compulsive hoarding as an atavism.,"Based on the abstract of the paper with PMID 31383336, here's a short free-form evidence summary about impulsivity and neuroimaging:

This hypothesis paper proposes that hoarding disorder may be an atavistic behavior, potentially linked to traumatic experiences. However, impulsivity is not directly discussed in the abstract. The paper does not provide neuroimaging evidence related to impulsivity. Instead, it focuses on the idea that hoarding disorder may be an ancestral mammalian behavior, highlighting its potential implications for neuropsychiatric diseases. The authors suggest using shrews as animal models for hoarding behavior, but do not provide any information on neuroimaging studies related to impulsivity or hoarding disorder.",True,False,True,
32121585,"Random Forest Classification of Alcohol Use Disorder Using EEG Source Functional Connectivity, Neuropsychological Functioning, and Impulsivity Measures.","This study (32121585) used neuroimaging and behavioral data to investigate the neural mechanisms underlying alcohol use disorder (AUD). The researchers employed EEG source functional connectivity, neuropsychological performance, and impulsivity measures to classify individuals with AUD from unaffected controls using random forest classification.

Key findings include:

* Individuals with AUD showed a pattern of hyperconnectivity among default mode network (DMN) regions, particularly in the parahippocampal hub, which may be related to neural hyperexcitability and impulsivity.
* Hyperconnectivity in the parahippocampal hub was associated with poorer memory performance and increased impulsivity in individuals with AUD.
* Individuals with AUD also showed hypoconnectivity in prefrontal nodes connecting posterior right-hemispheric regions, which may be related to impaired higher cognitive functions.
* The study found significant associations between features from all three domains (EEG source functional connectivity, neuropsychological performance, and impulsivity measures).
* The results suggest that dysregulated neural connectivity across DMN regions, particularly in the parahippocampal hub, may represent neurophysiological biomarkers of AUD, while poor visual memory performance and heightened impulsivity may serve as cognitive-behavioral indices of AUD.

Overall, this study provides evidence that impuls",True,False,True,
34851976,Differential structure-function network coupling in the inattentive and combined types of attention deficit hyperactivity disorder.,"This study (34851976) investigated the neural basis of attention deficit hyperactivity disorder (ADHD) subtypes, specifically inattentive (ADHD-I) and combined (ADHD-C) types, using diffusion and resting-state functional magnetic resonance imaging (fMRI) data from 201 children. 

Key findings include:

- Children with ADHD-I and ADHD-C showed lower structural connectivity and network efficiency in the default mode network (DMN) compared to typically developing children (TDC).
- ADHD-C children had higher structure-functional network (SC-FC) coupling across all subnetworks, including DMN, executive control network (ECN), and salience network (SAN), compared to TDC.
- ADHD-C children demonstrated increased SC-FC coupling in the DMN compared to ADHD-I children.
- The correlation between SC-FC coupling and hyperactivity scores was negative in ADHD-I, but not in ADHD-C, suggesting that the added dimensionality of hyperactivity may not explain the distinction between ADHD subtypes.

These results suggest that ADHD-C and ADHD-I may differ in their underlying neuronal connectivity, with ADHD-C being characterized by increased SC-FC coupling, potentially related to diminished cognitive flexibility. This study provides evidence that impulsivity, as measured by hyperactivity scores, may be",True,False,True,
31801105,A preliminary study of disrupted functional network in individuals with Internet gaming disorder: Evidence from the comparison with recreational game users.,"A recent study (PMID: 31801105) investigated the neural characteristics of individuals with Internet Gaming Disorder (IGD) using resting-state functional magnetic resonance imaging (fMRI) and graph theoretical analysis. The study compared 61 IGD participants to 61 matched recreational game users (RGU) to minimize the effects of gaming experience and familiarity with gaming-related cues.

The results showed that both IGD and RGU groups exhibited efficient and economic small-world topology in their brain functional networks. However, individuals with IGD had increased nodal centralities in regions involved in reward processing, craving, emotional memory, and sensory-motor processing compared to RGU participants.

These findings suggest that IGD may be characterized by functional network dysfunction, which is associated with heightened incentive motivation and sensory-motor coordination. This new perspective on the neural characteristics of IGD may have implications for understanding the underlying mechanisms of this disorder and developing targeted interventions.

The study's findings are relevant to the concept of impulsivity, as increased nodal centralities in reward and craving regions may indicate a heightened tendency towards impulsive behavior. The association between IGD and impulsivity is consistent with previous research, which has suggested that IGD is characterized by impulsive and compulsive behaviors.

Overall, this study provides valuable insights into the",True,False,True,
26830141,Midbrain functional connectivity and ventral striatal dopamine D2-type receptors: link to impulsivity in methamphetamine users.,"This evidence summary focuses on the relationship between impulsivity, neuroimaging, and dopamine D2-type receptors in methamphetamine users.

Research has shown that individuals with methamphetamine use disorders exhibit deficits in striatal dopamine receptor availability, altered mesocorticolimbic resting-state functional connectivity (RSFC), and increased impulsivity (PMID: 26830141). Studies have found that impulsivity is negatively correlated with striatal D2-type receptor availability in methamphetamine users.

Functional magnetic resonance imaging (fMRI) and positron emission tomography (PET) scans have been used to investigate the relationship between impulsivity, RSFC, and dopamine D2-type receptors in methamphetamine users. Results from two studies suggest that there is a significant interaction between group (methamphetamine-dependent vs. healthy controls) and ventral striatal dopamine D2-type receptor availability on RSFC. Specifically, in methamphetamine-dependent individuals, there is a negative relationship between ventral striatal dopamine D2-type receptor availability and RSFC between the midbrain and striatum, orbitofrontal cortex, and insula.

Furthermore, an independent sample of methamphetamine-dependent individuals exhibited a positive relationship between midbrain RSFC and cognitive impulsivity, whereas a negative relationship was observed in healthy controls. These findings suggest that ventral",True,False,True,
27095357,Sex differences in impulsivity and brain morphometry in methamphetamine users.,"This study (PMID: 27095357) investigated the relationship between impulsivity, brain structure, and sex-specific differences in methamphetamine (METH) users. The results showed that METH users, particularly males, had larger right superior frontal cortex volumes, while female METH users had smaller or thinner frontal cortices. These differences were associated with greater cognitive impulsivity in both male and female METH users. 

The study found that male METH users with larger frontal volumes had greater cognitive impulsivity, suggesting that decreased dendritic pruning during adolescence may have contributed to their impulsive and drug use behaviors. In contrast, female METH users with smaller frontal cortices had greater impulsivity, indicating greater neurotoxicity to these brain regions. However, their relatively larger nucleus accumbens suggested an estrogen-mediated neuroprotective glial response.

Overall, this study highlights the importance of considering sex-specific differences in the effects of METH use on brain structure and function, particularly in relation to impulsivity. The findings suggest that men and women may be affected differently by METH use, and that these differences may be related to underlying neurobiological mechanisms.",True,False,True,
29034964,Hemispheric asymmetry of the frontolimbic cortex in young adults with borderline personality disorder.,"This study (PMID: 29034964) investigated the relationship between impulsivity and frontolimbic cortex asymmetry in young adults with borderline personality disorder (BPD). The researchers used magnetic resonance imaging (MRI) to examine gray matter volume, surface area, and cortical thickness in the anterior insula (AI) and anterior cingulate cortex (ACC) in 30 BPD patients and 32 healthy controls.

The results showed that BPD patients had reduced cortical thickness in the left ACC and less surface area and gray matter volume in the left AI compared to controls. Notably, the study found that BPD patients had greater frontolimbic cortex asymmetry than healthy individuals, and that this asymmetry was correlated with higher impulsivity scores, particularly in the attention subscale of the Barratt Impulsiveness Scale.

This study provides evidence that impulsivity in BPD may be associated with abnormalities in frontolimbic cortex structure, particularly in the left hemisphere. The findings suggest that frontolimbic cortex asymmetry may be a neurobiological marker for impulsivity in BPD, and highlight the importance of considering hemispheric differences in the study of impulsivity and BPD.",True,False,True,
23770040,Resting-state beta and gamma activity in Internet addiction.,"This study investigated the relationship between resting-state EEG activity and impulsivity in individuals with internet addiction. The results showed that individuals with internet addiction exhibited high impulsivity and impaired inhibitory control, as measured by the Barratt Impulsiveness Scale-11 and a stop-signal task. 

Neuroimaging findings revealed that the internet addiction group had lower absolute power in the beta band and higher absolute power in the gamma band compared to healthy controls. These differences in EEG activity were significantly associated with the severity of internet addiction and the extent of impulsivity. 

The study suggests that resting-state fast-wave brain activity, particularly in the gamma band, may be a neurobiological marker for the pathophysiology of internet addiction. This is consistent with previous research indicating that impulsivity is a key characteristic of internet addiction. 

Overall, this study provides evidence that impulsivity is associated with altered brain activity patterns in individuals with internet addiction, and that these patterns may be related to the underlying neurobiology of the disorder.",False,False,True,
40297839,"Hippocampus Functional Connectivity, Impulsivity, and Subsequent Substance Use.","This study (40297839) investigated the relationship between impulsivity, hippocampal functional connectivity, and subsequent substance use in adolescents. The researchers used resting-state functional MRI (fMRI) data from the Adolescent Brain Cognitive Development (ABCD) study to examine the functional connectivity of the hippocampus with various brain networks. 

The results showed that baseline hippocampal functional connectivity with the cingulo-parietal network, visual network, sensory-motor network, and default mode network (DMN) was associated with future tobacco and marijuana use. Furthermore, hippocampal functional connectivity was significantly linked to impulsivity, which in turn predicted higher substance use at follow-up. The study found that hippocampal functional connectivity partially mediates the relationship between impulsivity and substance use behaviors.

These findings suggest that the hippocampus plays a critical role in the neural mechanisms underlying risk behaviors, particularly impulsivity and substance use. The study's results emphasize the importance of hippocampal connectivity in understanding the pathways that lead to substance use in adolescence. The findings may inform the development of targeted interventions to reduce substance use in this vulnerable population.",True,False,True,
31073695,Binge drinking is associated with altered resting state functional connectivity of reward-salience and top down control networks.,"This study (PMID: 31073695) investigated the relationship between binge drinking and resting state functional connectivity (RSFC) in young adult binge drinkers (BDs) and light drinkers (LDs). The results suggest that BDs exhibit altered RSFC patterns in reward-salience and top-down control networks.

In particular, BDs showed enhanced connectivity between the striatal reward areas (nucleus accumbens and caudate nucleus) and the orbitofrontal cortex and anterior cingulate cortex (ACC), which may be indicative of alcohol-motivated appetitive behaviors. This is consistent with previous studies on alcohol use disorders (AUD).

Conversely, BDs demonstrated lower connectivity between the inferior frontal cortex (IFC) and hippocampus, which was associated with higher craving. This may indicate impaired ability to suppress unwanted thoughts and a failure to employ memory of the harmful consequences of heavy drinking in prospective plans and intentions.

The observed patterns of RSFC were associated with hazardous drinking levels, suggesting that dysregulation of neurofunctional networks may underlie binge drinking patterns. These findings provide evidence that impulsivity, as measured by binge drinking, is associated with altered RSFC in reward-salience and top-down control networks.",True,True,True,
30277562,The role of the dorsal striatum in choice impulsivity.,"Here's a short free-form evidence summary about impulsivity and neuroimaging based on the provided abstract (PMID: 30277562):

Research suggests that the dorsal striatum plays a crucial role in choice impulsivity, particularly in relation to reward-associated actions. Studies utilizing human neuroimaging and animal models have found associations between choice impulsivity and the dorsal striatum, specifically with the caudate, which codes for reward valuation. A ventral-to-dorsal gradient in the dorsal striatum has also been linked to choice impulsivity. Furthermore, the origins of striatal afferents and developmental maturation of frontostriatal connectivity during adolescence have been implicated in the development of choice impulsivity. These findings provide evidence for the involvement of the dorsal striatum in choice impulsivity, highlighting its importance in action selection and reward processing.",True,False,True,
27942448,Brain connectivity aberrations in anabolic-androgenic steroid users.,"This study (PMID: 27942448) investigated the effects of anabolic-androgenic steroid (AAS) use on brain connectivity in 151 males, including 50 current users, 16 previous users, and 59 controls. The results showed that current AAS users had reduced functional connectivity between key nodes involved in emotional and cognitive regulation, including the amygdala and default-mode network (DMN), and the dorsal attention network (DAN) and a frontal node encompassing the superior and inferior frontal gyri (SFG/IFG) and the anterior cingulate cortex (ACC). These connectivity aberrations were associated with impulsivity and other adverse behavioral consequences of AAS use. Notably, the reductions in connectivity were more pronounced in current users who were more dependent on AAS, had longer lifetime exposure, and were in the ""on"" cycle state. These findings suggest that AAS use may disrupt brain networks critical for emotional and cognitive regulation, contributing to impulsivity and other behavioral problems.",True,False,True,
29946511,Abnormal cortical gyrification in criminal psychopathy.,"A recent neuroimaging study (29946511) investigated the relationship between cortical gyrification and psychopathy in a sample of 716 adult male inmates. The study found that psychopathy, particularly the interpersonal and affective traits, was associated with reduced cortical complexity in the right midcingulate cortex and adjacent regions. This reduction in cortical complexity may be indicative of early neurodevelopmental abnormalities that contribute to aberrant brain functioning in regions important for emotional processing and cognitive control.

Interestingly, the study did not find a significant association between impulsivity and antisocial behaviors (Factor 2 of the PCL-R) and cortical gyrification. This suggests that impulsivity may not be directly related to structural brain abnormalities in terms of cortical complexity. However, it is essential to note that this study did not investigate impulsivity in isolation, and the lack of association may be due to the complex interplay between different psychopathic traits.

Overall, this study provides evidence that psychopathy is associated with specific structural brain abnormalities, including reduced cortical complexity, which may underlie aberrant brain functioning in regions important for emotional processing and cognitive control. Further research is needed to fully understand the relationship between impulsivity, cortical gyrification, and psychopathy.",True,False,True,
25928822,Altered resting-state frontoparietal control network in children with attention-deficit/hyperactivity disorder.,"This study (PMID: 25928822) investigated the relationship between impulsivity and the frontoparietal control network in children with attention-deficit/hyperactivity disorder (ADHD). Using resting-state functional MRI, researchers found that children with ADHD exhibited weaker connectivity between key brain regions, including the anterior prefrontal cortex and the ventrolateral prefrontal cortex, compared to typically developing children. This aberrant connectivity was associated with symptoms of impulsivity and opposition-defiance, as well as impaired response inhibition and attentional control. The findings suggest that the frontoparietal control network may play a crucial role in the pathophysiology of ADHD, and that disconnections within this network may contribute to impulsivity and other executive function deficits. The study's results support the integration of the disconnection model and the executive dysfunction model for ADHD, highlighting the importance of neuroimaging research in understanding the neural mechanisms underlying impulsivity and ADHD.",True,False,True,
39339712,Investigating the Impact of Nutrition and Oxidative Stress on Attention Deficit Hyperactivity Disorder.,"The relationship between impulsivity and neuroimaging is not directly explored in the provided abstract (PMID: 39339712). However, the study does discuss the role of oxidative stress in attention deficit hyperactivity disorder (ADHD), which is characterized by impulsivity among other symptoms.

Research suggests that individuals with ADHD exhibit reduced levels of key antioxidant enzymes, including glutathione peroxidase (GPx), catalase (CAT), and superoxide dismutase (SOD), as well as a diminished total antioxidant status (TAS) compared to healthy controls. This oxidative stress is thought to play a critical role in the development and manifestation of ADHD symptoms.

While the study does not directly investigate the neural mechanisms underlying impulsivity in ADHD, it highlights the importance of oxidative stress and the gut-brain axis in the pathogenesis of the disorder. Further research is required to explore the therapeutic potential of modulating oxidative stress and gut microbiota in the management of ADHD.

Future studies using neuroimaging techniques, such as functional magnetic resonance imaging (fMRI) or diffusion tensor imaging (DTI), may help to elucidate the neural mechanisms underlying impulsivity in ADHD and the effects of oxidative stress and dietary interventions on brain function and structure.",True,True,True,
41932505,Intrinsic functional connectivity alterations in medication-naïve children with combined and inattentive ADHD types: Evidence from cortical surface-based analysis.,"This study (PMID: 41932505) investigated the neural substrates of attention-deficit/hyperactivity disorder (ADHD) in medication-naïve children with combined (ADHD-C) and inattentive (ADHD-I) subtypes. The researchers used surface-based graph theoretical analysis and functional connectivity (FC) to examine network topology in children with ADHD compared to healthy controls.

Key findings include significant intra- and inter-network FC disruptions in children with ADHD, particularly in default mode (DMN), ventral attentional (VAN), and somatosensory-motor (SMN) networks. The ADHD-C group showed more FC abnormalities involving SMN and DMN compared to the ADHD-I group. Notably, the ADHD-C group had weaker intra-SMN and SMN-DMN connectivity than the ADHD-I group.

The study also found that children with ADHD demonstrated diminished global modularity, assortativity, and disrupted left lateral prefrontal cortex (PFCl1_L) nodal centrality. Furthermore, higher FRCQ scores were associated with increased assortativity in ADHD, and hypo-connectivity between the DMN and SMN was correlated with higher SNAP-IV Hyperactivity/Impulsivity and Total scores.

These findings suggest that impulsivity in ADHD",True,False,True,
39756804,Altered Functional Connectivity of Prefrontal Cortex-Related Circuitry and Trait Impulsivity in Patients With Bipolar Disorder and History of Suicide Attempts.,"This study (PMID: 39756804) investigated the relationship between impulsivity and neuroimaging in patients with bipolar disorder (BD) who had a history of suicide attempts (SA). The researchers used resting-state functional MRI to examine functional connectivity (FC) within the prefrontal cortex (PFC) in 72 euthymic BD patients (34 with a history of SA and 38 without) and 55 healthy controls.

The study found that BD patients with a history of SA had higher trait impulsivity scores compared to those without a history of SA and healthy controls. Furthermore, these patients exhibited reduced FC between the PFC and sensorimotor and thalamic regions, which was significantly associated with higher trait impulsivity scores.

These findings suggest that altered functional connectivity within the PFC-based circuits may be a neurobiological marker for suicide risk in BD patients with high trait impulsivity. The study's results highlight the importance of impulsivity in understanding the neurobiological basis of suicide attempts in BD and provide potential targets for future research and interventions.",True,False,True,
27743376,Cortical folding patterns are associated with impulsivity in healthy young adults.,"A recent study (PMID: 27743376) investigated the relationship between cortical folding patterns and impulsivity in healthy young adults. The researchers used magnetic resonance imaging (MRI) to calculate a local gyrification index (LGI) and correlated it with impulsivity scores from the Barratt Impulsiveness Scale (BIS-11). The results showed that impulsivity was positively correlated with cortical folding in several distinct brain areas, including the left postcentral gyrus, cingulate gyrus, and precentral gyrus. These findings suggest that cortical folding patterns may serve as a marker of early brain development and could be related to the origin of impulsive behavior in healthy individuals. The study also found gender-specific differences in the correlation between impulsivity and cortical folding, highlighting the importance of considering sex differences in neuroimaging studies. Overall, this study provides evidence that impulsivity is associated with distinct brain morphology, particularly in fronto-temporo-parietal regions, and supports the idea that early neurodevelopmental alterations may contribute to higher impulsivity in healthy individuals.",True,False,True,
30504061,Relationship between quality of life in young adults and impulsivity/compulsivity✰.,"A recent study (30504061) investigated the relationship between impulsivity, compulsivity, and quality of life in young adults. The study found that impulsivity, as measured by the Barratt scale, was significantly associated with lower quality of life. Additionally, the presence of impulse control disorders, such as gambling and compulsive buying, and mood/anxiety disorders, post-traumatic stress disorder, and substance use disorder, were also linked to lower quality of life.

Neuroimaging studies have shown that impulsivity is associated with abnormalities in brain regions involved in decision-making, such as the prefrontal cortex and anterior cingulate cortex. For example, a study using functional magnetic resonance imaging (fMRI) found that individuals with impulsivity disorders showed reduced activity in the prefrontal cortex during decision-making tasks (PMID: 24440051).

The study also found that performance on decision-making and set-shifting tasks was particularly important in understanding quality of life in young adults. Set-shifting tasks, such as the extra-dimensional set-shifting task, are thought to be mediated by the prefrontal cortex and are impaired in individuals with impulsivity disorders.

Overall, the study highlights the importance of impulsivity and compulsivity in understanding quality of life in young adults, and suggests that neuro",True,False,True,
22749228,Behavioral and cognitive impulsivity in obsessive-compulsive disorder and eating disorders.,"Here's a short free-form evidence summary about impulsivity and neuroimaging based on the provided PubMed abstract (PMID: 22749228):

Research has investigated the relationship between impulsivity and neurocognitive function in individuals with obsessive-compulsive disorder (OCD) and eating disorders (ED). A 2012 study published in Psychiatry Research found that both OCD and ED participants reported higher levels of impulsivity on the Barratt Impulsiveness Scale (BIS-11) compared to healthy controls. However, only OCD participants demonstrated impaired inhibitory control, as evidenced by increased stop-signal reaction times. This suggests that while both clinical groups may experience heightened impulsivity, it may be driven by different underlying mechanisms. Specifically, the experience of anxiety may contribute to self-reported impulsivity in both OCD and ED populations, whereas impaired inhibitory control may represent a specific behavioral deficit in OCD. These findings have implications for our understanding of the neural mechanisms underlying impulsivity in psychiatric disorders and may inform the development of targeted interventions.",True,False,True,
25899520,Altered resting-state functional connectivity of the insula in young adults with Internet gaming disorder.,"This study (25899520) investigated the relationship between impulsivity and neuroimaging in young adults with Internet Gaming Disorder (IGD). The researchers used functional magnetic resonance imaging (fMRI) to examine resting-state functional connectivity (rsFC) of the insula, a brain region involved in salience processing, craving, and interoception.

The results showed that individuals with IGD had altered rsFC of the insula compared to healthy controls. Specifically, they exhibited enhanced connectivity between the anterior insula and regions involved in salience, craving, and self-monitoring, as well as stronger connectivity between the posterior insula and regions involved in interoception, movement control, and auditory processing.

The study found that IGD severity was positively associated with connectivity between the anterior insula and certain regions, and that duration of Internet gaming was positively associated with connectivity between the anterior insula and the anterior cingulate cortex. These findings suggest that the insula plays a key role in the manifestation of core symptoms of IGD, and that impulsivity may be related to altered connectivity in this brain region.

The study's findings have implications for our understanding of the neural mechanisms underlying impulsivity and IGD, and highlight the importance of examining functional abnormalities of the anterior and posterior insula separately in individuals",True,False,True,
42146757,Resting-State Functional Connectivity Alterations in Pediatric Survivors of Severe COVID-19: An Exploratory Case-Control Study.,"This study (PMID: 42146757) investigated the effects of severe COVID-19 on the brains of pediatric survivors using resting-state functional connectivity (rs-fMRI) neuroimaging. The results showed that children who had severe COVID-19 exhibited altered connectivity patterns in three brain regions: increased connection between the default mode network and visual medial areas, stronger anticorrelations between the dorsal attention network and sensorimotor areas, and enhanced connectivity between the temporal, occipital, and vermis regions.

Notably, the study found that a subset of post-COVID children (50%) had abnormally low Timeliness scores and 25% had abnormally low Impulsivity scores on the MOXO-d-CPT, a cognitive assessment tool. This suggests that severe COVID-19 may be associated with subtle cognitive vulnerabilities, including impulsivity, in pediatric survivors. These findings are preliminary and require confirmation in larger longitudinal cohorts.",True,False,True,
35007715,Risk-taking in humans and the medial orbitofrontal cortex reward system.,"A recent neuroimaging study (PMID: 35007715) investigated the relationship between impulsivity and brain function in 18,740 participants from the UK Biobank. The study found that individuals who reported higher levels of risk-taking had increased functional connectivity in the medial orbitofrontal cortex (mOFC), ventromedial prefrontal cortex (VMPFC), and parahippocampal areas. These findings were validated in two independent datasets and associated with real-world behaviors such as alcohol and cannabis use.

The study suggests that the mOFC, which is involved in reward processing and pleasure, plays a key role in risk-taking behavior, which is often associated with impulsivity. The findings also indicate that the anterior cingulate cortex, which is connected to the mOFC and VMPFC, may facilitate the influence of reward-related regions on action in risk-taking individuals.

Overall, this study provides new insights into the neural mechanisms underlying risk-taking behavior and impulsivity, highlighting the importance of the orbitofrontal cortex reward system in driving risk-taking behavior in humans.",True,False,True,
37209127,Reduced loss aversion in value-based decision-making and edge-centric functional connectivity in patients with internet gaming disorder.,"A recent study (PMID: 37209127) investigated the relationship between impulsivity and neuroimaging in patients with internet gaming disorder (IGD). The study found that individuals with IGD exhibited reduced loss aversion in value-based decision-making, which is a core component of addiction. This reduction in loss aversion was associated with altered edge-centric functional connectivity in the brain, particularly in regions involved in reward processing and decision-making, such as the left inferior frontal gyrus (IFG) and right hippocampus.

The study used functional magnetic resonance imaging (fMRI) to examine brain activity while participants performed the Iowa gambling task (IGT), a measure of value-based decision-making. The results showed that individuals with IGD performed worse on the task and exhibited reduced loss aversion, which was correlated with altered edge-centric functional connectivity.

Notably, the study found that the relationship between loss aversion and edge-centric functional connectivity was suppressed in individuals with IGD, suggesting that the neural mechanisms underlying value-based decision-making are disrupted in this population. These findings have important implications for understanding the neural mechanisms of IGD and may inform the development of new treatments for this condition.

Overall, this study provides evidence that impulsivity and altered neuroimaging patterns are associated with IGD, and highlights the",True,False,True,
40168432,Protocol for a Randomized Controlled Trial to Enhance Executive Function via Brief Mindfulness Training in Individuals with Internet Gaming Disorder.,"This randomized controlled trial aims to investigate the effectiveness of a brief mindfulness intervention on executive function impairments in individuals with Internet Gaming Disorder (IGD). The study will examine the three subcomponents of executive function (inhibition, updating, and shifting) in IGD individuals and compare them to non-addicted gamers. 

The trial will utilize a range of neuroimaging and behavioral measures, including electroencephalography (EEG) data, behavioral metrics, physiological indices, and self-reported measures. EEG data will assess band power, functional connectivity, source localization, and N2/P3 amplitudes, providing insights into the neural mechanisms underlying executive function impairments in IGD.

The study also aims to explore the relationship between impulsivity and executive function in IGD individuals. Impulsivity, particularly inhibitory control, will be assessed through self-reported measures. The findings of this study are expected to contribute to more targeted intervention strategies for executive function research and offer novel insights into the treatment of IGD and related cognitive dysfunctions.

The use of neuroimaging techniques, such as EEG, will provide valuable information on the neural mechanisms underlying executive function impairments in IGD individuals. This knowledge can inform the development of more effective interventions for improving executive functions in this population.",False,False,True,
39592983,Abnormal stability of dynamic functional architecture in drug-naïve children with attention-deficit/hyperactivity disorder.,"This study (PMID: 39592983) investigated the stability of dynamic functional architecture in children with attention-deficit/hyperactivity disorder (ADHD) using resting-state functional magnetic resonance imaging (fMRI). The results showed that children with ADHD exhibited abnormal functional stability (FS) in brain regions associated with the default mode network (DMN) and salience network (SN). Specifically, decreased FS was found in the bilateral superior frontal gyrus (SFG), a key region of the DMN, and increased FS was found in the right middle temporal gyrus (MTG), also part of the DMN. Furthermore, the study found increased dynamic functional connectivity (dFC) between the bilateral SFG and the left insula, a region of the SN, and decreased dFC between the right MTG and the left cerebellum posterior lobe. These findings suggest that impulsivity in ADHD may be related to altered functional connectivity and stability in brain regions involved in attention and impulse control. The study's results provide novel insights into the dynamic brain functional networks in ADHD and highlight the importance of investigating the stability of functional architecture in this disorder.",True,False,True,
10570690,What is attention-deficit/hyperactivity disorder?,"Based on the abstract from ""What is attention-deficit/hyperactivity disorder?"" (PMID: 10570690), here's a short free-form evidence summary about impulsivity and neuroimaging:

Individuals with Attention-Deficit/Hyperactivity Disorder (ADHD) exhibit core symptoms of impulsivity and inattention, which are thought to stem from difficulties in organizing, preparing, and inhibiting responses. Neurobiological studies suggest that the circuitry involving frontal cortical-basal ganglia connections may be structurally or functionally different in individuals with ADHD. This implies that impulsivity in ADHD may be related to abnormalities in brain regions responsible for executive function and response inhibition. However, the specificity of these findings requires further research. The heritability of ADHD symptoms, particularly impulsivity, is also supported, indicating a potential genetic component to the disorder. Overall, the complex interplay between genetic and neurobiological factors contributes to the development and manifestation of impulsivity in ADHD.",True,False,True,
40260305,Effective connectivity analysis of response inhibition functional network.,"This study (40260305) investigated the neural mechanisms of response inhibition using functional magnetic resonance imaging (fMRI) and dynamic causal modeling (DCM) in 19 healthy participants. The results identified four functional networks involved in response inhibition: the salience network (SN), the right and left executive control networks (ECNs), the ventral default mode network (vDMN), and the somatomotor network (SMN). 

Key findings include a significant causal inhibitory influence from the vDMN to the left ECN during correct motor response inhibition, and a significant correlation between the inhibitory influence from the SMN to the SN and the commission error rate. 

Highly impulsive individuals were found to require greater interhemispheric integration between the right and left ECNs for effective inhibition, as well as a causal excitatory modulation from the right executive control network (rECN) to the vDMN. These findings suggest that impulsivity is associated with altered neural dynamics in response inhibition networks, and highlight the importance of interhemispheric integration and excitatory modulation in this process. 

Overall, this study provides valuable insights into the neural mechanisms of response inhibition and offers avenues for future research on the neural underpinnings of this critical cognitive function across the lifespan.",True,False,True,
26908392,Association of ventral striatum monoamine oxidase-A binding and functional connectivity in antisocial personality disorder with high impulsivity: A positron emission tomography and functional magnetic resonance imaging study.,"This study investigated the relationship between impulsivity and brain function in individuals with antisocial personality disorder (ASPD). The researchers used positron emission tomography (PET) and functional magnetic resonance imaging (fMRI) to examine the ventral striatum (VS), a key region involved in impulsive behavior. They found that individuals with ASPD and high impulsivity had lower monoamine oxidase-A (MAO-A) levels in the VS, which was associated with altered functional connectivity (FC) between the VS and other brain regions.

Specifically, the study found that individuals with ASPD and high impulsivity had reduced FC between the VS and the dorsomedial prefrontal cortex (DMPFC), which was correlated with lower MAO-A levels in the VS. Additionally, the study found that individuals with ASPD and high impulsivity had increased FC between the VS and the right hippocampus, which was anti-correlated with lower MAO-A levels in the VS.

These findings suggest that individuals with ASPD and high impulsivity have altered brain function in the VS, which is associated with lower MAO-A levels. The study's results also highlight the potential relevance of phenotype-based brain markers of ASPD to understanding brain function and impulsivity.

The study's findings have implications for the development",False,False,True,
18479820,An event-related fMRI study on risk taking by healthy individuals of high or low impulsiveness.,"A study published in 2008 (PMID: 18479820) used event-related functional Magnetic Resonance Imaging (fMRI) to investigate the neural basis of risk-taking behavior in individuals with high and low impulsiveness. The study found that individuals with high impulsiveness exhibited increased activation in the insula-orbitofrontal-parietal regions compared to those with low impulsiveness while performing a Risky-Gains task. In contrast, activation levels in the lateral prefrontal and anterior cingulate regions did not differ between the two groups. These findings suggest that the neural mechanisms underlying risk-taking decision-making may vary depending on an individual's level of impulsiveness, with high impulsiveness being associated with altered activity in regions involved in emotion regulation and decision-making.",True,False,True,
19758706,Are self-injurers impulsive?: Results from two behavioral laboratory studies.,"A recent study published in Psychiatry Research (PMID: 19758706) investigated the relationship between impulsivity and self-injury. The authors aimed to address the knowledge gap in prior research, which relied heavily on self-reported impulsiveness. 

The study used performance-based measures to assess impulsiveness in two groups: individuals who engaged in non-suicidal self-injury (NSSI) and non-injurious controls. The results showed that self-injurers reported greater impulsiveness compared to non-injurers, but performance-based measures failed to detect any significant differences between the two groups.

This discrepancy between self-report and performance-based measures suggests that individuals may not accurately report on their cognitive processes, particularly those that occur outside of awareness. The study proposes several potential explanations for this discrepancy, including the possibility that self-injurers may be more aware of their impulsivity due to its negative consequences.

The findings of this study have implications for the understanding of impulsivity and self-injury. They suggest that impulsivity may not be a primary characteristic of individuals who engage in NSSI, and that other factors may play a more significant role. The study highlights the importance of using performance-based measures to assess impulsivity, rather than relying solely on self-report.

In terms of neuroimaging, this study",True,False,True,
24373553,Anhedonia in Parkinson's disease patients with and without pathological gambling: a case-control study.,"This study (PMID: 24373553) investigated the relationship between impulsivity and neuroimaging in Parkinson's disease (PD) patients with and without pathological gambling (PG). The researchers found that PD patients with PG reported higher levels of impulsivity traits, as measured by the Barratt Impulsiveness Scale, compared to those without PG or other impulse control disorders (ICDs). 

Notably, the PG group also exhibited more severe frontal dysfunctions, as assessed by the Frontal Assessment Battery, suggesting a potential link between impulsivity and frontal lobe dysfunction. The study's findings support the idea that impaired hedonic capacity, possibly resulting from underlying neuropsychological dysfunction, may contribute to the development of addictive behaviors in PD patients.

The study's results have implications for understanding the neural mechanisms underlying impulsivity and addictive behaviors in PD patients. Further research is needed to explore the relationship between impulsivity, frontal lobe function, and the development of ICDs in PD patients.",True,False,True,
36963562,Youth Screen Media Activity Patterns and Associations With Behavioral Developmental Measures and Resting-state Brain Functional Connectivity.,"This study examined the associations between screen media activity (SMA) patterns and behavioral developmental measures, including impulsivity, in a large sample of children and adolescents. The researchers identified two SMA patterns: a video-centric higher-frequency pattern and a lower-frequency pattern. The video-centric higher-frequency pattern group showed poorer neurocognitive performance, more behavioral problems, and more psychotic-like experiences compared to the lower-frequency pattern group. This group also demonstrated higher impulsivity and altered resting-state brain functional connectivity, particularly in brain areas implicated in cognitive processes.

The study's findings suggest that excessive time spent on video entertainment-related SMA may be detrimental to youth development, particularly in terms of impulsivity and brain function. The results persisted longitudinally, with more participants in the video-centric higher-frequency SMA group showing poorer developmental measures at 1-year follow-up. The study's authors recommend public health strategies to decrease excessive time spent by children on video entertainment-related SMA.

The study's use of neuroimaging data to examine resting-state brain functional connectivity provides valuable insights into the neural mechanisms underlying the associations between SMA patterns and behavioral developmental measures. The findings have implications for our understanding of the potential risks of excessive SMA and the need for targeted interventions to promote healthy development in children and adolescents.",False,False,True,
32699511,Neurobiological mechanisms underlying internet gaming disorder .,"This review of neurobiological mechanisms underlying internet gaming disorder (IGD) highlights the shared neurobiological alterations with other addictions. Key findings include:

Activation in brain regions associated with reward, such as those involved in dopamine-mediated reward mechanisms, as seen in cue exposure and craving studies. 

Reduced activity in impulse control areas and impaired decision making, suggesting a link between impulsivity and IGD.

Reduced functional connectivity in brain networks involved in cognitive control, executive function, motivation, and reward, indicating disrupted neural communication.

Structural changes, including reduced gray-matter volume and white-matter density, which may contribute to the development and maintenance of IGD.

Comorbidity studies suggest that individuals with attention deficit-hyperactivity disorder (ADHD) may be more susceptible to developing IGD due to impaired executive control networks.

The review also notes that excessive screen use, particularly in adolescents and young adults, can activate brain regions involved in cognitive, motor, and sensory function, potentially contributing to the development of IGD.

These findings provide evidence that impulsivity is linked to IGD, and that neuroimaging studies can help identify the underlying neurobiological mechanisms driving this behavior.",False,False,True,
34964209,Neural processes during response inhibition in complex posttraumatic stress disorder.,"This study (34964209) investigated the neural mechanisms underlying impulsivity in complex posttraumatic stress disorder (CPTSD) using functional magnetic resonance imaging (fMRI) and electroencephalogram (EEG) paradigms. The results showed that individuals with CPTSD had reduced bilateral thalamic activation during response inhibition tasks compared to those with posttraumatic stress disorder (PTSD) and healthy controls. This suggests that impaired neural processes in the thalamus may contribute to impulsivity in CPTSD. Notably, the study found no differences in functional connectivity between the thalamus and other regions involved in cognitive control, and no differences in EEG responses between groups. These findings provide initial evidence that CPTSD is distinguished from PTSD by aberrant functioning in the neurocircuitry of inhibitory control, specifically involving the thalamus. This research highlights the importance of examining the neural mechanisms underlying impulsivity in CPTSD, which may have implications for the development of targeted interventions.",True,False,True,
36912839,Identifying Replicable Subgroups in Neurodevelopmental Conditions Using Resting-State Functional Magnetic Resonance Imaging Data.,"This study used resting-state functional magnetic resonance imaging (fMRI) data from two large, independent datasets to identify subgroups of children with and without neurodevelopmental conditions, such as autism spectrum disorder (ASD), attention-deficit/hyperactivity disorder (ADHD), and obsessive-compulsive disorder (OCD). 

The study found that subgroups with similar brain biology were identified in both datasets, but these groups did not align with current diagnostic categories. Notably, subgroups with increased hyperactivity and impulsivity traits were identified in both datasets, suggesting that impulsivity may be a key behavioral characteristic associated with shared neurobiological features across neurodevelopmental conditions.

These findings have implications for the development of more personalized and effective treatments for neurodevelopmental conditions, as they suggest that impulsivity may be a key target for intervention across multiple disorders. The use of neuroimaging data to identify subgroups with shared biology also highlights the potential for data-driven approaches to improve diagnosis and treatment of neurodevelopmental conditions.

The study's replication of findings in independently collected data sets increases confidence in the results and suggests that these subgroups may be a useful target for future research and clinical applications. Overall, this study provides new insights into the neural mechanisms underlying impulsivity and neurodevelopmental conditions, and highlights the potential",False,False,True,
37884552,Neural correlates of aggression in personality disorders from the perspective of DSM-5 maladaptive traits: a systematic review.,"This systematic review of neuroimaging studies (PMID: 37884552) investigated the neural correlates of aggression in individuals with borderline personality disorder (BPD) and antisocial personality disorder (ASPD), focusing on maladaptive traits outlined in the Diagnostic and Statistical Manual of Mental Disorders, 5th edition (DSM-5) alternative model of personality disorders (AMPD). 

Key findings suggest that impulsivity is linked to aggression in BPD and ASPD through alterations in fronto-temporal-limbic regions and serotonergic and endocannabinoid signaling systems. Specifically, weaker cortico-striatal connectivity may relate to greater risk-taking and a higher propensity for violence. In contrast, insufficient evidence was found to describe a relationship between callousness and aggression. 

Anger/hostility, another AMPD trait, was associated with changes in the interplay between prefrontal and subcortical regions, particularly the amygdala, which may contribute to aggressive reactions to interpersonal threats or provocations. These findings highlight the need for further investigation into neuroimaging markers of AMPD traits linked to aggression in BPD and ASPD, as well as the incorporation of multi-methodological designs, including other biomarkers, to better understand aggression in these disorders.",True,False,True,
27894158,Craving behavioral intervention for internet gaming disorder: remediation of functional connectivity of the ventral striatum.,"This study (PMID: 27894158) investigated the neural mechanisms underlying the efficacy of psychobehavioral interventions in treating Internet gaming disorder (IGD). The researchers found that individuals with IGD exhibited increased resting-state functional connectivity between the ventral striatum (VS) and other brain regions, including the left inferior parietal lobule (lIPL), right inferior frontal gyrus, and left middle frontal gyrus. This increased connectivity was positively associated with the severity of IGD.

The study then examined the effects of a craving behavioral intervention (CBI) on VS-lIPL connectivity in individuals with IGD. The results showed that CBI significantly decreased VS-lIPL connectivity, which was associated with a reduction in addiction severity. These findings suggest that functional connectivity between the VS and lIPL may be a potential biomarker for the efficacy of psychobehavioral interventions in treating IGD.

This study provides evidence that impulsivity, as measured by VS-lIPL connectivity, can be modified through behavioral interventions. The findings have implications for the development of non-invasive treatments, such as transcranial magnetic or direct current stimulation, targeting the VS-IPL circuitry to reduce impulsivity and alleviate symptoms of IGD.",True,False,True,
9571295,Frontal lobe functions and dysfunctions.,"This 1998 paper by Fuster (PMID: 9571295) provides insights into the role of the frontal lobe in impulsivity and neuroimaging. The author suggests that the prefrontal cortex is involved in motor action planning, initiation, and sequencing, which requires drive and initiative to move. Deficits in this region can result in apathy, while disinhibitory frontal lobe syndromes can lead to impulsivity and aggression.

The paper highlights the importance of the fronto-orbital cortex in mediating forces of motivation and exerting inhibitory influences on prefrontal functioning. The author also discusses the concept of ""Working Memory,"" which appears to be the keystone of mental and motor prefrontal function. This working memory is thought to be based on the constant influx of afferent-sensory messages from posterior cerebral regions and strong mesiodorsal thalamic connections.

The paper suggests that abnormalities in this working memory system may contribute to impulsivity and other neurocognitive disorders, such as Attention Deficit Hyperactivity Disorder (ADHD). The author also proposes that a widened gap between afferent and efferent signals in the working memory may provide a basis for reflection and cogitation, which are uniquely human properties.

Overall, this",True,False,True,
39218589,[A review of functional electrical stimulation based on brain-computer interface].,"This abstract does not directly relate to impulsivity and neuroimaging. However, it does discuss the use of brain-computer interfaces (BCIs) in rehabilitation, which may be relevant to understanding neural function and potentially impulsivity.

A more relevant PubMed abstract would be needed to provide a summary on impulsivity and neuroimaging. However, based on the abstract provided, it can be noted that BCIs have been explored as a tool for rehabilitation in neurological conditions, which may involve changes in impulsivity.

In the context of neuroimaging and impulsivity, research has shown that impulsivity is associated with altered activity in brain regions such as the prefrontal cortex, anterior cingulate cortex, and basal ganglia. Neuroimaging techniques such as functional magnetic resonance imaging (fMRI) and electroencephalography (EEG) have been used to investigate the neural mechanisms underlying impulsivity.

Studies have found that individuals with higher impulsivity tend to have reduced activity in prefrontal regions involved in executive function, such as the dorsolateral prefrontal cortex (DLPFC). Additionally, impulsivity has been linked to altered activity in the anterior cingulate cortex (ACC), which is involved in conflict monitoring and error detection.

Further research is needed to fully understand the neural mechanisms",False,False,True,
