pmid,title,response,mentions_pmid,has_anchored_sentence,unparseable_as_schema,error
39315326,Resting-state brain networks alterations in adolescents with Internet Gaming Disorder associate with cognitive control impairments.," Evidence Summary:

The study published in Frontiers in Psychiatry (PMID: 39315326, Year: 2024) investigates the relationship between impulsivity, internet gaming disorder (IGD), and neuroimaging in adolescents. The research involved 44 adolescent IGD subjects and 50 healthy controls. The results indicate a positive correlation between impulsivity and the severity of IGD, which is associated with impairments in the Executive Control Network (ECN) and a decrease in functional connectivity between the Salience Network (SN) and ECN. Additionally, decreased resting state activity of the dorsal attention network (DAN) was associated with attentional dysregulation in IGD adolescents, and ECN increased functional connectivity with DAN. The degree of IGD was positively correlated with enhanced functional connectivity between the ECN and DAN. This research suggests that changes in the ECN and DAN correlate with heightened impulsivity and attentional deficits in adolescents with IGD, and the interaction between cognitive control disorders and resting-state brain networks in adolescent IGD is related.",True,False,True,
35040662,Role of White Matter Microstructure in Impulsive Behavior.," Evidence Summary:

The study published in The Journal of neuropsychiatry and clinical neurosciences (PMID: 35040662) investigates the relationship between white matter microstructure and impulsivity in a group of 74 healthy adults. The researchers used the Barratt Impulsiveness Scale-11 to measure impulsivity and diffusion tensor imaging (DTI) to assess white matter microstructure. They found that whole-brain total average fractional anisotropy (FA), a measure of white matter integrity, was inversely correlated with motor impulsiveness and positively correlated with nonplanning impulsiveness. Significant regional correlations were also observed for motor impulsiveness with the corticospinal tract and for nonplanning impulsiveness with the superior fronto-occipital fasciculus. These findings suggest that specific white matter microstructural connectivity may be linked to the motor and nonplanning subdomains of impulsive behavior, supporting the notion that impulsivity is a network-based construct involving white matter microstructural integrity among healthy populations.",True,False,True,
39796107,The Relationship Between Impulsivity Traits and In Vivo Cerebral Serotonin Transporter and Serotonin 2A Receptor Binding in Healthy Individuals: A Double-Tracer PET Study with C-11 DASB and C-11 MDL100907.," Evidence Summary:

In the study with PMID: 39796107, published in the International Journal of Molecular Sciences in 2024, the authors investigated the relationship between impulsivity traits and serotonin transporter (5-HTT) and 5-HT2A receptors in healthy individuals using positron emission tomography (PET) and magnetic resonance imaging (MRI). The results showed a significant positive correlation between non-planning impulsiveness and 5-HT2A receptor availability, as measured by [11C]MDL100907 binding potential (BPND), in several brain regions, including the caudate, prefrontal cortex, ventromedial prefrontal cortex, orbitofrontal cortex, insula, amygdala, putamen, ventral striatum, and thalamus. The total score of the Barratt Impulsiveness Scale-11 (BIS-11) was also positively correlated with 5-HT2A receptor availability in the orbitofrontal cortex, insula, amygdala, and caudate.",True,False,True,
29337234,Electrophysiological Activity Prior to Self-initiated Movements is Related to Impulsive Personality Traits.," Evidence Summary:

The study published in Neuroscience (PMID: 29337234) investigates the relationship between impulsivity and the readiness potential (RP), a measure of the brain's electrical activity prior to self-initiated movements. The research involved 19 healthy participants who underwent an impulsivity trait assessment using the Barratt Impulsiveness Scale (BIS-11) and performed a task based on Libet's clock paradigm while EEG recordings were taken.

The results suggest a positive correlation between impulsive personality traits and motor system excitability during the preparation of self-initiated movements. Specifically, the RP showed an earlier negative rising phase and a greater amplitude as BIS-11 scores increased, indicating a heightened readiness to act in impulsive individuals. This evidence supports the hypothesis that trait impulsivity might be characterized by less effective preparatory inhibition mechanisms, which could have a significant role in the control of behavior.",True,False,True,
12860356,"Impulsivity, gender, and response to fenfluramine challenge in borderline personality disorder."," Evidence Summary: The study published in Psychiatry Research (PMID: 12860356) investigates the relationship between impulsivity, gender, and the response to fenfluramine challenge in individuals with Borderline Personality Disorder (BPD). The research found that male BPD subjects exhibited diminished prolactin responses to fenfluramine compared to controls, which was predicted by higher levels of impulsivity and aggression. In contrast, no such differences were observed in female BPD subjects. The study suggests that gender differences in central serotonergic function may contribute to variations in impulsivity in BPD. However, it's important to note that this study was conducted in a community setting and the findings may not be generalizable to all populations. Further research is needed to confirm these findings and understand the role of gender in impulsivity and central serotonergic function in BPD.",True,False,True,
39424632,Enhanced ADHD classification through deep learning and dynamic resting state fMRI analysis.," In the study with PMID: 39424632, published in Scientific Reports in 2024, the authors used deep learning and dynamic resting-state fMRI analysis to classify Attention Deficit Hyperactivity Disorder (ADHD) from typically developing children (TDC). The research focused on the subtypes of ADHD: the inattentive subtype (ADHDI) and the predominantly combined subtype (ADHDC).

The study employed a novel deep learning network called Skip-Vote-Net, which was designed to classify ADHD based on dynamic connectivity analysis of rs-fMRI data from 222 participants. The functional connectivity matrices were constructed from overlapping segments using Pearson's correlation between mean time series of 116 regions of interest defined by the Automated Anatomical Labeling (AAL) 116 atlas.

The results showed that Skip-Vote-Net achieved mean classification accuracies of 97% ± 1.87 and 97.7% ± 2.2 for the balanced and unbalanced classification cases, respectively. The method also demonstrated a high accuracy of ",True,False,True,
32035425,Ventromedial prefrontal value signals and functional connectivity during decision-making in suicidal behavior and impulsivity.," In the study with PMID: 32035425, published in Neuropsychopharmacology, the authors investigated the neural underpinnings of impulsivity and its relationship with suicidal behavior. They found that individuals with a history of suicide attempts had reduced ventromedial prefrontal cortex (vmPFC) value activation compared to non-psychiatric controls. Additionally, in non-psychiatric controls, impulsivity was found to negatively moderate vmPFC-frontoparietal connectivity. This effect was preserved in comparison patient groups but was abolished in suicide attempters. The altered pattern of vmPFC-frontoparietal connectivity in impulsive individuals with suicidal behavior was found to affect choice processes, specifically in a suicidal crisis. These findings suggest that disrupted vmPFC value signals may play a significant role in suicidal behavior, and altered vmPFC-frontoparietal connectivity patterns may underlie disrupted choice processes in individuals with suicidal behavior and impulsivity.",True,False,True,
29442271,Exploring variability in basal ganglia connectivity with functional MRI in healthy aging.," Evidence Summary:

The study published in Brain Imaging and Behavior (PMID: 29442271) investigates the relationship between functional connectivity within the basal ganglia network (BGN) and various factors in healthy older adults, including impulsive behavior. The research found that age was the only significant correlate of BGN functional connectivity, suggesting that the adverse effect of aging on connectivity may be related to alterations in the dopaminergic system. However, no unique dopamine-related function was found to have a link with BGN functional connectivity beyond those detectable in the context of healthy aging. This study provides insights into the impact of aging on BGN connectivity but does not directly establish a strong link between impulsivity and BGN connectivity in healthy older adults.",True,False,True,
26745144,Head Motion and Inattention/Hyperactivity Share Common Genetic Influences: Implications for fMRI Studies of ADHD.," Evidence Summary: The study published in PloS One (PMID: 26745144) investigates the shared genetic influences between head motion (HM) during functional MRI (fMRI) and traits related to inattention and hyperactivity-impulsivity, particularly in the context of Attention Deficit Hyperactivity Disorder (ADHD). The research used a twin sample of healthy young adults and found a moderate correlation between HM and maternal reports of inattention and hyperactivity-impulsivity. This correlation was primarily attributed to pleiotropic genetic factors, suggesting a genetic link between HM and these traits. The study highlights that treating HM as a nuisance covariate in neuroimaging studies of ADHD may reduce power to detect between-group effects, as the assumption of independence between HM and inattention or hyperactivity-impulsivity is not valid. The authors propose two potential solutions to this issue: censoring motion-contaminated frames in the RS-fMRI scan or explicitly modeling the relationship between HM and inattention or hyperactivity-impulsivity. This research underscores the importance of considering HM as a potential confound in neuro",True,False,True,
38018143,Converging Evidence for Frontopolar Cortex as a Target for Neuromodulation in Addiction Treatment.," Evidence Summary: The review published in The American Journal of Psychiatry (PMID: 38018143, year 2024) discusses the potential of non-invasive brain stimulation technologies, such as transcranial electrical stimulation (tES) and transcranial magnetic stimulation (TMS), in treating substance use disorders. While previous clinical trials primarily focused on the dorsolateral prefrontal cortex, the latest research suggests the frontopolar cortex as a more promising therapeutic target. This conclusion is based on converging multimodal evidence from lesion-based maps, functional MRI-based maps, tES studies, TMS studies, and dose-response relationships. The review emphasizes the importance of personalizing treatment based on interindividual variations in brain state and trait, as well as electric field distribution patterns, to optimize the clinical outcomes of transcranial brain stimulation in people with substance use disorders. Future clinical trials are expected to improve outcomes by considering context, target, dose, and timing dimensions.",True,False,True,
36747838,Individual Differences in Delay Discounting are Associated with Dorsal Prefrontal Cortex Connectivity in Youth.," Evidence Summary: The study published in bioRxiv (PMID: 36747838) investigates the relationship between individual differences in impulsive choice, as measured by delay discounting, and functional connectivity in a large sample of youth. Using resting-state fMRI at 3T, the researchers found that higher delay discounting was associated with increased functional connectivity from the left dorsal prefrontal cortex, a hub of the default mode network, to other parts of the default mode network. Additionally, there was reduced connectivity between the dorsal prefrontal cortex and regions in the dorsal and ventral attention networks. These findings suggest that delay discounting in youth is associated with individual differences in relationships both within the default mode network and between the default mode and networks involved in attentional and cognitive control, particularly the dorsal prefrontal cortex. This study provides insights into the neural basis of impulsivity during adolescence.",True,False,True,
39284401,"Transcranial Magnetic Stimulation-Induced Plasticity Improving Cognitive Control in Obsessive-Compulsive Disorder, Part II: Task-Based Neural Predictors of Treatment Response."," Evidence Summary:

The study published in Biological Psychiatry (PMID: 39284401) investigates the use of task-based functional magnetic resonance imaging (fMRI) to predict clinical outcomes of repetitive transcranial magnetic stimulation (rTMS) combined with exposure with response prevention in Obsessive-Compulsive Disorder (OCD). Sixty-one adults with OCD were randomized into three groups: left dorsolateral prefrontal cortex (DLPFC), left presupplementary motor area (PMA), and control stimulation at the vertex at low intensity. The Tower of London task and stop signal task were used to assess pretreatment activation during planning and inhibitory control, respectively.

The results showed that for the vertex group, higher activation in several task-relevant regions during planning and response inhibition, and lower error-related activation, corresponded with better short-term clinical improvement. In the DLPFC group, lower precuneus activation with increased planning taskload was correlated with symptom reduction. In the PMA group, higher error-related activation and lower inhibition-related insular-amygdalar",True,True,True,
35277392,Prefrontal Cortical Connectivity Mediates Locus Coeruleus Noradrenergic Regulation of Inhibitory Control in Older Adults.," Evidence Summary: The study published in The Journal of Neuroscience (PMID: 35277392) investigates the relationship between noradrenaline, originating from the locus coeruleus, and response inhibition, a key executive function. Using magnetization transfer (MT)-sensitive magnetic resonance imaging (MRI) to estimate locus coeruleus integrity, the researchers found a correlation between better response inhibition and locus coeruleus integrity. This association was mediated by stronger connectivity between the presupplementary motor area (preSMA) and the right inferior frontal gyrus (rIFG), two regions involved in inhibitory control. The effect of locus coeruleus integrity on behavior was moderated by age, suggesting that noradrenergic regulation of behavioral control may be particularly important in older adults. This study supports the hypothesis that the locus coeruleus noradrenergic system plays a role in regulating inhibitory control in healthy populations, and may be a potential target for treating impulsivity in clinical populations. However, age and locus coeruleus integrity could be important factors to consider in the development of such treatments.",True,False,True,
29454934,Time scale properties of task and resting-state functional connectivity: Detrended partial cross-correlation analysis.," Evidence Summary: The study published in NeuroImage with PMID: 29454934 investigates the time scale properties of functional connectivity during rest and a stop signal task using detrended partial cross-correlation analysis (DPCCA). The results suggest that the time scales of within-network connectivity in the default mode network (DMN) and task networks differ between rest and task, with the time scale increasing during rest versus task in the DMN and vice versa in task networks. In regions of interest analysis, the within-network connectivity time scale of the pre-supplementary motor area, a critical region for proactive inhibitory control and impulsivity, was inversely correlated with Barratt impulsivity and stop signal reaction time. This research provides evidence supporting a role of low-frequency fluctuations of BOLD signals in behavioral control, suggesting that time scale properties of brain networks may vary across mental states.",True,False,True,
40630648,Identifying a Biological Signature of Trauma-Related Neurodegeneration Following Repeated Traumatic Brain Injuries Compared with Healthy Controls.," Evidence Summary:

In the study with PMID: 40630648, published in Neurotrauma Reports in 2025, researchers compared participants at risk for trauma-related neurodegeneration due to repeated traumatic brain injuries (TBIs) with a healthy control group. The study assessed various outcomes associated with Alzheimer's disease, including neurocognitive performance, plasma biomarkers, volumetrics, amyloid-beta (Aβ) positron emission tomography (PET), and tau PET.

The TBI group, who had an average of five TBIs, reported significantly higher scores on the Neurobehavioral Symptom Inventory (NSI), Insomnia Severity Index (ISI), Epworth Sleepiness Severity (ESS), PTSD Checklist for DSM-5 (PCL-5), Brief Symptom Inventory-18 (BSI-18), Satisfaction with Life Scale (SWLS), Barratt Impulsivity Scale (BIS), and Buss Perry Aggression Questionnaire (BPAQ) compared to the control group. However",True,False,True,
14572528,Response inhibition and impulsivity: an fMRI study.," Evidence Summary:

The study published in Neuropsychologia (PMID: 14572528) investigates the neural correlates of response inhibition and impulsivity using functional magnetic resonance imaging (fMRI). The research involved 19 normal subjects who performed a Go/NoGo task and completed various impulsivity scales. The results suggest that the right lateral orbitofrontal cortex plays a significant role in response inhibition. Greater activation of paralimbic areas, particularly in the right orbitofrontal cortex, was observed in subjects with higher impulsivity scores and more errors. Conversely, less impulsive individuals activated higher order association areas. The study also found that lower IQ was more important than impulsivity scores in determining errors of commission during the task. The authors propose that neuroimaging of brain activity during the Go/NoGo task may aid in understanding the functional neuroanatomy of response inhibition and could potentially be useful in studying the effects of interventions on response inhibition in clinical conditions such as antisocial personality disorder.",True,False,True,
33426970,Add-on repetitive transcranial magnetic stimulation in patients with opioid use disorder undergoing methadone maintenance therapy.," In the study with PMID: 33426970, published in The American Journal of Drug and Alcohol Abuse in 2021, the authors conducted a pilot trial to examine the effects of repetitive transcranial magnetic stimulation (rTMS) on opioid use disorder (OUD) patients undergoing methadone maintenance therapy (MMT). The study focused on the impact of rTMS on craving and heroin use behavior, depression, impulsivity, and attention.

The results showed that after 12 weeks of follow-up, active rTMS did not significantly improve heroin use behavior, craving, or urine morphine test results compared to the sham group. However, the active rTMS group demonstrated lower Hamilton Depression Rating Scale (HDRS) scores, better performance on the Barratt Impulsiveness Scale-11 (BIS-11) attentional subscales, and lower commission T-scores (C-TS) on the Continuous Performance Tests (CPTs) compared to the sham group. This suggests that add-on rTMS may have benefited depressive symptoms, impulse control, and",True,False,True,
41098388,Functional connectivity in resting-state fMRI (rs-fMRI) in opioid use disorder.," Evidence Summary:

The study published in The European Physical Journal. Special Topics (PMID: 41098388) provides an overview of functional connectivity in resting-state fMRI (rs-fMRI) among individuals with opioid use disorder. The review focuses on the impact of opioid addiction on key brain networks, such as the default mode network (DMN), salience network (SN), and executive control network (ECN).

The authors conducted a preliminary study involving 23 healthy controls and 19 patients with opioid use disorder. Each participant underwent an MRI scanning procedure, and the neuroimaging data was processed using the CONN Toolbox. The findings revealed significant disruptions in functional connectivity within DMN and SN networks in individuals with opioid addiction, which are associated with cognitive functions like decision-making and impulse control.

The authors emphasize the need for standardizing research practices, conducting longitudinal randomized studies, and developing a more holistic approach to understanding the effects of heroin addiction. These efforts could contribute to the development of personalized and effective intervention strategies.",True,False,True,
24834038,Brain functional connectivity changes in children that differ in impulsivity temperamental trait.," Evidence Summary:

The study published in Frontiers in Behavioral Neuroscience (PMID: 24834038) investigates the relationship between impulsivity and brain functional connectivity in typically developing children. Using magnetic resonance imaging (MRI) at rest and parent-reported impulsivity scores, the researchers found that higher impulsivity scores were negatively correlated with functional connectivity in two clusters within the default mode network (DMN), specifically the posterior cingulate cortex and the right angular gyrus. Furthermore, the study revealed that the impulsivity trait modulated the classic network of correlating and anti-correlating areas with respect to the DMN, suggesting a reduced anti-phasic relation between the DMN and action-related network in high impulsive children. This research provides initial evidence that impulsivity, as a personality trait, exerts a modulatory influence over the functional connectivity of resting state brain networks in typically developing children. The study bridges developmental approaches and behavioral neuroscience, offering insights into how differences in brain structure and functions may reflect in differences in behavior.",True,False,True,
28189592,Dissociable frontostriatal white matter connectivity underlies reward and motor impulsivity.," Evidence Summary: The study published in NeuroImage with PMID: 28189592 investigates the relationship between frontostriatal white matter connectivity and reward and motor impulsivity. The research found a double dissociation, where individual differences in white matter connectivity between the ventral striatum and ventromedial prefrontal cortex and dorsolateral prefrontal cortex were associated with reward impulsivity, as measured by delay discounting. On the other hand, connectivity between the dorsal striatum and supplementary motor area was associated with motor impulsivity, but not vice versa. This suggests that different types of impulsivity may be driven by distinct frontostriatal neural circuitry, and that structural connectivity can account for a significant amount of behavioral variation in impulsivity.",True,False,True,
31886611,Dorsal striatal functional connectivity changes in Internet gaming disorder: A longitudinal magnetic resonance imaging study.," Evidence Summary: The study published in Addiction Biology (PMID: 31886611) investigates the neural changes associated with Internet Gaming Disorder (IGD) using longitudinal magnetic resonance imaging (MRI) assessments. The research involved 18 individuals with IGD and 18 controls, with a mean age of 23.8 and 23.9 years, respectively.

The results showed that individuals with IGD had reduced gray matter volume in the anterior/middle cingulate cortex compared to controls during both initial and follow-up assessments. Additionally, they exhibited decreased functional connectivity (FC) between the left dorsal putamen and left medial prefrontal cortex (mPFC) compared to controls. However, during the follow-up, there was an increase in FC strength between the right dorsal putamen and right middle occipital gyrus (MOG) in individuals with IGD.

Furthermore, a significant correlation was found between changes in the dorsal putamen-MOG FC and gaming time per day in individuals with IGD. These findings suggest that IGD is associated with altered functional neural",True,False,True,
28860514,Delay discounting is associated with the fractional amplitude of low-frequency fluctuations and resting-state functional connectivity in late adolescence.," Evidence Summary: The study published in Scientific Reports (PMID: 28860514) investigates the association between delay discounting (DD), a measure of impulsivity, and the fractional amplitude of low-frequency fluctuations (fALFF) and resting-state functional connectivity (RSFC) in late adolescence. Using resting-state functional magnetic resonance imaging (RS-fMRI) on 228 high school students, the researchers found that higher DD was associated with increased fALFF in the dorsal anterior cingulate cortex (dACC), a region involved in conflict monitoring and strategy adaptation. Additionally, DD was positively correlated with the RSFC between the dACC and the left dorsolateral prefrontal cortex (DLPFC), a critical functional circuit in the cognitive control network. These effects remained significant even after accounting for general intelligence and trait impulsivity. This study suggests that fALFF and RSFC may serve as functional brain bases for DD in late adolescents, contributing to a better understanding of the neural underpinnings of impulsivity.",True,False,True,
34993375,Brain Networks Associated With COVID-19 Risk: Data From 3662 Participants.," Evidence Summary:

The study published in Chronic Stress (PMID: 34993375) investigates the association between unique brain networks and the risk of contracting COVID-19. Using functional magnetic resonance imaging scans from a cohort of 3662 participants, the researchers identified six fingerprints associated with COVID-19 positive status. These fingerprints indicate lower integration across brain modules and increased segregation, particularly in the central executive, ventral salience, dorsal salience, default mode, subcortical, and sensorimotor networks.

The findings suggest that individuals with reduced connectivity in top-down attention and executive networks, along with increased internal connectivity in introspective and instinctive networks, may be at higher risk of COVID-19 infections. These identified risk networks could potentially be targeted for treatment of illnesses with impulse control deficits. However, further research is needed to confirm these findings and explore their implications for understanding and managing COVID-19 risk.",True,False,True,
37561637,Abnormal frontostriatal connectivity and serotonin function in gambling disorder: A preliminary exploratory study.," Evidence Summary:

The study published in the Journal of Behavioral Addictions (PMID: 37561637) investigates the neurobiological mechanisms of gambling disorder, focusing on frontostriatal connectivity and key neurotransmitter systems. Fifteen individuals with gambling disorder and 17 healthy controls were compared using resting-state functional connectivity MRI and positron emission tomography (PET) scans.

The results indicate that individuals with gambling disorder exhibit a loss of functional connectivity between the right nucleus accumbens (NAcc) and a region in the right dorsolateral prefrontal cortex (DLPFC). Furthermore, there was a significant Group x right NAcc interaction in right DLPFC 11C-MADAM binding, suggesting abnormal serotonin function in this connection. This finding was confirmed in voxelwise analyses showing a widespread Group x right NAcc interaction in the prefrontal cortex 11C-MADAM binding.

Interestingly, right NAcc 11C-MADAM binding potential correlated with attentional impulsivity in individuals with gambling disorder, suggesting a link between serotonerg",True,False,True,
22901705,Alterations in regional homogeneity of resting-state brain activity in internet gaming addicts.," Evidence Summary: The study published in Behavioral and Brain Functions (PMID: 22901705) investigates the brain functions in individuals with Internet Gaming Addiction (IGA) using Resting-State Functional Magnetic Resonance Imaging (fMRI) and Regional Homogeneity (ReHo) measures. The results suggest that compared to healthy controls, IGA subjects exhibit enhanced brain synchronization in regions associated with sensory-motor coordination, such as the brainstem, inferior parietal lobule, left posterior cerebellum, and left middle frontal gyrus. Conversely, IGA subjects show decreased brain synchronization in regions responsible for visual and auditory functions, including temporal, occipital, and parietal brain regions. These findings suggest that long-term online game playing may alter brain functions, particularly in areas related to sensory-motor coordination and visual/auditory processing. However, further research is needed to fully understand the neurobiological underpinnings of IGA.",True,False,True,
41281564,Associations between structural injury and task-based corticomuscular connectivity after stroke.," Evidence Summary:

The study published in Frontiers in Neurology (PMID: 41281564) investigates the relationships between structural injury and task-based corticomuscular connectivity (CMC) in individuals with early subacute stroke. The research used simultaneous electroencephalography (EEG) and electromyography (EMG) recordings during a grip task, focusing on CMC between electrodes overlying sensorimotor cortical regions and affected upper-extremity musculature.

The results showed no significant structure-function associations across the entire group. However, when the participants were divided into subgroups based on the severity of corticospinal tract (CST) injury and integrity, specific associations were observed. In the mild-moderate CST injury subgroup, greater injury correlated with higher coherence between the supplementary motor area and the affected extensor digitorum in the high beta frequency band (ρ = 0.83, p = 0.001). Conversely, in the subgroup with higher CST integrity, CST integrity positively related to coherence between the ipsilesional primary",True,False,True,
38002468,Insula Connectivity Abnormalities Predict Impulsivity in Chronic Heroin Use Disorder: A Cross-Sectional Resting-State fMRI Study.," In the study with PMID: 38002468, published in Brain Sciences in 2023, researchers investigated the relationship between impulsivity and neuroimaging in individuals with chronic heroin use disorder (HUD). The study involved 24 male HUD patients and 16 healthy controls. The Barratt Impulsiveness Scale (BIS-11) and resting-state functional magnetic resonance imaging (rs-fMRI) were used. The insula was used as a seed point to understand the association between trait impulsivity and its neural correlates.

The results showed that individuals with HUD had higher total trait impulsivity scores, motor impulsivity, and nonplanning impulsivity compared to the control group. The study further found significant positive correlations between changes in functional connectivity (FC) between the right insula and the lateral occipital cortex and the right angular gyrus with total trait impulsivity scores, motor impulsivity, and nonplanning impulsivity. On the other hand, changes in FC between the left insula and the left superior frontal gyrus and left frontopolar brain region were negatively correlated with",True,False,True,
15309395,Negative correlation between right prefrontal activity during response inhibition and impulsiveness: a fMRI study.," In the study with PMID: 15309395, published in the European Archives of Psychiatry and Clinical Neuroscience in 2004, the authors investigated the relationship between impulsiveness and brain activity during a Go/No-Go task using functional magnetic resonance imaging (fMRI). The results showed that regions such as the right middle frontal gyrus and the inferior parietal lobe were activated during No-Go trials, consistent with previous neuroimaging studies. A negative correlation was found between the motor impulsiveness score from the Barratt Impulsiveness Scale-11 (BIS-11) and No-Go-related activation in the right dorsolateral prefrontal cortex (RDLPFC). This suggests that the RDLPFC may be a key area for individual capacity for response inhibition, with less activity in this region associated with higher levels of impulsiveness.",True,False,True,
34461353,Impulsivity is related to overhasty risk learning in attention-deficit/hyperactivity disorder: A computational psychiatric approach.," In the study with PMID: 34461353, published in the Journal of Psychiatric Research in 2021, the authors investigated the relationship between impulsivity and risk-taking behavior in individuals with Attention-Deficit/Hyperactivity Disorder (ADHD). Using a Bayesian modeling approach and functional magnetic resonance imaging (fMRI) data, they found that impulsivity in ADHD patients is associated with overhasty updating of beliefs during risk learning. Specifically, they observed a significant correlation between the degree of overhasty learning and the Barratt Impulsiveness Scale (BIS) scores. Furthermore, they developed a connectome-based predictive model (CPM) that predicted the degree of overhasty learning, with the 'hub nodes' in the predictive network being in the frontal lobe, including the orbitofrontal area. This suggests that weak functional connectivity to the dorso-lateral prefrontal and orbitofrontal lobes may be predictive of the degree of overhasty learning in ADHD patients.",True,False,True,
28783574,Go/No-Go task performance predicts differences in compulsivity but not in impulsivity personality traits.," Evidence Summary: The study published in Psychiatry Research (PMID: 28783574) investigates the relationship between impulsivity and compulsivity personality traits and performance on the Go/No-Go task, a measure of response inhibition. Sixty-three healthy participants were divided into two groups based on their false alarm rates in the Go/No-Go task. The results showed that participants with high false alarms (H-FA) displayed a high-risk strategy of responding and higher scores in the Maudsley Obsessional Compulsive Questionnaire (MOCI) Total and MOCI Checking subscale compared to participants with low false alarms (L-FA). However, no relationship was found between the Go/No-Go task and the Barratt Impulsiveness Scale (BIS-11). The study suggests that the Go/No-Go task may be more closely related to compulsivity than impulsivity, and further research is needed to better understand and differentiate these personality traits.",True,False,True,
37673288,Resting-state functional magnetic resonance imaging alterations in borderline personality disorder: A systematic review.," Evidence Summary:

Impulsivity, a key feature of Borderline Personality Disorder (BPD), has been associated with alterations in resting-state functional connectivity (rs-FC) within and between several brain networks, as revealed by resting-state functional magnetic resonance imaging (rs-fMRI) studies. Specifically, abnormal rs-FC has been observed in the default mode network (DMN), salience network (SN), and central executive network (CEN) in BPD individuals compared to healthy controls. Additionally, selective functional impairments have been noted in regions such as the bilateral amyggdala, anterior and posterior cingulate cortex, hippocampus, and prefrontal cortex. However, the findings are limited by the observational design, small sample sizes, high rates of concurrent comorbidities and medications, and heterogeneity across imaging methodologies, which may affect the generalizability of the results. Further research using multimodal methodologies and longitudinal designs is needed to better understand the neural correlates of BPD and its impulsivity symptoms.

PMID: 37673288",True,False,True,
37887440,"Neurophysiological, Neuroimaging, and Neuropsychological Predictors of Human Alcoholism and Risk."," Evidence Summary:

The study published in Behavioral Sciences (PMID: 37887440) explores the role of neurophysiological, neuroimaging, and neuropsychological measures in understanding alcohol use disorder (AUD) and associated risks. Seven articles were included in this special issue, each focusing on specific topics such as EEG source functional connectivity, delta event-related oscillations, prefrontal cortex volume trajectories, fMRI response inhibition, reward network functional connectivity, epigenetic effects, and machine learning predictions of alcohol-related memory problems.

One of the articles (i) used EEG source functional connectivity, neuropsychological functioning, and impulsivity measures to classify AUD. This suggests that these measures could potentially be used to predict AUD risk.

The study also highlights the relationship between delta event-related oscillations and a history of extreme binge drinking in adolescence and lifetime suicide risk (ii). This finding indicates a potential link between impulsivity, alcohol use, and suicide risk.

Overall, this special issue provides valuable insights into the neural mechanisms underlying AUD and its risk, emphasizing the utility of various",True,False,True,
38468374,Functional connectivity alterations in individuals with gaming disorder assessed by functional magnetic resonance imaging: a systematic review.," Evidence Summary:

The review article published in the Journal of Addictive Diseases (PMID: 38468374) focuses on the functional connectivity alterations observed in individuals with Internet Gaming Disorder (IGD) using functional magnetic resonance imaging (fMRI). The study, conducted between 2020 and January 2023, identified 18 relevant studies through a systematic search in PubMed and Embase databases.

The main findings suggest that individuals with IGD exhibit significant changes in functional connectivity in various brain regions, including the prefrontal cortex, fronto-parietal regions, frontal gyrus, insula lobe, cingulate cortex, and striatum. These changes may contribute to impulsivity issues, such as the loss of inhibitory control in decision-making, and the transformation of leisure activities into dependence.

However, the review highlights the need for more long-term, comparative studies across different age groups to gain a comprehensive understanding of the effects of video game addiction on various stages of human development. The study underscores the potential negative impacts of uncontrolled technology use among the young population and emphasizes",True,False,True,
32987241,Intrinsic functional connectivity of the default mode and cognitive control networks relate to change in behavioral performance over two years.," Evidence Summary:

The study published in Cortex (PMID: 32987241) investigates the relationship between intrinsic functional connectivity of the default mode network (DMN) and cognitive control network (CCN) and changes in cognitive control behaviors over a two-year period. The research involved 109 healthy individuals aged 8 to 38 years, who were tested twice using fMRI to assess intrinsic functional connectivity of the CCN and DMN, and a validated cognitive battery.

The findings suggest that increased within-network connectivity through central and left DMN is associated with improved memory performance. Additionally, decreased connectivity between posterior parietal CCN and DMN nodes, and decreased connectivity between left and right dorsolateral prefrontal nodes, was associated with improved cognitive performance. These associations were found to be age and gender controlled, indicating that age-independent plastic changes in intrinsic connectivity through these networks directly relate to changing behavior. This study implies that targeting intrinsic connectivity could potentially be a mechanism to improve cognitive function.",True,False,True,
41098856,The CB1 receptor: linking impulsivity and substance use disorder.," Evidence Summary: The review article titled ""The CB1 receptor: linking impulsivity and substance use disorder"" (PMID: 41098856) published in Frontiers in Neuroscience in 2025, discusses the role of the cannabinoid receptor type 1 (CB1R) in impulsivity and its association with substance use disorders (SUDs). The CB1R, which is highly concentrated in the basal ganglia, hippocampus, and cerebellum, modulates synaptic transmission and plays a crucial role in neuroplasticity during adolescence, a period characterized by heightened impulsivity and increased vulnerability to SUDs. The review suggests that while the prefrontal cortex is traditionally associated with self-control, subcortical structures such as the hippocampus and cerebellum, rich in CB1R, also contribute to the regulation of impulsive behavior. CB1R signaling in these regions influences decision-making, reward sensitivity, and response inhibition, all processes critical to the emergence of impulsive traits and drug-seeking behavior. The article proposes a distributed CB1R-",True,False,True,
27896939,"A multimodal study of impulsivity and body weight: Integrating behavioral, cognitive, and neuroimaging approaches."," Evidence Summary:

The study published in Obesity (Silver Spring, Md.) with PMID: 27896939 investigates the relationship between impulsivity and body weight. The research involved 45 participants with an average BMI of 30.7. The study used three approaches: impulsive sensation-seeking scale (ImpSS) for trait impulsivity, continuous performance test for state impulsivity, and functional magnetic resonance imaging (fMRI) during a response inhibition task (stop signal task) for neuroimaging.

The results showed positive correlations between BMI and both trait and state impulsivity. Additionally, BMI was negatively correlated with regional activation in the temporal lobe and insula during successful response inhibition. There was also a positive association between BMI and functional connectivity between the right inferior frontal gyrus and right middle frontal gyrus during successful response inhibition. Mediation analyses revealed that ImpSS mediated the relationship between BMI and neural response in the right inferior frontal gyrus.

In conclusion, this study provides evidence for the association between impulsivity and elevated body weight, suggesting that",True,True,True,
28174127,Altered functional connectivity in default mode network in Internet gaming disorder: Influence of childhood ADHD.," Evidence Summary: The study published in Progress in neuro-psychopharmacology & biological psychiatry (PMID: 28174127) investigates the influence of childhood ADHD on the neural network features of Internet Gaming Disorder (IGD). The research used resting-state functional magnetic resonance imaging (fMRI) on 44 male IGD subjects with and without childhood ADHD, and 19 age-matched healthy male controls. The focus was on the default mode network (DMN) connectivity, which is associated with deficits in executive control.

The results showed that IGD subjects without childhood ADHD had expanded functional connectivity between DMN-related regions compared to controls. These subjects also exhibited expanded connectivity between the PCC and brain regions implicated in salience processing. On the other hand, IGD subjects with childhood ADHD showed expanded connectivity between the PCC and the cerebellum (crus II), a region involved in executive control. The strength of connectivity between the PCC and cerebellum (crus II) was positively correlated with self-reported impulsiveness.

In conclusion, this study suggests that individuals with IGD",True,False,True,
25925985,Impaired corticostriatal connectivity in impulse control disorders in Parkinson disease.," Evidence Summary:

The study published in Neurology (PMID: 25925985) investigates the resting-state functional connectivity of the striatum in Parkinson disease (PD) patients with and without impulse control disorders (ICDs). The research used fMRI to compare corticostriatal connectivity among PD patients with ICDs, PD patients without ICDs, and healthy controls.

The results indicate that PD patients with ICDs exhibit impaired functional connectivity between the left anterior putamen and the left inferior temporal gyrus, as well as the left anterior cingulate gyrus. Additionally, there was a trend towards functional disconnection between several motor and associative striatal regions and limbic, associative, and motor cortical regions in PD patients with ICDs.

Notably, PD patients without ICDs did not show any differences in corticostriatal connectivity compared to healthy controls. The study also performed a cortical thickness analysis, but it did not reveal any significant differences among the three study subgroups.

In summary, this study suggests that altered connectivity between the left anterior putamen and associative and limb",True,False,True,
31907881,Human Brain Imaging Links Dopaminergic Systems to Impulsivity.," In the study with PMID: 31907881, published in Current topics in behavioral neurosciences in 2020, the authors provide evidence linking dopaminergic systems to impulsivity through the use of molecular and functional imaging techniques, including PET and fMRI. The research suggests that striatal D2-type dopamine receptors (D2 and D3) and corticostriatal connectivity play a significant role in cognitive control, with low levels of striatal and midbrain D2-type receptor availability correlating with self-reported impulsivity. Additionally, striatal D2-type receptor availability is positively associated with motor response inhibition and cognitive flexibility. Impulsive choice in reward-based decision-making tasks is related to deficits in striatal D2-type dopamine receptor availability, and an inverted U-shaped function is observed, indicating an optimum of striatal dopaminergic activity. The findings suggest that D2-type receptors could be potential therapeutic targets to improve cognitive control, both in clinical populations with striatal dopamine D2-type receptor deficits and in healthy individuals",True,False,True,
37086305,"Emotion dysregulation, impulsivity and anger rumination in borderline personality disorder: the role of amygdala and insula."," In the study with PMID: 37086305, published in the European archives of psychiatry and clinical neuroscience in 2024, the authors investigated the role of the amyggdala and insula in Borderline Personality Disorder (BPD). They found that BPD patients had lower cortical thickness in the left insula, which negatively correlated with the Anger Rumination Scale. Additionally, a focused analysis on female patients revealed a significant reduction of right amyggdala volumes in BPD, which correlated with Difficulties in Emotion Regulation Scale, Beck Depression Inventory, and Ruminative Response Scale. Reduced functional connectivity was found between amyggdala and several brain regions, including the frontal pole, precuneus, and temporal pole, and these alterations correlated with Anger Rumination Scale and Barratt Impulsiveness Scale. These findings suggest that the amyggdala and insula are implicated in specific neuropsychiatric symptoms, such as difficulty in emotion regulation, depression, anger, and depressive rumination, and may play a role in impulsivity in BPD patients.",True,False,True,
31427669,The Effect of Mindfulness Meditation on Impulsivity and its Neurobiological Correlates in Healthy Adults.," Evidence Summary: The study published in Scientific Reports (PMID: 31427669) investigates the impact of mindfulness meditation on impulsivity and its neurobiological correlates in healthy adults. The research found no significant reduction in impulsivity on the go/no-go task or Barratt Impulsiveness Scale (BIS-11) after an eight-week mindfulness intervention, compared to active or wait-list control groups. Long-term meditators (LTMs) did not perform differently than meditation-naïve participants (MNPs) on the go/no-go task, but LTMs self-reported lower attentional impulsivity, but higher motor and non-planning impulsivity on the BIS-11 than MNPs. LTMs had less striatal gray matter, greater cortico-striatal-thalamic functional connectivity, and lower spontaneous eye-blink rate (a physiological dopamine indicator) than MNPs. However, the total lifetime practice hours (TLPH) of LTMs did not significantly relate to impulsivity or neurobiological metrics. The findings suggest that neither short- nor long-",True,True,True,
26460483,Lateral prefrontal model-based signatures are reduced in healthy individuals with high trait impulsivity.," Evidence Summary:

The study with PMID: 26460483, published in Translational Psychiatry in 2015, investigates the relationship between impulsivity and neuroimaging, particularly focusing on model-based and model-free control in healthy individuals. The research involved 50 participants, selected from the upper and lower ends of a larger group (452 individuals) based on their scores on the Barratt Impulsiveness Scale.

The results suggest that high-impulsive individuals exhibit a subtle but significant accentuation of model-free control, compared to their low-impulsive counterparts. Moreover, the study found a reduction in right lateral prefrontal model-based signatures in high-impulsive individuals. These findings were independent of factors such as smoking, drinking, general cognition, and gray matter density.

Interestingly, the study also found a positive association between gray matter density in the left dorsolateral prefrontal cortex and model-based control, irrespective of impulsivity levels. The study concludes that high levels of impulsivity may be associated with behavioral and neural signatures favoring model-free behavioral",True,False,True,
30616125,A multi-dimensional evaluation of craving and impulsivity among people admitted for alcohol-related problems in emergency department.," In the study with PMID: 30616125, published in Psychiatry Research in 2019, the authors investigated the relationship between craving and impulsivity in individuals admitted to an emergency department due to alcohol misuse. The study used a multi-dimensional approach, evaluating craving through the Visual Analogue Scale (VAS) and Obsessive Compulsive Drinking Scale (OCDS), and impulsivity through the UPPS Scale and Barratt Impulsiveness Scale. The results indicated that the compulsive subscale of the OCDS, the VAS, and the Urgency subscale of impulsivity were significant predictors of the severity of alcohol-use disorders, as measured by the AUDIT. This suggests that specific sub-dimensions of craving and impulsivity may play a critical role in the maintenance of excessive alcohol consumption.",True,False,True,
31284029,Genetic contribution to the phenotypic correlation between trait impulsivity and resting-state functional connectivity of the amygdala and its subregions.," In the study with PMID: 31284029, published in NeuroImage in 2019, the authors investigated the relationship between trait impulsivity and resting-state functional connectivity (rsFC) of the amygdala and its subregions. The study involved 292 twins in late adolescence and young adulthood.

The results showed a positive correlation between trait impulsivity and the rsFC between the left full amygdala and the right dorsolateral prefrontal cortex (DLPFC). Further analysis on the amygdala subregions revealed positive correlations between trait impulsivity and the rsFCs between the left basolateral (BL) amygdala and the right DLPFC and right inferior frontal gyrus, as well as between the right superficial (SF) amygdala and the dorsal anterior cingulate cortex and right anterior insula.

Bivariate genetic modeling analyses found genetic overlaps between trait impulsivity and the rsFC of the left full amygdala or the left BL amygdala with the right DLPFC. The study suggests",True,False,True,
29277650,"Macroscale variation in resting-state neuronal activity and connectivity assessed by simultaneous calcium imaging, hemodynamic imaging and electrophysiology."," Evidence Summary: The study published in NeuroImage (PMID: 29277650) investigates the relationship between spontaneous neuronal activity, as measured by genetically encoded calcium indicators, and the blood-oxygen-level-dependent (BOLD) functional MRI (fMRI) signal. The research finds that both signals are better correlated with multi-unit activity compared to local field potentials, with the calcium signal possessing a greater signal-to-noise ratio and regional specificity.

The study also reveals a regional variation in the relationship between the calcium and hemodynamic signals across the brain, with delays increasing by 600 ms towards posterior cortical regions. Despite a significant correlation between overall functional connectivity (FC) measured by the hemodynamic signal and FC measured by calcium, the two estimates were found to be significantly different. The authors hypothesize that these differences arise at least in part from the observed regional variation in the hemodynamic response, highlighting the need for improved modeling methods to reduce potential sources of bias in interpreting hemodynamic-based measurements of FC.

This research contributes to our understanding of the relationship between neuroimaging",True,False,True,
31401546,Functional connectivity of emotional well-being: Overconnectivity between default and attentional networks is associated with attitudes of anger and aggression.," Evidence Summary:

The study published in Psychiatry Research. Neuroimaging (PMID: 31401546) investigates the relationship between brain architecture and emotional health and well-being, focusing on impulsivity as indicated by attitudes of anger and aggression. Using functional MRI connectivity, the researchers found that overconnectivity between the default and attentional networks is associated with higher scores of anger and aggression. This suggests a potential mechanism of impaired effortful control and decreased response inhibition, which are key aspects of impulsivity. The findings support the idea that neuroimaging can provide insights into the neural basis of emotional well-being and impulsivity.",True,False,True,
37992501,Testing the triple network model of psychopathology in a transdiagnostic neurodevelopmental cohort.," Evidence Summary:

The study published in NeuroImage. Clinical (PMID: 37992501) investigates the triple network model of psychopathology in a transdiagnostic cohort of children experiencing neurodevelopmental difficulties. The research focuses on the Salience (SN), Central Executive (CEN), and Default Mode Networks (DMN) and their potential role in hyperactivity/impulsivity and inattention.

The study involved 175 at-risk children and 60 comparison children, and the results showed that hyperactivity/impulsivity was associated with increased functional connectivity between the SN, CEN, and DMN in at-risk children. In contrast, it was associated with decreased functional connectivity between the CEN and DMN in comparison children. These findings were replicated in an adult parcellation of brain function and when using stringent exclusion criteria for in-scanner motion.

In conclusion, the study suggests that triple network connectivity characterizes transdiagnostic neurodevelopmental difficulties with hyperactivity/impulsivity, potentially due to delayed network segregation, difficulties sustaining CEN activity to regulate behavior, and/or a",True,False,True,
38451271,Trait anxiety and corresponding neuromarkers predict internet addiction: A longitudinal study.," In the study with PMID: 38451271, published in the Journal of Behavioral Addictions in 2024, the authors investigate the relationship between trait anxiety (TA) and internet addiction (IA). They found a positive correlation between TA and IA, with higher TA predicting increased IA over time.

Neuroimaging analysis using connectome-based predictive modeling (CPM) revealed that the functional connectivity of cognitive control and emotion-regulation circuits, as well as the default mode network (DMN), were significantly associated with TA. These neuromarkers of TA were also found to predict IA.

The study further found that stressful life events and the functional connectivity associated with TA mediated the relationship between TA and IA. These findings suggest that understanding the neural and socio-psychological mechanisms linking TA and IA can provide valuable insights for developing interventions to address these issues.",True,False,True,
37058964,Impulsivity and self-regulation: A dual-process model of risky driving in young drivers in Iran.," Evidence Summary:

The study with PMID 37058964, published in Accident; analysis and prevention in 2023, investigates the cross-cultural applicability of the dual-process model of risky driving in Iranian drivers. The research involved 458 Iranian drivers aged 18 to 25, who were assessed for impulsive processes (impulsivity, normlessness, and sensation-seeking) and regulatory processes (emotion-regulation, trait self-regulation, driving self-regulation, executive functions, reflective functioning, and attitudes toward driving). The results suggest that executive functions and driving self-regulation mediate the effect of attention impulsivity on driving errors, while executive functions, reflective functioning, and driving self-regulation mediate the relationship between motor impulsivity and driving errors. Furthermore, attitudes toward driving safety significantly mediate the relationship of both normlessness and sensation-seeking with driving violations. These findings support the mediatory role of cognitive and self-regulatory capacities in the connection between impulsive processes and driving errors and violations, confirming the validity of the dual-process model of risky driving",True,False,True,
40334458,Temporal variability-based alternations in dynamic functional networks in internet gaming disorder.," Evidence Summary:

The study published in the Journal of Psychiatric Research (PMID: 40334458) investigates the dynamic functional networks in individuals with Internet Gaming Disorder (IGD) compared to Recreational Game Users (RGUs). Using resting-state fMRI data, the researchers calculated temporal variability indices at the network level for both groups.

The results indicate that IGD individuals exhibit decreased within-network variability in the Default Mode Network (DMN), increased within-network temporal variability in the Ventral Attention Network (VAN), and increased between-network temporal variability in the Sensorimotor Network (SMN) and VAN, SMN and Limbic Network (LN), and VAN and LN.

These findings suggest that IGD is associated with impaired executive inhibitory functions and attention, as well as imbalances between sensory-attention, sensory-emotion, and emotion-motivation functions. The study provides new insights into the dynamic functional organization of the brain in IGD, contributing to our understanding of the neural basis of pathological gaming behaviors.",True,False,True,
28040671,Decisional impulsivity and the associative-limbic subthalamic nucleus in obsessive-compulsive disorder: stimulation and connectivity.," Evidence Summary:

The study with PMID: 28040671 investigates the role of the subthalamic nucleus (STN) in decisional impulsivity, particularly in individuals with Obsessive-Compulsive Disorder (OCD) who have undergone deep brain stimulation (DBS) of the limbic and associative STN. The research finds that STN stimulation increases decisional impulsivity, leading to less evidence accumulation during probabilistic uncertainty and enhanced delay discounting. This suggests that STN plays a crucial role in inhibitory function and decision-making under uncertainty.

In a separate study involving 154 healthy controls, the researchers used resting-state functional connectivity to map out the connections between the STN and other brain regions. They found lateralization of functional connectivity between the bilateral ventral striatum and the right anterior ventromedial STN, a region implicated in decision-making under uncertainty.

The study also reveals that evidence accumulation is associated with anterior associative-limbic STN and right dorsolateral prefrontal functional connectivity in healthy controls. These findings suggest that the anterior associative",True,False,True,
33304251,Neural Basis of Increased Cognitive Control of Impulsivity During the Mid-Luteal Phase Relative to the Late Follicular Phase of the Menstrual Cycle.," Evidence Summary: The study published in Frontiers in Human Neuroscience (PMID: 33304251) investigates the neural mechanisms underlying cognitive control of impulsivity across different phases of the menstrual cycle. The research compared behavioral responses and brain activity during a monetary delay discounting task and functional magnetic resonance imaging (fMRI) between women in the mid-luteal phase (LP) and women in the late follicular phase (FP).

The results showed that women in the late FP were more responsive to short-term rewards, demonstrating a greater discount rate, and exhibited greater activity in the dorsal striatum (DS). The discount rate correlated with functional connectivity between the DS and dorsal lateral prefrontal cortex (dlPFC), suggesting that the DS-dlPFC circuitry may regulate impulsivity.

Additionally, the study found that the right dlPFC was more active in the mid-LP than in late FP, and this effect was sensitive to absolute and relative estradiol levels during the mid-LP. The DS-dlPFC functional connectivity magnitude correlated negatively with psychometric",True,False,True,
25944613,Nature of functional links in valuation networks differentiates impulsive behaviors between abstinent heroin-dependent subjects and nondrug-using subjects.," Evidence Summary:

The study published in NeuroImage with PMID: 25944613 investigates the functional links between neural correlates of impulsivity in the brains of abstinent heroin-dependent individuals and non-drug users. Using resting-state functional MRI, the researchers found that the ventral medial prefrontal cortex, the δ-network (including regions of the executive control system like the dorsolateral prefrontal cortex), and the β-network (regions of the reward system involved in the mesocorticolimbic pathway) jointly influence impulsivity. In non-drug users, the functional link between the β- and δ-networks is balanced, with the δ-network competitively controlling impulsivity. However, in abstinent heroin-dependent subjects, the link is imbalanced, with stronger β-network connectivity and weaker δ-network connectivity. This imbalance is associated with increased impulsivity, suggesting that the β- and δ-networks may mutually reinforce each other in abstinent heroin-dependent subjects. These findings may provide insights into the mechanism",True,True,True,
32464339,Investigation of structure-function correlation among the young offspring of patients with bipolar disorder.," Evidence Summary:

The study published in Psychiatry Research. Neuroimaging (PMID: 32464339) investigates the correlation between neurocognition and neuroimaging findings in young offspring of patients with bipolar disorder (BDoff), aiming to identify potential biomarkers for early recognition of BD. The research involved 16 BDoff aged between 12 and 18.

The study found that lower fractional anisotropy (FA) values in the superior longitudinal fasciculus (SLF) were negatively correlated with scores on tests measuring executive functioning, such as the Stroop interference, Wisconsin Card Sorting Test, and Trail Making Test (B-A). On the other hand, higher mean diffusivity (MD) values in the cingulum were inversely correlated with resilience measures and positively correlated with higher scores on the Barratt Impulsiveness Scale-Attentional, suggesting a link between impulsivity and neuroimaging findings in BDoff. These results suggest that structural brain changes in BDoff may be associated with cognitive dysfunction, particularly impulsivity.",True,False,True,
28423021,Trait impulsivity components correlate differently with proactive and reactive control.," Evidence Summary:

The study published in PloS One (PMID: 28423021) investigates the relationship between impulsivity and cognitive control, specifically proactive and reactive control, using neuroimaging. Thirty-three participants were scanned using functional magnetic resonance imaging while performing a hybrid-designed Stroop task.

The results suggest that different components of trait impulsivity, as measured by the Barratt Impulsiveness Scale, correlate differently with proactive and reactive control. Higher motor impulsiveness was associated with a larger proactive control effect in the inferior parietal lobule and a smaller reactive control effect in the right dorsolateral prefrontal cortex (DLPFC) and anterior cingulate cortex. Higher attention impulsivity was associated with a smaller proactive control effect in the right DLPFC. These findings indicate that impulsivity trait components may be attributable to different cognitive control subsystems, with motor and attention impulsiveness affecting proactive and reactive control, respectively.",True,True,True,
26648853,Impulsivity is Associated with Increased Metabolism in the Fronto-Insular Network in Parkinson's Disease.," In the study with PMID: 26648853, published in Frontiers in Behavioral Neuroscience in 2015, researchers investigated the relationship between impulsivity and neural activity in Parkinson's disease (PD) using neuroimaging. They compared glucose metabolism (as a proxy for neural activity) in 24 PD patients with either low or high levels of impulsivity, as measured by the Barratt Impulsiveness Scale 11 (BIS) scores.

The results showed that patients with higher impulsivity scores had increased glucose metabolism in the orbitofrontal cortex (OFC), anterior cingulate cortex (ACC), and right insula. Furthermore, there was a positive correlation between the glucose metabolism and BIS scores, suggesting that higher impulsivity is associated with increased neural activity within the fronto-insular network in PD. This study provides evidence supporting the role of the fronto-insular network in impulsive behavior in PD patients.",True,False,True,
29040723,Resting-state functional connectivity in combat veterans suffering from impulsive aggression.," Evidence Summary:

The study published in Social Cognitive and Affective Neuroscience (PMID: 29040723) investigates the resting-state functional connectivity in combat veterans suffering from impulsive aggression. The research focuses on the hypothesis that impulsive aggression in military personnel may be due to impaired top-down regulation of the amyggdala by prefrontal regions.

The study found reduced functional connectivity between the bilateral basolateral amyggdala (BLA) and the left dorsolateral prefrontal cortex in the impulsive aggression group compared to combat controls, suggesting weaker functional connectivity between the amyggdala and prefrontal regions in the presence of impulsive aggression, even in the absence of explicit emotional stimuli.

Additionally, group differences in functional connectivity were observed between the anterior cingulate cortex (ACC) and left cuneus, which may be related to heightened vigilance to potentially threatening visual cues, and between the left anterior insular cortex (AIC) and right temporal pole, possibly related to negative memory associations in impulsive aggression.

Overall",True,False,True,
25738502,Decreased prefrontal lobe interhemispheric functional connectivity in adolescents with internet gaming disorder: a primary study using resting-state FMRI.," Evidence Summary:

The study with PMID: 25738502, published in PloS One in 2015, investigates the interhemispheric resting-state functional connectivity (rsFC) in adolescents with Internet Gaming Disorder (IGD) using resting-state functional Magnetic Resonance Imaging (fMRI). The research found decreased rsFC between the left and right superior frontal gyrus (orbital part), inferior frontal gyrus (orbital part), middle frontal gyrus, and superior frontal gyrus in IGD participants compared to healthy controls. Furthermore, the study revealed a correlation between the Chen Internet Addiction Scale (CIAS) scores and the vmHC in the superior frontal gyrus (orbital part) in IGD participants. These findings suggest that altered interhemispheric rsFC in the bilateral prefrontal lobe may play a significant role in the neuropathological mechanism of IGD, providing supportive evidence for the reclassification of IGD as a behavioral addiction.",True,False,True,
28777996,Neural connectivity moderates the association between sleep and impulsivity in adolescents.," Evidence Summary:

The study published in Developmental Cognitive Neuroscience (PMID: 28777996) investigates the relationship between sleep quality, impulsivity, and neural connectivity in adolescents. The research found that poor sleep quality was associated with increased affect-related impulsivity, but only among adolescents with low connectivity between the prefrontal cortex and default mode network. This suggests that neural functioning plays a role in linking sleep quality and impulsivity. The study also found that sleep quality did not significantly impact response inhibition or cognitive impulsivity. Interestingly, the study demonstrated that pillow comfort was uniquely related to sleep quality, which could be a promising area for intervention. This research highlights the importance of considering sleep quality, neural connectivity, and environmental factors in understanding and addressing impulsivity in adolescents.",True,False,True,
40193128,Subthalamic Deep Brain Stimulation: Mapping Non-Motor Outcomes to Structural Connections.," Evidence Summary:

In the study with PMID: 40193128, published in Human Brain Mapping in 2025, the authors investigated the relationship between deep brain stimulation (DBS) of the subthalamic nucleus (STN-DBS) and non-motor outcomes in Parkinson's Disease (PD). Using principal component analysis (PCA), they identified four principal components that could be interpreted as reflecting general non-motor improvement, improvement of mood and cognition with worsening of trait impulsivity, improvement of cognition, and improvement of empathy with worsening of impulsive-compulsive behaviors. Each component was associated with the stimulation of spatially segregated fiber bundles connecting regions of the frontal cortex with the subthalamic nucleus. The extent of stimulation of these tracts was able to explain significant amounts of variance in outcomes for individual symptoms in the original cohort and in the rank of depression outcomes in an independent validation cohort. This study suggests that DBS may modulate specific brain circuits to improve non-motor symptoms in PD, particularly impulsivity, and could pave the way toward personal",True,True,True,
31383336,Hypothesis: Compulsive hoarding as an atavism.," Evidence Summary:

The study with PMID: 31383336 proposes a hypothesis that compulsive hoarding may be an atavistic behavior, an ancestral trait dormant in modern humans that can be activated by traumatic experiences. The authors support this claim by discussing hoarding behavior in ancestral mammals and providing examples of atavisms in humans and other mammals. They suggest the use of shrews as animal models for hoarding behavior and discuss the potential molecular underpinnings of the disorder. However, they also acknowledge limitations in the proposed connection between atavism and hoarding disorder. This paper does not directly focus on impulsivity or neuroimaging, but it does imply a potential neurobiological basis for hoarding behavior.",True,False,True,
32121585,"Random Forest Classification of Alcohol Use Disorder Using EEG Source Functional Connectivity, Neuropsychological Functioning, and Impulsivity Measures."," Evidence Summary:

The study published in Behavioral Sciences (PMID: 32121585) investigates the classification of Alcohol Use Disorder (AUD) using Electroencephalography (EEG) source functional connectivity, neuropsychological functioning, and impulsivity measures. The research involved 30 AUD individuals and 30 control subjects. The random forest model achieved an 80% classification accuracy, identifying significant contributions from 29 EEG functional connections (mostly hyperconnectivity), 3 neuropsychological variables from the Visual Span Test (VST), and all four impulsivity scores from the Barratt Impulsiveness Scale (BIS). The AUD group showed poorer memory performance on the VST task and increased impulsivity in all factors compared to controls. The study suggests that dysregulated neural connectivity, particularly hyperconnected parahippocampal hub and hypoconnected prefrontal hub, may serve as potential neurophysiological biomarkers of AUD, while poor visual memory performance and heightened impulsivity may be cognitive-behavioral indices of AUD.",True,False,True,
34851976,Differential structure-function network coupling in the inattentive and combined types of attention deficit hyperactivity disorder.," Evidence Summary:

The study published in PloS One (PMID: 34851976) investigates the brain network connectivity in children with Attention Deficit Hyperactivity Disorder (ADHD), focusing on the inattentive (ADHD-I) and combined (ADHD-C) subtypes. Using diffusion and resting-state functional magnetic resonance imaging, the researchers analyzed structural and functional network efficiency, and structure-functional network (SC-FC) coupling in the default mode, executive control, and salience intrinsic networks.

The findings suggest that children with ADHD, compared to typically developing children (TDC), have lower structural connectivity and network efficiency in the default mode network, without significant differences in functional networks. Children with ADHD-C showed higher SC-FC coupling in all subnetworks compared to TDC, indicating diminished cognitive flexibility. The ADHD-C group also demonstrated increased SC-FC coupling in the default mode network compared to the ADHD-I group. The correlation between SC-FC coupling and hyperactivity scores was negative in the ADHD-I group but not in the ADHD-C group, suggesting that the added dimensionality of hyperactivity may",True,False,True,
31801105,A preliminary study of disrupted functional network in individuals with Internet gaming disorder: Evidence from the comparison with recreational game users.," Evidence Summary: The study published in Addictive Behaviors (PMID: 31801105) investigates the topological organization of whole-brain functional networks in individuals with Internet Gaming Disorder (IGD) compared to recreational game users (RGU). Using graph theoretical analysis and resting-state functional magnetic resonance imaging (fMRI), the researchers found that both IGD and RGU groups exhibited efficient and economical small-world topology in brain functional networks. However, individuals with IGD showed increased nodal centralities in regions associated with reward, craving, emotional memory, and sensory-motor processing compared to RGU. These findings suggest that functional network dysfunction, characterized by heightened incentive motivation and sensory-motor coordination, may contribute to the neural characteristics underlying IGD. This preliminary study provides valuable insights into the neuroimaging aspects of impulsivity related to Internet Gaming Disorder.",True,False,True,
26830141,Midbrain functional connectivity and ventral striatal dopamine D2-type receptors: link to impulsivity in methamphetamine users.," In the study with PMID: 26830141, published in Molecular Psychiatry in 2016, the authors investigated the relationship between impulsivity, neuroimaging, and dopamine D2-type receptors in methamphetamine users. The research involved two studies. In Study 1, they found a significant interaction effect between ventral striatal D2-type receptor availability and resting-state functional connectivity (RSFC) within the mesocorticolimbic system, with stronger RSFC observed in methamphetamine-dependent participants when D2-type receptor availability was lower. In Study 2, they found that methamphetamine-dependent users exhibited a positive relationship between midbrain RSFC and cognitive impulsivity in the left ventral striatum, while healthy controls showed a negative relationship. These findings suggest that ventral striatal D2-type receptor signaling may influence system-level activity within the mesocorticolimbic system, potentially explaining the high impulsivity observed in methamphetamine-dependent individuals.",True,False,True,
27095357,Sex differences in impulsivity and brain morphometry in methamphetamine users.," Evidence Summary:

The study published in Brain Structure & Function (PMID: 27095357) investigates the relationship between impulsivity, brain structures, and sex differences in methamphetamine (METH) users. The research involved 124 participants, 62 METH users and 62 controls.

Key findings include:
1. METH users showed significantly higher impulsivity scores compared to controls.
2. In male METH users, there was a larger right superior frontal cortex compared to same-sex controls, and this larger volume was associated with greater cognitive impulsivity.
3. In female METH users, there was a smaller right superior frontal cortex compared to same-sex controls, and this smaller volume was associated with greater impulsivity.
4. Female METH users also showed a relatively larger nucleus accumbens compared to same-sex controls, suggesting an estrogen-mediated neuroprotective glial response.

The study suggests that METH use may lead to increased impulsivity and that the effects of METH on the brain may differ between men and women, with potential implications for the development and treatment of M",True,False,True,
29034964,Hemispheric asymmetry of the frontolimbic cortex in young adults with borderline personality disorder.," Evidence Summary:

The study published in Acta Psychiatrica Scandinavica (PMID: 29034964) investigates the hemispheric asymmetry of the frontolimbic cortex in young adults with Borderline Personality Disorder (BPD). The research involved 30 BPD patients and 32 healthy controls, who underwent magnetic resonance imaging (MRI) scans.

The results indicate that individuals with BPD have reduced cortical thickness in the left Anterior Cingulate Cortex (ACC) and less surface area and gray matter volume in the left Anterior Insula (AI) compared to healthy controls. Significant group-hemisphere interactions were observed for gray matter volume and surface area of AI and for cortical thickness of ACC. Furthermore, a higher frontolimbic cortex asymmetry in BPD patients was associated with a higher score in the attention subscale of the Barratt Impulsiveness Scale.

In summary, this study suggests that individuals with BPD exhibit greater frontolimbic asymmetry than healthy individuals, and this asymmetry may be related to impulsivity as measured by the Barratt Impuls",True,True,True,
23770040,Resting-state beta and gamma activity in Internet addiction.," Evidence Summary: The study published in the International Journal of Psychophysiology (PMID: 23770040) investigates the relationship between impulsivity and resting-state EEG activities in individuals with Internet addiction. The research found that individuals with Internet addiction showed higher impulsivity and impaired inhibitory control compared to healthy controls. The Internet addiction group exhibited lower absolute power in the beta band and higher absolute power in the gamma band during eyes-closed resting-state EEG compared to the control group. These EEG activities were significantly associated with the severity of Internet addiction and the extent of impulsivity. The findings suggest that resting-state fast-wave brain activity may be related to the impulsivity characterizing Internet addiction, potentially serving as neurobiological markers for the pathophysiology of Internet addiction.",True,False,True,
40297839,"Hippocampus Functional Connectivity, Impulsivity, and Subsequent Substance Use."," Evidence Summary:

The study published in the Journal of Cellular Neuroscience (PMID: 40297839) investigates the relationship between impulsivity, hippocampus functional connectivity, and subsequent substance use (tobacco and marijuana) in adolescents. Using data from the Adolescent Brain Cognitive Development (ABCD) study, the researchers evaluated the functional connectivity of the hippocampus with key brain networks at baseline. They found that baseline hippocampal functional connectivity with the cingulo-parietal network, visual network, sensory-motor network, and default mode network (DMN) showed marginal associations with future tobacco and marijuana use. Moreover, hippocampal functional connectivity was significantly associated with impulsivity, which, in turn, predicted higher substance use at follow-up. These findings suggest that hippocampal functional connectivity partially mediates the relationship between impulsivity and substance use behaviors, highlighting the importance of hippocampal connectivity in understanding the neural mechanisms underlying risk behaviors and informing the development of targeted interventions to reduce substance use in adolescents.",True,False,True,
31073695,Binge drinking is associated with altered resting state functional connectivity of reward-salience and top down control networks.," Evidence Summary: The study published in Brain Imaging and Behavior (PMID: 31073695) investigates the association between binge drinking and alterations in resting-state functional connectivity (RSFC) of reward-salience and top-down control networks. The research involved young adult binge drinkers (BD) and light drinkers (LD). Compared to light drinkers, binge drinkers showed enhanced connectivity between the striatal reward areas (nucleus accumbens and caudate nucleus) and the orbitofrontal cortex and the anterior cingulate cortex (ACC). This enhanced connectivity may indicate alcohol-motivated appetitive behaviors. Conversely, binge drinkers demonstrated lower connectivity between the inferior frontal cortex (IFC) and the hippocampus, which was associated with higher craving. This lower connectivity may suggest an impaired ability to suppress unwanted thoughts and a failure to employ memory of the harmful consequences of heavy drinking in prospective plans and intentions. The observed dysregulation of reward/salience and prefrontal-hippocampal networks was associated with hazardous drinking levels, suggesting that these network",True,False,True,
30277562,The role of the dorsal striatum in choice impulsivity.," Evidence Summary: The study titled ""The role of the dorsal striatum in choice impulsivity"" (PMID: 30277562) published in the Annals of the New York Academy of Sciences in 2019, explores the relationship between the dorsal striatum and impulsivity, particularly in the context of intertemporal choice. The research suggests that the dorsal striatum plays a crucial role in choice impulsivity, as it is involved in action-outcome contingency learning, especially when actions are associated with rewarding outcomes.

The study provides a comprehensive review of contemporary studies using human neuroimaging and animal models to investigate the links between choice impulsivity and the dorsal striatum. Key findings include the association of choice impulsivity with the reward valuation coded by the caudate, a ventral-to-dorsal gradient in the dorsal striatum, the origins of striatal afferents, and the developmental maturation of frontostriatal connectivity during adolescence. These findings contribute to a growing body of evidence supporting the role of the dorsal striatum in impulsivity and",True,False,True,
27942448,Brain connectivity aberrations in anabolic-androgenic steroid users.," Evidence Summary: The study published in NeuroImage. Clinical (PMID: 27942448) investigates the impact of anabolic-androgenic steroid (AAS) use on brain connectivity, particularly focusing on impulsivity-related networks. The research involved 151 male participants, 50 of whom were current AAS users, 16 previous users, and 59 controls. The results indicate that current AAS users exhibit reduced functional connectivity in networks critical for emotional and cognitive regulation. Specifically, there is a decrease in connectivity between the amyggdala and default-mode network (DMN), and between the dorsal attention network (DAN) and a frontal node encompassing the superior and inferior frontal gyri (SFG/IFG) and the anterior cingulate cortex (ACC). This reduced connectivity is further exacerbated by factors such as dependency, lifetime exposure, and cycle state (on/off). These findings suggest that AAS use may lead to impairments in impulse control and emotional regulation by affecting the connectivity of key brain networks.",True,False,True,
29946511,Abnormal cortical gyrification in criminal psychopathy.," Evidence Summary: The study published in NeuroImage. Clinical (PMID: 29946511) investigates the relationship between cortical gyrification and psychopathy, a personality disorder characterized by interpersonal and emotional abnormalities. The research involved 716 adult male inmates and used the Hare Psychopathy Checklist-Revised (PCL-R) to measure psychopathy scores. The results showed that higher PCL-R scores, particularly those related to interpersonal and affective traits, were associated with less cortical gyrification in the right midcingulate cortex (MCC) and adjacent regions of the superior frontal gyrus, as well as the lateral superior parietal cortex. Additionally, higher PCL-R Factor 1 scores were associated with less cortical gyrification in the right MCC and dorsomedial frontal cortex, and greater cortical gyrification in bilateral occipital cortex. However, scores on PCL-R Factor 2, indicating impulsivity and antisocial behaviors, did not predict cortical gyrification in any regions. These findings suggest that specific structural abnormalities associated with psych",True,False,True,
25928822,Altered resting-state frontoparietal control network in children with attention-deficit/hyperactivity disorder.," Evidence Summary: The study published in the Journal of the International Neuropsychological Society (PMID: 25928822) investigates the functional connectivity of the frontoparietal control network in children with Attention-Deficit/Hyperactivity Disorder (ADHD) compared to typically developing children. The frontoparietal control network is crucial for executive control functions, which are often impaired in ADHD.

The results suggest that children with ADHD demonstrate weaker connectivity between specific regions of the frontoparietal control network, including the right anterior prefrontal cortex and the right ventrolateral prefrontal cortex, and the left anterior prefrontal cortex and the right inferior parietal lobule, compared to typically developing children.

This altered connectivity in the frontoparietal control network is associated with symptoms of impulsivity and opposition-defiance, as well as impaired response inhibition and attentional control in children with ADHD. These findings support the integration of the disconnection model and the executive dysfunction model for ADHD, suggesting that atypical frontoparietal control network may play a pivotal role in the path",True,False,True,
39339712,Investigating the Impact of Nutrition and Oxidative Stress on Attention Deficit Hyperactivity Disorder.," Evidence Summary: The reviewed study, as published in Nutrients (PMID: 39339712, year 2024), investigates the relationship between oxidative stress (OS), nutrition, and Attention Deficit Hyperactivity Disorder (ADHD). The study finds that individuals with ADHD exhibit lower levels of key antioxidant enzymes, such as glutathione peroxidase (GPx), catalase (CAT), and superoxide dismutase (SOD), compared to healthy controls. This suggests a significant role of OS in the development and manifestation of ADHD symptoms.

The study also highlights the gut-brain axis (GBA) as a key factor in the pathogenesis of ADHD, particularly in adults with comorbid conditions. The GBA is a bidirectional interaction between the nervous system and gut microbiota, implying that dietary interventions targeting gut health may influence ADHD symptoms and related comorbidities.

In conclusion, the study underscores the importance of OS and the GBA in the pathogenesis of ADHD, particularly in adults with comorbid conditions. Further research is encouraged to",True,False,True,
41932505,Intrinsic functional connectivity alterations in medication-naïve children with combined and inattentive ADHD types: Evidence from cortical surface-based analysis.," Evidence Summary:

The study published in the Journal of Affective Disorders (PMID: 41932505, Year: 2026) investigates the surface-based functional connectivity alterations in medication-naïve children with combined (ADHD-C) and inattentive (ADHD-I) subtypes of Attention-Deficit/Hyperactivity Disorder (ADHD).

The research used surface-based graph theoretical analysis (GTA) and functional connectivity (FC) to assess network topology and correlate imaging indices with clinical variables. The results showed significant disruptions in functional connectivity within default mode (DMN), ventral attentional (VAN), and somatosensory-motor (SMN) networks in children with ADHD.

ADHD-C patients exhibited more functional connectivity abnormalities involving SMN and DMN compared to healthy controls (HCs), while ADHD-I patients showed slightly more abnormal connectivity between VAN and dorsal attentional network (DAN). The ADHD-C group demonstrated significantly weaker intra-SMN and SMN-DMN connectivity than",True,False,True,
39756804,Altered Functional Connectivity of Prefrontal Cortex-Related Circuitry and Trait Impulsivity in Patients With Bipolar Disorder and History of Suicide Attempts.," Evidence Summary:

In the study published in Acta psychiatrica Scandinavica with PMID: 39756804, researchers investigated the functional connectivity (FC) within the prefrontal cortex (PFC) in euthymic patients with Bipolar Disorder (BD) who had a history of suicide attempts (BDSA) and those who did not (BDNS). The study also included a control group.

The results showed that BDSA had higher trait impulsivity scores than both BDNS and the control group. BDSA exhibited reduced FC between the PFC and sensorimotor (postcentral and precentral gyri) and thalamic regions compared to BDNS. These reductions in FC of the fronto-thalamic and fronto-sensorimotor circuits were significantly associated with higher trait impulsivity scores.

This study suggests that specific PFC-based FC alterations are associated with suicide attempts and trait impulsivity in BD, potentially offering neurobiological markers for suicide risk in this population.",True,True,True,
27743376,Cortical folding patterns are associated with impulsivity in healthy young adults.," Evidence Summary:

The study published in Brain Imaging and Behavior (PMID: 27743376) investigates the relationship between cortical folding patterns and impulsivity in healthy young adults. The research used MRI at 3 Tesla to measure the local gyrification index (LGI) and assessed impulsivity using the Barratt Impulsiveness Scale (BIS-11). The results showed positive correlations between BIS subscores (attention, motor, and non-planning) and LGI in several distinct brain regions, including the left postcentral gyrus, cingulate gyrus, precentral gyrus, pars opercularis of the inferior frontal gyrus, right middle temporal gyrus, superior parietal gyrus, pericalcarine gyrus, lateral occipital gyrus, left superior temporal gyrus, lingual gyrus, supramarginal gyrus, right middle temporal gyrus, pars opercularis of the right inferior frontal gyrus, left middle temporal gyrus, precentral gyrus, and left superior pariet",True,False,True,
30504061,Relationship between quality of life in young adults and impulsivity/compulsivity✰.," Evidence Summary:

The study with PMID 30504061, published in Psychiatry Research in 2019, investigates the relationship between quality of life in young adults and impulsivity/compulsivity. The research used Partial Least Squares (PLS) to analyze data from 479 participants, aged 22.3 (SD 3.6) years.

The findings suggest that lower quality of life in young adults is significantly associated with older age, greater alcohol consumption, the presence of impulse control disorders (such as gambling, compulsive buying, intermittent explosive disorder, compulsive sexual behavior, binge-eating, and skin picking), mood/anxiety disorders, post-traumatic stress disorder, and substance use disorder. Additionally, higher impulsiveness on the Barratt scale and relative impairments in extra-dimensional set-shifting and quality of decision-making were found to significantly explain worse quality of life.

This study highlights the importance of impulse disorders, particularly problematic gambling, in affecting the quality of life of young adults. Furthermore, it emphasizes the significance of decision-making and set-shifting tasks",True,False,True,
22749228,Behavioral and cognitive impulsivity in obsessive-compulsive disorder and eating disorders.," Evidence Summary:

The study with PMID: 22749228, published in Psychiatry Research in 2012, investigates the relationship between impulsivity and neuroimaging in individuals with obsessive-compulsive disorder (OCD) and eating disorders (ED). The research compared self-reported impulsivity and neurocognitively assessed response inhibition among OCD, ED, and healthy control participants.

The results showed that both clinical groups (OCD and ED) reported higher levels of impulsivity on the Barratt Impulsiveness Scale (BIS-11) compared to controls. However, only the OCD group demonstrated increased stop-signal reaction time, indicating a lack of inhibitory control. This suggests that heightened levels of self-reported impulsivity may be a shared experience in both OCD and ED populations, while a specific behavioral deficit in response inhibition may be unique to OCD. This study provides evidence for the role of impulsivity in neurocognitive functioning in individuals with OCD and ED.",True,False,True,
25899520,Altered resting-state functional connectivity of the insula in young adults with Internet gaming disorder.," Evidence Summary:

The study published in Addiction Biology (PMID: 25899520) investigates the resting-state functional connectivity (rsFC) of the insula in individuals with Internet Gaming Disorder (IGD) compared to healthy controls (HCs). The insula, known for its role in salience processing, craving, and interoception, was found to have altered rsFC in IGD subjects.

Specifically, IGD subjects exhibited enhanced rsFC between the anterior insula and regions involved in salience, craving, self-monitoring, and attention (anterior cingulate cortex, putamen, angular gyrus, and precuneous). Additionally, IGD subjects demonstrated stronger rsFC between the posterior insula and regions involved in interoception, movement control, and auditory processing (postcentral gyrus, precentral gyrus, supplemental motor area, and superior temporal gyrus).

Furthermore, the severity of IGD was positively associated with connectivity between the anterior insula and angular gyrus, and superior temporal gyrus, and with connectivity between the posterior insula and",True,False,True,
42146757,Resting-State Functional Connectivity Alterations in Pediatric Survivors of Severe COVID-19: An Exploratory Case-Control Study.," Evidence Summary:

The study published in Sage Open Pediatrics (PMID: 42146757) investigates the resting-state functional connectivity and cognitive vulnerability in pediatric survivors of severe COVID-19 compared to healthy pre-pandemic controls. The research used an observational case-control design, with 14 children hospitalized for severe COVID-19 and 31 healthy pre-pandemic controls. The study found three altered connectivity clusters in the post-COVID group: increased Default Mode-visual medial coupling, stronger dorsal attention-sensorimotor anticorrelations, and enhanced temporo-occipital-vermis connectivity. In an exploratory subset of participants, 50% of post-COVID children showed abnormally low Timeliness and 25% low Impulsivity scores on the MOXO-d-CPT, while no controls were abnormal. These findings suggest subtle cognitive vulnerabilities in pediatric survivors of severe COVID-19, particularly in the areas of impulsivity, which warrants further investigation in larger longitudinal cohorts.",True,False,True,
35007715,Risk-taking in humans and the medial orbitofrontal cortex reward system.," Evidence Summary:

The study published in NeuroImage (PMID: 35007715) investigates the brain systems associated with risk-taking, particularly focusing on the medial orbitofrontal cortex (mOFC) reward system. The research involved 18,740 participants from the UK Biobank, analyzing self-reported risk-taking, resting state functional connectivity, and related behavioral measures. The findings suggest that higher functional connectivities of the mOFC, ventromedial prefrontal cortex (VMPFC), and parahippocampal areas are significantly associated with increased risk-taking (p<0.001, FDR corrected).

This risk-taking measure was validated by its significant association with alcohol consumption, cannabis use, and anxious feelings. The higher functional connectivity of the mOFC and VMPFC also included higher connectivity with the anterior cingulate cortex, which may allow these reward-related regions to have a greater influence on action in risk-taking individuals.

In conclusion, this study provides evidence that the mOFC, which is involved in reward value and pleasure,",True,False,True,
37209127,Reduced loss aversion in value-based decision-making and edge-centric functional connectivity in patients with internet gaming disorder.," Evidence Summary:

The study published in the Journal of Behavioral Addictions (PMID: 37209127) investigates the impaired value-based decision-making in patients with Internet Gaming Disorder (IGD). The research used functional magnetic resonance imaging (fMRI) to compare IGD patients (PIGD) with healthy controls (Con-PIGD) during the Iowa Gambling Task (IGT).

The results showed that PIGD performed worse in IGT, demonstrating lower average net scores. Moreover, the computational model results indicated that PIGD significantly reduced loss aversion, a core aspect of value-based decision-making.

In terms of brain functional networks, there were no group differences in node-centric functional connectivity (nFC). However, there were significant group differences in the overlapping community features of edge-centric functional connectivity (eFC) in IGT.

The study further found that in healthy controls, loss aversion was positively correlated with the edge community profile similarity of the edge2 between left Inferior Frontal Gyrus (IFG) and right hippocampus at right caud",True,False,True,
40168432,Protocol for a Randomized Controlled Trial to Enhance Executive Function via Brief Mindfulness Training in Individuals with Internet Gaming Disorder.," Evidence Summary:

The study with PMID 40168432, published in PloS one in 2025, investigates the impairment of executive function, particularly inhibition, updating, and shifting, in individuals with Internet Gaming Disorder (IGD). The research also aims to evaluate the effectiveness of a brief mindfulness intervention on executive function in IGD individuals. The study will recruit a total of 122 participants, 82 with IGD and 40 non-addicted gamers, who will be randomly assigned to an intervention group or a control group. The intervention group will undergo a 7-day mindfulness training program, while the control group will receive progressive muscle relaxation training. The study will use electroencephalography (EEG) data, behavioral metrics, physiological indices, self-reported measures, and other indicators to assess the outcomes at seven different time points. The findings of this study may contribute to more targeted intervention strategies for executive function research and offer novel insights into the treatment of IGD and related cognitive dysfunctions. The trial registration number is ChiCTR2400081509, registered on March 4th ",True,False,True,
39592983,Abnormal stability of dynamic functional architecture in drug-naïve children with attention-deficit/hyperactivity disorder.," In the study with PMID: 39592983, published in BMC Psychiatry in 2024, the authors investigated the functional stability (FS) of drug-naïve children with Attention-Deficit/Hyperactivity Disorder (ADHD) compared to healthy controls (HCs). Using resting-state fMRI and a sliding window approach, they found that children with ADHD exhibited decreased FS in the bilateral superior frontal gyrus (SFG), which is part of the default mode network (DMN), and increased FS in the right middle temporal gyrus (MTG). Additionally, they observed increased dynamic functional connectivity (dFC) between the bilateral SFG and the left insula, which is part of the salience networks (SN). Conversely, they found decreased dFC between the right MTG and the left cerebellum posterior lobe. The decreased FS in the bilateral SFG was found to correlate with worse performance in the Stroop test, suggesting a link between impulsivity and the abnormal functional architecture in ADHD. This study provides novel insights into the dynamic brain functional networks in ADHD.",True,False,True,
10570690,What is attention-deficit/hyperactivity disorder?," Evidence Summary: The study published in Pediatric Clinics of North America (PMID: 10570690) provides an overview of Attention-Deficit/Hyperactivity Disorder (ADHD), a common condition characterized by symptoms such as impaired sustained attention, impulsivity/overactivity, overemotionality, academic underachievement, low self-esteem, and interpersonal difficulties. The authors highlight that neuropsychological studies suggest individuals with ADHD may struggle with organizing, preparing, and inhibiting responses. Neurobiological studies suggest potential structural or functional differences in the frontal cortical-basal ganglia connections in individuals with ADHD, although the specificity of these findings requires further research. The study also notes that ADHD symptoms are highly heritable, but the specifics of etiology and optimal treatment practices are still under investigation.",True,False,True,
40260305,Effective connectivity analysis of response inhibition functional network.," Evidence Summary:

The study published in Frontiers in Neuroscience (PMID: 40260305, Year: 2025) investigates the effective connectivity of brain networks involved in response inhibition using dynamic causal modeling (DCM) and independent component analysis (ICA). The research involved 19 healthy participants who performed a Go-NoGo fMRI task.

The results indicate four functional networks activated during correct motor response inhibition: the salience network (SN), the right and left executive control networks (ECNs), the ventral default mode network (vDMN), and the somatomotor network (SMN). A significant causal inhibitory influence from the vDMN to the left ECN (lECN) was observed.

Under conditions of unsuccessful response inhibition, the SN, bilateral ECNs, and SMN were prominently activated. The study also found a significant correlation between the inhibitory influence from the SMN to the SN and the commission error rate.

Furthermore, the research revealed that highly impulsive individuals require greater interhemispheric integration between the right and left ECNs for effective inhibition",True,False,True,
26908392,Association of ventral striatum monoamine oxidase-A binding and functional connectivity in antisocial personality disorder with high impulsivity: A positron emission tomography and functional magnetic resonance imaging study.," Evidence Summary:

The study published in European Neuropsychopharmacology (PMID: 26908392) investigates the association between impulsivity in Antisocial Personality Disorder (ASPD) and the ventral striatum (VS) monoamine oxidase-A (MAO-A) binding and functional connectivity. The research involved 19 impulsive ASPD males who underwent positron emission tomography (PET) and functional magnetic resonance imaging (fMRI).

The findings suggest that the functional connectivity (FC) between the ventral striatum and dorsomedial prefrontal cortex (DMPFC) is positively correlated with VS MAO-A binding, and the FC between the ventral striatum and right hippocampus is negatively correlated with VS MAO-A binding. Furthermore, the study reveals that the VS-DMPFC functional connectivity is negatively correlated with self-reported impulsivity, and the VS-hippocampus functional connectivity is negatively correlated with motor impulsiveness. These results indicate an association",True,False,True,
18479820,An event-related fMRI study on risk taking by healthy individuals of high or low impulsiveness.," In the study with PMID: 18479820, published in Neuroscience Letters in 2008, the authors used event-related fMRI to investigate the neural activities associated with a Risky-Gains task in individuals of high and low impulsiveness, as measured by the Barratt Impulsiveness Scale (BIS). The results showed that individuals with high impulsiveness exhibited stronger activation in the insula-orbitofrontal-parietal regions compared to those with low impulsiveness during the task. However, there was no significant difference in the activation levels of the lateral prefrontal and anterior cingulate regions between the two groups. This suggests that the neural substrates of risk-taking decision making may vary according to impulsiveness levels among healthy individuals.",True,False,True,
19758706,Are self-injurers impulsive?: Results from two behavioral laboratory studies.," Evidence Summary: The study published in Psychiatry Research with PMID: 19758706 investigates the relationship between impulsivity and non-suicidal self-injury (NSSI) in both adolescent and adult populations. The research used both self-reported and performance-based measures of impulsiveness. Despite self-injurers reporting higher levels of impulsiveness, the performance-based measures did not show significant differences between self-injurers and non-injurious controls in either study. The authors suggest that the discrepancies between self-report and performance-based measures may be due to limitations in self-reporting of cognitive processes outside awareness, and they propose directions for future research on impulsiveness and self-injury. This study highlights the importance of using multiple methods to assess impulsivity in individuals who engage in NSSI.",True,False,True,
24373553,Anhedonia in Parkinson's disease patients with and without pathological gambling: a case-control study.," In the study with PMID: 24373553, published in Psychiatry Research in 2014, the authors investigated the presence of anhedonia in Parkinson's Disease (PD) patients with and without Pathological Gambling (PG) and other Impulse Control Disorders (ICDs). The study included 154 PD patients, divided into three groups: 11 with PG, 23 with other ICDs, and 120 without ICDs.

The results showed that PD patients with PG had a significantly higher incidence of anhedonia, higher Snaith-Hamilton Pleasure Scale (SHAPS) scores, and higher levels of impulsivity traits, as measured by the Barratt Impulsiveness Scale, compared to the other two groups. Additionally, PD patients with PG showed more severe frontal dysfunctions.

The study suggests that the impairment of hedonic capacity, possibly resulting from an underlying neuropsychological dysfunction, might facilitate loss of control over reward-related behavior, thus favoring the shift towards predominantly habit-based compulsive behaviors. This research provides evidence for the association between anhedonia,",True,False,True,
36963562,Youth Screen Media Activity Patterns and Associations With Behavioral Developmental Measures and Resting-state Brain Functional Connectivity.," Evidence Summary:

The study published in the Journal of the American Academy of Child and Adolescent Psychiatry (PMID: 36963562) investigates the relationship between screen media activity (SMA) patterns in youth and developmental measures, including neurocognitive performance, behavioral problems, psychotic-like experiences, impulsivity, and sensitivities to punishment/reward. The research used data from the Adolescent Brain and Cognitive Development (ABCD) study and the Lifespan Human Connectome Project in Development (HCP-D).

The study identified two SMA patterns: a video-centric higher-frequency pattern and a lower-frequency pattern. The video-centric higher-frequency SMA pattern group showed poorer neurocognitive performance, more total behavioral problems, and more psychotic-like experiences compared to the lower-frequency SMA pattern group. Additionally, the video-centric higher-frequency SMA pattern group demonstrated higher impulsivity, more sensitivity to punishment/reward, and altered resting-state brain functional connectivity among brain areas implicated in cognitive processes. These associations persisted with age in the ABCD data.
",True,False,True,
32699511,Neurobiological mechanisms underlying internet gaming disorder .," Evidence Summary: The reviewed study (PMID: 32699511) explores the neurobiological mechanisms underlying Internet Gaming Disorder (IGD). It suggests that IGD shares similar neurobiological alterations with other addictions, including activation in reward regions, reduced activity in impulse control areas, impaired decision-making, and reduced functional connectivity in cognitive control, executive function, motivation, and reward networks. Additionally, structural changes such as gray-matter volume and white-matter density reductions are observed. Comorbidity studies indicate that executive control networks in Attention Deficit-Hyperactivity Disorder (ADHD) may increase the susceptibility to develop IGD. The review also highlights that excessive use of screens, particularly computer games, can activate brain regions not typically involved in other forms of addiction. This study provides comprehensive insights into the neurobiological correlates of addictive internet use in adolescents and young adults.",True,True,True,
34964209,Neural processes during response inhibition in complex posttraumatic stress disorder.," Evidence Summary:

The study published in Depression and Anxiety (PMID: 34964209) investigates the neural processes associated with response inhibition in individuals with complex posttraumatic stress disorder (CPTSD). The research compared brain activation during a Go/NoGo response inhibition task in CPTSD, PTSD, and healthy control participants using functional magnetic resonance imaging (fMRI) and electroencephalogram (EEG) paradigms.

The results indicate reduced bilateral thalamic activation in participants with CPTSD during inhibition trials compared to PTSD and control groups. No differences were found in functional connectivity between the thalamus and other regions involved in cognitive control among the groups. Additionally, no differences were observed between groups on EEG responses.

This study provides initial evidence suggesting that CPTSD may be distinguished from PTSD by impaired neural processes implicated in response inhibition, specifically in the thalamus. However, further research is needed to confirm these findings and explore the underlying mechanisms of impulsivity in CPTSD.",True,False,True,
36912839,Identifying Replicable Subgroups in Neurodevelopmental Conditions Using Resting-State Functional Magnetic Resonance Imaging Data.," Evidence Summary:

The study published in JAMA Network Open (PMID: 36912839) investigates the neurobiology of neurodevelopmental conditions such as Autism Spectrum Disorder (ASD), Attention-Deficit/Hyperactivity Disorder (ADHD), and Obsessive-Compulsive Disorder (OCD) using resting-state functional magnetic resonance imaging (fMRI) data from two large, independent datasets. The research aimed to identify homogeneous subgroups of children with and without neurodevelopmental conditions based on shared functional brain characteristics.

The study found that subgroups with similar biology that differed significantly in intelligence and hyperactivity and impulsivity problems were identified. These groups showed no consistent alignment with current diagnostic categories. For instance, in the POND data, subgroup D had increased hyperactivity and impulsivity traits compared to subgroup C, as measured by the Strengths and Weaknesses ADHD Symptoms and Normal Behavior Hyperactivity/Impulsivity subscale (SWAN-HI). A similar finding was observed in the HBN data. The study suggests that homogeneity in the neurobiology of",True,True,True,
37884552,Neural correlates of aggression in personality disorders from the perspective of DSM-5 maladaptive traits: a systematic review.," In the review published in Translational Psychiatry (PMID: 37884552), the authors systematically examine neuroimaging studies linking maladaptive traits such as anger/hostility, impulsivity, risk-taking, and callousness to aggression in Borderline Personality Disorder (BPD) and Antisocial Personality Disorder (ASPD).

Key findings suggest that anger/hostility, associated with altered prefrontal and subcortical regions (particularly the amyggdala), may be a common factor in aggressive responses to interpersonal threats or provocation. Impulsivity, linked to alterations in fronto-temporal-limbic regions and serotonergic and endocannabinoid signaling systems, is also implicated in aggression in BPD and ASPD. Weaker cortico-striatal connectivity is proposed to relate to greater risk-taking and a higher propensity for violence.

The review, however, notes a lack of evidence from neuroimaging studies to describe a relationship between callousness and aggression. The authors recommend further investigation of neuroimaging markers of these traits, as",True,False,True,
27894158,Craving behavioral intervention for internet gaming disorder: remediation of functional connectivity of the ventral striatum.," Evidence Summary: The study published in Addiction Biology (PMID: 27894158) investigates the impact of a psychobehavioral intervention on Internet Gaming Disorder (IGD) and its effect on the ventral striatum (VS) circuitry. The research found that individuals with IGD showed increased resting-state functional connectivity of the VS to specific brain regions, such as the left inferior parietal lobule, right inferior frontal gyrus, and left middle frontal gyrus, which correlated with the severity of IGD. After a craving behavioral intervention (CBI), individuals who received the intervention (CBI+) showed a significant decrease in VS-left inferior parietal lobule (lIPL) connectivity, along with improvements in addiction severity. These findings suggest that the VS-lIPL circuitry may be a potential biomarker for the efficacy of psychobehavioral interventions in IGD. Additionally, the study implies that non-invasive techniques like transcranial magnetic or direct current stimulation targeting the VS-IPL circuitry could be beneficial in treating Internet Gaming Disorders.",True,False,True,
9571295,Frontal lobe functions and dysfunctions.," Evidence Summary: The study published in Clinical EEG (PMID: 9571295) discusses the role of the frontal lobe in impulsivity, particularly in the context of impulsive behaviors and disorders such as Attention Deficit Hyperactivity Disorder (ADHD). The frontal lobe, including the prefrontal cortex, is involved in motor action initiation, planning, and sequencing, requiring drive and initiative. Disruptions in these areas can lead to apathy or disinhibitory behaviors, such as tactlessness or aggression.

The prefrontal cortex operates through a mechanism known as ""Working Memory,"" which is the temporary storage and manipulation of information necessary for cognitive tasks. Afferent signals from posterior cerebral regions provide information for each initiatory prefrontal motor impulse, and the working memory gap allows for neurocognitive processes, including reflection and cogitation. The study suggests that the classical absence attack with generalized spike-waves of frontal onset may cause a ""suspension of the working memory,"" allowing for postictal recuperation of frontal functions.

In summary, this study provides insights into",True,False,True,
39218589,[A review of functional electrical stimulation based on brain-computer interface].," Evidence Summary: The review article published in 2024 with PMID: 39218589 discusses the application of Functional Electrical Stimulation (FES) based on Brain-Computer Interface (BCI) in the rehabilitation of individuals with motor dysfunction due to central nervous system damage. The study highlights the potential of BCI-FES in overcoming the limitations of traditional rehabilitation methods, such as long treatment cycles and high labor costs.

By recognizing nerve signals and stimulating the appropriate muscle groups with electrical impulses, BCI-FES helps promote nerve function reconstruction and produces muscle contractions or limb movements. The review focuses on three key aspects: BCI paradigms, FES parameters, and rehabilitation efficacy. The paper suggests that BCI-FES is an effective treatment for conditions such as stroke and spinal cord injury. The article concludes by discussing the future development trends of this technology to improve our understanding of BCI-FES and its potential benefits in neurological rehabilitation.",True,False,True,
