pmid,raw_response,parse_error
39315326," Here is the structured biomedical evidence record extracted from the abstract:

```json
{
  ""kb_record"": {
    ""source"": null,
    ""source_id"": null,
    ""query"": ""Barratt Impulsiveness Scale resting-state fMRI"",
    ""title"": null,
    ""year"": ""2024"",
    ""journal"": ""Frontiers in psychiatry"",
    ""brain_system"": [""Executive Control Network (ECN)"", ""Salience Network (SN)"", ""dorsal attention network (DAN)""],
    ""feature_type"": [""impulsivity"", ""functional connectivity""],
    ""phenotype"": [""Internet Gaming Disorder (IGD)""],
    ""diagnostic_context"": null,
    ""relationship"": [""positive correlation"", ""linked"", ""decrease"", ""associated with"", ""increased functional connectivity""],
    ""direction"": [""in comparison to"", ""show"", ""correlated with""],
    ""mechanism"": null,
    ""directness"": null,
    ""evidence_strength"": null,
    ""supporting_sentence"": ""In comparison to the control group, impulsivity in adolescent IGD subjects showed a positive correlation with the severity of IGD (r=0.6350, p < 0.001), linked to impairments in the Executive Control Network (ECN) and a decrease in functional connectivity between the Salience Network (SN) and ECN (r=0.4307, p=0.0021; r=-0.5147, p=0.0034)."",
    ""citation_id"": ""39315326"",
    ""extraction_model"": null,
    ""extraction_confidence"": null
  },
  ""self_verification"": {
    ""support_score"": null,
    ""decision"": null,
    ""phenotype_supported"": ""Internet Gaming Disorder (IGD)"",
    ""feature_supported"": [""impulsivity"", ""functional connectivity""],
    ""relationship_supported"": [""positive correlation"", ""linked"", ""decrease"", ""associated with"", ""increased functional connectivity""],
    ""direction_supported"": [""in comparison to"", ""show"", ""correlated with""],
    ""overclaiming"": null,
    ""rationale"": ""The abstract discusses the correlation between impulsivity in adolescents with Internet Gaming Disorder and the Executive Control Network (ECN) and Salience Network (SN), as well as the decrease in functional connectivity between these networks. It also mentions the correlation between impulsivity and the severity of IGD, and the increased functional connectivity between the ECN and dorsal attention network (DAN).""
  }
}
```

This record indicates that in adolescents with Internet Gaming Disorder, impulsivity is positively correlated with the severity of the disorder, and this correlation is linked to impairments in the Executive Control Network (ECN) and a decrease in functional connectivity between the Salience Network (SN) and ECN. Additionally, there is increased functional connectivity between the ECN and dorsal attention network (DAN) in adolescents with IGD.",
35040662," Here is the structured biomedical evidence record extracted from the given abstract:

```json
{
  ""kb_record"": {
    ""source"": null,
    ""source_id"": null,
    ""query"": ""Barratt Impulsiveness Scale fMRI"",
    ""title"": ""Role of White Matter Microstructure in Impulsive Behavior"",
    ""year"": 2022,
    ""journal"": ""The Journal of neuropsychiatry and clinical neurosciences"",
    ""brain_system"": null,
    ""feature_type"": ""white matter fractional anisotropy (FA)"",
    ""phenotype"": ""motor impulsiveness"",
    ""diagnostic_context"": null,
    ""relationship"": ""inversely correlated"",
    ""direction"": null,
    ""mechanism"": null,
    ""directness"": null,
    ""evidence_strength"": null,
    ""supporting_sentence"": ""Whole-brain total average FA was inversely correlated with motor impulsiveness (r=-0.32, p=0.007)"",
    ""citation_id"": null,
    ""extraction_model"": null,
    ""extraction_confidence"": null
  },
  ""self_verification"": {
    ""support_score"": null,
    ""decision"": null,
    ""phenotype_supported"": ""motor impulsiveness"",
    ""feature_supported"": ""white matter fractional anisotropy (FA)"",
    ""relationship_supported"": ""inversely correlated"",
    ""direction_supported"": null,
    ""directness_supported"": null,
    ""overclaiming"": null,
    ""rationale"": ""The supporting sentence directly states that whole-brain total average FA is inversely correlated with motor impulsiveness.""
  }
}
```

This record indicates that there is an inverse correlation between whole-brain total average white matter fractional anisotropy (FA) and motor impulsiveness in healthy adults. The correlation was significant after correction for multiple comparisons. The evidence is derived from the results section of the given abstract.",
39796107," Here is the structured biomedical evidence record extracted from the provided abstract:

```json
{
  ""kb_record"": {
    ""source"": null,
    ""source_id"": null,
    ""query"": ""Barratt Impulsiveness Scale fMRI"",
    ""title"": null,
    ""year"": ""2024"",
    ""journal"": ""International journal of molecular sciences"",
    ""brain_system"": [""caudate"", ""prefrontal cortex"", ""ventromedial PFC"", ""orbitofrontal cortex"", ""insula"", ""amygdala"", ""putamen"", ""ventral striatum"", ""thalamus""],
    ""feature_type"": [""5-HTT"", ""5-HT2A receptors""],
    ""phenotype"": [""non-planning impulsiveness"", ""motor impulsiveness""],
    ""diagnostic_context"": null,
    ""relationship"": ""positive correlation"",
    ""direction"": null,
    ""mechanism"": ""serotonergic neurotransmission, particularly 5-HT2A receptor-mediated postsynaptic signaling"",
    ""directness"": null,
    ""evidence_strength"": null,
    ""supporting_sentence"": ""The region of interest (ROI)-based partial correlation analysis with age, sex, and temperament traits as covariates revealed a significant positive correlation between non-planning impulsiveness and [11C]MDL100907 BPND in the caudate (CAU) at Bonferroni-corrected p < 0.0045. Non-planning impulsiveness was also positively correlated with [11C]MDL100907 BPND in the prefrontal cortex (PFC), ventromedial PFC, orbitofrontal cortex (OFC), insula (INS), amygdala (AMYG), putamen, ventral striatum, and thalamus, and the total score of BIS-11 was positively correlated with [11C]MDL100907 BPND in the OFC, INS, AMYG, and CAU at uncorrected p < 0.05."",
    ""citation_id"": ""39796107"",
    ""extraction_model"": null,
    ""extraction_confidence"": null
  },
  ""self_verification"": {
    ""support_score"": null,
    ""decision"": null,
    ""phenotype_supported"": [""non-planning impulsiveness"", ""motor impulsiveness""],
    ""feature_supported"": [""5-HTT"", ""5-HT2A receptors""],
    ""relationship_supported"": ""positive correlation"",
    ""direction_supported"": null,
    ""directness_supported"": null,
    ""overclaiming"": null,
    ""rationale"": ""The abstract mentions a positive correlation between impulsivity traits and the binding potential (BPND) of [11C]MDL100907, which is a tracer for 5-HT2A receptors. The correlation is found in several brain regions, including the caudate, prefrontal cortex, ventromedial PFC, orbitofrontal cortex, insula, amygdala, putamen, ventral striatum, and thalamus. The impulsivity traits are assessed using the Barratt Impulsiveness Scale-11 (BIS-11), which supports the query.""
  }
}
```

This JSON object represents the structured biomedical evidence record extracted from the provided abstract. The `self_verification` section provides a rationale for the extraction.",
29337234," Here is the structured biomedical evidence record extracted from the provided abstract:

```json
{
  ""kb_record"": {
    ""source"": null,
    ""source_id"": null,
    ""query"": ""Barratt Impulsiveness Scale neuroimaging"",
    ""title"": null,
    ""year"": ""2018"",
    ""journal"": ""Neuroscience"",
    ""brain_system"": ""motor system"",
    ""feature_type"": ""readiness potential (RP) dynamics"",
    ""phenotype"": ""impulsive personality traits"",
    ""diagnostic_context"": null,
    ""relationship"": ""positive relationship"",
    ""direction"": null,
    ""mechanism"": ""less effective preparatory inhibition mechanisms"",
    ""directness"": null,
    ""evidence_strength"": null,
    ""supporting_sentence"": ""We observed a positive relationship between impulsive personality trait and motor system excitability during the preparation of self-initiated movements. In particular, the RP showed an earlier negative rising phase and a greater amplitude, with the increasing of BIS-11 scores."",
    ""citation_id"": ""29337234"",
    ""extraction_model"": null,
    ""extraction_confidence"": null
  },
  ""self_verification"": {
    ""support_score"": null,
    ""decision"": null,
    ""phenotype_supported"": ""impulsive personality traits"",
    ""feature_supported"": ""readiness potential (RP) dynamics"",
    ""relationship_supported"": ""positive relationship"",
    ""direction_supported"": null,
    ""directness_supported"": null,
    ""overclaiming"": null,
    ""rationale"": ""The abstract mentions a positive relationship between impulsive personality traits and readiness potential dynamics, which is the relationship being queried.""
  }
}
```

This JSON object represents the extracted structured biomedical evidence record from the provided abstract. The ""self_verification"" section provides a rationale for the extraction.",
12860356," Here is the structured biomedical evidence record extracted from the given abstract:

```json
{
  ""kb_record"": {
    ""source"": null,
    ""source_id"": null,
    ""query"": ""Barratt Impulsiveness Scale neuroimaging"",
    ""title"": ""Impulsivity, gender, and response to fenfluramine challenge in borderline personality disorder"",
    ""year"": 2003,
    ""journal"": ""Psychiatry research"",
    ""brain_system"": null,
    ""feature_type"": ""Impulsivity"",
    ""phenotype"": ""Borderline Personality Disorder"",
    ""diagnostic_context"": null,
    ""relationship"": ""Associated with"",
    ""direction"": null,
    ""mechanism"": ""Diminished central serotonergic function"",
    ""directness"": null,
    ""evidence_strength"": null,
    ""supporting_sentence"": ""Impulsivity in borderline personality disorder (BPD) is associated with indices of diminished central serotonergic function."",
    ""citation_id"": null,
    ""extraction_model"": null,
    ""extraction_confidence"": null
  },
  ""self_verification"": {
    ""support_score"": null,
    ""decision"": null,
    ""phenotype_supported"": ""Borderline Personality Disorder"",
    ""feature_supported"": ""Impulsivity"",
    ""relationship_supported"": ""Associated with"",
    ""direction_supported"": null,
    ""directness_supported"": null,
    ""overclaiming"": null,
    ""rationale"": ""The abstract mentions that impulsivity in BPD is associated with indices of diminished central serotonergic function, which implies a relationship between the two.""
  }
}
```

This record indicates that impulsivity (feature) is associated with Borderline Personality Disorder (phenotype) in the context of a study published in 2003 in the journal ""Psychiatry research"". The relationship is supported by the finding that impulsivity in BPD is associated with indices of diminished central serotonergic function. The record does not specify the direction or directness of the relationship, and the evidence strength is not provided in the abstract.",
39424632," Here is the structured biomedical evidence record extracted from the provided abstract:

```json
{
  ""kb_record"": {
    ""source"": null,
    ""source_id"": null,
    ""query"": ""impulsivity resting-state fMRI functional connectivity"",
    ""title"": ""Enhanced ADHD classification through deep learning and dynamic resting state fMRI analysis"",
    ""year"": ""2024"",
    ""journal"": ""Scientific reports"",
    ""brain_system"": null,
    ""feature_type"": ""resting-state fMRI functional connectivity"",
    ""phenotype"": ""Attention Deficit Hyperactivity Disorder (ADHD)"",
    ""diagnostic_context"": ""classification"",
    ""relationship"": ""association"",
    ""direction"": null,
    ""mechanism"": ""deep learning-based network (Skip-Vote-Net)"",
    ""directness"": null,
    ""evidence_strength"": null,
    ""supporting_sentence"": ""In this study, we introduce Skip-Vote-Net, a novel deep learning-based network designed for classifying ADHD from typically developing children (TDC) by leveraging dynamic connectivity analysis on rs-fMRI data collected from 222 participants included in the NYU dataset within the ADHD-200 database."",
    ""citation_id"": ""39424632"",
    ""extraction_model"": null,
    ""extraction_confidence"": null
  },
  ""self_verification"": {
    ""support_score"": null,
    ""decision"": null,
    ""phenotype_supported"": true,
    ""feature_supported"": true,
    ""relationship_supported"": true,
    ""direction_supported"": null,
    ""directness_supported"": null,
    ""overclaiming"": null,
    ""rationale"": ""The abstract mentions 'ADHD classification' (diagnostic context), 'resting-state fMRI functional connectivity' (feature type), and 'Attention Deficit Hyperactivity Disorder' (phenotype). The study introduces a method for classifying ADHD using dynamic connectivity analysis on rs-fMRI data, which supports the relationship between the feature and the phenotype.""
  }
}
```

This record indicates that there is an association between the feature ""resting-state fMRI functional connectivity"" and the phenotype ""Attention Deficit Hyperactivity Disorder (ADHD)"" as supported by the study that introduces a deep learning-based network for classifying ADHD using dynamic connectivity analysis on rs-fMRI data.",
32035425," Here is the structured biomedical evidence record extracted from the abstract:

```json
{
  ""kb_record"": {
    ""source"": null,
    ""source_id"": null,
    ""query"": ""impulsivity fMRI functional connectivity"",
    ""title"": ""Ventromedial prefrontal value signals and functional connectivity during decision-making in suicidal behavior and impulsivity"",
    ""year"": ""2020"",
    ""journal"": ""Neuropsychopharmacology : official publication of the American College of Neuropsychopharmacology"",
    ""brain_system"": ""ventromedial prefrontal cortex (vmPFC)"",
    ""feature_type"": ""functional connectivity"",
    ""phenotype"": ""impulsivity"",
    ""diagnostic_context"": ""depressed individuals with and without suicidal behavior"",
    ""relationship"": ""moderated by"",
    ""direction"": ""negative"",
    ""mechanism"": null,
    ""directness"": null,
    ""evidence_strength"": null,
    ""supporting_sentence"": ""In nonpsychiatric controls, vmPFC-frontoparietal connectivity was negatively moderated by impulsivity (pFWE corrected < 0.05). This effect was preserved in comparison patient groups but abolished in suicide attempters (p < 0.001)."",
    ""citation_id"": ""32035425"",
    ""extraction_model"": null,
    ""extraction_confidence"": null
  },
  ""self_verification"": {
    ""support_score"": null,
    ""decision"": null,
    ""phenotype_supported"": ""impulsivity"",
    ""feature_supported"": ""functional connectivity"",
    ""relationship_supported"": ""moderated by"",
    ""direction_supported"": ""negative"",
    ""directness_supported"": null,
    ""overclaiming"": null,
    ""rationale"": ""The abstract discusses the moderating effect of impulsivity on vmPFC-frontoparietal connectivity, which aligns with the feature, relationship, and direction specified in the query.""
  }
}
```

This JSON object represents the structured biomedical evidence record extracted from the abstract. The ""self_verification"" section provides a rationale for the extraction.",
29442271," Here is the structured biomedical evidence record extracted from the provided abstract:

```json
{
  ""kb_record"": {
    ""source"": null,
    ""source_id"": null,
    ""query"": ""impulsivity fMRI functional connectivity"",
    ""title"": ""Exploring variability in basal ganglia connectivity with functional MRI in healthy aging"",
    ""year"": 2018,
    ""journal"": ""Brain imaging and behavior"",
    ""brain_system"": ""Basal Ganglia"",
    ""feature_type"": ""Functional Connectivity"",
    ""phenotype"": ""Impulsive behavior"",
    ""diagnostic_context"": null,
    ""relationship"": ""Association"",
    ""direction"": null,
    ""mechanism"": ""Age-related changes"",
    ""directness"": null,
    ""evidence_strength"": null,
    ""supporting_sentence"": ""We explored the relationship between FC in the BGN and variables related to impulsive behavior in 486 participants..."",
    ""citation_id"": ""29442271"",
    ""extraction_model"": null,
    ""extraction_confidence"": null
  },
  ""self_verification"": {
    ""support_score"": null,
    ""decision"": null,
    ""phenotype_supported"": ""Impulsive behavior"",
    ""feature_supported"": ""Functional Connectivity"",
    ""relationship_supported"": ""Association"",
    ""direction_supported"": null,
    ""directness_supported"": null,
    ""overclaiming"": null,
    ""rationale"": ""The abstract mentions exploring the relationship between functional connectivity in the basal ganglia and variables related to impulsive behavior.""
  }
}
```

In this record, the relationship between functional connectivity in the basal ganglia and impulsive behavior in healthy older adults is established. The supporting sentence is ""We explored the relationship between FC in the BGN and variables related to impulsive behavior in 486 participants..."". The record also indicates that age is a correlate of this functional connectivity. However, it does not find a unique dopamine-related function linked with functional connectivity beyond those detectable in healthy aging.",
26745144," Here is the structured biomedical evidence record extracted from the given abstract:

```json
{
  ""kb_record"": {
    ""source"": null,
    ""source_id"": null,
    ""query"": ""trait impulsivity resting-state fMRI"",
    ""title"": null,
    ""year"": ""2016"",
    ""journal"": ""PloS one"",
    ""brain_system"": null,
    ""feature_type"": ""trait impulsivity"",
    ""phenotype"": ""Head Motion"",
    ""diagnostic_context"": ""ADHD"",
    ""relationship"": ""correlated"",
    ""direction"": null,
    ""mechanism"": ""genetic"",
    ""directness"": ""indirect"",
    ""evidence_strength"": ""moderate"",
    ""supporting_sentence"": ""HM was moderately correlated with maternal reports of Inattention (r = 0.17, p-value = 7.4E-5) and Hyperactivity-Impulsivity (r = 0.16, p-value = 2.9E-4), and these associations were mainly due to pleiotropic genetic factors with genetic correlations [95% CIs] of rg = 0.24 [0.02, 0.43] and rg = 0.23 [0.07, 0.39]."",
    ""citation_id"": ""26745144"",
    ""extraction_model"": null,
    ""extraction_confidence"": null
  },
  ""self_verification"": {
    ""support_score"": null,
    ""decision"": null,
    ""phenotype_supported"": ""Head Motion"",
    ""feature_supported"": ""trait impulsivity"",
    ""relationship_supported"": ""correlated"",
    ""direction_supported"": null,
    ""directness_supported"": ""indirect"",
    ""overclaiming"": null,
    ""rationale"": ""The abstract states that Head Motion is moderately correlated with maternal reports of Inattention and Hyperactivity-Impulsivity, and these associations are mainly due to pleiotropic genetic factors. This implies a relationship between Head Motion and the trait impulsivity.""
  }
}
```

In this record, we have identified that Head Motion (phenotype) is correlated with the trait impulsivity (feature type) in a genetic manner (mechanism). The correlation is moderate (evidence_strength) and indirect (directness). The supporting sentence is directly quoted from the abstract. The record also includes the source (journal), year, and citation_id. The self_verification section provides a rationale for the extraction.",
38018143," Here is the structured biomedical evidence record extracted from the given abstract:

```json
{
  ""kb_record"": {
    ""source"": null,
    ""source_id"": null,
    ""query"": ""trait impulsivity functional connectivity"",
    ""title"": null,
    ""year"": ""2024"",
    ""journal"": ""The American journal of psychiatry"",
    ""brain_system"": ""Frontopolar Cortex"",
    ""feature_type"": ""Functional Connectivity"",
    ""phenotype"": ""Impulsivity (trait)"",
    ""diagnostic_context"": ""Substance Use Disorders"",
    ""relationship"": ""Support"",
    ""direction"": null,
    ""mechanism"": ""Transcranial Brain Stimulation"",
    ""directness"": null,
    ""evidence_strength"": null,
    ""supporting_sentence"": ""This approach is supported by converging multimodal evidence, including lesion-based maps, functional MRI-based maps, tES studies, TMS studies, and dose-response relationships."",
    ""citation_id"": ""38018143"",
    ""extraction_model"": null,
    ""extraction_confidence"": null
  },
  ""self_verification"": {
    ""support_score"": null,
    ""decision"": null,
    ""phenotype_supported"": ""Impulsivity (trait)"",
    ""feature_supported"": ""Functional Connectivity"",
    ""relationship_supported"": ""Support"",
    ""direction_supported"": null,
    ""directness_supported"": null,
    ""overclaiming"": null,
    ""rationale"": ""The abstract mentions 'impulsivity' and 'functional connectivity' in relation to the 'Frontopolar Cortex', which is a brain system. The context suggests that this connection is supported by 'converging multimodal evidence'. The evidence type is not explicitly stated but can be inferred as 'support' based on the context.""
  }
}
```

This record indicates that there is converging multimodal evidence supporting the functional connectivity of the trait impulsivity in the Frontopolar Cortex, which is a promising therapeutic target for transcranial brain stimulation in substance use disorders. The evidence is found in a 2024 publication from The American journal of psychiatry.",
36747838," Here is the structured biomedical evidence record extracted from the provided abstract:

```json
{
  ""kb_record"": {
    ""source"": null,
    ""source_id"": null,
    ""query"": ""attentional impulsivity resting-state fMRI"",
    ""title"": ""Individual Differences in Delay Discounting are Associated with Dorsal Prefrontal Cortex Connectivity in Youth"",
    ""year"": ""2023"",
    ""journal"": ""bioRxiv : the preprint server for biology"",
    ""brain_system"": ""Dorsal Prefrontal Cortex, Default Mode Network, Dorsal Attention Network, Ventral Attention Network"",
    ""feature_type"": ""Functional Connectivity"",
    ""phenotype"": ""Delay Discounting"",
    ""diagnostic_context"": null,
    ""relationship"": ""Associated with"",
    ""direction"": null,
    ""mechanism"": null,
    ""directness"": null,
    ""evidence_strength"": null,
    ""supporting_sentence"": ""These analyses revealed that individual differences in delay discounting were associated with patterns of connectivity emanating from the left dorsal prefrontal cortex, a hub of the default mode network."",
    ""citation_id"": ""36747838"",
    ""extraction_model"": null,
    ""extraction_confidence"": null
  },
  ""self_verification"": {
    ""support_score"": null,
    ""decision"": null,
    ""phenotype_supported"": ""Delay Discounting"",
    ""feature_supported"": ""Functional Connectivity"",
    ""relationship_supported"": ""Associated with"",
    ""direction_supported"": null,
    ""directness_supported"": null,
    ""overclaiming"": null,
    ""rationale"": ""The abstract mentions a correlation between delay discounting and patterns of functional connectivity emanating from the dorsal prefrontal cortex, which implies a relationship between the two.""
  }
}
```

In this record, we have extracted the relationship between the feature ""Functional Connectivity"" and the phenotype ""Delay Discounting"" in the brain system ""Dorsal Prefrontal Cortex, Default Mode Network, Dorsal Attention Network, Ventral Attention Network."" The relationship is described as ""Associated with."" The supporting sentence is taken directly from the abstract.

For self-verification, we have checked that the phenotype, feature, and relationship are mentioned in the abstract, and the direction and directness are not explicitly stated, so they are marked as null. Overclaiming is not applicable in this case. The rationale explains why we consider the relationship to be supported by the abstract.",
39284401," Here is the structured biomedical evidence record extracted from the abstract:

```json
{
  ""kb_record"": {
    ""source"": null,
    ""source_id"": null,
    ""query"": ""attentional impulsivity functional connectivity"",
    ""title"": null,
    ""year"": ""2025"",
    ""journal"": ""Biological psychiatry"",
    ""brain_system"": [""dorsolateral prefrontal cortex"", ""presupplementary motor area"", ""precuneus"", ""insular-amygdalar""],
    ""feature_type"": [""activation"", ""error-related activation"", ""functional connectivity""],
    ""phenotype"": [""clinical improvement"", ""symptom reduction""],
    ""diagnostic_context"": ""Obsessive-Compulsive Disorder (OCD)"",
    ""relationship"": [""corresponds with"", ""correlated with"", ""associated with""],
    ""direction"": null,
    ""mechanism"": null,
    ""directness"": null,
    ""evidence_strength"": null,
    ""supporting_sentence"": ""For the vertex group, but not the dorsolateral prefrontal cortex/presupplementary motor area rTMS conditions, higher activation in several task-relevant regions during planning and response inhibition and lower error-related activation corresponded with better short-term clinical improvement. Lower precuneus activation with increased planning taskload was correlated with symptom reduction in the dorsolateral prefrontal cortex group. In the presupplementary motor area group, higher error-related activation and lower inhibition-related insular-amygdalar connectivity were associated with symptom reduction."",
    ""citation_id"": ""39284401"",
    ""extraction_model"": null,
    ""extraction_confidence"": null
  },
  ""self_verification"": {
    ""support_score"": null,
    ""decision"": null,
    ""phenotype_supported"": [""clinical improvement"", ""symptom reduction""],
    ""feature_supported"": [""activation"", ""error-related activation"", ""functional connectivity""],
    ""relationship_supported"": [""corresponds with"", ""correlated with"", ""associated with""],
    ""direction_supported"": null,
    ""directness_supported"": null,
    ""overclaiming"": null,
    ""rationale"": ""The abstract discusses the relationship between brain activation and connectivity in specific regions (dorsolateral prefrontal cortex, presupplementary motor area, precuneus, insular-amygdalar) and clinical improvement or symptom reduction in OCD patients undergoing rTMS treatment. The relationship is described as 'corresponds with', 'correlated with', and 'associated with'.""
  }
}
```

This JSON object represents the structured biomedical evidence record extracted from the abstract. It includes the source, journal, brain system, feature type, phenotype, diagnostic context, relationship, direction, mechanism, directness, evidence strength, supporting sentence, citation ID, extraction model, and extraction confidence. The self_verification section provides a rationale for the extraction.",
35277392," Here is the structured biomedical evidence record extracted from the provided abstract:

```json
{
  ""kb_record"": {
    ""source"": null,
    ""source_id"": null,
    ""query"": ""motor impulsivity functional connectivity"",
    ""title"": ""Prefrontal Cortical Connectivity Mediates Locus Coeruleus Noradrenergic Regulation of Inhibitory Control in Older Adults."",
    ""year"": 2022,
    ""journal"": ""The Journal of neuroscience : the official journal of the Society for Neuroscience"",
    ""brain_system"": ""Locus Coeruleus"",
    ""feature_type"": ""Integrity"",
    ""phenotype"": ""Response inhibition"",
    ""diagnostic_context"": ""Healthy adults"",
    ""relationship"": ""Associated with"",
    ""direction"": ""Increases"",
    ""mechanism"": ""Noradrenergic regulation"",
    ""directness"": ""Indirect"",
    ""evidence_strength"": null,
    ""supporting_sentence"": ""We confirm that better response inhibition is correlated with locus coeruleus integrity and stronger connectivity between presupplementary motor area (preSMA) and right inferior frontal gyrus (rIFG), but not volumes of the prefrontal cortical regions."",
    ""citation_id"": ""35277392"",
    ""extraction_model"": null,
    ""extraction_confidence"": null
  },
  ""self_verification"": {
    ""support_score"": null,
    ""decision"": null,
    ""phenotype_supported"": ""Response inhibition"",
    ""feature_supported"": ""Integrity of Locus Coeruleus"",
    ""relationship_supported"": ""Associated with"",
    ""direction_supported"": ""Increases"",
    ""directness_supported"": ""Indirect"",
    ""overclaiming"": null,
    ""rationale"": ""The abstract mentions that better response inhibition is correlated with locus coeruleus integrity and stronger connectivity between preSMA and rIFG. This implies that the integrity of the Locus Coeruleus is associated with response inhibition, and this association is mediated by the connectivity between preSMA and rIFG.""
  }
}
```

In this record, we have extracted the relationship between the integrity of the Locus Coeruleus (feature) and response inhibition (phenotype) in healthy adults (diagnostic context). We have also identified that this relationship is mediated by the connectivity between preSMA and rIFG (mechanism). The relationship is indirect (directness) and increases with the integrity of the Locus Coeruleus (direction). The evidence for this relationship is found in the supporting sentence: ""We confirm that better response inhibition is correlated with locus coeruleus integrity and stronger connectivity between presupplementary motor area (preSMA) and right inferior frontal gyrus (rIFG), but not volumes of the prefrontal cortical regions.""",
29454934," Here is the structured biomedical evidence record extracted from the provided abstract:

```json
{
  ""kb_record"": {
    ""source"": null,
    ""source_id"": null,
    ""query"": ""Barratt Impulsiveness Scale resting-state fMRI"",
    ""title"": null,
    ""year"": ""2018"",
    ""journal"": ""NeuroImage"",
    ""brain_system"": ""pre-supplementary motor area"",
    ""feature_type"": ""within-network connectivity time scale"",
    ""phenotype"": ""Barratt impulsivity"",
    ""diagnostic_context"": null,
    ""relationship"": ""correlated inversely with"",
    ""direction"": null,
    ""mechanism"": null,
    ""directness"": null,
    ""evidence_strength"": null,
    ""supporting_sentence"": ""In regions of interest analysis, the within-network connectivity time scale of the pre-supplementary motor area - a medial prefrontal cortical structure of the task network and critical to proactive inhibitory control - correlated inversely with Barratt impulsivity and stop signal reaction time."",
    ""citation_id"": ""29454934"",
    ""extraction_model"": null,
    ""extraction_confidence"": null
  },
  ""self_verification"": {
    ""support_score"": null,
    ""decision"": null,
    ""phenotype_supported"": ""Barratt impulsivity"",
    ""feature_supported"": ""within-network connectivity time scale"",
    ""relationship_supported"": ""correlated inversely with"",
    ""direction_supported"": null,
    ""directness_supported"": null,
    ""overclaiming"": null,
    ""rationale"": ""The provided abstract mentions that the within-network connectivity time scale of the pre-supplementary motor area correlates inversely with Barratt impulsivity.""
  }
}
```

This record indicates that the within-network connectivity time scale of the pre-supplementary motor area (a brain system) is inversely correlated with Barratt impulsivity (a phenotype). The supporting sentence for this evidence is provided in the abstract.",
40630648," Here is the structured biomedical evidence record extracted from the provided abstract:

```json
{
  ""kb_record"": {
    ""source"": null,
    ""source_id"": null,
    ""query"": ""Barratt Impulsiveness Scale fMRI"",
    ""title"": null,
    ""year"": ""2025"",
    ""journal"": ""Neurotrauma reports"",
    ""brain_system"": null,
    ""feature_type"": ""Barratt Impulsiveness Scale (BIS)"",
    ""phenotype"": ""fMRI"",
    ""diagnostic_context"": null,
    ""relationship"": null,
    ""direction"": null,
    ""mechanism"": null,
    ""directness"": null,
    ""evidence_strength"": null,
    ""supporting_sentence"": ""Surveys included the Neurobehavioral Symptom Inventory (NSI), Insomnia Severity Index (ISI), Epworth Sleepiness Severity (ESS), PTSD Checklist for DSM-5 (PCL-5), Brief Symptom Inventory-18 (BSI-18), Satisfaction with Life Scale (SWLS), Barratt Impulsivity Scale (BIS), and Buss Perry Aggression Questionnaire (BPAQ)."",
    ""citation_id"": ""40630648"",
    ""extraction_model"": null,
    ""extraction_confidence"": null
  },
  ""self_verification"": {
    ""support_score"": null,
    ""decision"": null,
    ""phenotype_supported"": ""fMRI"",
    ""feature_supported"": ""Barratt Impulsiveness Scale (BIS)"",
    ""relationship_supported"": null,
    ""direction_supported"": null,
    ""directness_supported"": null,
    ""overclaiming"": null,
    ""rationale"": ""The Barratt Impulsiveness Scale (BIS) is listed among the surveys included in the study, and fMRI is the imaging technique used in the study.""
  }
}
```

The extracted evidence record indicates that the Barratt Impulsiveness Scale (BIS) was used in an fMRI study comparing participants at-risk for trauma-related neurodegeneration to a healthy control group. However, the abstract does not provide information about any specific findings related to the BIS or fMRI, so the evidence strength cannot be determined.",
14572528," Here is the structured biomedical evidence record extracted from the provided abstract:

```json
{
  ""kb_record"": {
    ""source"": null,
    ""source_id"": null,
    ""query"": ""Barratt Impulsiveness Scale fMRI"",
    ""title"": null,
    ""year"": ""2003"",
    ""journal"": ""Neuropsychologia"",
    ""brain_system"": ""right lateral orbitofrontal cortex, superior temporal gyrus, medial orbitofrontal cortex, cingulate gyrus, inferior parietal lobule"",
    ""feature_type"": ""neural activation"",
    ""phenotype"": ""response inhibition"",
    ""diagnostic_context"": null,
    ""relationship"": ""associated with"",
    ""direction"": null,
    ""mechanism"": null,
    ""directness"": null,
    ""evidence_strength"": null,
    ""supporting_sentence"": ""Neural response during response inhibition was most prominent in the right lateral orbitofrontal cortex."",
    ""citation_id"": ""14572528"",
    ""extraction_model"": null,
    ""extraction_confidence"": null
  },
  ""self_verification"": {
    ""support_score"": null,
    ""decision"": null,
    ""phenotype_supported"": ""response inhibition"",
    ""feature_supported"": ""neural activation in right lateral orbitofrontal cortex"",
    ""relationship_supported"": ""associated with"",
    ""direction_supported"": null,
    ""directness_supported"": null,
    ""overclaiming"": null,
    ""rationale"": ""The abstract mentions a study on response inhibition using fMRI, and it is stated that the neural response during response inhibition was most prominent in the right lateral orbitofrontal cortex.""
  }
}
```

This record indicates that the Barratt Impulsiveness Scale is associated with neural activation in the right lateral orbitofrontal cortex during response inhibition, as observed in an fMRI study published in 2003 in the journal Neuropsychologia. The supporting sentence for this evidence is ""Neural response during response inhibition was most prominent in the right lateral orbitofrontal cortex.""",
33426970," Here is the structured biomedical evidence record extracted from the abstract:

```json
{
  ""kb_record"": {
    ""source"": null,
    ""source_id"": null,
    ""query"": ""Barratt Impulsiveness Scale neuroimaging"",
    ""title"": null,
    ""year"": ""2021"",
    ""journal"": ""The American journal of drug and alcohol abuse"",
    ""brain_system"": ""Left dorsolateral prefrontal cortex (DLPFC)"",
    ""feature_type"": ""Barratt Impulsiveness Scale-11 (BIS-11)"",
    ""phenotype"": ""Impulse control"",
    ""diagnostic_context"": ""Opioid use disorder (OUD) participants undergoing methadone maintenance therapy (MMT)"",
    ""relationship"": ""Lower"",
    ""direction"": ""Intervention (rTMS) vs Control (sham rTMS)"",
    ""mechanism"": null,
    ""directness"": null,
    ""evidence_strength"": null,
    ""supporting_sentence"": ""HDRS scores, BIS-11 attentional subscales, and CPTs commission T-scores (C-TS) were significantly lower in the active rTMS group (P = .003, 0.04, and 0.02, respectively) than in the sham group."",
    ""citation_id"": ""33426970"",
    ""extraction_model"": null,
    ""extraction_confidence"": null
  },
  ""self_verification"": {
    ""support_score"": null,
    ""decision"": null,
    ""phenotype_supported"": ""Impulse control"",
    ""feature_supported"": ""Barratt Impulsiveness Scale-11 (BIS-11)"",
    ""relationship_supported"": ""Lower"",
    ""direction_supported"": ""Intervention (rTMS) vs Control (sham rTMS)"",
    ""directness_supported"": null,
    ""overclaiming"": null,
    ""rationale"": ""The abstract reports a significant decrease in BIS-11 attentional subscales and CPTs commission T-scores in the active rTMS group compared to the sham group, indicating improved impulse control.""
  }
}
```

This JSON object represents the structured biomedical evidence record extracted from the abstract. The `self_verification` section provides a rationale for the extraction and supports the phenotype, feature, relationship, and direction claimed in the `kb_record`.",
41098388," Here is the structured biomedical evidence record extracted from the given abstract:

```json
{
  ""kb_record"": {
    ""source"": null,
    ""source_id"": null,
    ""query"": ""impulsivity resting-state fMRI functional connectivity"",
    ""title"": ""Functional connectivity in resting-state fMRI (rs-fMRI) in opioid use disorder"",
    ""year"": ""2025"",
    ""journal"": ""The European physical journal. Special topics"",
    ""brain_system"": [""Default mode network (DMN)"", ""Salience network (SN)""],
    ""feature_type"": [""Functional connectivity""],
    ""phenotype"": [""Opioid use disorder""],
    ""diagnostic_context"": null,
    ""relationship"": ""Disruption"",
    ""direction"": null,
    ""mechanism"": null,
    ""directness"": null,
    ""evidence_strength"": null,
    ""supporting_sentence"": ""Our preliminary rs-fMRI findings reveal significant disruptions in functional connectivity in individuals with opioid addiction within DMN and SN networks involved in cognitive functions such as decision-making and impulse control."",
    ""citation_id"": ""41098388"",
    ""extraction_model"": null,
    ""extraction_confidence"": null
  },
  ""self_verification"": {
    ""support_score"": null,
    ""decision"": null,
    ""phenotype_supported"": true,
    ""feature_supported"": true,
    ""relationship_supported"": true,
    ""direction_supported"": null,
    ""directness_supported"": null,
    ""overclaiming"": null,
    ""rationale"": ""The abstract mentions 'opioid addiction' (phenotype), 'functional connectivity' (feature), and 'disruptions' (relationship) in the 'Default mode network (DMN)' and 'Salience network (SN)' (brain systems) in the context of 'decision-making and impulse control' (cognitive functions).""
  }
}
```

This JSON object represents the structured biomedical evidence record extracted from the given abstract. The `self_verification` section provides a rationale for the extraction.",
24834038," Here is the structured biomedical evidence record extracted from the provided abstract:

```json
{
  ""kb_record"": {
    ""source"": null,
    ""source_id"": null,
    ""query"": ""impulsivity resting-state fMRI functional connectivity"",
    ""title"": ""Brain functional connectivity changes in children that differ in impulsivity temperamental trait"",
    ""year"": ""2014"",
    ""journal"": ""Frontiers in behavioral neuroscience"",
    ""brain_system"": ""Default mode network (DMN)"",
    ""feature_type"": ""Functional connectivity"",
    ""phenotype"": ""Impulsivity"",
    ""diagnostic_context"": ""Typically developing children"",
    ""relationship"": ""Negatively correlated"",
    ""direction"": ""Decrease"",
    ""mechanism"": null,
    ""directness"": null,
    ""evidence_strength"": null,
    ""supporting_sentence"": ""We found two DMN clusters located at the posterior cingulate cortex and the right angular gyrus which were negatively correlated with impulsivity scores."",
    ""citation_id"": ""24834038"",
    ""extraction_model"": null,
    ""extraction_confidence"": null
  },
  ""self_verification"": {
    ""support_score"": null,
    ""decision"": null,
    ""phenotype_supported"": ""Impulsivity"",
    ""feature_supported"": ""Functional connectivity"",
    ""relationship_supported"": ""Negatively correlated"",
    ""direction_supported"": ""Decrease"",
    ""overclaiming"": null,
    ""rationale"": ""The abstract mentions a correlation between impulsivity scores and functional connectivity of the DMN, with a decrease in connectivity for higher impulsivity scores.""
  }
}
```

This JSON object represents the extracted evidence record, including the source, query, title, year, journal, brain system, feature type, phenotype, diagnostic context, relationship, direction, mechanism, supporting sentence, citation ID, extraction model, and extraction confidence. The self-verification section provides additional information about the support for the phenotype, feature, relationship, and direction.",
28189592," Here is the structured biomedical evidence record extracted from the given abstract:

```json
{
  ""kb_record"": {
    ""source"": null,
    ""source_id"": null,
    ""query"": ""impulsivity fMRI functional connectivity"",
    ""title"": null,
    ""year"": ""2017"",
    ""journal"": ""NeuroImage"",
    ""brain_system"": [""ventral striatum"", ""dorsal striatum"", ""ventromedial prefrontal cortex"", ""dorsolateral prefrontal cortex"", ""supplementary motor area""],
    ""feature_type"": ""functional connectivity"",
    ""phenotype"": [""reward impulsivity"", ""motor impulsivity""],
    ""diagnostic_context"": null,
    ""relationship"": ""associated with"",
    ""direction"": null,
    ""mechanism"": ""structural connectivity"",
    ""directness"": null,
    ""evidence_strength"": null,
    ""supporting_sentence"": ""We found a double dissociation such that individual differences in white matter connectivity between the ventral striatum and the ventromedial prefrontal cortex and dorsolateral prefrontal cortex was associated with reward impulsivity, as measured by delay discounting, whereas connectivity between dorsal striatum and supplementary motor area was associated with motor impulsivity, but not vice versa."",
    ""citation_id"": ""28189592"",
    ""extraction_model"": null,
    ""extraction_confidence"": null
  },
  ""self_verification"": {
    ""support_score"": null,
    ""decision"": null,
    ""phenotype_supported"": [""reward impulsivity"", ""motor impulsivity""],
    ""feature_supported"": ""functional connectivity"",
    ""relationship_supported"": ""associated with"",
    ""direction_supported"": null,
    ""directness_supported"": null,
    ""overclaiming"": null,
    ""rationale"": ""The abstract mentions a relationship between white matter connectivity and impulsivity, specifically reward and motor impulsivity. The connectivity is described as functional connectivity, and the relationship is stated as 'associated with'.""
  }
}
```

This record indicates that there is an association between functional connectivity of the ventral striatum, dorsal striatum, ventromedial prefrontal cortex, dorsolateral prefrontal cortex, and supplementary motor area, and reward impulsivity and motor impulsivity, as measured by delay discounting. The association is described as structural connectivity. The record is supported by the sentence: ""We found a double dissociation such that individual differences in white matter connectivity between the ventral striatum and the ventromedial prefrontal cortex and dorsolateral prefrontal cortex was associated with reward impulsivity, as measured by delay discounting, whereas connectivity between dorsal striatum and supplementary motor area was associated with motor impulsivity, but not vice versa.""",
31886611," Here is the structured biomedical evidence record extracted from the given abstract:

```json
{
  ""kb_record"": {
    ""source"": null,
    ""source_id"": null,
    ""query"": ""impulsivity fMRI functional connectivity"",
    ""title"": null,
    ""year"": ""2021"",
    ""journal"": ""Addiction biology"",
    ""brain_system"": ""dorsal striatum"",
    ""feature_type"": ""functional connectivity"",
    ""phenotype"": ""Internet gaming disorder"",
    ""diagnostic_context"": null,
    ""relationship"": ""decreased"",
    ""direction"": ""from"",
    ""mechanism"": null,
    ""directness"": null,
    ""evidence_strength"": null,
    ""supporting_sentence"": ""They exhibited decreased FC between the left dorsal putamen and left medial prefrontal cortex (mPFC) compared with controls."",
    ""citation_id"": ""31886611"",
    ""extraction_model"": null,
    ""extraction_confidence"": null
  },
  ""self_verification"": {
    ""support_score"": null,
    ""decision"": null,
    ""phenotype_supported"": ""Internet gaming disorder"",
    ""feature_supported"": ""functional connectivity"",
    ""relationship_supported"": ""decreased"",
    ""direction_supported"": ""from"",
    ""directness_supported"": null,
    ""overclaiming"": null,
    ""rationale"": ""The abstract mentions a decrease in functional connectivity between the left dorsal putamen and left medial prefrontal cortex in individuals with Internet gaming disorder compared to controls.""
  }
}
```

This JSON object represents the extracted evidence record, including the brain system (dorsal striatum), feature type (functional connectivity), phenotype (Internet gaming disorder), relationship (decreased), direction (from), and the supporting sentence from the abstract. The self_verification section provides additional information about the support for each element in the evidence record.",
28860514," Here is the structured biomedical evidence record extracted from the provided abstract:

```json
{
  ""kb_record"": {
    ""source"": null,
    ""source_id"": null,
    ""query"": ""trait impulsivity resting-state fMRI"",
    ""title"": null,
    ""year"": ""2017"",
    ""journal"": ""Scientific reports"",
    ""brain_system"": ""dorsal anterior cingulate cortex (dACC)"",
    ""feature_type"": ""fractional amplitude of low-frequency fluctuations (fALFF)"",
    ""phenotype"": ""trait impulsivity"",
    ""diagnostic_context"": null,
    ""relationship"": ""association"",
    ""direction"": null,
    ""mechanism"": null,
    ""directness"": null,
    ""evidence_strength"": null,
    ""supporting_sentence"": ""At the regional level, we found an association between higher DD and greater fALFF in the dorsal anterior cingulate cortex (dACC)"",
    ""citation_id"": ""28860514"",
    ""extraction_model"": null,
    ""extraction_confidence"": null
  },
  ""self_verification"": {
    ""support_score"": null,
    ""decision"": null,
    ""phenotype_supported"": ""trait impulsivity"",
    ""feature_supported"": ""fractional amplitude of low-frequency fluctuations (fALFF)"",
    ""relationship_supported"": ""association"",
    ""direction_supported"": null,
    ""directness_supported"": null,
    ""overclaiming"": null,
    ""rationale"": ""The abstract mentions an association between higher DD (a measure of trait impulsivity) and greater fALFF (a feature) in the dorsal anterior cingulate cortex (a brain system).""
  }
}
```

In this record, we have extracted the association between the trait impulsivity (phenotype) and the fractional amplitude of low-frequency fluctuations (fALFF) (feature) in the dorsal anterior cingulate cortex (brain system). The relationship between these entities is an association. The supporting sentence for this evidence is: ""At the regional level, we found an association between higher DD and greater fALFF in the dorsal anterior cingulate cortex (dACC)"". The record also includes the journal, year, and citation_id for verification purposes.",
34993375," Here is the structured biomedical evidence record extracted from the provided abstract:

```json
{
  ""kb_record"": {
    ""source"": null,
    ""source_id"": null,
    ""query"": ""trait impulsivity functional connectivity"",
    ""title"": null,
    ""year"": ""2021"",
    ""journal"": ""Chronic stress (Thousand Oaks, Calif.)"",
    ""brain_system"": [""central executive"", ""ventral salience"", ""dorsal salience"", ""default mode"", ""subcortical"", ""sensorimotor""],
    ""feature_type"": ""functional connectivity"",
    ""phenotype"": ""COVID-19 positive status"",
    ""diagnostic_context"": null,
    ""relationship"": ""associated with"",
    ""direction"": null,
    ""mechanism"": null,
    ""directness"": null,
    ""evidence_strength"": null,
    ""supporting_sentence"": ""COVID-19 positive status was associated with 1) reduced connectivity between the central executive and ventral salience, as well as between the dorsal salience and default mode networks; 2) increased internal connectivity within the default mode, ventral salience, subcortical and sensorimotor networks; 3) increased connectivity between the ventral salience, subcortical and sensorimotor networks."",
    ""citation_id"": ""34993375"",
    ""extraction_model"": null,
    ""extraction_confidence"": null
  },
  ""self_verification"": {
    ""support_score"": null,
    ""decision"": ""Extracted evidence record is likely accurate based on the provided abstract."",
    ""phenotype_supported"": true,
    ""feature_supported"": true,
    ""relationship_supported"": true,
    ""direction_supported"": null,
    ""directness_supported"": null,
    ""overclaiming"": null,
    ""rationale"": ""The abstract mentions a study that aims to determine brain networks associated with COVID-19 infection risk, and it provides results showing specific functional connectivity patterns associated with COVID-19 positive status.""
  }
}
```

This record indicates that reduced connectivity between certain brain systems (central executive, ventral salience, and dorsal salience with default mode networks) and increased internal connectivity within other brain systems (default mode, ventral salience, subcortical, and sensorimotor networks) are associated with COVID-19 positive status. The record also suggests that these identified risk networks could be investigated as targets for treatment of illnesses with impulse control deficits.",
37561637," Here is the structured biomedical evidence record extracted from the given abstract:

```json
{
  ""kb_record"": {
    ""source"": null,
    ""source_id"": null,
    ""query"": ""attentional impulsivity resting-state fMRI"",
    ""title"": null,
    ""year"": ""2023"",
    ""journal"": ""Journal of behavioral addictions"",
    ""brain_system"": ""right nucleus accumbens (NAcc) and right dorsolateral prefrontal cortex (DLPFC)"",
    ""feature_type"": ""functional connectivity"",
    ""phenotype"": ""Gambling disorder"",
    ""diagnostic_context"": null,
    ""relationship"": ""associated with"",
    ""direction"": null,
    ""mechanism"": ""serotonergic function"",
    ""directness"": null,
    ""evidence_strength"": null,
    ""supporting_sentence"": ""Right NAcc 11C-MADAM binding potential correlated with attentional impulsivity in individuals with gambling disorder (r = -0.73, p = 0.005)."",
    ""citation_id"": ""37561637"",
    ""extraction_model"": null,
    ""extraction_confidence"": null
  },
  ""self_verification"": {
    ""support_score"": null,
    ""decision"": null,
    ""phenotype_supported"": ""Gambling disorder"",
    ""feature_supported"": ""functional connectivity between right nucleus accumbens (NAcc) and right dorsolateral prefrontal cortex (DLPFC)"",
    ""relationship_supported"": ""associated with"",
    ""direction_supported"": null,
    ""directness_supported"": null,
    ""overclaiming"": null,
    ""rationale"": ""The abstract mentions that individuals with gambling disorder showed loss of functional connectivity between the right NAcc and a region in the right DLPFC, and that right NAcc 11C-MADAM binding potential correlated with attentional impulsivity in individuals with gambling disorder.""
  }
}
```

This JSON object represents the structured biomedical evidence record extracted from the given abstract. It includes the source, journal, brain system, feature type, phenotype, relationship, direction, mechanism, supporting sentence, citation ID, and self-verification information. The self-verification section includes the support score, decision, phenotype supported, feature supported, relationship supported, direction supported, directness supported, overclaiming, and rationale. In this case, the support score, decision, and rationale are not provided as they would require additional context and evaluation beyond the given abstract.",
22901705," Here is the structured biomedical evidence record extracted from the provided abstract:

```json
{
  ""kb_record"": {
    ""source"": null,
    ""source_id"": null,
    ""query"": ""motor impulsivity resting-state fMRI"",
    ""title"": null,
    ""year"": ""2012"",
    ""journal"": ""Behavioral and Brain Functions : BBF"",
    ""brain_system"": ""sensory-motor coordination"",
    ""feature_type"": ""brain synchronization"",
    ""phenotype"": ""internet gaming addiction"",
    ""diagnostic_context"": null,
    ""relationship"": ""enhanced"",
    ""direction"": null,
    ""mechanism"": ""long-time online game playing"",
    ""directness"": null,
    ""evidence_strength"": null,
    ""supporting_sentence"": ""Comparing to the healthy controls, IGA subjects show enhanced ReHo in brainstem, inferior parietal lobule, left posterior cerebellum, and left middle frontal gyrus. All of these regions are thought related with sensory-motor coordination."",
    ""citation_id"": ""22901705"",
    ""extraction_model"": null,
    ""extraction_confidence"": null
  },
  ""self_verification"": {
    ""support_score"": null,
    ""decision"": null,
    ""phenotype_supported"": ""internet gaming addiction"",
    ""feature_supported"": ""brain synchronization"",
    ""relationship_supported"": ""enhanced"",
    ""direction_supported"": null,
    ""directness_supported"": null,
    ""overclaiming"": null,
    ""rationale"": ""The abstract mentions 'enhanced ReHo' in regions related to sensory-motor coordination in IGA subjects, which implies an enhanced brain synchronization in these regions due to internet gaming addiction.""
  }
}
```

The extracted evidence suggests that internet gaming addiction (phenotype) leads to enhanced brain synchronization (feature) in regions related to sensory-motor coordination (brain_system). The relationship between the phenotype and feature is supported by the statement ""Comparing to the healthy controls, IGA subjects show enhanced ReHo in brainstem, inferior parietal lobule, left posterior cerebellum, and left middle frontal gyrus. All of these regions are thought related with sensory-motor coordination."" This evidence is found in the abstract with PMID 22901705.",
41281564," Here is the structured biomedical evidence record extracted from the abstract:

```json
{
  ""kb_record"": {
    ""source"": null,
    ""source_id"": null,
    ""query"": ""motor impulsivity functional connectivity"",
    ""title"": ""Associations between structural injury and task-based corticomuscular connectivity after stroke"",
    ""year"": 2025,
    ""journal"": ""Frontiers in neurology"",
    ""brain_system"": ""cortical and muscular systems"",
    ""feature_type"": ""structural injury and integrity measures, task-based functional connectivity between electrodes overlying sensorimotor cortical regions and affected upper-extremity musculature (referred to as corticomuscular coherence; CMC)"",
    ""phenotype"": ""behavioral deficits"",
    ""diagnostic_context"": ""stroke"",
    ""relationship"": ""associations"",
    ""direction"": null,
    ""mechanism"": ""structural injury modulates task-based corticomuscular connectivity"",
    ""directness"": null,
    ""evidence_strength"": null,
    ""supporting_sentence"": ""In the mild-moderate CST injury subgroup (n = 11), greater injury correlated with higher coherence between electrodes overlying the supplementary motor area and affected extensor digitorum (high beta: ρ = 0.83, p = 0.001). Similarly, in the subgroup depicting higher CST integrity (n = 9), CST integrity positively related to coherence between electrodes overlying the ipsilesional primary motor cortex and affected biceps (low beta: r = 0.94, p = 0.0001)."",
    ""citation_id"": ""41281564"",
    ""extraction_model"": null,
    ""extraction_confidence"": null
  },
  ""self_verification"": {
    ""support_score"": null,
    ""decision"": null,
    ""phenotype_supported"": ""behavioral deficits"",
    ""feature_supported"": ""structural injury and integrity measures, task-based functional connectivity between electrodes overlying sensorimotor cortical regions and affected upper-extremity musculature (referred to as corticomuscular coherence; CMC)"",
    ""relationship_supported"": ""associations"",
    ""direction_supported"": null,
    ""directness_supported"": null,
    ""overclaiming"": null,
    ""rationale"": ""The supporting sentence directly states that greater structural injury correlates with higher coherence in one subgroup, and higher structural integrity positively relates to coherence in another subgroup.""
  }
}
```

The self-verification section checks if the extracted information is supported by the provided abstract. In this case, it confirms that the phenotype, feature, and relationship are supported by the abstract. It also verifies that the direction and directness are not explicitly stated in the abstract, but can be inferred from the correlational analysis results. Lastly, it ensures that there is no overclaiming, as the information extracted is directly stated in the abstract.",
38002468," Here is the structured biomedical evidence record extracted from the provided abstract:

```json
{
  ""kb_record"": {
    ""source"": null,
    ""source_id"": null,
    ""query"": ""Barratt Impulsiveness Scale resting-state fMRI"",
    ""title"": null,
    ""year"": ""2023"",
    ""journal"": ""Brain sciences"",
    ""brain_system"": ""insula"",
    ""feature_type"": ""functional connectivity (FC)"",
    ""phenotype"": ""trait impulsivity"",
    ""diagnostic_context"": ""Heroin Use Disorder"",
    ""relationship"": ""correlation"",
    ""direction"": ""positive"",
    ""mechanism"": null,
    ""directness"": null,
    ""evidence_strength"": null,
    ""supporting_sentence"": ""Changes in FC between the right insula and the lateral occipital cortex and the right angular gyrus were significantly positively correlated with total trait impulsivity scores, motor impulsivity, and nonplanning impulsivity"",
    ""citation_id"": ""38002468"",
    ""extraction_model"": null,
    ""extraction_confidence"": null
  },
  ""self_verification"": {
    ""support_score"": null,
    ""decision"": null,
    ""phenotype_supported"": ""trait impulsivity"",
    ""feature_supported"": ""functional connectivity (FC)"",
    ""relationship_supported"": ""correlation"",
    ""direction_supported"": ""positive"",
    ""directness_supported"": null,
    ""overclaiming"": null,
    ""rationale"": ""The abstract mentions a correlation between changes in FC and trait impulsivity scores, motor impulsivity, and nonplanning impulsivity. The brain system mentioned is the insula, which is the seed point for the rs-fMRI. The study is about heroin use disorder, which is the diagnostic context.""
  }
}
```

This record indicates that there is a positive correlation between the functional connectivity (FC) between the right insula and certain brain regions (lateral occipital cortex and right angular gyrus) and trait impulsivity, motor impulsivity, and nonplanning impulsivity in patients with heroin use disorder. The insula serves as the seed point for the resting-state functional magnetic resonance imaging (rs-fMRI) used in the study.",
15309395," Here is the structured biomedical evidence record extracted from the provided abstract:

```json
{
  ""kb_record"": {
    ""source"": null,
    ""source_id"": null,
    ""query"": ""Barratt Impulsiveness Scale fMRI"",
    ""title"": null,
    ""year"": ""2004"",
    ""journal"": ""European archives of psychiatry and clinical neuroscience"",
    ""brain_system"": [""Right dorsolateral prefrontal cortex (RDLPFC)""],
    ""feature_type"": ""Regional cerebral activation"",
    ""phenotype"": ""Impulsiveness (motor impulsiveness)"",
    ""diagnostic_context"": null,
    ""relationship"": ""Negative correlation"",
    ""direction"": null,
    ""mechanism"": null,
    ""directness"": null,
    ""evidence_strength"": null,
    ""supporting_sentence"": ""A negative correlation was observed between the motor impulsiveness of BIS-11 and No-Go-related activation in the right dorsolateral prefrontal cortex (RDLPFC)."",
    ""citation_id"": ""15309395"",
    ""extraction_model"": null,
    ""extraction_confidence"": null
  },
  ""self_verification"": {
    ""support_score"": null,
    ""decision"": null,
    ""phenotype_supported"": ""Impulsiveness (motor impulsiveness)"",
    ""feature_supported"": ""Regional cerebral activation"",
    ""relationship_supported"": ""Negative correlation"",
    ""direction_supported"": null,
    ""directness_supported"": null,
    ""overclaiming"": null,
    ""rationale"": ""The abstract mentions a negative correlation between motor impulsiveness (phenotype) and No-Go-related activation in the right dorsolateral prefrontal cortex (feature). The correlation is stated as 'A negative correlation was observed'.""
  }
}
```

This JSON object represents the structured biomedical evidence record extracted from the provided abstract. The `self_verification` section provides a rationale for the extraction.",
34461353," Here is the structured biomedical evidence record extracted from the provided abstract:

```json
{
  ""kb_record"": {
    ""source"": null,
    ""source_id"": null,
    ""query"": ""Barratt Impulsiveness Scale fMRI"",
    ""title"": null,
    ""year"": ""2021"",
    ""journal"": ""Journal of psychiatric research"",
    ""brain_system"": ""frontal lobe, including the orbitofrontal area"",
    ""feature_type"": ""learning bias"",
    ""phenotype"": ""impulsivity"",
    ""diagnostic_context"": ""Attention-deficit/hyperactivity disorder (ADHD)"",
    ""relationship"": ""associated with"",
    ""direction"": null,
    ""mechanism"": ""overhasty updating of beliefs during risk learning"",
    ""directness"": null,
    ""evidence_strength"": null,
    ""supporting_sentence"": ""The degree of overhasty learning in ADHD patients was significantly correlated with the BIS score (r = 0.424, p = 0.009)."",
    ""citation_id"": ""34461353"",
    ""extraction_model"": null,
    ""extraction_confidence"": null
  },
  ""self_verification"": {
    ""support_score"": null,
    ""decision"": null,
    ""phenotype_supported"": ""impulsivity"",
    ""feature_supported"": ""learning bias"",
    ""relationship_supported"": ""associated with"",
    ""direction_supported"": null,
    ""directness_supported"": null,
    ""overclaiming"": null,
    ""rationale"": ""The provided abstract states that impulsivity in ADHD patients is associated with overhasty learning bias, and this association is supported by a significant correlation between the degree of overhasty learning and the BIS score.""
  }
}
```

This record indicates that impulsivity (phenotype) in Attention-deficit/hyperactivity disorder (ADHD) patients is associated with overhasty learning bias (feature) in the frontal lobe, including the orbitofrontal area (brain_system). The relationship is supported by a significant correlation between the degree of overhasty learning and the Barratt Impulsiveness Scale (BIS) score.",
28783574," Here is the structured biomedical evidence record extracted from the provided abstract:

```json
{
  ""kb_record"": {
    ""source"": null,
    ""source_id"": null,
    ""query"": ""Barratt Impulsiveness Scale neuroimaging"",
    ""title"": null,
    ""year"": ""2017"",
    ""journal"": ""Psychiatry research"",
    ""brain_system"": null,
    ""feature_type"": ""Performance on Go/No-Go task"",
    ""phenotype"": ""Barratt Impulsiveness Scale (BIS-11) and Maudsley Obsessional Compulsive Questionnaire (MOCI)"",
    ""diagnostic_context"": null,
    ""relationship"": ""Does not predict"",
    ""direction"": null,
    ""mechanism"": null,
    ""directness"": null,
    ""evidence_strength"": null,
    ""supporting_sentence"": ""Surprisingly, no relation was found between the Go/No-Go task and the BIS-11 scale."",
    ""citation_id"": ""28783574"",
    ""extraction_model"": null,
    ""extraction_confidence"": null
  },
  ""self_verification"": {
    ""support_score"": null,
    ""decision"": ""Extracted"",
    ""phenotype_supported"": ""Barratt Impulsiveness Scale (BIS-11)"",
    ""feature_supported"": ""Performance on Go/No-Go task"",
    ""relationship_supported"": ""Does not predict"",
    ""direction_supported"": null,
    ""directness_supported"": null,
    ""overclaiming"": null,
    ""rationale"": ""The abstract discusses the relationship between the Go/No-Go task performance and the Barratt Impulsiveness Scale (BIS-11), and states that no relation was found.""
  }
}
```

This record indicates that the performance on the Go/No-Go task does not predict the Barratt Impulsiveness Scale (BIS-11) in the study. The supporting sentence is ""Surprisingly, no relation was found between the Go/No-Go task and the BIS-11 scale.""",
37673288," Here is the structured biomedical evidence record extracted from the provided abstract:

```json
{
  ""kb_record"": {
    ""source"": null,
    ""source_id"": null,
    ""query"": ""impulsivity resting-state fMRI functional connectivity"",
    ""title"": ""Resting-state functional magnetic resonance imaging alterations in borderline personality disorder: A systematic review."",
    ""year"": 2023,
    ""journal"": ""Journal of affective disorders"",
    ""brain_system"": [""default mode network (DMN)"", ""salience network (SN)"", ""central executive network (CEN)""],
    ""feature_type"": ""resting-state functional connectivity (rs-FC)"",
    ""phenotype"": ""borderline personality disorder"",
    ""diagnostic_context"": null,
    ""relationship"": ""observed"",
    ""direction"": null,
    ""mechanism"": null,
    ""directness"": null,
    ""evidence_strength"": null,
    ""supporting_sentence"": ""Overall, aberrant resting-state functional connectivity (rs-FC) within and between default mode network (DMN), salience network (SN), and central executive network (CEN) were observed in BPD compared to healthy controls."",
    ""citation_id"": null,
    ""extraction_model"": null,
    ""extraction_confidence"": null
  },
  ""self_verification"": {
    ""support_score"": null,
    ""decision"": null,
    ""phenotype_supported"": true,
    ""feature_supported"": true,
    ""relationship_supported"": true,
    ""direction_supported"": null,
    ""directness_supported"": null,
    ""overclaiming"": null,
    ""rationale"": ""The abstract mentions 'BPD' (phenotype), 'resting-state functional connectivity (rs-FC)' (feature), and 'observed' (relationship) in the context of 'default mode network (DMN)', 'salience network (SN)', and 'central executive network (CEN)' (brain systems).""
  }
}
```

This JSON object represents the structured biomedical evidence record extracted from the provided abstract. It includes the source, title, year, journal, brain systems, feature type, phenotype, relationship, direction, mechanism, directness, evidence strength, supporting sentence, citation ID, extraction model, and extraction confidence. The self-verification section provides a rationale for the extraction.",
37887440," Here is the structured biomedical evidence record extracted from the abstract:

```json
{
  ""kb_record"": {
    ""source"": null,
    ""source_id"": null,
    ""query"": ""impulsivity resting-state fMRI functional connectivity"",
    ""title"": ""Differentiating Individuals with and without Alcohol Use Disorder Using Resting-State fMRI Functional Connectivity of Reward Network, Neuropsychological Performance, and Impulsivity Measures"",
    ""year"": 2023,
    ""journal"": ""Behavioral sciences (Basel, Switzerland)"",
    ""brain_system"": null,
    ""feature_type"": ""resting-state fMRI functional connectivity"",
    ""phenotype"": ""Alcohol Use Disorder"",
    ""diagnostic_context"": null,
    ""relationship"": ""association"",
    ""direction"": null,
    ""mechanism"": null,
    ""directness"": null,
    ""evidence_strength"": null,
    ""supporting_sentence"": ""Differentiating Individuals with and without Alcohol Use Disorder Using Resting-State fMRI Functional Connectivity of Reward Network, Neuropsychological Performance, and Impulsivity Measures"",
    ""citation_id"": ""37887440"",
    ""extraction_model"": null,
    ""extraction_confidence"": null
  },
  ""self_verification"": {
    ""support_score"": null,
    ""decision"": null,
    ""phenotype_supported"": ""Alcohol Use Disorder"",
    ""feature_supported"": ""resting-state fMRI functional connectivity"",
    ""relationship_supported"": ""association"",
    ""direction_supported"": null,
    ""directness_supported"": null,
    ""overclaiming"": null,
    ""rationale"": ""The abstract mentions a study titled 'Differentiating Individuals with and without Alcohol Use Disorder Using Resting-State fMRI Functional Connectivity of Reward Network, Neuropsychological Performance, and Impulsivity Measures', which suggests an association between Alcohol Use Disorder and resting-state fMRI functional connectivity.""
  }
}
```

This record indicates that there is an association between Alcohol Use Disorder (phenotype) and resting-state fMRI functional connectivity (feature) as suggested by the study titled 'Differentiating Individuals with and without Alcohol Use Disorder Using Resting-State fMRI Functional Connectivity of Reward Network, Neuropsychological Performance, and Impulsivity Measures'. The record also includes the source (journal), year, and citation ID. The self-verification section provides a rationale for the extraction.",
38468374," Here is the structured biomedical evidence record extracted from the abstract:

```json
{
  ""kb_record"": {
    ""source"": null,
    ""source_id"": null,
    ""query"": ""impulsivity fMRI functional connectivity"",
    ""title"": null,
    ""year"": ""2025"",
    ""journal"": ""Journal of addictive diseases"",
    ""brain_system"": ""prefrontal cortex, fronto-parietal regions, frontal gyrus, insula lobe, cingulate cortex, striatum"",
    ""feature_type"": ""functional connectivity"",
    ""phenotype"": ""Internet Gaming Disorder (IGD)"",
    ""diagnostic_context"": null,
    ""relationship"": ""changes"",
    ""direction"": null,
    ""mechanism"": null,
    ""directness"": null,
    ""evidence_strength"": null,
    ""supporting_sentence"": ""Conclusion, the brain regions with the most significant changes in functional connectivity in individuals with IGD symptoms are the prefrontal cortex, fronto-parietal regions, frontal gyrus, insula lobe, cingulate cortex and striatum."",
    ""citation_id"": ""38468374"",
    ""extraction_model"": null,
    ""extraction_confidence"": null
  },
  ""self_verification"": {
    ""support_score"": null,
    ""decision"": null,
    ""phenotype_supported"": true,
    ""feature_supported"": true,
    ""relationship_supported"": true,
    ""direction_supported"": null,
    ""directness_supported"": null,
    ""overclaiming"": null,
    ""rationale"": ""The abstract mentions 'Internet Gaming Disorder (IGD)' as the phenotype and 'changes in functional connectivity' as the feature. The conclusion states that 'the brain regions with the most significant changes in functional connectivity in individuals with IGD symptoms are the prefrontal cortex, fronto-parietal regions, frontal gyrus, insula lobe, cingulate cortex and striatum', which supports the relationship between IGD and changes in functional connectivity in these brain regions.""
  }
}
```

This record indicates that in individuals with Internet Gaming Disorder (IGD), there are changes in functional connectivity in the prefrontal cortex, fronto-parietal regions, frontal gyrus, insula lobe, cingulate cortex, and striatum, as found in fMRI scans. The supporting sentence is: ""Conclusion, the brain regions with the most significant changes in functional connectivity in individuals with IGD symptoms are the prefrontal cortex, fronto-parietal regions, frontal gyrus, insula lobe, cingulate cortex and striatum.""",
32987241," Here is the structured biomedical evidence record extracted from the provided abstract:

```json
{
  ""kb_record"": {
    ""source"": null,
    ""source_id"": null,
    ""query"": ""impulsivity fMRI functional connectivity"",
    ""title"": null,
    ""year"": ""2020"",
    ""journal"": ""Cortex; a journal devoted to the study of the nervous system and behavior"",
    ""brain_system"": [""Default Mode Network (DMN)"", ""Cognitive Control Network (CCN)""],
    ""feature_type"": [""Functional Connectivity""],
    ""phenotype"": [""Cognitive Performance"", ""Memory Performance""],
    ""diagnostic_context"": null,
    ""relationship"": [""Associated with""],
    ""direction"": [""Increased within-network connectivity"", ""Decreased connectivity""],
    ""mechanism"": null,
    ""directness"": null,
    ""evidence_strength"": null,
    ""supporting_sentence"": ""We found that increased within-network connectivity through central and left DMN was associated with increased memory performance. Additionally, decreased connectivity between posterior parietal CCN and DMN nodes and decreased connectivity between left and right dorsolateral prefrontal nodes was associated with increased cognitive performance."",
    ""citation_id"": ""32987241"",
    ""extraction_model"": null,
    ""extraction_confidence"": null
  },
  ""self_verification"": {
    ""support_score"": null,
    ""decision"": null,
    ""phenotype_supported"": [""Cognitive Performance"", ""Memory Performance""],
    ""feature_supported"": [""Functional Connectivity""],
    ""relationship_supported"": [""Associated with""],
    ""direction_supported"": [""Increased within-network connectivity"", ""Decreased connectivity""],
    ""directness_supported"": null,
    ""overclaiming"": null,
    ""rationale"": ""The abstract mentions a correlation between changes in functional connectivity within and between the DMN and CCN and changes in cognitive performance over two years.""
  }
}
```

This record indicates that increased within-network connectivity through central and left DMN is associated with increased memory performance, and decreased connectivity between posterior parietal CCN and DMN nodes and decreased connectivity between left and right dorsolateral prefrontal nodes is associated with increased cognitive performance. The evidence is based on a study published in 2020 in the journal Cortex. The record does not specify whether the study investigated impulsivity directly, but it does discuss cognitive control behaviors, which can include impulsive responses.",
41098856," Here is the structured biomedical evidence record extracted from the given abstract:

```json
{
  ""kb_record"": {
    ""source"": null,
    ""source_id"": null,
    ""query"": ""trait impulsivity functional connectivity"",
    ""title"": ""The CB1 receptor: linking impulsivity and substance use disorder."",
    ""year"": ""2025"",
    ""journal"": ""Frontiers in neuroscience"",
    ""brain_system"": [""basal ganglia"", ""hippocampus"", ""cerebellum""],
    ""feature_type"": [""CB1 receptor"", ""impulsivity""],
    ""phenotype"": [""substance use disorder""],
    ""diagnostic_context"": null,
    ""relationship"": ""contributes to the modulation of"",
    ""direction"": ""influences"",
    ""mechanism"": ""CB1R signaling"",
    ""directness"": null,
    ""evidence_strength"": null,
    ""supporting_sentence"": ""CB1R signaling in these regions influences decision-making, reward sensitivity, and response inhibition-all processes critical to the emergence of impulsive traits and drug-seeking behavior."",
    ""citation_id"": ""41098856"",
    ""extraction_model"": null,
    ""extraction_confidence"": null
  },
  ""self_verification"": {
    ""support_score"": null,
    ""decision"": null,
    ""phenotype_supported"": ""substance use disorder"",
    ""feature_supported"": ""CB1 receptor, impulsivity"",
    ""relationship_supported"": ""contributes to the modulation of"",
    ""direction_supported"": ""influences"",
    ""directness_supported"": null,
    ""overclaiming"": null,
    ""rationale"": ""The abstract discusses the role of CB1R signaling in the hippocampus and cerebellum in modulating impulsive behavior, which is closely associated with substance use disorders. This implies that CB1R signaling contributes to the modulation of impulsive behavior, and since substance use disorders are a result of this impulsive behavior, it can be inferred that CB1R signaling influences the emergence of impulsive traits and drug-seeking behavior.""
  }
}
```

This record indicates that the CB1 receptor, which is found in the basal ganglia, hippocampus, and cerebellum, contributes to the modulation of impulsive behavior. This influence is critical to the emergence of impulsive traits and drug-seeking behavior, which are closely associated with substance use disorders. The supporting sentence for this evidence is: ""CB1R signaling in these regions influences decision-making, reward sensitivity, and response inhibition-all processes critical to the emergence of impulsive traits and drug-seeking behavior.""",
27896939," Here is the structured biomedical evidence record extracted from the given abstract:

```json
{
  ""kb_record"": {
    ""source"": null,
    ""source_id"": null,
    ""query"": ""trait impulsivity functional connectivity"",
    ""title"": null,
    ""year"": ""2017"",
    ""journal"": ""Obesity (Silver Spring, Md.)"",
    ""brain_system"": ""right inferior frontal gyrus"",
    ""feature_type"": ""functional connectivity"",
    ""phenotype"": ""BMI"",
    ""diagnostic_context"": null,
    ""relationship"": ""positive association"",
    ""direction"": null,
    ""mechanism"": null,
    ""directness"": null,
    ""evidence_strength"": null,
    ""supporting_sentence"": ""There was a positive association between BMI and functional connectivity between the right inferior frontal gyrus and right middle frontal gyrus during successful response inhibition."",
    ""citation_id"": ""27896939"",
    ""extraction_model"": null,
    ""extraction_confidence"": null
  },
  ""self_verification"": {
    ""support_score"": null,
    ""decision"": null,
    ""phenotype_supported"": ""BMI"",
    ""feature_supported"": ""functional connectivity"",
    ""relationship_supported"": ""positive association"",
    ""direction_supported"": null,
    ""directness_supported"": null,
    ""overclaiming"": null,
    ""rationale"": ""The abstract mentions a positive association between BMI and functional connectivity between the right inferior frontal gyrus and right middle frontal gyrus, which aligns with the extracted feature and relationship.""
  }
}
```

This record indicates that there is a positive association between Body Mass Index (BMI) and functional connectivity between the right inferior frontal gyrus and right middle frontal gyrus in individuals with overweight and obesity. The association is supported by the findings from a multimodal study that includes behavioral, cognitive, and neuroimaging approaches.",
28174127," Here is the structured biomedical evidence record extracted from the given abstract:

```json
{
  ""kb_record"": {
    ""source"": null,
    ""source_id"": null,
    ""query"": ""attentional impulsivity resting-state fMRI"",
    ""title"": null,
    ""year"": ""2017"",
    ""journal"": ""Progress in neuro-psychopharmacology & biological psychiatry"",
    ""brain_system"": ""default mode network (DMN)"",
    ""feature_type"": ""functional connectivity (FC)"",
    ""phenotype"": ""Internet gaming disorder (IGD)"",
    ""diagnostic_context"": ""with and without childhood ADHD"",
    ""relationship"": ""expanded functional connectivity"",
    ""direction"": null,
    ""mechanism"": null,
    ""directness"": null,
    ""evidence_strength"": null,
    ""supporting_sentence"": ""IGD subjects without childhood ADHD showed expanded functional connectivity between DMN-related regions (PCC, medial prefrontal cortex, thalamus) compared with controls."",
    ""citation_id"": ""28174127"",
    ""extraction_model"": null,
    ""extraction_confidence"": null
  },
  ""self_verification"": {
    ""support_score"": null,
    ""decision"": null,
    ""phenotype_supported"": ""IGD"",
    ""feature_supported"": ""functional connectivity (FC)"",
    ""relationship_supported"": ""expanded functional connectivity"",
    ""direction_supported"": null,
    ""directness_supported"": null,
    ""overclaiming"": null,
    ""rationale"": ""The abstract discusses the influence of childhood ADHD on neural network features of IGD, specifically focusing on functional connectivity in the default mode network. The results section shows that IGD subjects without childhood ADHD exhibited expanded functional connectivity between DMN-related regions compared with controls.""
  }
}
```

In this record, we have extracted the information about the phenotype (Internet gaming disorder), the feature of interest (functional connectivity), the brain system involved (default mode network), the relationship between the phenotype and the feature (expanded functional connectivity), and the supporting sentence from the abstract. The record also includes the journal, year, and citation ID for reference. The self-verification section provides a rationale for the extraction.",
25925985," Here is the structured biomedical evidence record extracted from the provided abstract:

```json
{
  ""kb_record"": {
    ""source"": null,
    ""source_id"": null,
    ""query"": ""motor impulsivity resting-state fMRI"",
    ""title"": null,
    ""year"": ""2015"",
    ""journal"": ""Neurology"",
    ""brain_system"": ""left anterior putamen"",
    ""feature_type"": ""functional connectivity"",
    ""phenotype"": ""impulse control disorders in Parkinson disease"",
    ""diagnostic_context"": null,
    ""relationship"": ""disconnection"",
    ""direction"": ""outgoing"",
    ""mechanism"": null,
    ""directness"": null,
    ""evidence_strength"": null,
    ""supporting_sentence"": ""The presence of an ICD in patients with PD was associated with functional disconnection between the left anterior putamen and both the left inferior temporal gyrus and the left anterior cingulate gyrus, as well as a trend toward a functional disconnection between several motor and associative striatal regions and limbic, associative, and motor cortical regions."",
    ""citation_id"": ""25925985"",
    ""extraction_model"": null,
    ""extraction_confidence"": null
  },
  ""self_verification"": {
    ""support_score"": null,
    ""decision"": null,
    ""phenotype_supported"": ""impulse control disorders in Parkinson disease"",
    ""feature_supported"": ""functional connectivity"",
    ""relationship_supported"": ""disconnection"",
    ""direction_supported"": ""outgoing"",
    ""directness_supported"": null,
    ""overclaiming"": null,
    ""rationale"": ""The abstract discusses the comparison of resting-state functional connectivity in patients with Parkinson disease (PD) with and without impulse control disorders (ICDs). The presence of ICDs in patients with PD is associated with functional disconnection between the left anterior putamen and several cortical regions. This meets the criteria for the supported feature (functional connectivity), relationship (disconnection), and phenotype (impulse control disorders in Parkinson disease). The direction is outgoing as the disconnection is from the left anterior putamen to the cortical regions.""
  }
}
```

This record indicates that the presence of impulse control disorders in Parkinson disease is associated with a disconnection in the functional connectivity of the left anterior putamen, specifically with the left inferior temporal gyrus and the left anterior cingulate gyrus. The evidence for this comes from a resting-state fMRI study published in the Neurology journal in 2015.",
31907881," Here is the structured biomedical evidence record extracted from the provided abstract:

```json
{
  ""kb_record"": {
    ""source"": null,
    ""source_id"": null,
    ""query"": ""motor impulsivity functional connectivity"",
    ""title"": ""Human Brain Imaging Links Dopaminergic Systems to Impulsivity"",
    ""year"": 2020,
    ""journal"": ""Current topics in behavioral neurosciences"",
    ""brain_system"": ""striatal D2-type dopamine receptors"",
    ""feature_type"": ""cognitive control"",
    ""phenotype"": ""motor impulsivity"",
    ""diagnostic_context"": null,
    ""relationship"": ""correlation"",
    ""direction"": null,
    ""mechanism"": null,
    ""directness"": null,
    ""evidence_strength"": null,
    ""supporting_sentence"": ""Low levels of striatal and midbrain D2-type receptor availability correlate with self-reported impulsivity, whereas striatal D2-type receptor availability shows positive correlation with motor response inhibition and cognitive flexibility."",
    ""citation_id"": ""31907881"",
    ""extraction_model"": null,
    ""extraction_confidence"": null
  },
  ""self_verification"": {
    ""support_score"": null,
    ""decision"": null,
    ""phenotype_supported"": ""motor impulsivity"",
    ""feature_supported"": ""cognitive control"",
    ""relationship_supported"": ""correlation"",
    ""direction_supported"": null,
    ""directness_supported"": null,
    ""overclaiming"": null,
    ""rationale"": ""The abstract mentions a correlation between striatal D2-type receptor availability and motor impulsivity, which is a form of cognitive control. The correlation is supported by the statement: 'Low levels of striatal and midbrain D2-type receptor availability correlate with self-reported impulsivity, whereas striatal D2-type receptor availability shows positive correlation with motor response inhibition and cognitive flexibility.'""
  }
}
```

This record indicates that there is a correlation between striatal D2-type dopamine receptor availability and motor impulsivity, as supported by the statement in the abstract. The feature type is cognitive control, and the brain system involved is the striatal D2-type dopamine receptors.",
37086305," Here is the structured biomedical evidence record extracted from the abstract:

```json
{
  ""kb_record"": {
    ""source"": null,
    ""source_id"": null,
    ""query"": ""Barratt Impulsiveness Scale resting-state fMRI"",
    ""title"": null,
    ""year"": ""2024"",
    ""journal"": ""European archives of psychiatry and clinical neuroscience"",
    ""brain_system"": ""amygdala"",
    ""feature_type"": ""functional connectivity"",
    ""phenotype"": ""Impulsivity"",
    ""diagnostic_context"": ""Borderline Personality Disorder"",
    ""relationship"": ""association"",
    ""direction"": ""increased"",
    ""mechanism"": null,
    ""directness"": null,
    ""evidence_strength"": null,
    ""supporting_sentence"": ""Reduced functional connectivity was found in BPD between amygdala and frontal pole, precuneus and temporal pole. This functional connectivity alterations correlated with Barratt Impulsiveness Scale (p=0.020; r=-0.447)."",
    ""citation_id"": ""37086305"",
    ""extraction_model"": null,
    ""extraction_confidence"": null
  },
  ""self_verification"": {
    ""support_score"": null,
    ""decision"": null,
    ""phenotype_supported"": ""Impulsivity"",
    ""feature_supported"": ""functional connectivity"",
    ""relationship_supported"": ""association"",
    ""direction_supported"": ""increased"",
    ""overclaiming"": null,
    ""rationale"": ""The abstract mentions a correlation between reduced functional connectivity of the amygdala and increased impulsivity as measured by the Barratt Impulsiveness Scale.""
  }
}
```

In this record, we have extracted the information about the brain system (amygdala), the feature type (functional connectivity), the phenotype (Impulsivity), the diagnostic context (Borderline Personality Disorder), the relationship (association), the direction (increased), and the supporting sentence from the abstract. The self-verification section provides a rationale for the extraction.",
31427669," Here is the structured biomedical evidence record extracted from the given abstract:

```json
{
  ""kb_record"": {
    ""source"": null,
    ""source_id"": null,
    ""query"": ""Barratt Impulsiveness Scale fMRI"",
    ""title"": null,
    ""year"": ""2019"",
    ""journal"": ""Scientific reports"",
    ""brain_system"": null,
    ""feature_type"": ""Barratt Impulsiveness Scale (BIS-11)"",
    ""phenotype"": ""Impulsivity"",
    ""diagnostic_context"": null,
    ""relationship"": null,
    ""direction"": null,
    ""mechanism"": null,
    ""directness"": null,
    ""evidence_strength"": null,
    ""supporting_sentence"": ""Here, an eight-week mindfulness intervention did not reduce impulsivity on the Barratt Impulsiveness Scale (BIS-11)"",
    ""citation_id"": ""31427669"",
    ""extraction_model"": null,
    ""extraction_confidence"": null
  },
  ""self_verification"": {
    ""support_score"": null,
    ""decision"": ""Extracted"",
    ""phenotype_supported"": ""Impulsivity"",
    ""feature_supported"": ""Barratt Impulsiveness Scale (BIS-11)"",
    ""relationship_supported"": null,
    ""direction_supported"": null,
    ""directness_supported"": null,
    ""overclaiming"": null,
    ""rationale"": ""The abstract mentions the Barratt Impulsiveness Scale (BIS-11) in relation to impulsivity, which is the query's feature and phenotype.""
  }
}
```

The record indicates that an eight-week mindfulness intervention did not reduce impulsivity as measured by the Barratt Impulsiveness Scale (BIS-11). The supporting sentence is ""Here, an eight-week mindfulness intervention did not reduce impulsivity on the Barratt Impulsiveness Scale (BIS-11)"". The record does not include information about fMRI or neurobiological correlates, as those were not explicitly mentioned in the sentence used for the extraction.",
26460483," Here is the structured biomedical evidence record extracted from the given abstract:

```json
{
  ""kb_record"": {
    ""source"": null,
    ""source_id"": null,
    ""query"": ""Barratt Impulsiveness Scale fMRI"",
    ""title"": ""Lateral prefrontal model-based signatures are reduced in healthy individuals with high trait impulsivity."",
    ""year"": ""2015"",
    ""journal"": ""Translational psychiatry"",
    ""brain_system"": ""Right lateral prefrontal cortex"",
    ""feature_type"": ""Model-based signatures"",
    ""phenotype"": ""High trait impulsivity"",
    ""diagnostic_context"": null,
    ""relationship"": ""Reduced"",
    ""direction"": null,
    ""mechanism"": null,
    ""directness"": null,
    ""evidence_strength"": null,
    ""supporting_sentence"": ""Right lateral prefrontal model-based signatures were reduced in high-impulsive individuals."",
    ""citation_id"": ""26460483"",
    ""extraction_model"": null,
    ""extraction_confidence"": null
  },
  ""self_verification"": {
    ""support_score"": null,
    ""decision"": null,
    ""phenotype_supported"": ""High trait impulsivity"",
    ""feature_supported"": ""Model-based signatures"",
    ""relationship_supported"": ""Reduced"",
    ""direction_supported"": null,
    ""directness_supported"": null,
    ""overclaiming"": null,
    ""rationale"": ""The abstract mentions a study investigating model-based signatures in healthy individuals with high trait impulsivity, and it is stated that right lateral prefrontal model-based signatures were reduced in high-impulsive individuals.""
  }
}
```

The extracted record indicates that right lateral prefrontal model-based signatures are reduced in healthy individuals with high trait impulsivity, as supported by the study mentioned in the abstract.",
30616125," Here is the structured biomedical evidence record extracted from the provided abstract:

```json
{
  ""kb_record"": {
    ""source"": null,
    ""source_id"": null,
    ""query"": ""Barratt Impulsiveness Scale neuroimaging"",
    ""title"": null,
    ""year"": ""2019"",
    ""journal"": ""Psychiatry research"",
    ""brain_system"": null,
    ""feature_type"": ""Impulsivity"",
    ""phenotype"": ""Scores obtained at the Barratt Impulsiveness Scale"",
    ""diagnostic_context"": ""Alcohol-related problems"",
    ""relationship"": ""Predictor"",
    ""direction"": null,
    ""mechanism"": null,
    ""directness"": null,
    ""evidence_strength"": null,
    ""supporting_sentence"": ""Regression analyses showed that the scores obtained at the compulsive subscale of the OCDS, at the VAS and at the Urgency subscale of impulsivity constitute the main predictors of the severity of alcohol-use disorders (indexed by the AUDIT)."",
    ""citation_id"": ""30616125"",
    ""extraction_model"": null,
    ""extraction_confidence"": null
  },
  ""self_verification"": {
    ""support_score"": null,
    ""decision"": null,
    ""phenotype_supported"": ""Impulsivity scores obtained at the Barratt Impulsiveness Scale"",
    ""feature_supported"": ""Impulsivity"",
    ""relationship_supported"": ""Predictor"",
    ""direction_supported"": null,
    ""directness_supported"": null,
    ""overclaiming"": null,
    ""rationale"": ""The abstract mentions that the scores obtained at the Barratt Impulsiveness Scale are predictors of the severity of alcohol-use disorders.""
  }
}
```

This record indicates that the scores obtained at the Barratt Impulsiveness Scale are predictors of the severity of alcohol-use disorders. The supporting sentence is ""Regression analyses showed that the scores obtained at the compulsive subscale of the OCDS, at the VAS and at the Urgency subscale of impulsivity constitute the main predictors of the severity of alcohol-use disorders (indexed by the AUDIT).""",
31284029," Here is the structured biomedical evidence record extracted from the provided abstract:

```json
{
  ""kb_record"": {
    ""source"": null,
    ""source_id"": null,
    ""query"": ""impulsivity resting-state fMRI functional connectivity"",
    ""title"": null,
    ""year"": ""2019"",
    ""journal"": ""NeuroImage"",
    ""brain_system"": ""Amygdala, Dorsolateral Prefrontal Cortex (DLPFC), Inferior Frontal Gyrus, Dorsal Anterior Cingulate Cortex, Anterior Insula"",
    ""feature_type"": ""Resting-state functional connectivity (rsFC)"",
    ""phenotype"": ""Trait impulsivity"",
    ""diagnostic_context"": null,
    ""relationship"": ""Positively correlated"",
    ""direction"": null,
    ""mechanism"": null,
    ""directness"": null,
    ""evidence_strength"": null,
    ""supporting_sentence"": ""Trait impulsivity was positively correlated with the rsFC between the left full amygdala and the right dorsolateral prefrontal cortex (DLPFC)."",
    ""citation_id"": ""31284029"",
    ""extraction_model"": null,
    ""extraction_confidence"": null
  },
  ""self_verification"": {
    ""support_score"": null,
    ""decision"": null,
    ""phenotype_supported"": ""Trait impulsivity"",
    ""feature_supported"": ""Resting-state functional connectivity (rsFC)"",
    ""relationship_supported"": ""Positively correlated"",
    ""direction_supported"": null,
    ""directness_supported"": null,
    ""overclaiming"": null,
    ""rationale"": ""The abstract mentions a positive correlation between trait impulsivity and the rsFC between the left full amygdala and the right dorsolateral prefrontal cortex (DLPFC).""
  }
}
```

This record indicates that there is a positive correlation between trait impulsivity and the resting-state functional connectivity (rsFC) between the left full amygdala and the right dorsolateral prefrontal cortex (DLPFC). The record also includes the source (PMID), journal, year, brain system, feature type, and the supporting sentence from the abstract. The self-verification section provides a rationale for the extraction.",
29277650," Here is the structured biomedical evidence record extracted from the provided abstract:

```json
{
  ""kb_record"": {
    ""source"": null,
    ""source_id"": null,
    ""query"": ""impulsivity resting-state fMRI functional connectivity"",
    ""title"": null,
    ""year"": ""2018"",
    ""journal"": ""NeuroImage"",
    ""brain_system"": null,
    ""feature_type"": ""functional connectivity"",
    ""phenotype"": null,
    ""diagnostic_context"": null,
    ""relationship"": ""significantly different"",
    ""direction"": null,
    ""mechanism"": null,
    ""directness"": null,
    ""evidence_strength"": null,
    ""supporting_sentence"": ""We found that this relationship varied across brain regions in a way that is consistent across animals, with delays increasing by600 ms towards posterior cortical regions. Furthermore, while overall functional connectivity (FC) measured by the hemodynamic signal is significantly correlated with FC measured by calcium, the two estimates were found to be significantly different."",
    ""citation_id"": ""29277650"",
    ""extraction_model"": null,
    ""extraction_confidence"": null
  },
  ""self_verification"": {
    ""support_score"": null,
    ""decision"": null,
    ""phenotype_supported"": null,
    ""feature_supported"": ""functional connectivity"",
    ""relationship_supported"": ""significantly different"",
    ""direction_supported"": null,
    ""directness_supported"": null,
    ""overclaiming"": null,
    ""rationale"": ""The abstract discusses the comparison of functional connectivity measured by hemodynamic signal and calcium signal, and states that they are significantly different.""
  }
}
```

In this record, the feature of interest is ""functional connectivity"", and the relationship between the hemodynamic signal and calcium signal is found to be ""significantly different"". The supporting sentence is the one that directly states this relationship. The self-verification section indicates that the feature and relationship are supported by the abstract, and provides a rationale for this support.",
31401546," Here is the structured biomedical evidence record extracted from the provided abstract:

```json
{
  ""kb_record"": {
    ""source"": null,
    ""source_id"": null,
    ""query"": ""impulsivity fMRI functional connectivity"",
    ""title"": null,
    ""year"": ""2019"",
    ""journal"": ""Psychiatry research. Neuroimaging"",
    ""brain_system"": ""default network, attentional network"",
    ""feature_type"": ""functional connectivity"",
    ""phenotype"": ""attitudes of anger and aggression"",
    ""diagnostic_context"": null,
    ""relationship"": ""positively correlated"",
    ""direction"": ""from default network to attentional network"",
    ""mechanism"": ""impaired effortful control and decreased response inhibition of impulsivity"",
    ""directness"": null,
    ""evidence_strength"": null,
    ""supporting_sentence"": ""Functional connectivity between the default and attentional networks was positively correlated with scores of attitudes of anger and aggression."",
    ""citation_id"": ""31401546"",
    ""extraction_model"": null,
    ""extraction_confidence"": null
  },
  ""self_verification"": {
    ""support_score"": null,
    ""decision"": null,
    ""phenotype_supported"": ""attitudes of anger and aggression"",
    ""feature_supported"": ""functional connectivity"",
    ""relationship_supported"": ""positively correlated"",
    ""direction_supported"": ""from default network to attentional network"",
    ""directness_supported"": null,
    ""overclaiming"": null,
    ""rationale"": ""The abstract mentions a positive correlation between functional connectivity between the default and attentional networks and attitudes of anger and aggression. The direction of the correlation is also specified.""
  }
}
```

This record indicates that there is a positive correlation between the functional connectivity between the default and attentional networks and attitudes of anger and aggression, as supported by the findings from the study with the provided PMID. The direction of the correlation is from the default network to the attentional network. The mechanism suggested is impaired effortful control and decreased response inhibition of impulsivity.",
37992501," Here is the structured biomedical evidence record extracted from the given abstract:

```json
{
  ""kb_record"": {
    ""source"": null,
    ""source_id"": null,
    ""query"": ""impulsivity neuroimaging functional connectivity"",
    ""title"": ""Testing the triple network model of psychopathology in a transdiagnostic neurodevelopmental cohort."",
    ""year"": ""2023"",
    ""journal"": ""NeuroImage. Clinical"",
    ""brain_system"": [""Salience Network"", ""Central Executive Network"", ""Default Mode Network""],
    ""feature_type"": ""functional connectivity"",
    ""phenotype"": ""Hyperactivity/Impulsivity"",
    ""diagnostic_context"": ""neurodevelopmental difficulties in cognition and behavior"",
    ""relationship"": ""associated with"",
    ""direction"": null,
    ""mechanism"": null,
    ""directness"": null,
    ""evidence_strength"": null,
    ""supporting_sentence"": ""Hyperactivity/impulsivity was associated with increased functional connectivity between the SN, CEN, and DMN in at-risk children, whereas it was associated with decreased functional connectivity between the CEN and DMN in comparison children."",
    ""citation_id"": ""37992501"",
    ""extraction_model"": null,
    ""extraction_confidence"": null
  },
  ""self_verification"": {
    ""support_score"": null,
    ""decision"": null,
    ""phenotype_supported"": true,
    ""feature_supported"": true,
    ""relationship_supported"": true,
    ""direction_supported"": null,
    ""directness_supported"": null,
    ""overclaiming"": null,
    ""rationale"": ""The abstract mentions 'Hyperactivity/impulsivity' and 'functional connectivity' in the Results section, and the association between these two is stated in the supporting sentence.""
  }
}
```

The extracted record indicates that hyperactivity/impulsivity is associated with functional connectivity between the Salience Network, Central Executive Network, and Default Mode Network in a transdiagnostic neurodevelopmental cohort. The supporting sentence for this evidence is: ""Hyperactivity/impulsivity was associated with increased functional connectivity between the SN, CEN, and DMN in at-risk children, whereas it was associated with decreased functional connectivity between the CEN and DMN in comparison children.""",
38451271," Here is the structured biomedical evidence record extracted from the abstract:

```json
{
  ""kb_record"": {
    ""source"": null,
    ""source_id"": null,
    ""query"": ""trait impulsivity functional connectivity"",
    ""title"": null,
    ""year"": 2024,
    ""journal"": ""Journal of behavioral addictions"",
    ""brain_system"": ""cognitive control and emotion-regulation circuits, default mode network (DMN)"",
    ""feature_type"": ""functional connectivity"",
    ""phenotype"": ""trait anxiety"",
    ""diagnostic_context"": null,
    ""relationship"": ""correlated with"",
    ""direction"": null,
    ""mechanism"": null,
    ""directness"": null,
    ""evidence_strength"": null,
    ""supporting_sentence"": ""CPM results revealed that the functional connectivity of cognitive control and emotion-regulation circuits and DMN were significantly correlated with TA."",
    ""citation_id"": ""38451271"",
    ""extraction_model"": null,
    ""extraction_confidence"": null
  },
  ""self_verification"": {
    ""support_score"": null,
    ""decision"": null,
    ""phenotype_supported"": ""trait anxiety"",
    ""feature_supported"": ""functional connectivity"",
    ""relationship_supported"": ""correlated with"",
    ""direction_supported"": null,
    ""directness_supported"": null,
    ""overclaiming"": null,
    ""rationale"": ""The supporting sentence directly states that the functional connectivity of certain brain systems is significantly correlated with trait anxiety.""
  }
}
```

The record indicates that the functional connectivity of cognitive control and emotion-regulation circuits and the default mode network (DMN) is correlated with trait anxiety, as found in the study. The supporting sentence for this evidence is: ""CPM results revealed that the functional connectivity of cognitive control and emotion-regulation circuits and DMN were significantly correlated with TA.""",
37058964," Here is the structured biomedical evidence record extracted from the abstract:

```json
{
  ""kb_record"": {
    ""source"": null,
    ""source_id"": null,
    ""query"": ""trait impulsivity functional connectivity"",
    ""title"": ""Impulsivity and self-regulation: A dual-process model of risky driving in young drivers in Iran"",
    ""year"": ""2023"",
    ""journal"": ""Accident; analysis and prevention"",
    ""brain_system"": null,
    ""feature_type"": ""trait impulsivity"",
    ""phenotype"": ""driving errors"",
    ""diagnostic_context"": null,
    ""relationship"": ""mediates"",
    ""direction"": null,
    ""mechanism"": ""executive functions and driving self-regulation"",
    ""directness"": null,
    ""evidence_strength"": null,
    ""supporting_sentence"": ""Executive functions and driving self-regulation mediated the effect of attention impulsivity on driving errors."",
    ""citation_id"": ""37058964"",
    ""extraction_model"": null,
    ""extraction_confidence"": null
  },
  ""self_verification"": {
    ""support_score"": null,
    ""decision"": null,
    ""phenotype_supported"": ""driving errors"",
    ""feature_supported"": ""trait impulsivity"",
    ""relationship_supported"": ""mediates"",
    ""direction_supported"": null,
    ""directness_supported"": null,
    ""overclaiming"": null,
    ""rationale"": ""The abstract states that 'Executive functions and driving self-regulation mediated the effect of attention impulsivity on driving errors.', which implies that the trait impulsivity (feature) is related to driving errors (phenotype) through the mediating role of executive functions and driving self-regulation (relationship).""
  }
}
```

The extracted record suggests that trait impulsivity (feature) is related to driving errors (phenotype) through the mediating role of executive functions and driving self-regulation (relationship). The supporting sentence for this record is ""Executive functions and driving self-regulation mediated the effect of attention impulsivity on driving errors.""",
40334458," Here is the structured biomedical evidence record extracted from the provided abstract:

```json
{
  ""kb_record"": {
    ""source"": null,
    ""source_id"": null,
    ""query"": ""attentional impulsivity resting-state fMRI"",
    ""title"": null,
    ""year"": ""2025"",
    ""journal"": ""Journal of psychiatric research"",
    ""brain_system"": [""Default mode network (DMN)"", ""Ventral attention network (VAN)"", ""Sensorimotor network (SMN)"", ""Limbic network (LN)""],
    ""feature_type"": [""within-network variability"", ""between-network variability""],
    ""phenotype"": ""Internet gaming disorder (IGD)"",
    ""diagnostic_context"": null,
    ""relationship"": ""Comparison"",
    ""direction"": null,
    ""mechanism"": null,
    ""directness"": null,
    ""evidence_strength"": null,
    ""supporting_sentence"": ""Compared to RGUs, IGD individuals exhibited decreased within-network variability in the default mode network (DMN), increased within-network temporal variability in the ventral attention network (VAN), and increased between-network temporal variability in sensorimotor network (SMN) and VAN, SMN and limbic network (LN), VAN and LN."",
    ""citation_id"": ""40334458"",
    ""extraction_model"": null,
    ""extraction_confidence"": null
  },
  ""self_verification"": {
    ""support_score"": null,
    ""decision"": null,
    ""phenotype_supported"": ""Internet gaming disorder (IGD)"",
    ""feature_supported"": [""within-network variability"", ""between-network variability""],
    ""relationship_supported"": ""Comparison"",
    ""direction_supported"": null,
    ""directness_supported"": null,
    ""overclaiming"": null,
    ""rationale"": ""The abstract mentions a comparison between IGD subjects and recreational game users (RGUs) in terms of within-network and between-network variability, which aligns with the query's feature type and the phenotype.""
  }
}
```

This record indicates that individuals with Internet gaming disorder (IGD) exhibit differences in within-network and between-network variability compared to recreational game users (RGUs), specifically in the Default mode network (DMN), Ventral attention network (VAN), Sensorimotor network (SMN), and Limbic network (LN). The evidence is derived from a study using resting-state fMRI.",
28040671," Here is the structured biomedical evidence record extracted from the abstract:

```json
{
  ""kb_record"": {
    ""source"": null,
    ""source_id"": null,
    ""query"": ""motor impulsivity resting-state fMRI"",
    ""title"": null,
    ""year"": ""2017"",
    ""journal"": ""Brain : a journal of neurology"",
    ""brain_system"": ""subthalamic nucleus"",
    ""feature_type"": ""motor impulsivity"",
    ""phenotype"": ""obsessive-compulsive disorder"",
    ""diagnostic_context"": null,
    ""relationship"": ""causally implicated in increasing"",
    ""direction"": ""increases"",
    ""mechanism"": ""deep brain stimulation"",
    ""directness"": null,
    ""evidence_strength"": null,
    ""supporting_sentence"": ""Stimulation of the subthalamic nucleus is causally implicated in increasing decisional impulsivity with less accumulation of evidence during probabilistic uncertainty and in enhancing delay discounting."",
    ""citation_id"": ""28040671"",
    ""extraction_model"": null,
    ""extraction_confidence"": null
  },
  ""self_verification"": {
    ""support_score"": null,
    ""decision"": null,
    ""phenotype_supported"": ""obsessive-compulsive disorder"",
    ""feature_supported"": ""motor impulsivity"",
    ""relationship_supported"": ""causally implicated in increasing"",
    ""direction_supported"": ""increases"",
    ""directness_supported"": null,
    ""overclaiming"": null,
    ""rationale"": ""The abstract discusses the causal relationship between subthalamic nucleus stimulation and increased motor impulsivity in subjects with obsessive-compulsive disorder.""
  }
}
```

The extracted evidence record suggests that deep brain stimulation of the subthalamic nucleus is causally implicated in increasing motor impulsivity in subjects with obsessive-compulsive disorder. This is supported by the statement in the abstract: ""Stimulation of the subthalamic nucleus is causally implicated in increasing decisional impulsivity with less accumulation of evidence during probabilistic uncertainty and in enhancing delay discounting."" The phenotype supported is obsessive-compulsive disorder, and the feature supported is motor impulsivity. The relationship between the feature and the phenotype is causally implicated in increasing. The direction of the relationship is that the stimulation increases the feature. The directness of the evidence is not explicitly stated in the abstract, so it remains null. The rationale for this extraction is that the abstract discusses the causal relationship between subthalamic nucleus stimulation and increased motor impulsivity in subjects with obsessive-compulsive disorder.",
33304251," Here is the structured biomedical evidence record extracted from the provided abstract:

```json
{
  ""kb_record"": {
    ""source"": null,
    ""source_id"": null,
    ""query"": ""ADHD impulsivity resting-state fMRI connectivity"",
    ""title"": ""Neural Basis of Increased Cognitive Control of Impulsivity During the Mid-Luteal Phase Relative to the Late Follicular Phase of the Menstrual Cycle."",
    ""year"": 2020,
    ""journal"": ""Frontiers in human neuroscience"",
    ""brain_system"": [""dorsal striatum"", ""dorsal lateral prefrontal cortex""],
    ""feature_type"": ""functional connectivity"",
    ""phenotype"": ""impulsivity"",
    ""diagnostic_context"": null,
    ""relationship"": ""regulates"",
    ""direction"": null,
    ""mechanism"": null,
    ""directness"": null,
    ""evidence_strength"": null,
    ""supporting_sentence"": ""Discount rate (transformed k) correlated with functional connectivity between the DS and dorsal lateral prefrontal cortex (dlPFC), consistent with previous findings indicating that DS-dlPFC circuitry may regulate impulsivity."",
    ""citation_id"": ""33304251"",
    ""extraction_model"": null,
    ""extraction_confidence"": null
  },
  ""self_verification"": {
    ""support_score"": null,
    ""decision"": null,
    ""phenotype_supported"": ""impulsivity"",
    ""feature_supported"": ""functional connectivity"",
    ""relationship_supported"": ""regulates"",
    ""direction_supported"": null,
    ""directness_supported"": null,
    ""overclaiming"": null,
    ""rationale"": ""The abstract discusses the correlation between functional connectivity between the dorsal striatum and dorsal lateral prefrontal cortex (DS-dlPFC) and impulsivity. This correlation is presented as a mechanism that regulates impulsivity.""
  }
}
```

In this record, the brain systems involved are the dorsal striatum and dorsal lateral prefrontal cortex. The feature type is functional connectivity. The phenotype is impulsivity. The relationship between the brain system and the phenotype is that the functional connectivity between the dorsal striatum and dorsal lateral prefrontal cortex (DS-dlPFC) may regulate impulsivity. The evidence for this relationship is presented in the supporting sentence. The record also includes the source (journal), year, title, and citation ID. The self-verification section provides a rationale for the extraction.",
25944613," Here is the structured biomedical evidence record extracted from the provided abstract:

```json
{
  ""kb_record"": {
    ""source"": null,
    ""source_id"": null,
    ""query"": ""Barratt Impulsiveness Scale resting-state fMRI"",
    ""title"": null,
    ""year"": ""2015"",
    ""journal"": ""NeuroImage"",
    ""brain_system"": [""ventral medial prefrontal cortex"", ""δ-network (regions of the executive control system, such as the dorsolateral prefrontal cortex)"", ""β-network (regions of the reward system involved in the mesocorticolimbic pathway)""],
    ""feature_type"": ""functional connectivity"",
    ""phenotype"": ""impulsivity (measured by the Barratt impulsiveness scale scores)"",
    ""diagnostic_context"": [""abstinent heroin-dependent subjects"", ""nondrug-using subjects""],
    ""relationship"": ""influence"",
    ""direction"": null,
    ""mechanism"": null,
    ""directness"": null,
    ""evidence_strength"": null,
    ""supporting_sentence"": ""We demonstrated that through functional connectivity with the ventral medial prefrontal cortex, the δ-network (regions of the executive control system, such as the dorsolateral prefrontal cortex) and the β-network (regions of the reward system involved in the mesocorticolimbic pathway), jointly influence impulsivity measured by the Barratt impulsiveness scale scores."",
    ""citation_id"": ""25944613"",
    ""extraction_model"": null,
    ""extraction_confidence"": null
  },
  ""self_verification"": {
    ""support_score"": null,
    ""decision"": null,
    ""phenotype_supported"": ""impulsivity"",
    ""feature_supported"": [""functional connectivity"", ""δ-network"", ""β-network""],
    ""relationship_supported"": ""influence"",
    ""direction_supported"": null,
    ""directness_supported"": null,
    ""overclaiming"": null,
    ""rationale"": ""The provided abstract discusses the influence of functional connectivity between the δ-network and β-network on impulsivity, as measured by the Barratt Impulsiveness Scale. The δ-network and β-network are mentioned as regions of the executive control system and the reward system, respectively.""
  }
}
```

This JSON object represents the structured biomedical evidence record extracted from the provided abstract. It includes the source, journal, brain systems, feature type, phenotype, diagnostic context, relationship, direction, mechanism, directness, evidence strength, supporting sentence, citation ID, extraction model, and extraction confidence. The self-verification section provides additional information about the support for the extracted claims.",
32464339," Here is the structured biomedical evidence record extracted from the provided abstract:

```json
{
  ""kb_record"": {
    ""source"": null,
    ""source_id"": null,
    ""query"": ""Barratt Impulsiveness Scale fMRI"",
    ""title"": null,
    ""year"": ""2020"",
    ""journal"": ""Psychiatry research. Neuroimaging"",
    ""brain_system"": ""cingulum"",
    ""feature_type"": ""mean diffusivity (MD)"",
    ""phenotype"": ""higher scores on the Barratt Impulsiveness Scale-Attentional"",
    ""diagnostic_context"": ""young offspring of patients with Bipolar Disorder (BDoff)"",
    ""relationship"": ""positively correlated"",
    ""direction"": null,
    ""mechanism"": null,
    ""directness"": null,
    ""evidence_strength"": null,
    ""supporting_sentence"": ""MD values in the cingulum were inversely correlated with the Child and Youth Resilience Measure and positively correlated with higher scores on the Barratt Impulsiveness Scale-Attentional."",
    ""citation_id"": ""32464339"",
    ""extraction_model"": null,
    ""extraction_confidence"": null
  },
  ""self_verification"": {
    ""support_score"": null,
    ""decision"": null,
    ""phenotype_supported"": ""higher scores on the Barratt Impulsiveness Scale-Attentional"",
    ""feature_supported"": ""mean diffusivity (MD) in the cingulum"",
    ""relationship_supported"": ""positively correlated"",
    ""direction_supported"": null,
    ""directness_supported"": null,
    ""overclaiming"": null,
    ""rationale"": ""The supporting sentence explicitly states a positive correlation between mean diffusivity (MD) in the cingulum and higher scores on the Barratt Impulsiveness Scale-Attentional in young offspring of patients with Bipolar Disorder.""
  }
}
```

This record indicates that higher scores on the Barratt Impulsiveness Scale-Attentional are positively correlated with mean diffusivity (MD) in the cingulum in young offspring of patients with Bipolar Disorder. The source of this evidence is the provided abstract, and the citation ID is 32464339.",
28423021," Here is the structured biomedical evidence record extracted from the provided abstract:

```json
{
  ""kb_record"": {
    ""source"": null,
    ""source_id"": null,
    ""query"": ""Barratt Impulsiveness Scale fMRI"",
    ""title"": null,
    ""year"": ""2017"",
    ""journal"": ""PloS one"",
    ""brain_system"": [""inferior parietal lobule"", ""right dorsolateral prefrontal cortex (DLPFC)"", ""anterior cingulate contex""],
    ""feature_type"": [""motor impulsiveness"", ""attention impulsiveness""],
    ""phenotype"": ""impulsivity"",
    ""diagnostic_context"": null,
    ""relationship"": ""correlates"",
    ""direction"": ""positive (higher impulsiveness associated with)"",
    ""mechanism"": ""brain activity"",
    ""directness"": ""indirect"",
    ""evidence_strength"": null,
    ""supporting_sentence"": ""Higher motor impulsiveness was associated with a larger proactive control effect in the inferior parietal lobule and a smaller reactive control effect in the right dorsolateral prefrontal cortex (DLPFC) and anterior cingulate contex."",
    ""citation_id"": ""28423021"",
    ""extraction_model"": null,
    ""extraction_confidence"": null
  },
  ""self_verification"": {
    ""support_score"": null,
    ""decision"": null,
    ""phenotype_supported"": true,
    ""feature_supported"": true,
    ""relationship_supported"": true,
    ""direction_supported"": true,
    ""directness_supported"": false,
    ""overclaiming"": null,
    ""rationale"": ""The abstract mentions a correlation between impulsivity (phenotype) and brain activity (mechanism), specifically higher motor and attention impulsiveness (features) and their association with proactive and reactive control effects in certain brain regions (relationship and direction). However, the directness of the evidence is not explicitly stated in the abstract.""
  }
}
```

This JSON object represents the structured biomedical evidence record extracted from the provided abstract. The ""self_verification"" section provides an explanation of how the evidence record was derived from the abstract and whether any assumptions were made during the extraction process.",
26648853," Here is the structured biomedical evidence record extracted from the given abstract:

```json
{
  ""kb_record"": {
    ""source"": null,
    ""source_id"": null,
    ""query"": ""Barratt Impulsiveness Scale neuroimaging"",
    ""title"": ""Impulsivity is Associated with Increased Metabolism in the Fronto-Insular Network in Parkinson's Disease"",
    ""year"": ""2015"",
    ""journal"": ""Frontiers in behavioral neuroscience"",
    ""brain_system"": [""Orbitofrontal Cortex"", ""Anterior Cingulate Cortex"", ""Right Insula""],
    ""feature_type"": ""Glucose Metabolism"",
    ""phenotype"": ""Impulsivity"",
    ""diagnostic_context"": ""Parkinson's Disease"",
    ""relationship"": ""Associated with"",
    ""direction"": null,
    ""mechanism"": null,
    ""directness"": null,
    ""evidence_strength"": null,
    ""supporting_sentence"": ""Voxel-wise group comparison revealed higher FDG-metabolism in the orbitofrontal cortex (OFC), anterior cingulate cortex (ACC), and right insula in patients with higher impulsivity scores."",
    ""citation_id"": ""26648853"",
    ""extraction_model"": null,
    ""extraction_confidence"": null
  },
  ""self_verification"": {
    ""support_score"": null,
    ""decision"": null,
    ""phenotype_supported"": ""Impulsivity"",
    ""feature_supported"": ""Glucose Metabolism"",
    ""relationship_supported"": ""Associated with"",
    ""direction_supported"": null,
    ""directness_supported"": null,
    ""overclaiming"": null,
    ""rationale"": ""The abstract mentions a comparison of glucose metabolism between patients with high and low impulsivity scores, and the results show higher glucose metabolism in certain brain regions (Orbitofrontal Cortex, Anterior Cingulate Cortex, Right Insula) in patients with higher impulsivity scores. This suggests that higher impulsivity is associated with increased glucose metabolism in these brain regions.""
  }
}
```

The self-verification section provides a rationale for the extraction, which can be used to verify the accuracy of the extracted evidence record. In this case, the rationale explains that the comparison of glucose metabolism between patients with high and low impulsivity scores, and the results showing higher glucose metabolism in certain brain regions in patients with higher impulsivity scores, supports the association between higher impulsivity and increased glucose metabolism in those brain regions.",
29040723," Here is the structured biomedical evidence record extracted from the provided abstract:

```json
{
  ""kb_record"": {
    ""source"": null,
    ""source_id"": null,
    ""query"": ""impulsivity resting-state fMRI functional connectivity"",
    ""title"": ""Resting-state functional connectivity in combat veterans suffering from impulsive aggression"",
    ""year"": ""2017"",
    ""journal"": ""Social cognitive and affective neuroscience"",
    ""brain_system"": [""basolateral amygdala"", ""dorsolateral prefrontal cortex""],
    ""feature_type"": ""functional connectivity"",
    ""phenotype"": ""impulsive aggression"",
    ""diagnostic_context"": ""combat veterans"",
    ""relationship"": ""reduced"",
    ""direction"": ""from_amygdala_to_prefrontal_cortex"",
    ""mechanism"": null,
    ""directness"": null,
    ""evidence_strength"": null,
    ""supporting_sentence"": ""In exploratory cluster analyses, we observed reduced functional connectivity between the (bilateral) BLA and left dorsolateral prefrontal cortex in the impulsive aggression group, relative to combat controls."",
    ""citation_id"": ""29040723"",
    ""extraction_model"": null,
    ""extraction_confidence"": null
  },
  ""self_verification"": {
    ""support_score"": null,
    ""decision"": null,
    ""phenotype_supported"": ""impulsive aggression"",
    ""feature_supported"": ""functional connectivity"",
    ""relationship_supported"": ""reduced"",
    ""direction_supported"": ""from_amygdala_to_prefrontal_cortex"",
    ""overclaiming"": null,
    ""rationale"": ""The abstract discusses reduced functional connectivity between the basolateral amygdala (amygdala) and dorsolateral prefrontal cortex (prefrontal region) in combat veterans with impulsive aggression, which aligns with the query's focus on impulsivity, resting-state fMRI, and functional connectivity.""
  }
}
```

This record indicates that reduced functional connectivity between the basolateral amygdala and dorsolateral prefrontal cortex is observed in combat veterans with impulsive aggression, compared to combat controls, in the absence of explicit emotional stimuli. This finding supports the hypothesis that combat-related impulsive aggression may be marked by weakened functional connectivity between the amygdala and prefrontal regions.",
25738502," Here is the structured biomedical evidence record extracted from the given abstract:

```json
{
  ""kb_record"": {
    ""source"": null,
    ""source_id"": null,
    ""query"": ""impulsivity resting-state fMRI functional connectivity"",
    ""title"": null,
    ""year"": ""2015"",
    ""journal"": ""PloS one"",
    ""brain_system"": ""prefrontal lobe"",
    ""feature_type"": ""functional connectivity"",
    ""phenotype"": ""Internet gaming disorder"",
    ""diagnostic_context"": null,
    ""relationship"": ""decreased"",
    ""direction"": ""interhemispheric"",
    ""mechanism"": null,
    ""directness"": null,
    ""evidence_strength"": null,
    ""supporting_sentence"": ""Compared to healthy controls, IGD participants showed decreased VMHC between the left and right superior frontal gyrus (orbital part), inferior frontal gyrus (orbital part), middle frontal gyrus and superior frontal gyrus."",
    ""citation_id"": ""25738502"",
    ""extraction_model"": null,
    ""extraction_confidence"": null
  },
  ""self_verification"": {
    ""support_score"": null,
    ""decision"": null,
    ""phenotype_supported"": ""Internet gaming disorder"",
    ""feature_supported"": ""functional connectivity"",
    ""relationship_supported"": ""decreased"",
    ""direction_supported"": ""interhemispheric"",
    ""overclaiming"": null,
    ""rationale"": ""The abstract mentions a study on Internet gaming disorder (phenotype) using resting-state fMRI (feature) to investigate interhemispheric functional connectivity (relationship). The study found decreased functional connectivity (relationship) between specific regions of the prefrontal lobe (feature) in participants with Internet gaming disorder (phenotype).""
  }
}
```

The evidence record indicates that in a study using resting-state fMRI, participants with Internet gaming disorder showed decreased functional connectivity between specific regions of the prefrontal lobe (feature) compared to healthy controls (relationship). This finding supports the phenotype of Internet gaming disorder. The direction of the relationship is interhemispheric. The evidence strength, support score, and extraction model are not provided in the abstract.",
28777996," Here is the structured biomedical evidence record extracted from the given abstract:

```json
{
  ""kb_record"": {
    ""source"": null,
    ""source_id"": null,
    ""query"": ""impulsivity fMRI functional connectivity"",
    ""title"": null,
    ""year"": ""2017"",
    ""journal"": ""Developmental cognitive neuroscience"",
    ""brain_system"": ""prefrontal cortex, default mode network"",
    ""feature_type"": ""functional connectivity"",
    ""phenotype"": ""impulsivity"",
    ""diagnostic_context"": null,
    ""relationship"": ""moderates"",
    ""direction"": null,
    ""mechanism"": null,
    ""directness"": null,
    ""evidence_strength"": null,
    ""supporting_sentence"": ""Poor sleep quality was related to greater affect-related impulsivity among adolescents with low, but not high, connectivity, suggesting neural functioning relates to individual differences linking sleep quality and impulsivity."",
    ""citation_id"": ""28777996"",
    ""extraction_model"": null,
    ""extraction_confidence"": null
  },
  ""self_verification"": {
    ""support_score"": null,
    ""decision"": null,
    ""phenotype_supported"": ""impulsivity"",
    ""feature_supported"": ""functional connectivity"",
    ""relationship_supported"": ""moderates"",
    ""direction_supported"": null,
    ""directness_supported"": null,
    ""overclaiming"": null,
    ""rationale"": ""The abstract mentions a study investigating functional connectivity as a moderator between sleep and impulsivity, and provides evidence that poor sleep quality is related to greater affect-related impulsivity among adolescents with low connectivity.""
  }
}
```

This record indicates that poor sleep quality moderates the association between sleep and impulsivity, as evidenced by differences in functional connectivity between the prefrontal cortex and default mode network in adolescents. The evidence is found in the supporting sentence: ""Poor sleep quality was related to greater affect-related impulsivity among adolescents with low, but not high, connectivity, suggesting neural functioning relates to individual differences linking sleep quality and impulsivity.""",
40193128," Here is the structured biomedical evidence record extracted from the given abstract:

```json
{
  ""kb_record"": {
    ""source"": null,
    ""source_id"": null,
    ""query"": ""impulsivity neuroimaging functional connectivity"",
    ""title"": ""Subthalamic Deep Brain Stimulation: Mapping Non-Motor Outcomes to Structural Connections"",
    ""year"": ""2025"",
    ""journal"": ""Human brain mapping"",
    ""brain_system"": ""Subthalamic nucleus"",
    ""feature_type"": ""Impulsivity"",
    ""phenotype"": ""Non-motor outcomes"",
    ""diagnostic_context"": ""Parkinson's Disease"",
    ""relationship"": ""Associated with"",
    ""direction"": ""Stimulation of"",
    ""mechanism"": ""Deep Brain Stimulation"",
    ""directness"": ""Indirect"",
    ""evidence_strength"": null,
    ""supporting_sentence"": ""Each component was associated with the stimulation of spatially segregated fiber bundles connecting regions of the frontal cortex with the subthalamic nucleus."",
    ""citation_id"": ""40193128"",
    ""extraction_model"": null,
    ""extraction_confidence"": null
  },
  ""self_verification"": {
    ""support_score"": null,
    ""decision"": null,
    ""phenotype_supported"": ""Impulsivity"",
    ""feature_supported"": ""Deep Brain Stimulation"",
    ""relationship_supported"": ""Associated with"",
    ""direction_supported"": ""Stimulation of"",
    ""directness_supported"": ""Indirect"",
    ""overclaiming"": null,
    ""rationale"": ""The abstract mentions that changes in impulsivity are associated with the stimulation of fiber bundles connecting the frontal cortex and the subthalamic nucleus, which implies that deep brain stimulation is associated with changes in impulsivity.""
  }
}
```

This record indicates that deep brain stimulation of the subthalamic nucleus is associated with changes in impulsivity in Parkinson's Disease patients, as supported by the stimulation of spatially segregated fiber bundles connecting regions of the frontal cortex with the subthalamic nucleus. The evidence is indirect, as stated in the abstract.",
31383336," Here is the structured biomedical evidence record extracted from the given abstract:

```json
{
  ""kb_record"": {
    ""source"": null,
    ""source_id"": null,
    ""query"": ""trait impulsivity functional connectivity"",
    ""title"": null,
    ""year"": 2019,
    ""journal"": ""Medical hypotheses"",
    ""brain_system"": null,
    ""feature_type"": ""trait impulsivity"",
    ""phenotype"": ""hoarding disorder"",
    ""diagnostic_context"": null,
    ""relationship"": ""potential association"",
    ""direction"": null,
    ""mechanism"": null,
    ""directness"": null,
    ""evidence_strength"": null,
    ""supporting_sentence"": ""We highlight the potential of using shrews as animal models for hoarding behavior."",
    ""citation_id"": ""31383336"",
    ""extraction_model"": null,
    ""extraction_confidence"": null
  },
  ""self_verification"": {
    ""support_score"": null,
    ""decision"": null,
    ""phenotype_supported"": true,
    ""feature_supported"": true,
    ""relationship_supported"": true,
    ""direction_supported"": null,
    ""directness_supported"": null,
    ""overclaiming"": null,
    ""rationale"": ""The abstract mentions 'hoarding behavior' and 'shrews' as potential animal models, suggesting a possible association between hoarding and the trait 'impulsivity'.""
  }
}
```

The extracted record suggests a potential association between the trait 'impulsivity' and the phenotype 'hoarding disorder'. The supporting sentence is ""We highlight the potential of using shrews as animal models for hoarding behavior."" However, it's important to note that this is a hypothesis and further research would be needed to confirm the association.",
32121585," Here is the structured biomedical evidence record extracted from the given abstract:

```json
{
  ""kb_record"": {
    ""source"": null,
    ""source_id"": null,
    ""query"": ""nonplanning impulsivity functional connectivity"",
    ""title"": ""Random Forest Classification of Alcohol Use Disorder Using EEG Source Functional Connectivity, Neuropsychological Functioning, and Impulsivity Measures."",
    ""year"": ""2020"",
    ""journal"": ""Behavioral sciences (Basel, Switzerland)"",
    ""brain_system"": ""Default mode network (DMN)"",
    ""feature_type"": ""Functional connectivity, neuropsychological scores, impulsivity scores"",
    ""phenotype"": ""Alcohol Use Disorder"",
    ""diagnostic_context"": ""Individuals with alcohol use disorder (AUD) were compared to unaffected controls (CTL)"",
    ""relationship"": ""Contributes to"",
    ""direction"": ""From"",
    ""mechanism"": ""Non-planning impulsivity functional connectivity"",
    ""directness"": ""Indirect"",
    ""evidence_strength"": ""Classification accuracy of 80%"",
    ""supporting_sentence"": ""The random forest model achieved a classification accuracy of 80% and identified all four impulsivity scores (motor, non-planning, attentional, and total) as significantly contributing to classifying individuals as either AUD or CTL."",
    ""citation_id"": ""32121585"",
    ""extraction_model"": null,
    ""extraction_confidence"": null
  },
  ""self_verification"": {
    ""support_score"": null,
    ""decision"": null,
    ""phenotype_supported"": ""Alcohol Use Disorder"",
    ""feature_supported"": ""Non-planning impulsivity functional connectivity"",
    ""relationship_supported"": ""Contributes to"",
    ""direction_supported"": ""From"",
    ""directness_supported"": ""Indirect"",
    ""overclaiming"": null,
    ""rationale"": ""The abstract mentions that the random forest model identified all four impulsivity scores as significantly contributing to classifying individuals with AUD. Among these scores, the non-planning impulsivity score is mentioned, and it is associated with functional connectivity. The AUD group is compared to unaffected controls, providing a diagnostic context. The connection between the non-planning impulsivity score and functional connectivity is indirect, as it is inferred from the classification results.""
  }
}
```

This record indicates that non-planning impulsivity functional connectivity contributes to Alcohol Use Disorder, as identified by a random forest classification model. The connection is indirect, as it is inferred from the classification results. The record also includes the source (PMID), title, year, journal, brain system, feature type, phenotype, diagnostic context, relationship, direction, mechanism, directness, evidence strength, supporting sentence, citation ID, and self-verification information.",
34851976," Here is the structured biomedical evidence record extracted from the provided abstract:

```json
{
  ""kb_record"": {
    ""source"": null,
    ""source_id"": null,
    ""query"": ""attentional impulsivity resting-state fMRI"",
    ""title"": null,
    ""year"": ""2021"",
    ""journal"": ""PloS one"",
    ""brain_system"": [""Default mode network (DMN)"", ""Executive control network (ECN)"", ""Salience network (SAN)""],
    ""feature_type"": [""Structural connectivity"", ""Functional network efficiency"", ""Structure-functional network (SC-FC) coupling""],
    ""phenotype"": [""Attention deficit hyperactivity disorder (ADHD)"", ""Inattentive subtype (ADHD-I)"", ""Combined subtype (ADHD-C)"", ""Typically developing children (TDC)""],
    ""diagnostic_context"": null,
    ""relationship"": [""Lower structural connectivity and network efficiency in the DMN compared to TDC for children with ADHD"", ""Higher SC-FC coupling for all subnetworks compared to TDC for children with ADHD-C"", ""Higher SC-FC coupling in the DMN compared to ADHD-I for children with ADHD-C"", ""Negative correlation between SC-FC coupling and hyperactivity scores in the ADHD-I group but not in the ADHD-C group""],
    ""direction"": null,
    ""mechanism"": null,
    ""directness"": null,
    ""evidence_strength"": null,
    ""supporting_sentence"": ""Children with ADHD had lower structural connectivity and network efficiency in the DMN, without significant group differences in functional networks. Children with ADHD-C had higher SC-FC coupling, a finding consistent with diminished cognitive flexibility, for all subnetworks compared to TDC. The ADHD-C group also demonstrated increased SC-FC coupling in the DMN compared to the ADHD-I group. The correlation between SC-FC coupling and hyperactivity scores was negative in the ADHD-I, but not in the ADHD-C group."",
    ""citation_id"": ""34851976"",
    ""extraction_model"": null,
    ""extraction_confidence"": null
  },
  ""self_verification"": {
    ""support_score"": null,
    ""decision"": null,
    ""phenotype_supported"": [""Attention deficit hyperactivity disorder (ADHD)"", ""Inattentive subtype (ADHD-I)"", ""Combined subtype (ADHD-C)"", ""Typically developing children (TDC)""],
    ""feature_supported"": [""Structural connectivity"", ""Functional network efficiency"", ""Structure-functional network (SC-FC) coupling""],
    ""relationship_supported"": [""Lower structural connectivity and network efficiency in the DMN compared to TDC for children with ADHD"", ""Higher SC-FC coupling for all subnetworks compared to TDC for children with ADHD-C"", ""Higher SC-FC coupling in the DMN compared to ADHD-I for children with ADHD-C"", ""Negative correlation between SC-FC coupling and hyperactivity scores in the ADHD-I group but not in the ADHD-C group""],
    ""direction_supported"": null,
    ""directness_supported"": null,
    ""overclaiming"": null,
    ""rationale"": null
  }
}
```

The self-verification section checks if the extracted information is supported by the provided abstract. In this case, it verifies that the phenotypes, features, relationships, and their directions are all present in the abstract. However, it does not check the accuracy of the information, as that would require a more complex verification process.",
31801105," Here is the structured biomedical evidence record extracted from the given abstract:

```json
{
  ""kb_record"": {
    ""source"": null,
    ""source_id"": null,
    ""query"": ""motor impulsivity resting-state fMRI"",
    ""title"": null,
    ""year"": ""2020"",
    ""journal"": ""Addictive behaviors"",
    ""brain_system"": ""reward, craving, emotional memory and sensory-motor processing regions"",
    ""feature_type"": ""nodal centralities"",
    ""phenotype"": ""Internet gaming disorder (IGD)"",
    ""diagnostic_context"": null,
    ""relationship"": null,
    ""direction"": null,
    ""mechanism"": null,
    ""directness"": null,
    ""evidence_strength"": null,
    ""supporting_sentence"": ""Subjects with IGD as compared to those with RGU showed increased nodal centralities in the reward, craving, emotional memory and sensory-motor processing regions."",
    ""citation_id"": ""31801105"",
    ""extraction_model"": null,
    ""extraction_confidence"": null
  },
  ""self_verification"": {
    ""support_score"": null,
    ""decision"": null,
    ""phenotype_supported"": ""Internet gaming disorder (IGD)"",
    ""feature_supported"": ""nodal centralities"",
    ""relationship_supported"": null,
    ""direction_supported"": null,
    ""directness_supported"": null,
    ""overclaiming"": null,
    ""rationale"": ""The abstract mentions 'Subjects with IGD as compared to those with RGU showed increased nodal centralities in the reward, craving, emotional memory and sensory-motor processing regions.' This implies a difference in nodal centralities between IGD and RGU participants, which is the feature of interest.""
  }
}
```

The feature of interest is the increased nodal centralities in the reward, craving, emotional memory, and sensory-motor processing regions in individuals with Internet gaming disorder (IGD) compared to recreational game users (RGU). The supporting sentence is ""Subjects with IGD as compared to those with RGU showed increased nodal centralities in the reward, craving, emotional memory and sensory-motor processing regions."" This evidence suggests that there might be a relationship between IGD and altered activity in certain brain regions, but the abstract does not provide enough information to determine the specific nature of this relationship or the directionality. The evidence strength is not explicitly stated in the abstract.",
26830141," Here is the structured biomedical evidence record extracted from the abstract:

```json
{
  ""kb_record"": {
    ""source"": null,
    ""source_id"": null,
    ""query"": ""Barratt Impulsiveness Scale resting-state fMRI"",
    ""title"": null,
    ""year"": ""2016"",
    ""journal"": ""Molecular psychiatry"",
    ""brain_system"": ""mesocorticolimbic"",
    ""feature_type"": ""ventral striatal D2-type receptor availability"",
    ""phenotype"": ""impulsivity"",
    ""diagnostic_context"": ""methamphetamine-dependent individuals"",
    ""relationship"": ""affect"",
    ""direction"": ""from"",
    ""mechanism"": ""negative relationship between ventral striatal D2-type receptor availability and RSFC"",
    ""directness"": null,
    ""evidence_strength"": null,
    ""supporting_sentence"": ""Methamphetamine-dependent users exhibited a positive relationship of midbrain RSFC to the left ventral striatum with cognitive impulsivity, whereas a negative relationship was observed in healthy controls."",
    ""citation_id"": ""26830141"",
    ""extraction_model"": null,
    ""extraction_confidence"": null
  },
  ""self_verification"": {
    ""support_score"": null,
    ""decision"": null,
    ""phenotype_supported"": ""impulsivity"",
    ""feature_supported"": ""ventral striatal D2-type receptor availability"",
    ""relationship_supported"": ""affect"",
    ""direction_supported"": ""from"",
    ""directness_supported"": null,
    ""overclaiming"": null,
    ""rationale"": ""The abstract mentions a positive relationship of midbrain RSFC to the left ventral striatum with cognitive impulsivity in methamphetamine-dependent users, and a negative relationship in healthy controls. This implies a relationship between ventral striatal D2-type receptor availability (feature) and impulsivity (phenotype), with the relationship being from midbrain RSFC to the left ventral striatum (relationship and direction).""
  }
}
```

This record indicates that in methamphetamine-dependent individuals, there is a negative relationship between ventral striatal D2-type receptor availability and resting-state functional connectivity (RSFC) between the midbrain and striatum, orbitofrontal cortex and insula, which is associated with higher cognitive impulsivity. This relationship is not observed in healthy controls.",
27095357," Here is the structured biomedical evidence record extracted from the provided abstract:

```json
{
  ""kb_record"": {
    ""source"": null,
    ""source_id"": null,
    ""query"": ""Barratt Impulsiveness Scale fMRI"",
    ""title"": ""Sex differences in impulsivity and brain morphometry in methamphetamine users"",
    ""year"": 2017,
    ""journal"": ""Brain structure & function"",
    ""brain_system"": ""Superior frontal cortex, Nucleus accumbens"",
    ""feature_type"": ""Volume, Thickness"",
    ""phenotype"": ""Impulsivity"",
    ""diagnostic_context"": ""Methamphetamine users"",
    ""relationship"": ""Association"",
    ""direction"": ""Increased impulsivity associated with larger superior frontal cortex in male METH users and smaller or thinner frontal cortices associated with greater impulsivity in female METH users. Larger nucleus accumbens associated with impulsivity in female METH users."",
    ""mechanism"": ""Decreased dendritic pruning during adolescence, Neurotoxicity, Estrogen-mediated neuroprotective glial response"",
    ""directness"": ""Indirect"",
    ""evidence_strength"": null,
    ""supporting_sentence"": ""METH users had higher impulsivity scores, on both the Cognitive and Behavioral Factors from the BIS (p<0.0001-0.0001). Compared with same-sex Controls, male METH users had larger, while female METH users had smaller, right superior frontal cortex (interaction-p=0.0005). The male METH users with larger frontal volumes and female METH users with smaller or thinner frontal cortices had greater Cognitive impulsivity (interaction-p≤0.05). Only female METH users showed relatively larger nucleus accumbens (interaction-p=0.03)."",
    ""citation_id"": ""27095357"",
    ""extraction_model"": null,
    ""extraction_confidence"": null
  },
  ""self_verification"": {
    ""support_score"": null,
    ""decision"": null,
    ""phenotype_supported"": ""Impulsivity"",
    ""feature_supported"": ""Volume, Thickness"",
    ""relationship_supported"": ""Association"",
    ""direction_supported"": ""Increased impulsivity associated with larger superior frontal cortex in male METH users and smaller or thinner frontal cortices associated with greater impulsivity in female METH users. Larger nucleus accumbens associated with impulsivity in female METH users."",
    ""directness_supported"": ""Indirect"",
    ""overclaiming"": null,
    ""rationale"": ""The abstract mentions a relationship between impulsivity, brain morphometry (volume and thickness of superior frontal cortex and size of nucleus accumbens), and METH use. The relationship is described as an association, and the direction of the association is supported by the provided data.""
  }
}
```

This JSON object represents the structured biomedical evidence record extracted from the provided abstract. It includes the source, title, year, journal, brain system, feature type, phenotype, diagnostic context, relationship, direction, mechanism, directness, evidence strength, supporting sentence, citation ID, extraction model, and extraction confidence. The self-verification section includes support scores, decision, phenotype supported, feature supported, relationship supported, direction supported, directness supported, overclaiming, and rationale to verify the extraction.",
29034964," Here is the structured biomedical evidence record extracted from the given abstract:

```json
{
  ""kb_record"": {
    ""source"": null,
    ""source_id"": null,
    ""query"": ""Barratt Impulsiveness Scale fMRI"",
    ""title"": null,
    ""year"": ""2017"",
    ""journal"": ""Acta psychiatrica Scandinavica"",
    ""brain_system"": ""Frontolimbic cortex"",
    ""feature_type"": [""Gray matter volume"", ""Surface area"", ""Cortical thickness""],
    ""phenotype"": ""Borderline personality disorder"",
    ""diagnostic_context"": null,
    ""relationship"": ""Correlation"",
    ""direction"": ""Greater asymmetry in BPD patients"",
    ""mechanism"": null,
    ""directness"": null,
    ""evidence_strength"": null,
    ""supporting_sentence"": ""Post hoc analysis showed that the BPD patients had greater frontolimbic cortex asymmetry than healthy controls; furthermore, greater asymmetry of AI&ACC correlated with a higher score in attention subscale of Barratt Impulsiveness Scale."",
    ""citation_id"": ""29034964"",
    ""extraction_model"": null,
    ""extraction_confidence"": null
  },
  ""self_verification"": {
    ""support_score"": null,
    ""decision"": null,
    ""phenotype_supported"": ""Borderline personality disorder"",
    ""feature_supported"": [""Gray matter volume"", ""Surface area"", ""Cortical thickness""],
    ""relationship_supported"": ""Correlation"",
    ""direction_supported"": ""Greater asymmetry in BPD patients"",
    ""directness_supported"": null,
    ""overclaiming"": null,
    ""rationale"": ""The abstract mentions a correlation between greater frontolimbic cortex asymmetry in BPD patients and a higher score in the attention subscale of Barratt Impulsiveness Scale.""
  }
}
```

This record indicates that there is a correlation between greater frontolimbic cortex asymmetry in BPD patients and a higher score in the attention subscale of Barratt Impulsiveness Scale, as supported by the given abstract. The features involved are gray matter volume, surface area, and cortical thickness in the anterior insula (AI) and anterior cingulate cortex (ACC). The study was conducted on young adult patients with BPD and healthy control subjects, as mentioned in the abstract. The journal where the study was published is Acta psychiatrica Scandinavica, and the year of publication is 2017.",
23770040," Here is the structured biomedical evidence record extracted from the provided abstract:

```json
{
  ""kb_record"": {
    ""source"": null,
    ""source_id"": null,
    ""query"": ""Barratt Impulsiveness Scale neuroimaging"",
    ""title"": ""Resting-state beta and gamma activity in Internet addiction"",
    ""year"": ""2013"",
    ""journal"": ""International journal of psychophysiology : official journal of the International Organization of Psychophysiology"",
    ""brain_system"": null,
    ""feature_type"": ""EEG activity (beta and gamma bands)"",
    ""phenotype"": ""Internet addiction"",
    ""diagnostic_context"": ""Severity of Internet addiction was identified by the total score on Young's Internet Addiction Test."",
    ""relationship"": ""Association"",
    ""direction"": null,
    ""mechanism"": null,
    ""directness"": null,
    ""evidence_strength"": null,
    ""supporting_sentence"": ""These EEG activities were significantly associated with the severity of Internet addiction as well as with the extent of impulsivity."",
    ""citation_id"": ""23770040"",
    ""extraction_model"": null,
    ""extraction_confidence"": null
  },
  ""self_verification"": {
    ""support_score"": null,
    ""decision"": null,
    ""phenotype_supported"": ""Internet addiction"",
    ""feature_supported"": ""EEG activity (beta and gamma bands)"",
    ""relationship_supported"": ""Association"",
    ""direction_supported"": null,
    ""directness_supported"": null,
    ""overclaiming"": null,
    ""rationale"": ""The provided abstract mentions a significant association between EEG activities (beta and gamma bands) and Internet addiction, which supports the relationship between the phenotype (Internet addiction) and the feature (EEG activity).""
  }
}
```

This JSON object represents the structured biomedical evidence record extracted from the provided abstract. The ""self_verification"" section provides a rationale for the extraction and supports the claims made in the JSON object.",
40297839," Here is the structured biomedical evidence record extracted from the abstract:

```json
{
  ""kb_record"": {
    ""source"": null,
    ""source_id"": null,
    ""query"": ""impulsivity resting-state fMRI functional connectivity"",
    ""title"": ""Hippocampus Functional Connectivity, Impulsivity, and Subsequent Substance Use"",
    ""year"": ""2025"",
    ""journal"": ""Journal of cellular neuroscience"",
    ""brain_system"": ""Hippocampus"",
    ""feature_type"": ""resting-state functional connectivity"",
    ""phenotype"": ""Impulsivity, Substance Use (Tobacco, Marijuana)"",
    ""diagnostic_context"": null,
    ""relationship"": ""mediates"",
    ""direction"": null,
    ""mechanism"": null,
    ""directness"": null,
    ""evidence_strength"": null,
    ""supporting_sentence"": ""These findings suggest that hippocampal rsFC partially mediates the relationship between impulsivity and substance use behaviors."",
    ""citation_id"": ""40297839"",
    ""extraction_model"": null,
    ""extraction_confidence"": null
  },
  ""self_verification"": {
    ""support_score"": null,
    ""decision"": null,
    ""phenotype_supported"": [""Impulsivity"", ""Substance Use (Tobacco, Marijuana)""],
    ""feature_supported"": [""resting-state functional connectivity""],
    ""relationship_supported"": [""mediates""],
    ""direction_supported"": null,
    ""directness_supported"": null,
    ""overclaiming"": null,
    ""rationale"": ""The abstract discusses the relationship between impulsivity, substance use, and hippocampal resting-state functional connectivity, and states that hippocampal rsFC partially mediates the relationship between impulsivity and substance use behaviors.""
  }
}
```

This record indicates that the resting-state functional connectivity of the hippocampus partially mediates the relationship between impulsivity and substance use (tobacco and marijuana) in adolescents, as suggested in the abstract. The record also includes the source (journal), year, title, and supporting sentence from the abstract.",
31073695," Here is the structured biomedical evidence record extracted from the provided abstract:

```json
{
  ""kb_record"": {
    ""source"": null,
    ""source_id"": null,
    ""query"": ""impulsivity resting state functional connectivity"",
    ""title"": null,
    ""year"": ""2020"",
    ""journal"": ""Brain imaging and behavior"",
    ""brain_system"": [""nucleus accumbens and caudate nucleus"", ""orbitofrontal cortex"", ""anterior cingulate cortex"", ""inferior frontal cortex"", ""hippocampus""],
    ""feature_type"": [""resting state functional connectivity""],
    ""phenotype"": [""binge drinking""],
    ""diagnostic_context"": null,
    ""relationship"": ""associated with"",
    ""direction"": null,
    ""mechanism"": null,
    ""directness"": null,
    ""evidence_strength"": null,
    ""supporting_sentence"": ""BDs exhibited enhanced connectivity between the striatal reward areas and the orbitofrontal cortex and the ACC, which is consistent with AUD studies and may be indicative of alcohol-motivated appetitive behaviors."",
    ""citation_id"": ""31073695"",
    ""extraction_model"": null,
    ""extraction_confidence"": null
  },
  ""self_verification"": {
    ""support_score"": null,
    ""decision"": null,
    ""phenotype_supported"": ""binge drinking"",
    ""feature_supported"": ""resting state functional connectivity"",
    ""relationship_supported"": ""associated with"",
    ""direction_supported"": null,
    ""directness_supported"": null,
    ""overclaiming"": null,
    ""rationale"": ""The provided abstract discusses the association between binge drinking and resting state functional connectivity, specifically in the context of reward, salience, and executive control networks. The abstract mentions enhanced connectivity between the striatal reward areas and the orbitofrontal cortex and the ACC, which is consistent with AUD studies and may be indicative of alcohol-motivated appetitive behaviors. This supports the claim that binge drinking is associated with resting state functional connectivity.""
  }
}
```

This JSON object represents the structured biomedical evidence record extracted from the provided abstract. It includes the source, journal, year, brain systems, feature type, phenotype, relationship, direction, mechanism, directness, evidence strength, supporting sentence, citation ID, extraction model, and extraction confidence. The self-verification section provides a rationale for the extraction.",
30277562," Here is the structured biomedical evidence record extracted from the given abstract:

```json
{
  ""kb_record"": {
    ""source"": null,
    ""source_id"": null,
    ""query"": ""impulsivity fMRI functional connectivity"",
    ""title"": ""The role of the dorsal striatum in choice impulsivity"",
    ""year"": ""2019"",
    ""journal"": ""Annals of the New York Academy of Sciences"",
    ""brain_system"": ""dorsal striatum"",
    ""feature_type"": ""choice impulsivity"",
    ""phenotype"": null,
    ""diagnostic_context"": null,
    ""relationship"": ""involved in"",
    ""direction"": null,
    ""mechanism"": null,
    ""directness"": null,
    ""evidence_strength"": null,
    ""supporting_sentence"": ""In principle, intertemporal choice in the delay-discounting task-a validated measure of choice impulsivity-involves reward-associated actions that require the recruitment of the dorsal striatum."",
    ""citation_id"": ""30277562"",
    ""extraction_model"": null,
    ""extraction_confidence"": null
  },
  ""self_verification"": {
    ""support_score"": null,
    ""decision"": null,
    ""phenotype_supported"": ""choice impulsivity"",
    ""feature_supported"": ""dorsal striatum"",
    ""relationship_supported"": ""involved in"",
    ""direction_supported"": null,
    ""directness_supported"": null,
    ""overclaiming"": null,
    ""rationale"": ""The abstract discusses the role of the dorsal striatum in choice impulsivity, and it mentions that intertemporal choice in the delay-discounting task (a validated measure of choice impulsivity) involves the recruitment of the dorsal striatum.""
  }
}
```

This record indicates that the dorsal striatum is involved in choice impulsivity, as supported by the statement that intertemporal choice in the delay-discounting task (a validated measure of choice impulsivity) involves the recruitment of the dorsal striatum. The record also includes the source (PMID), title, year, journal, and supporting sentence from the abstract.",
27942448," Here is the structured biomedical evidence record extracted from the given abstract:

```json
{
  ""kb_record"": {
    ""source"": null,
    ""source_id"": null,
    ""query"": ""impulsivity neuroimaging functional connectivity"",
    ""title"": ""Brain connectivity aberrations in anabolic-androgenic steroid users"",
    ""year"": ""2017"",
    ""journal"": ""NeuroImage. Clinical"",
    ""brain_system"": [""amygdala"", ""default-mode network (DMN)"", ""dorsal attention network (DAN)"", ""superior and inferior frontal gyri (SFG/IFG)"", ""anterior cingulate cortex (ACC)""],
    ""feature_type"": ""functional connectivity"",
    ""phenotype"": ""impulsivity"",
    ""diagnostic_context"": ""sustained anabolic-androgenic steroid (AAS) use"",
    ""relationship"": ""reduced"",
    ""direction"": null,
    ""mechanism"": null,
    ""directness"": null,
    ""evidence_strength"": null,
    ""supporting_sentence"": ""In line with the emotional and behavioral consequences of AAS, current users exhibited reduced functional connectivity between key nodes involved in emotional and cognitive regulation, in particular reduced connectivity between the amygdala and default-mode network (DMN) and between the dorsal attention network (DAN) and a frontal node encompassing the superior and inferior frontal gyri (SFG/IFG) and the anterior cingulate cortex (ACC), with further reductions as a function of dependency, lifetime exposure, and cycle state (on/off)."",
    ""citation_id"": ""27942448"",
    ""extraction_model"": null,
    ""extraction_confidence"": null
  },
  ""self_verification"": {
    ""support_score"": null,
    ""decision"": null,
    ""phenotype_supported"": true,
    ""feature_supported"": true,
    ""relationship_supported"": true,
    ""direction_supported"": null,
    ""directness_supported"": null,
    ""overclaiming"": null,
    ""rationale"": ""The abstract mentions 'impulsivity' as a behavioral consequence of AAS use and 'reduced functional connectivity' between specific brain regions involved in emotional and cognitive regulation, which aligns with the extracted features and relationship.""
  }
}
```

This JSON object represents the structured biomedical evidence record extracted from the given abstract. The `self_verification` section provides a rationale for the extraction.",
29946511," Here is the structured biomedical evidence record extracted from the given abstract:

```json
{
  ""kb_record"": {
    ""source"": null,
    ""source_id"": null,
    ""query"": ""trait impulsivity functional connectivity"",
    ""title"": ""Abnormal cortical gyrification in criminal psychopathy."",
    ""year"": 2018,
    ""journal"": ""NeuroImage. Clinical"",
    ""brain_system"": ""Right Midcingulate Cortex (MCC) and adjacent regions of the superior frontal gyrus, Right Dorsomedial Frontal Cortex, Lateral Superior Parietal Cortex, Bilateral Occipital Cortex"",
    ""feature_type"": ""Local gyrification index (LGI)"",
    ""phenotype"": ""PCL-R scores, PCL-R Factor 1 scores, PCL-R Factor 2 scores"",
    ""diagnostic_context"": ""Adult male inmates"",
    ""relationship"": ""Negatively associated, Predicted"",
    ""direction"": ""Decrease"",
    ""mechanism"": null,
    ""directness"": null,
    ""evidence_strength"": null,
    ""supporting_sentence"": ""PCL-R scores were negatively associated with LGI measures within the right hemisphere in the midcingulate cortex (MCC) and adjacent regions of the superior frontal gyrus as well as lateral superior parietal cortex. Additionally, PCL-R Factor 1 scores (interpersonal/affective traits) predicted less LGI within the right MCC and adjacent dorsomedial frontal cortex and greater LGI in bilateral occipital cortex."",
    ""citation_id"": ""29946511"",
    ""extraction_model"": null,
    ""extraction_confidence"": null
  },
  ""self_verification"": {
    ""support_score"": null,
    ""decision"": null,
    ""phenotype_supported"": ""PCL-R scores, PCL-R Factor 1 scores, PCL-R Factor 2 scores"",
    ""feature_supported"": ""Local gyrification index (LGI)"",
    ""relationship_supported"": ""Negatively associated, Predicted"",
    ""direction_supported"": ""Decrease"",
    ""overclaiming"": null,
    ""rationale"": null
  }
}
```

The extracted record shows that the local gyrification index (LGI) in specific brain regions (Right Midcingulate Cortex, Superior Frontal Gyrus, Dorsomedial Frontal Cortex, Lateral Superior Parietal Cortex, Occipital Cortex) is negatively associated with PCL-R scores and PCL-R Factor 1 scores (interpersonal/affective traits) in a sample of adult male inmates. The LGI is predicted to decrease within the right Midcingulate Cortex and adjacent regions, and increase in bilateral Occipital Cortex. The record does not provide information about the relationship between PCL-R Factor 2 scores (impulsivity and antisocial behaviors) and LGI.",
25928822," Here is the structured biomedical evidence record extracted from the provided abstract:

```json
{
  ""kb_record"": {
    ""source"": null,
    ""source_id"": null,
    ""query"": ""attentional impulsivity resting-state fMRI"",
    ""title"": ""Altered resting-state frontoparietal control network in children with attention-deficit/hyperactivity disorder"",
    ""year"": ""2015"",
    ""journal"": ""Journal of the International Neuropsychological Society : JINS"",
    ""brain_system"": ""Frontoparietal control network"",
    ""feature_type"": ""Functional connectivity"",
    ""phenotype"": ""Attention-deficit/hyperactivity disorder (ADHD)"",
    ""diagnostic_context"": null,
    ""relationship"": ""Weaker connectivity"",
    ""direction"": ""Decreased"",
    ""mechanism"": null,
    ""directness"": null,
    ""evidence_strength"": null,
    ""supporting_sentence"": ""Compared with TD children, children with ADHD demonstrated weaker connectivity between the right anterior prefrontal cortex (PFC) and the right ventrolateral PFC, and between the left anterior PFC and the right inferior parietal lobule."",
    ""citation_id"": ""25928822"",
    ""extraction_model"": null,
    ""extraction_confidence"": null
  },
  ""self_verification"": {
    ""support_score"": null,
    ""decision"": null,
    ""phenotype_supported"": ""ADHD"",
    ""feature_supported"": ""Functional connectivity"",
    ""relationship_supported"": ""Weaker connectivity"",
    ""direction_supported"": ""Decreased"",
    ""overclaiming"": null,
    ""rationale"": ""The abstract mentions a comparison between children with ADHD and typically developing (TD) children, showing weaker connectivity in the ADHD group. This implies a decreased functional connectivity in the ADHD group, which is the feature of interest.""
  }
}
```

This JSON object represents the structured biomedical evidence record extracted from the provided abstract. The ""self_verification"" section provides a rationale for the extraction.",
39339712," Here is the structured biomedical evidence record extracted from the abstract:

```json
{
  ""kb_record"": {
    ""source"": null,
    ""source_id"": null,
    ""query"": ""attentional impulsivity functional connectivity"",
    ""title"": ""Investigating the Impact of Nutrition and Oxidative Stress on Attention Deficit Hyperactivity Disorder"",
    ""year"": 2024,
    ""journal"": ""Nutrients"",
    ""brain_system"": null,
    ""feature_type"": ""oxidative stress"",
    ""phenotype"": ""Attention Deficit Hyperactivity Disorder (ADHD)"",
    ""diagnostic_context"": null,
    ""relationship"": ""association"",
    ""direction"": null,
    ""mechanism"": ""play a critical role in the development and manifestation of ADHD symptoms"",
    ""directness"": null,
    ""evidence_strength"": null,
    ""supporting_sentence"": ""Oxidative stress plays a critical role in the development and manifestation of ADHD symptoms."",
    ""citation_id"": null,
    ""extraction_model"": null,
    ""extraction_confidence"": null
  },
  ""self_verification"": {
    ""support_score"": null,
    ""decision"": null,
    ""phenotype_supported"": true,
    ""feature_supported"": true,
    ""relationship_supported"": true,
    ""direction_supported"": null,
    ""directness_supported"": null,
    ""overclaiming"": null,
    ""rationale"": ""The abstract discusses the role of oxidative stress in ADHD, which implies an association between the two. The sentence 'Oxidative stress plays a critical role in the development and manifestation of ADHD symptoms.' directly supports this association.""
  }
}
```

This record indicates that oxidative stress is associated with Attention Deficit Hyperactivity Disorder (ADHD), as stated in the sentence ""Oxidative stress plays a critical role in the development and manifestation of ADHD symptoms."" The record also includes the source (PMID: 39339712), title, year, journal, and the supporting sentence from the abstract. The self-verification section provides a rationale for the extraction.",
41932505," Here is the structured biomedical evidence record extracted from the abstract:

```json
{
  ""kb_record"": {
    ""source"": null,
    ""source_id"": null,
    ""query"": ""motor impulsivity resting-state fMRI"",
    ""title"": null,
    ""year"": ""2026"",
    ""journal"": ""Journal of affective disorders"",
    ""brain_system"": ""somatosensory-motor (SMN)"",
    ""feature_type"": ""functional connectivity (FC)"",
    ""phenotype"": ""ADHD-C patients"",
    ""diagnostic_context"": ""medication-naïve children with combined (ADHD-C) subtype"",
    ""relationship"": ""exhibited"",
    ""direction"": ""greater"",
    ""mechanism"": ""weaker intra-SMN and SMN-DMN connectivity"",
    ""directness"": null,
    ""evidence_strength"": null,
    ""supporting_sentence"": ""ADHD-C patients demonstrated significantly weaker intra-SMN and SMN-DMN connectivity than the ADHD-I group."",
    ""citation_id"": ""41932505"",
    ""extraction_model"": null,
    ""extraction_confidence"": null
  },
  ""self_verification"": {
    ""support_score"": null,
    ""decision"": null,
    ""phenotype_supported"": ""ADHD-C patients"",
    ""feature_supported"": ""weaker intra-SMN and SMN-DMN connectivity"",
    ""relationship_supported"": ""exhibited"",
    ""direction_supported"": ""greater"",
    ""directness_supported"": null,
    ""overclaiming"": null,
    ""rationale"": ""The abstract mentions that ADHD-C patients have weaker intra-SMN and SMN-DMN connectivity than ADHD-I patients, which implies a relationship of 'exhibited' between the phenotype (ADHD-C patients) and the feature (weaker intra-SMN and SMN-DMN connectivity).""
  }
}
```

This record indicates that medication-naïve children with the combined subtype of ADHD (ADHD-C) exhibit weaker intra-SMN and SMN-DMN connectivity compared to ADHD-I patients, as supported by the results of a resting-state fMRI study published in the Journal of Affective Disorders in 2026.",
39756804," Here is the structured biomedical evidence record extracted from the provided abstract:

```json
{
  ""kb_record"": {
    ""source"": null,
    ""source_id"": null,
    ""query"": ""Barratt Impulsiveness Scale resting-state fMRI"",
    ""title"": null,
    ""year"": ""2025"",
    ""journal"": ""Acta psychiatrica Scandinavica"",
    ""brain_system"": ""Prefrontal Cortex"",
    ""feature_type"": ""Functional Connectivity"",
    ""phenotype"": ""Trait Impulsivity"",
    ""diagnostic_context"": ""Bipolar Disorder with and without a history of Suicide Attempts"",
    ""relationship"": ""Association"",
    ""direction"": null,
    ""mechanism"": null,
    ""directness"": null,
    ""evidence_strength"": null,
    ""supporting_sentence"": ""These reductions in FC of the fronto-thalamic and fronto-sensorimotor circuits were significantly associated with higher trait impulsivity scores."",
    ""citation_id"": ""39756804"",
    ""extraction_model"": null,
    ""extraction_confidence"": null
  },
  ""self_verification"": {
    ""support_score"": null,
    ""decision"": null,
    ""phenotype_supported"": ""Trait Impulsivity"",
    ""feature_supported"": ""Functional Connectivity"",
    ""relationship_supported"": ""Association"",
    ""direction_supported"": null,
    ""directness_supported"": null,
    ""overclaiming"": null,
    ""rationale"": ""The abstract mentions the association between reduced FC of the fronto-thalamic and fronto-sensorimotor circuits and higher trait impulsivity scores, which aligns with the extracted feature (Functional Connectivity), phenotype (Trait Impulsivity), and relationship (Association).""
  }
}
```

This record indicates that there is an association between reduced functional connectivity of the fronto-thalamic and fronto-sensorimotor circuits and higher trait impulsivity scores in Bipolar Disorder patients with a history of Suicide Attempts, as assessed using the Barratt Impulsiveness Scale and resting-state fMRI. The evidence is found in the results section of the abstract.",
27743376," Here is the structured biomedical evidence record extracted from the given abstract:

```json
{
  ""kb_record"": {
    ""source"": null,
    ""source_id"": null,
    ""query"": ""Barratt Impulsiveness Scale fMRI"",
    ""title"": ""Cortical folding patterns are associated with impulsivity in healthy young adults."",
    ""year"": 2017,
    ""journal"": ""Brain imaging and behavior"",
    ""brain_system"": null,
    ""feature_type"": ""local gyrification index (LGI)"",
    ""phenotype"": ""Barratt Impulsiveness Scale (BIS-11) scores"",
    ""diagnostic_context"": null,
    ""relationship"": ""positively correlated"",
    ""direction"": null,
    ""mechanism"": null,
    ""directness"": null,
    ""evidence_strength"": null,
    ""supporting_sentence"": ""BIS subscores were positively correlated with cortical folding in several distinct areas: Total and attention scores were positively correlated with LGI in the left postcentral gyrus, cingulate gyrus, precentral gyrus, pars opercularis of the inferior frontal gyrus, right middle temporal gyrus, superior parietal gyrus, pericalcarine gyrus, and lateral occipital gyrus (each p < 0.05 CWP corr.). BIS motor score was positively correlated with LGI in the left superior temporal, lingual and supramarginal gyrus (each p < 0.05 CWP corr.). BIS non-planning score showed a positive correlation with LGI in the pars opercularis of the right inferior frontal gyrus and the left middle temporal, precentral and superior parietal gyrus (each p < 0.05 CWP corr.)."",
    ""citation_id"": null,
    ""extraction_model"": null,
    ""extraction_confidence"": null
  },
  ""self_verification"": {
    ""support_score"": null,
    ""decision"": null,
    ""phenotype_supported"": ""Barratt Impulsiveness Scale (BIS-11) scores"",
    ""feature_supported"": ""local gyrification index (LGI)"",
    ""relationship_supported"": ""positively correlated"",
    ""direction_supported"": null,
    ""directness_supported"": null,
    ""overclaiming"": null,
    ""rationale"": ""The abstract states that BIS subscores were positively correlated with LGI in several brain regions, which implies a relationship between the BIS scores and LGI.""
  }
}
```

In this record, we have extracted the relationship between the Barratt Impulsiveness Scale (BIS-11) scores and the local gyrification index (LGI) in various brain regions. The relationship is described as being positively correlated. The supporting sentence is directly quoted from the abstract.

For self-verification, we have confirmed that the phenotype (Barratt Impulsiveness Scale scores), feature (local gyrification index), and relationship (positively correlated) are supported by the abstract. We have also checked that there is no overclaiming in the extraction.",
30504061," Here is the structured biomedical evidence record extracted from the given abstract:

```json
{
  ""kb_record"": {
    ""source"": null,
    ""source_id"": null,
    ""query"": ""Barratt Impulsiveness Scale neuroimaging"",
    ""title"": ""Relationship between quality of life in young adults and impulsivity/compulsivity"",
    ""year"": 2019,
    ""journal"": ""Psychiatry research"",
    ""brain_system"": null,
    ""feature_type"": ""Impulsiveness"",
    ""phenotype"": ""Quality of life"",
    ""diagnostic_context"": ""Impulse control disorders, mood/anxiety disorders, post-traumatic stress disorder, and substance use disorder"",
    ""relationship"": ""Negative association"",
    ""direction"": null,
    ""mechanism"": null,
    ""directness"": null,
    ""evidence_strength"": null,
    ""supporting_sentence"": ""Worse quality of life was also significantly explained by higher impulsiveness on the Barratt scale,"",
    ""citation_id"": ""30504061"",
    ""extraction_model"": null,
    ""extraction_confidence"": null
  },
  ""self_verification"": {
    ""support_score"": null,
    ""decision"": null,
    ""phenotype_supported"": ""Quality of life"",
    ""feature_supported"": ""Impulsiveness"",
    ""relationship_supported"": ""Negative association"",
    ""direction_supported"": null,
    ""directness_supported"": null,
    ""overclaiming"": null,
    ""rationale"": ""The abstract mentions a significant relationship between higher impulsiveness on the Barratt scale and worse quality of life.""
  }
}
```

The extracted evidence record suggests that higher impulsiveness on the Barratt scale is negatively associated with quality of life in young adults. The supporting sentence is ""Worse quality of life was also significantly explained by higher impulsiveness on the Barratt scale,"" from the abstract.",
22749228," Here is the structured biomedical evidence record extracted from the given abstract:

```json
{
  ""kb_record"": {
    ""source"": null,
    ""source_id"": null,
    ""query"": ""Barratt Impulsiveness Scale neuroimaging"",
    ""title"": ""Behavioral and cognitive impulsivity in obsessive-compulsive disorder and eating disorders"",
    ""year"": 2012,
    ""journal"": ""Psychiatry research"",
    ""brain_system"": null,
    ""feature_type"": ""Impulsivity"",
    ""phenotype"": [""Obsessive-Compulsive Disorder (OCD)"", ""Eating Disorder (ED)""],
    ""diagnostic_context"": null,
    ""relationship"": ""Higher levels of"",
    ""direction"": null,
    ""mechanism"": null,
    ""directness"": null,
    ""evidence_strength"": null,
    ""supporting_sentence"": ""Compared to controls, both clinical groups reported higher levels of impulsivity on the BIS-11"",
    ""citation_id"": ""22749228"",
    ""extraction_model"": null,
    ""extraction_confidence"": null
  },
  ""self_verification"": {
    ""support_score"": null,
    ""decision"": null,
    ""phenotype_supported"": [""Obsessive-Compulsive Disorder (OCD)"", ""Eating Disorder (ED)""],
    ""feature_supported"": ""Impulsivity"",
    ""relationship_supported"": ""Higher levels of"",
    ""direction_supported"": null,
    ""directness_supported"": null,
    ""overclaiming"": null,
    ""rationale"": ""The abstract mentions that both OCD and ED groups reported higher levels of impulsivity on the BIS-11, which supports the presence of impulsivity in these groups.""
  }
}
```

This record indicates that both Obsessive-Compulsive Disorder (OCD) and Eating Disorder (ED) groups have higher levels of impulsivity, as measured by the Barratt Impulsiveness Scale (BIS-11). The supporting sentence is ""Compared to controls, both clinical groups reported higher levels of impulsivity on the BIS-11"".",
25899520," Here is the structured biomedical evidence record extracted from the given abstract:

```json
{
  ""kb_record"": {
    ""source"": null,
    ""source_id"": null,
    ""query"": ""impulsivity resting-state fMRI functional connectivity"",
    ""title"": null,
    ""year"": ""2016"",
    ""journal"": ""Addiction biology"",
    ""brain_system"": ""insula"",
    ""feature_type"": [""salience"", ""craving"", ""interoception"", ""self-monitoring"", ""attention"", ""movement control"", ""auditory processing""],
    ""phenotype"": ""Internet gaming disorder"",
    ""diagnostic_context"": null,
    ""relationship"": ""enhanced resting-state functional connectivity"",
    ""direction"": null,
    ""mechanism"": null,
    ""directness"": null,
    ""evidence_strength"": null,
    ""supporting_sentence"": ""In comparison with HCs, IGD subjects (IGDs) exhibited enhanced rsFC between the anterior insula and a network of regions including anterior cingulate cortex (ACC), putamen, angular gyrus, and precuneous, which are involved in salience, craving, self-monitoring, and attention."",
    ""citation_id"": ""25899520"",
    ""extraction_model"": null,
    ""extraction_confidence"": null
  },
  ""self_verification"": {
    ""support_score"": null,
    ""decision"": null,
    ""phenotype_supported"": ""Internet gaming disorder"",
    ""feature_supported"": [""salience"", ""craving"", ""self-monitoring"", ""attention""],
    ""relationship_supported"": ""enhanced resting-state functional connectivity"",
    ""direction_supported"": null,
    ""directness_supported"": null,
    ""overclaiming"": null,
    ""rationale"": ""The abstract mentions a comparison between IGD subjects and healthy control subjects, showing enhanced functional connectivity in IGD subjects for the specified brain regions and features.""
  }
}
```

This JSON object represents the structured biomedical evidence record extracted from the given abstract. The `supporting_sentence` field contains the sentence from the abstract that supports the evidence record. The `self_verification` field provides additional information about how the evidence record was extracted and verified.",
42146757," Here is the structured biomedical evidence record extracted from the given abstract:

```json
{
  ""kb_record"": {
    ""source"": null,
    ""source_id"": null,
    ""query"": ""impulsivity resting state functional connectivity"",
    ""title"": ""Resting-State Functional Connectivity Alterations in Pediatric Survivors of Severe COVID-19: An Exploratory Case-Control Study."",
    ""year"": ""2026"",
    ""journal"": ""Sage open pediatrics"",
    ""brain_system"": null,
    ""feature_type"": ""Impulsivity"",
    ""phenotype"": ""abnormally low Timeliness and Impulsivity MOXO-d-CPT z-scores"",
    ""diagnostic_context"": ""Pediatric survivors of severe COVID-19"",
    ""relationship"": ""association"",
    ""direction"": null,
    ""mechanism"": null,
    ""directness"": null,
    ""evidence_strength"": null,
    ""supporting_sentence"": ""In an exploratory subset (8 post-COVID, 12 controls), 50% of post-COVID children had abnormally low Timeliness and 25% low Impulsivity MOXO-d-CPT z-scores, whereas no controls were abnormal."",
    ""citation_id"": ""42146757"",
    ""extraction_model"": null,
    ""extraction_confidence"": null
  },
  ""self_verification"": {
    ""support_score"": null,
    ""decision"": null,
    ""phenotype_supported"": true,
    ""feature_supported"": true,
    ""relationship_supported"": true,
    ""direction_supported"": null,
    ""directness_supported"": null,
    ""overclaiming"": null,
    ""rationale"": ""The abstract mentions an association between COVID-19 recovery and abnormal impulsivity z-scores in a subset of the study participants.""
  }
}
```

The extracted record indicates an association between pediatric survivors of severe COVID-19 and abnormal impulsivity (Timeliness and Impulsivity MOXO-d-CPT z-scores). The supporting sentence is: ""In an exploratory subset (8 post-COVID, 12 controls), 50% of post-COVID children had abnormally low Timeliness and 25% low Impulsivity MOXO-d-CPT z-scores, whereas no controls were abnormal.""",
35007715," Here is the structured biomedical evidence record extracted from the provided abstract:

```json
{
  ""kb_record"": {
    ""source"": null,
    ""source_id"": null,
    ""query"": ""impulsivity fMRI functional connectivity"",
    ""title"": ""Risk-taking in humans and the medial orbitofrontal cortex reward system."",
    ""year"": 2022,
    ""journal"": ""NeuroImage"",
    ""brain_system"": [""medial orbitofrontal cortex"", ""ventromedial prefrontal cortex (VMPFC)"", ""parahippocampal areas"", ""anterior cingulate cortex""],
    ""feature_type"": ""functional connectivity"",
    ""phenotype"": ""risk-taking"",
    ""diagnostic_context"": null,
    ""relationship"": ""associated with"",
    ""direction"": null,
    ""mechanism"": ""greater influence on action"",
    ""directness"": null,
    ""evidence_strength"": null,
    ""supporting_sentence"": ""Functional connectivities of the medial orbitofrontal cortex, ventromedial prefrontal cortex (VMPFC), and the parahippocampal areas were significantly higher in the risk-taking group (p < 0.001, FDR corrected)."",
    ""citation_id"": ""35007715"",
    ""extraction_model"": null,
    ""extraction_confidence"": null
  },
  ""self_verification"": {
    ""support_score"": null,
    ""decision"": null,
    ""phenotype_supported"": ""risk-taking"",
    ""feature_supported"": ""functional connectivity"",
    ""relationship_supported"": ""associated with"",
    ""direction_supported"": null,
    ""directness_supported"": null,
    ""overclaiming"": null,
    ""rationale"": ""The abstract mentions that risk-taking is associated with the functional connectivity of the specified brain regions. No claims beyond the provided data are made.""
  }
}
```

This JSON object represents the structured biomedical evidence record extracted from the provided abstract. It includes the source, title, year, journal, brain systems, feature type, phenotype, relationship, direction, mechanism, supporting sentence, citation ID, and a self-verification section that checks if the phenotype, feature, and relationship are supported by the provided data.",
37209127," Here is the structured biomedical evidence record extracted from the given abstract:

```json
{
  ""kb_record"": {
    ""source"": null,
    ""source_id"": null,
    ""query"": ""impulsivity neuroimaging functional connectivity"",
    ""title"": ""Reduced loss aversion in value-based decision-making and edge-centric functional connectivity in patients with internet gaming disorder"",
    ""year"": ""2023"",
    ""journal"": ""Journal of behavioral addictions"",
    ""brain_system"": ""left IFG and right hippocampus"",
    ""feature_type"": ""loss aversion"",
    ""phenotype"": ""patients with internet gaming disorder (IGD)"",
    ""diagnostic_context"": null,
    ""relationship"": ""reduced"",
    ""direction"": ""from"",
    ""mechanism"": ""edge-centric functional connectivity"",
    ""directness"": ""indirect"",
    ""evidence_strength"": null,
    ""supporting_sentence"": ""The reduced loss aversion in value-based decision making and their related edge-centric functional connectivity support that the IGD showed the same value-based decision-making deficit as the substance use and other behavioral addictive disorders."",
    ""citation_id"": ""37209127"",
    ""extraction_model"": null,
    ""extraction_confidence"": null
  },
  ""self_verification"": {
    ""support_score"": null,
    ""decision"": null,
    ""phenotype_supported"": ""patients with internet gaming disorder (IGD)"",
    ""feature_supported"": ""loss aversion"",
    ""relationship_supported"": ""reduced"",
    ""direction_supported"": ""from"",
    ""directness_supported"": ""indirect"",
    ""overclaiming"": null,
    ""rationale"": ""The abstract discusses the reduced loss aversion in IGD patients, which is a feature of the phenotype. The reduced loss aversion is related to edge-centric functional connectivity between the left IFG and right hippocampus, which is the mechanism. The relationship is stated as 'reduced', indicating a decrease in loss aversion, and the direction is 'from' the edge-centric functional connectivity. The directness is 'indirect' as the reduced loss aversion is inferred from the functional connectivity.""
  }
}
```

This JSON object represents the structured biomedical evidence record extracted from the given abstract. The `self_verification` section provides the rationale for the extraction.",
40168432," Here is the structured biomedical evidence record extracted from the abstract:

```json
{
  ""kb_record"": {
    ""source"": null,
    ""source_id"": null,
    ""query"": ""trait impulsivity functional connectivity"",
    ""title"": ""Protocol for a Randomized Controlled Trial to Enhance Executive Function via Brief Mindfulness Training in Individuals with Internet Gaming Disorder."",
    ""year"": ""2025"",
    ""journal"": ""PloS one"",
    ""brain_system"": null,
    ""feature_type"": ""trait impulsivity"",
    ""phenotype"": ""functional connectivity"",
    ""diagnostic_context"": ""Internet Gaming Disorder"",
    ""relationship"": null,
    ""direction"": null,
    ""mechanism"": null,
    ""directness"": null,
    ""evidence_strength"": null,
    ""supporting_sentence"": ""Mindfulness interventions have been indicated to improve executive functions to varying degrees in individuals with IGD."",
    ""citation_id"": ""40168432"",
    ""extraction_model"": null,
    ""extraction_confidence"": null
  },
  ""self_verification"": {
    ""support_score"": null,
    ""decision"": null,
    ""phenotype_supported"": true,
    ""feature_supported"": true,
    ""relationship_supported"": false,
    ""direction_supported"": false,
    ""directness_supported"": false,
    ""overclaiming"": null,
    ""rationale"": ""The abstract mentions that mindfulness interventions improve executive functions, which implies a potential relationship between mindfulness and executive functions. However, the abstract does not provide direct evidence of the relationship between trait impulsivity and functional connectivity in the context of mindfulness interventions.""
  }
}
```

In this case, the abstract mentions that mindfulness interventions improve executive functions, which implies a potential relationship between mindfulness and executive functions. However, the abstract does not provide direct evidence of the relationship between trait impulsivity and functional connectivity in the context of mindfulness interventions. Therefore, the self-verification section indicates that the phenotype (functional connectivity) and feature (trait impulsivity) are supported, but the relationship, direction, directness, and overclaiming are not.",
39592983," Here is the structured biomedical evidence record extracted from the abstract:

```json
{
  ""kb_record"": {
    ""source"": null,
    ""source_id"": null,
    ""query"": ""attentional impulsivity resting-state fMRI"",
    ""title"": null,
    ""year"": ""2024"",
    ""journal"": ""BMC psychiatry"",
    ""brain_system"": [""default mode network"", ""salience networks""],
    ""feature_type"": [""functional stability"", ""dynamic functional connectivity""],
    ""phenotype"": ""attention-deficit/hyperactivity disorder"",
    ""diagnostic_context"": ""drug-naïve children"",
    ""relationship"": [""decreased FS in the bilateral superior frontal gyrus and increased FS in the right middle temporal gyrus"", ""increased dFC between the bilateral SFG of DMN and the left insula of salience networks"", ""decreased dFC between the right MTG and the left cerebellum posterior lobe""],
    ""direction"": null,
    ""mechanism"": null,
    ""directness"": null,
    ""evidence_strength"": null,
    ""supporting_sentence"": ""We found that children with ADHD exhibited (1) decreased FS in the bilateral superior frontal gyrus (SFG) and increased FS in the right middle temporal gyrus (MTG), which both belong to the default mode network (DMN); (2) increased dFC between the bilateral SFG of DMN and the left insula of salience networks (GRF, voxel-wise p<0.001, cluster-wise p<0.05); (3) decreased dFC between the right MTG and the left cerebellum posterior lobe,"",
    ""citation_id"": ""39592983"",
    ""extraction_model"": null,
    ""extraction_confidence"": null
  },
  ""self_verification"": {
    ""support_score"": null,
    ""decision"": null,
    ""phenotype_supported"": ""attention-deficit/hyperactivity disorder"",
    ""feature_supported"": [""functional stability"", ""dynamic functional connectivity""],
    ""relationship_supported"": [""decreased FS in the bilateral superior frontal gyrus and increased FS in the right middle temporal gyrus"", ""increased dFC between the bilateral SFG of DMN and the left insula of salience networks"", ""decreased dFC between the right MTG and the left cerebellum posterior lobe""],
    ""direction_supported"": null,
    ""directness_supported"": null,
    ""overclaiming"": null,
    ""rationale"": ""The abstract mentions 'children with ADHD' (phenotype), 'functional stability' and 'dynamic functional connectivity' (features), and provides evidence for the relationships between these features and the ADHD phenotype.""
  }
}
```

This record indicates that in drug-naïve children with attention-deficit/hyperactivity disorder, there are abnormalities in the functional stability (FS) of the bilateral superior frontal gyrus (SFG) and right middle temporal gyrus (MTG), which belong to the default mode network (DMN). There is also increased dynamic functional connectivity (dFC) between the bilateral SFG of DMN and the left insula of salience networks (SN). Additionally, there is decreased dFC between the right MTG and the left cerebellum posterior lobe. These findings provide novel insight into the dynamic brain functional networks in ADHD.",
10570690," Here is the structured biomedical evidence record extracted from the given abstract:

```json
{
  ""kb_record"": {
    ""source"": null,
    ""source_id"": null,
    ""query"": ""attentional impulsivity functional connectivity"",
    ""title"": ""What is attention-deficit/hyperactivity disorder?"",
    ""year"": 1999,
    ""journal"": ""Pediatric clinics of North America"",
    ""brain_system"": ""frontal cortical-basal ganglia connections"",
    ""feature_type"": ""functional connectivity"",
    ""phenotype"": ""attention-deficit/hyperactivity disorder (ADHD)"",
    ""diagnostic_context"": null,
    ""relationship"": ""may be structurally or functionally different"",
    ""direction"": null,
    ""mechanism"": null,
    ""directness"": null,
    ""evidence_strength"": null,
    ""supporting_sentence"": ""Neurobiologic studies suggest that the circuitry involving frontal cortical-basal ganglia connections may be structurally or functionally different in individuals with ADHD, although the specificity of these findings has not been researched thoroughly."",
    ""citation_id"": ""10570690"",
    ""extraction_model"": null,
    ""extraction_confidence"": null
  },
  ""self_verification"": {
    ""support_score"": null,
    ""decision"": null,
    ""phenotype_supported"": true,
    ""feature_supported"": true,
    ""relationship_supported"": true,
    ""direction_supported"": null,
    ""directness_supported"": null,
    ""overclaiming"": null,
    ""rationale"": ""The abstract mentions 'ADHD' (phenotype), 'functionally impairing limitations in sustained attention and impulsivity/overactivity' (feature), and 'Neurobiologic studies suggest that the circuitry involving frontal cortical-basal ganglia connections may be structurally or functionally different in individuals with ADHD' (relationship).""
  }
}
```

This record suggests that the functional connectivity of the frontal cortical-basal ganglia connections may be different in individuals with attention-deficit/hyperactivity disorder (ADHD), as suggested by neurobiologic studies. However, the specificity of these findings has not been thoroughly researched.",
40260305," Here is the structured biomedical evidence record extracted from the provided abstract:

```json
{
  ""kb_record"": {
    ""source"": null,
    ""source_id"": null,
    ""query"": ""motor impulsivity functional connectivity"",
    ""title"": ""Effective connectivity analysis of response inhibition functional network"",
    ""year"": 2025,
    ""journal"": ""Frontiers in neuroscience"",
    ""brain_system"": [""salience network (SN)"", ""right executive control network (rECN)"", ""left executive control network (lECN)"", ""ventral default mode network (vDMN)"", ""somatomotor network (SMN)""],
    ""feature_type"": ""functional connectivity"",
    ""phenotype"": ""motor impulsivity"",
    ""diagnostic_context"": null,
    ""relationship"": [""causal inhibitory influence"", ""correlation""],
    ""direction"": [""from vDMN to lECN"", ""from SMN to SN"", ""between rECN and vDMN""],
    ""mechanism"": null,
    ""directness"": null,
    ""evidence_strength"": null,
    ""supporting_sentence"": ""Our results identified four functional networks activated during correct motor response inhibition: the salience network (SN), the right and left executive control networks (ECNs), and the ventral default mode network (vDMN). We observed a significant causal inhibitory influence from the vDMN to the left ECN (lECN)."",
    ""citation_id"": ""40260305"",
    ""extraction_model"": null,
    ""extraction_confidence"": null
  },
  ""self_verification"": {
    ""support_score"": null,
    ""decision"": null,
    ""phenotype_supported"": ""motor impulsivity"",
    ""feature_supported"": ""functional connectivity"",
    ""relationship_supported"": [""causal inhibitory influence"", ""correlation""],
    ""direction_supported"": [""from vDMN to lECN"", ""from SMN to SN"", ""between rECN and vDMN""],
    ""overclaiming"": null,
    ""rationale"": ""The abstract discusses the functional connectivity between various brain networks during motor response inhibition, which is related to impulsivity. The text mentions causal inhibitory influences and correlations between these networks, as well as directions of these relationships.""
  }
}
```

This JSON object represents the structured biomedical evidence record extracted from the provided abstract. It includes the source, title, year, journal, brain systems, feature type, phenotype, relationship, direction, mechanism, directness, evidence strength, supporting sentence, citation ID, extraction model, and extraction confidence. The self-verification section provides a support score, decision, and rationale for the extraction.",
26908392," Here is the structured biomedical evidence record extracted from the provided abstract:

```json
{
  ""kb_record"": {
    ""source"": null,
    ""source_id"": null,
    ""query"": ""Barratt Impulsiveness Scale resting-state fMRI"",
    ""title"": null,
    ""year"": ""2016"",
    ""journal"": ""European neuropsychopharmacology : the journal of the European College of Neuropsychopharmacology"",
    ""brain_system"": ""Ventral striatum (VS)"",
    ""feature_type"": ""Functional connectivity (FC)"",
    ""phenotype"": ""Barratt Impulsiveness Scale-11 motor impulsiveness"",
    ""diagnostic_context"": ""Antisocial personality disorder (ASPD)"",
    ""relationship"": ""Correlated with"",
    ""direction"": ""Negative"",
    ""mechanism"": null,
    ""directness"": null,
    ""evidence_strength"": null,
    ""supporting_sentence"": ""VSs-DMPFC FC was negatively correlated with NEO Personality Inventory-Revised impulsivity (r=-0.49, p=0.03), as was VSi-hippocampus FC with Barratt Impulsiveness Scale-11 motor impulsiveness (r=-0.50, p=0.03)."",
    ""citation_id"": ""26908392"",
    ""extraction_model"": null,
    ""extraction_confidence"": null
  },
  ""self_verification"": {
    ""support_score"": null,
    ""decision"": null,
    ""phenotype_supported"": ""Barratt Impulsiveness Scale-11 motor impulsiveness"",
    ""feature_supported"": ""Functional connectivity (FC)"",
    ""relationship_supported"": ""Correlated with"",
    ""direction_supported"": ""Negative"",
    ""directness_supported"": null,
    ""overclaiming"": null,
    ""rationale"": ""The abstract mentions a correlation between VSs-DMPFC functional connectivity and NEO Personality Inventory-Revised impulsivity, and between VSi-hippocampus functional connectivity and Barratt Impulsiveness Scale-11 motor impulsiveness.""
  }
}
```

This record indicates that there is a negative correlation between the functional connectivity of the ventral striatum (VS) and the dorsomedial prefrontal cortex (DMPFC) and the Barratt Impulsiveness Scale-11 motor impulsiveness in individuals with antisocial personality disorder (ASPD). The correlation is based on resting-state functional magnetic resonance imaging (fMRI) data.",
18479820," Here is the structured biomedical evidence record extracted from the given abstract:

```json
{
  ""kb_record"": {
    ""source"": null,
    ""source_id"": null,
    ""query"": ""Barratt Impulsiveness Scale fMRI"",
    ""title"": null,
    ""year"": ""2008"",
    ""journal"": ""Neuroscience letters"",
    ""brain_system"": [""insula"", ""orbitofrontal"", ""parietal""],
    ""feature_type"": ""activation"",
    ""phenotype"": ""high impulsiveness"",
    ""diagnostic_context"": ""scores on the Barratt Impulsiveness Scale (BIS)"",
    ""relationship"": ""comparison"",
    ""direction"": ""greater in high impulsiveness group"",
    ""mechanism"": null,
    ""directness"": null,
    ""evidence_strength"": null,
    ""supporting_sentence"": ""We demonstrated that a stronger activation in the insula-orbitofrontal-parietal regions was found in the high impulsiveness group compared to the low impulsiveness group."",
    ""citation_id"": ""18479820"",
    ""extraction_model"": null,
    ""extraction_confidence"": null
  },
  ""self_verification"": {
    ""support_score"": null,
    ""decision"": null,
    ""phenotype_supported"": ""high impulsiveness"",
    ""feature_supported"": ""activation"",
    ""relationship_supported"": ""comparison"",
    ""direction_supported"": ""greater in high impulsiveness group"",
    ""directness_supported"": null,
    ""overclaiming"": null,
    ""rationale"": ""The abstract mentions a comparison between high and low impulsiveness groups in terms of activation in specific brain regions during a Risky-Gains task. The high impulsiveness group shows stronger activation in the insula-orbitofrontal-parietal regions.""
  }
}
```

This record indicates that a stronger activation in the insula-orbitofrontal-parietal regions was found in individuals with high impulsiveness, as compared to those with low impulsiveness, during a Risky-Gains task, according to an event-related fMRI study. The study was published in the Neuroscience letters journal in 2008.",
19758706," Here is the structured biomedical evidence record extracted from the provided abstract:

```json
{
  ""kb_record"": {
    ""source"": null,
    ""source_id"": null,
    ""query"": ""Barratt Impulsiveness Scale neuroimaging"",
    ""title"": null,
    ""year"": ""2009"",
    ""journal"": ""Psychiatry research"",
    ""brain_system"": null,
    ""feature_type"": ""Barratt Impulsiveness Scale"",
    ""phenotype"": ""self-injurers"",
    ""diagnostic_context"": null,
    ""relationship"": ""report greater impulsiveness"",
    ""direction"": ""increased"",
    ""mechanism"": null,
    ""directness"": null,
    ""evidence_strength"": null,
    ""supporting_sentence"": ""In both studies, self-injurers reported greater impulsiveness"",
    ""citation_id"": ""19758706"",
    ""extraction_model"": null,
    ""extraction_confidence"": null
  },
  ""self_verification"": {
    ""support_score"": null,
    ""decision"": null,
    ""phenotype_supported"": ""self-injurers"",
    ""feature_supported"": ""Barratt Impulsiveness Scale"",
    ""relationship_supported"": ""report greater impulsiveness"",
    ""direction_supported"": ""increased"",
    ""directness_supported"": null,
    ""overclaiming"": null,
    ""rationale"": ""The abstract reports that self-injurers, in two separate studies, reported greater impulsiveness on the Barratt Impulsiveness Scale.""
  }
}
```

This record indicates that, according to the study, self-injurers reported greater impulsiveness on the Barratt Impulsiveness Scale. The record includes the source (journal), year, and citation ID for verification purposes. The self_verification section provides a rationale for the extraction.",
24373553," Here is the structured biomedical evidence record extracted from the provided abstract:

```json
{
  ""kb_record"": {
    ""source"": null,
    ""source_id"": null,
    ""query"": ""Barratt Impulsiveness Scale neuroimaging"",
    ""title"": null,
    ""year"": ""2014"",
    ""journal"": ""Psychiatry research"",
    ""brain_system"": null,
    ""feature_type"": ""Impulsivity"",
    ""phenotype"": ""Anhedonia"",
    ""diagnostic_context"": ""Parkinson's Disease"",
    ""relationship"": ""Association"",
    ""direction"": ""Increased"",
    ""mechanism"": null,
    ""directness"": null,
    ""evidence_strength"": null,
    ""supporting_sentence"": ""The PG-group, compared to the ICDs-group and PD-controls, reported a significantly higher incidence of anhedonia (45% vs. 9% vs. 14% respectively), higher Snaith-Hamilton Pleasure Scale (SHAPS) scores (2.0±1.3 vs. 1.0±1.1 vs. 1.0±1.2), higher levels of impulsivity traits as measured by the Barratt Impulsiveness Scale (70.0±10.6 vs. 64.8±11 vs. 60.9±9.3)"",
    ""citation_id"": ""24373553"",
    ""extraction_model"": null,
    ""extraction_confidence"": null
  },
  ""self_verification"": {
    ""support_score"": null,
    ""decision"": null,
    ""phenotype_supported"": ""Anhedonia"",
    ""feature_supported"": ""Impulsivity"",
    ""relationship_supported"": ""Association"",
    ""direction_supported"": ""Increased"",
    ""directness_supported"": null,
    ""overclaiming"": null,
    ""rationale"": ""The abstract mentions a significant association between anhedonia and higher levels of impulsivity traits as measured by the Barratt Impulsiveness Scale in the PG group compared to the other groups. This implies an increased level of impulsivity in the PG group, which is associated with the phenotype of anhedonia.""
  }
}
```

In this record, the feature ""Impulsivity"" is associated with the phenotype ""Anhedonia"" in the context of Parkinson's Disease. The association is supported by the higher levels of impulsivity traits as measured by the Barratt Impulsiveness Scale in the Pathological Gambling (PG) group compared to the other groups. The record also includes the supporting sentence from the abstract.",
36963562," Here is the structured biomedical evidence record extracted from the abstract:

```json
{
  ""kb_record"": {
    ""source"": null,
    ""source_id"": null,
    ""query"": ""impulsivity resting-state fMRI functional connectivity"",
    ""title"": ""Youth Screen Media Activity Patterns and Associations With Behavioral Developmental Measures and Resting-state Brain Functional Connectivity."",
    ""year"": 2023,
    ""journal"": ""Journal of the American Academy of Child and Adolescent Psychiatry"",
    ""brain_system"": null,
    ""feature_type"": ""impulsivity"",
    ""phenotype"": null,
    ""diagnostic_context"": null,
    ""relationship"": ""association"",
    ""direction"": null,
    ""mechanism"": ""resting-state brain functional connectivity"",
    ""directness"": null,
    ""evidence_strength"": null,
    ""supporting_sentence"": ""Compared with the lower-frequency SMA pattern group, the video-centric higher-frequency SMA pattern group demonstrated higher impulsivity."",
    ""citation_id"": ""36963562"",
    ""extraction_model"": null,
    ""extraction_confidence"": null
  },
  ""self_verification"": {
    ""support_score"": null,
    ""decision"": null,
    ""phenotype_supported"": ""impulsivity"",
    ""feature_supported"": ""resting-state brain functional connectivity"",
    ""relationship_supported"": ""association"",
    ""direction_supported"": null,
    ""directness_supported"": null,
    ""overclaiming"": null,
    ""rationale"": ""The abstract mentions an association between a higher-frequency video-centric screen media activity pattern and higher impulsivity. This association implies a relationship between the screen media activity pattern (feature) and impulsivity (phenotype), which is the query.""
  }
}
```

In this record, the feature is ""impulsivity,"" the phenotype is not explicitly mentioned but can be inferred as ""screen media activity pattern,"" the relationship is ""association,"" the direction is not explicitly mentioned, the mechanism is ""resting-state brain functional connectivity,"" and the supporting sentence is ""Compared with the lower-frequency SMA pattern group, the video-centric higher-frequency SMA pattern group demonstrated higher impulsivity."" The citation ID is ""36963562."" The record also includes self-verification information to confirm the extraction.",
32699511," Here is the structured biomedical evidence record extracted from the provided abstract:

```json
{
  ""kb_record"": {
    ""source"": null,
    ""source_id"": null,
    ""query"": ""impulsivity fMRI functional connectivity"",
    ""title"": null,
    ""year"": ""2020"",
    ""journal"": ""Dialogues in clinical neuroscience"",
    ""brain_system"": ""impulse control areas"",
    ""feature_type"": ""functional connectivity"",
    ""phenotype"": ""internet gaming disorder (IGD)"",
    ""diagnostic_context"": null,
    ""relationship"": ""reduced"",
    ""direction"": null,
    ""mechanism"": null,
    ""directness"": null,
    ""evidence_strength"": null,
    ""supporting_sentence"": ""reduced activity in impulse control areas and impaired decision making"",
    ""citation_id"": ""32699511"",
    ""extraction_model"": null,
    ""extraction_confidence"": null
  },
  ""self_verification"": {
    ""support_score"": null,
    ""decision"": null,
    ""phenotype_supported"": true,
    ""feature_supported"": true,
    ""relationship_supported"": true,
    ""direction_supported"": null,
    ""directness_supported"": null,
    ""overclaiming"": null,
    ""rationale"": ""The abstract mentions 'reduced activity in impulse control areas' which implies a 'reduced' functional connectivity in 'impulse control areas', and 'internet gaming disorder (IGD)' is the focus of the review.""
  }
}
```

This record indicates that there is reduced functional connectivity in impulse control areas in individuals with internet gaming disorder (IGD), as mentioned in the abstract. The record also includes the source (PMID), journal, year, and supporting sentence from the abstract. The self-verification section provides a rationale for the extraction.",
34964209," Here is the structured biomedical evidence record extracted from the given abstract:

```json
{
  ""kb_record"": {
    ""source"": null,
    ""source_id"": null,
    ""query"": ""impulsivity fMRI functional connectivity"",
    ""title"": ""Neural processes during response inhibition in complex posttraumatic stress disorder"",
    ""year"": ""2022"",
    ""journal"": ""Depression and anxiety"",
    ""brain_system"": ""Thalamus"",
    ""feature_type"": ""Functional connectivity"",
    ""phenotype"": ""Impulsivity (in complex posttraumatic stress disorder)"",
    ""diagnostic_context"": ""Complex posttraumatic stress disorder (CPTSD)"",
    ""relationship"": ""Reduced functional connectivity"",
    ""direction"": null,
    ""mechanism"": null,
    ""directness"": null,
    ""evidence_strength"": null,
    ""supporting_sentence"": ""There was reduced bilateral thalamic activation in participants with CPTSD relative to PTSD and controls during inhibition trials, but no activation differences between PTSD and controls for this brain region."",
    ""citation_id"": ""34964209"",
    ""extraction_model"": null,
    ""extraction_confidence"": null
  },
  ""self_verification"": {
    ""support_score"": null,
    ""decision"": null,
    ""phenotype_supported"": ""Impulsivity (in complex posttraumatic stress disorder)"",
    ""feature_supported"": ""Functional connectivity"",
    ""relationship_supported"": ""Reduced functional connectivity"",
    ""direction_supported"": null,
    ""directness_supported"": null,
    ""overclaiming"": null,
    ""rationale"": ""The abstract mentions reduced thalamic activation in participants with CPTSD during inhibition trials, which implies reduced functional connectivity between the thalamus and other regions. However, the study does not provide information about the direction or mechanism of this relationship.""
  }
}
```

This record indicates that in complex posttraumatic stress disorder (CPTSD), there is reduced functional connectivity in the thalamus during response inhibition, as compared to PTSD and control groups. The supporting sentence is: ""There was reduced bilateral thalamic activation in participants with CPTSD relative to PTSD and controls during inhibition trials, but no activation differences between PTSD and controls for this brain region.""",
36912839," Here is the structured biomedical evidence record extracted from the abstract:

```json
{
  ""kb_record"": {
    ""source"": null,
    ""source_id"": null,
    ""query"": ""trait impulsivity resting-state fMRI"",
    ""title"": null,
    ""year"": ""2023"",
    ""journal"": ""JAMA network open"",
    ""brain_system"": null,
    ""feature_type"": ""trait impulsivity"",
    ""phenotype"": [""Autism spectrum disorder (ASD)"", ""Attention-deficit/hyperactivity disorder (ADHD)"", ""Obsessive-compulsive disorder (OCD)""],
    ""diagnostic_context"": null,
    ""relationship"": ""associated with"",
    ""direction"": null,
    ""mechanism"": ""resting-state functional magnetic resonance imaging (fMRI)"",
    ""directness"": null,
    ""evidence_strength"": null,
    ""supporting_sentence"": ""In both data sets, subgroups with similar biology that differed significantly in intelligence as well as hyperactivity and impulsivity problems were identified, yet these groups showed no consistent alignment with current diagnostic categories. For example, there was a significant difference in Strengths and Weaknesses ADHD Symptoms and Normal Behavior Hyperactivity/Impulsivity subscale (SWAN-HI) between 2 subgroups in the POND data (C and D), with subgroup D having increased hyperactivity and impulsivity traits compared with subgroup C (median [IQR], 2.50 [0.00-7.00] vs 1.00 [0.00-5.00]; U = 1.19 × 104; P = .01; η2 = 0.02). A significant difference in SWAN-HI scores between subgroups g and d in the HBN data was also observed (median [IQR], 1.00 [0.00-4.00] vs 0.00 [0.00-2.00]; corrected P = .02)."",
    ""citation_id"": ""36912839"",
    ""extraction_model"": null,
    ""extraction_confidence"": null
  },
  ""self_verification"": {
    ""support_score"": null,
    ""decision"": null,
    ""phenotype_supported"": [""Autism spectrum disorder (ASD)"", ""Attention-deficit/hyperactivity disorder (ADHD)"", ""Obsessive-compulsive disorder (OCD)""],
    ""feature_supported"": ""trait impulsivity"",
    ""relationship_supported"": ""associated with"",
    ""direction_supported"": null,
    ""directness_supported"": null,
    ""overclaiming"": null,
    ""rationale"": ""The abstract mentions the identification of subgroups with similar biology that differed significantly in hyperactivity and impulsivity problems, and provides a specific example of a significant difference in the Strengths and Weaknesses ADHD Symptoms and Normal Behavior Hyperactivity/Impulsivity subscale (SWAN-HI) between subgroups in the POND data. This suggests a relationship between the identified subgroups and the trait impulsivity.""
  }
}
```

This record indicates that the trait impulsivity is associated with neurodevelopmental conditions (Autism spectrum disorder, Attention-deficit/hyperactivity disorder, and Obsessive-compulsive disorder) through resting-state functional magnetic resonance imaging (fMRI). The evidence is supported by the significant difference in the Strengths and Weaknesses ADHD Symptoms and Normal Behavior Hyperactivity/Impulsivity sub",
37884552," Here is the structured biomedical evidence record extracted from the abstract:

```json
{
  ""kb_record"": {
    ""source"": null,
    ""source_id"": null,
    ""query"": ""trait impulsivity functional connectivity"",
    ""title"": null,
    ""year"": ""2023"",
    ""journal"": ""Translational psychiatry"",
    ""brain_system"": null,
    ""feature_type"": ""impulsivity"",
    ""phenotype"": ""aggression"",
    ""diagnostic_context"": ""Borderline personality disorder (BPD) and antisocial personality disorder (ASPD)"",
    ""relationship"": ""linked to"",
    ""direction"": null,
    ""mechanism"": ""alterations of fronto-temporal-limbic regions and serotonergic and endocannabinoid signaling systems"",
    ""directness"": null,
    ""evidence_strength"": null,
    ""supporting_sentence"": ""alterations of fronto-temporal-limbic regions and serotonergic and endocannabinoid signaling systems may link impulsivity to aggression in BPD and ASPD"",
    ""citation_id"": ""37884552"",
    ""extraction_model"": null,
    ""extraction_confidence"": null
  },
  ""self_verification"": {
    ""support_score"": null,
    ""decision"": null,
    ""phenotype_supported"": ""aggression"",
    ""feature_supported"": ""impulsivity"",
    ""relationship_supported"": ""linked to"",
    ""direction_supported"": null,
    ""directness_supported"": null,
    ""overclaiming"": null,
    ""rationale"": ""The abstract mentions a link between impulsivity and aggression in BPD and ASPD, and this link is attributed to alterations in fronto-temporal-limbic regions and serotonergic and endocannabinoid signaling systems.""
  }
}
```

This record indicates that impulsivity, a trait associated with BPD and ASPD, is linked to aggression in these disorders, and this link may be due to alterations in fronto-temporal-limbic regions and serotonergic and endocannabinoid signaling systems. The record also includes the source (journal), year, and citation ID for verification purposes.",
27894158," Here is the structured biomedical evidence record extracted from the provided abstract:

```json
{
  ""kb_record"": {
    ""source"": null,
    ""source_id"": null,
    ""query"": ""attentional impulsivity resting-state fMRI"",
    ""title"": ""Craving behavioral intervention for internet gaming disorder: remediation of functional connectivity of the ventral striatum"",
    ""year"": ""2018"",
    ""journal"": ""Addiction biology"",
    ""brain_system"": ""ventral striatum"",
    ""feature_type"": ""functional connectivity"",
    ""phenotype"": ""Internet gaming disorder"",
    ""diagnostic_context"": null,
    ""relationship"": ""increased in IGD subjects"",
    ""direction"": null,
    ""mechanism"": null,
    ""directness"": null,
    ""evidence_strength"": null,
    ""supporting_sentence"": ""IGD subjects showed greater resting-state functional connectivity of the VS to left inferior parietal lobule (lIPL), right inferior frontal gyrus and left middle frontal gyrus, in positive association with the severity of IGD."",
    ""citation_id"": ""27894158"",
    ""extraction_model"": null,
    ""extraction_confidence"": null
  },
  ""self_verification"": {
    ""support_score"": null,
    ""decision"": null,
    ""phenotype_supported"": ""Internet gaming disorder"",
    ""feature_supported"": ""functional connectivity of the ventral striatum"",
    ""relationship_supported"": ""increased in IGD subjects"",
    ""direction_supported"": null,
    ""directness_supported"": null,
    ""overclaiming"": null,
    ""rationale"": ""The abstract mentions that IGD subjects showed greater functional connectivity of the ventral striatum, which aligns with the feature being extracted. The phenotype (Internet gaming disorder) is also clearly stated in the title and abstract.""
  }
}
```

This record indicates that in individuals with Internet gaming disorder (phenotype), there is increased functional connectivity of the ventral striatum (feature) compared to healthy controls. This finding is supported by the statement in the abstract.",
9571295," Here is the structured biomedical evidence record extracted from the given abstract:

```json
{
  ""kb_record"": {
    ""source"": null,
    ""source_id"": null,
    ""query"": ""attentional impulsivity functional connectivity"",
    ""title"": null,
    ""year"": ""1998"",
    ""journal"": ""Clinical EEG (electroencephalography)"",
    ""brain_system"": ""Frontal lobe"",
    ""feature_type"": ""Working Memory"",
    ""phenotype"": ""suspension of the working memory"",
    ""diagnostic_context"": ""classical absence attack"",
    ""relationship"": ""causes"",
    ""direction"": ""to"",
    ""mechanism"": ""permits immediate postictal recuperation of frontal functions"",
    ""directness"": null,
    ""evidence_strength"": null,
    ""supporting_sentence"": ""It is assumed that the classical absence attack with generalized spike-waves of frontal onset causes a 'suspension of the working memory'"",
    ""citation_id"": ""9571295"",
    ""extraction_model"": null,
    ""extraction_confidence"": null
  },
  ""self_verification"": {
    ""support_score"": null,
    ""decision"": null,
    ""phenotype_supported"": ""yes"",
    ""feature_supported"": ""yes"",
    ""relationship_supported"": ""yes"",
    ""direction_supported"": ""yes"",
    ""directness_supported"": null,
    ""overclaiming"": null,
    ""rationale"": ""The abstract mentions a 'suspension of the working memory' caused by a classical absence attack, which implies a causal relationship between the attack and the suspension of working memory. The working memory is a feature of the frontal lobe, and the attack is a diagnostic context.""
  }
}
```

In this record, the abstract suggests that a classical absence attack causes a suspension of the working memory, which is a feature of the frontal lobe. This is a causal relationship between the attack (diagnostic context) and the suspension of working memory (phenotype), and the working memory is a feature of the frontal lobe (brain system). The record also includes the supporting sentence from the abstract.

The self-verification section indicates that the phenotype, feature, and relationship are supported by the evidence in the abstract, and there is no overclaiming. The rationale explains how these conclusions were drawn from the abstract.",
39218589," Here is the structured biomedical evidence record extracted from the provided abstract:

```json
{
  ""kb_record"": {
    ""source"": null,
    ""source_id"": null,
    ""query"": ""motor impulsivity functional connectivity"",
    ""title"": null,
    ""year"": ""2024"",
    ""journal"": ""Sheng wu yi xue gong cheng xue za zhi = Journal of biomedical engineering = Shengwu yixue gongchengxue zazhi"",
    ""brain_system"": null,
    ""feature_type"": ""muscle contraction"",
    ""phenotype"": ""limb movements"",
    ""diagnostic_context"": ""damage to the central nervous system"",
    ""relationship"": ""causes"",
    ""direction"": null,
    ""mechanism"": ""Functional electrical stimulation (FES) based on brain-computer interface (BCI) connects the patient's intentions with muscle contraction"",
    ""directness"": null,
    ""evidence_strength"": null,
    ""supporting_sentence"": ""Individuals with motor dysfunction caused by damage to the central nervous system are unable to transmit voluntary movement commands to their muscles, resulting in a reduced ability to control their limbs."",
    ""citation_id"": ""39218589"",
    ""extraction_model"": null,
    ""extraction_confidence"": null
  },
  ""self_verification"": {
    ""support_score"": null,
    ""decision"": null,
    ""phenotype_supported"": true,
    ""feature_supported"": true,
    ""relationship_supported"": true,
    ""direction_supported"": null,
    ""directness_supported"": null,
    ""overclaiming"": null,
    ""rationale"": ""The abstract mentions 'Individuals with motor dysfunction caused by damage to the central nervous system are unable to transmit voluntary movement commands to their muscles, resulting in a reduced ability to control their limbs.' This implies a relationship between damage to the central nervous system and reduced limb control, which is the phenotype. The text also mentions 'Functional electrical stimulation (FES) based on brain-computer interface (BCI) connects the patient's intentions with muscle contraction' which is the feature. The relationship between the feature and the phenotype is implied by the context.""
  }
}
```

This record indicates that damage to the central nervous system causes a reduced ability to control limbs, and this can be addressed by Functional Electrical Stimulation (FES) based on Brain-Computer Interface (BCI) which connects the patient's intentions with muscle contraction, leading to limb movements. The supporting sentence is ""Individuals with motor dysfunction caused by damage to the central nervous system are unable to transmit voluntary movement commands to their muscles, resulting in a reduced ability to control their limbs.""",
