pmid,title,response,mentions_pmid,has_anchored_sentence,unparseable_as_schema,error
27942448,Brain connectivity aberrations in anabolic-androgenic steroid users.,"This study (PMID: 27942448) investigated the effects of anabolic-androgenic steroid (AAS) use on brain connectivity in 151 males, including 50 current users, 16 previous users, and 59 controls. The results showed that current AAS users exhibited reduced functional connectivity between key nodes involved in emotional and cognitive regulation, including the amygdala and default-mode network (DMN), and between the dorsal attention network (DAN) and a frontal node encompassing the superior and inferior frontal gyri (SFG/IFG) and the anterior cingulate cortex (ACC). These connectivity aberrations were associated with impulsivity and other behavioral consequences of AAS use, and were further reduced as a function of dependency, lifetime exposure, and cycle state (on/off). 

The findings suggest that AAS use may disrupt brain networks involved in emotional and cognitive regulation, leading to impulsivity and other behavioral problems. The study's results provide evidence for the neurobiological basis of impulsivity in AAS users, and highlight the importance of further research into the neural mechanisms underlying AAS-related behavioral consequences.",True,False,True,
35040662,Role of White Matter Microstructure in Impulsive Behavior.,"A recent study published in The Journal of Neuropsychiatry and Clinical Neurosciences (2022) investigated the relationship between impulsivity and white matter microstructure in healthy individuals. The study found that impulsivity, particularly motor and nonplanning impulsiveness, was inversely correlated with whole-brain white matter fractional anisotropy (FA) values (PMID: 35040662). 

In other words, individuals with higher motor impulsiveness and nonplanning impulsiveness tended to have lower FA values, indicating reduced white matter microstructural integrity. Conversely, higher FA values were associated with nonplanning impulsiveness. These correlations were observed in specific white matter tracts, including the corticospinal tract and the superior fronto-occipital fasciculus.

These findings suggest that impulsivity may be linked to specific white matter microstructural connectivity, supporting the notion that impulsivity is a network-based construct. This study provides initial evidence that altered white matter microstructure may underlie normal individual variability in impulsive behaviors, which could have implications for understanding the neural mechanisms underlying impulsivity and potentially informing the development of novel interventions.",True,False,True,
22749228,Behavioral and cognitive impulsivity in obsessive-compulsive disorder and eating disorders.,"Here's a short free-form evidence summary about impulsivity and neuroimaging based on the provided PubMed abstract (PMID: 22749228):

Individuals with obsessive-compulsive disorder (OCD) and eating disorders (ED) exhibit heightened levels of self-reported impulsivity compared to healthy controls. This is evident from their higher scores on the Barratt Impulsiveness Scale (BIS-11). However, neurocognitive assessments reveal a more nuanced picture, with OCD patients demonstrating impaired inhibitory control, as indicated by increased stop-signal reaction times. In contrast, ED patients do not show significant deficits in inhibitory control. These findings suggest that impulsivity in OCD may be related to a specific behavioral deficit, whereas in ED, it may be more closely tied to anxiety. This study highlights the importance of considering the distinct neurocognitive profiles of different psychiatric conditions when assessing impulsivity.",True,False,True,
26745144,Head Motion and Inattention/Hyperactivity Share Common Genetic Influences: Implications for fMRI Studies of ADHD.,"A recent study (PMID: 26745144) investigated the relationship between head motion (HM) and impulsivity/hyperactivity in individuals with Attention Deficit Hyperactivity Disorder (ADHD). The researchers used neuroimaging data from resting-state functional MRI (fMRI) and maternal and self-report measures of Inattention and Hyperactivity-Impulsivity from the Strengths and Weaknesses of ADHD Symptoms and Normal Behaviour (SWAN) scales. 

The study found that HM was moderately correlated with maternal reports of Inattention and Hyperactivity-Impulsivity, suggesting a shared genetic influence between HM and impulsivity/hyperactivity. The correlations were mainly due to pleiotropic genetic factors, which means that the same genetic factors contribute to both HM and impulsivity/hyperactivity. 

This finding has significant implications for fMRI studies of ADHD, as treating HM as a nuisance covariate may reduce power to detect between-group effects and increase the likelihood of false positives. The researchers suggest two possible solutions to this problem: censoring motion-contaminated frames of the RS-fMRI scan or explicitly modeling the relationship between HM and impulsivity/hyperactivity. 

Overall, this study highlights the importance of considering the relationship between HM and impulsivity/hyperactivity in neuroimaging studies of ADHD",True,False,True,
32464339,Investigation of structure-function correlation among the young offspring of patients with bipolar disorder.,"This study investigated the relationship between neurocognition and neuroimaging findings in young offspring of patients with bipolar disorder (BDoff). The results suggest that impaired executive functioning, as measured by neuropsychological tests, is associated with altered white matter integrity in the superior longitudinal fasciculus (SLF) and cingulum. Specifically, lower fractional anisotropy (FA) values in the SLF were correlated with poorer performance on tasks requiring executive control, such as the Stroop interference test and the Wisconsin Card Sorting Test. 

In contrast, higher mean diffusivity (MD) values in the cingulum were associated with increased impulsivity, as measured by the Barratt Impulsiveness Scale-Attentional. These findings provide evidence that impulsivity may be linked to altered brain structure in individuals at high risk for bipolar disorder. The study's results suggest that neuroimaging markers, such as FA and MD values in specific white matter tracts, may have potential as biomarkers for early recognition of bipolar disorder.",False,False,True,
38002468,Insula Connectivity Abnormalities Predict Impulsivity in Chronic Heroin Use Disorder: A Cross-Sectional Resting-State fMRI Study.,"A recent study (PMID: 38002468) investigated the neural correlates of impulsivity in individuals with chronic heroin use disorder (HUD). The research used resting-state functional magnetic resonance imaging (rs-fMRI) to examine the association between trait impulsivity and functional connectivity (FC) between the insula and the whole brain. 

The study found that individuals with HUD exhibited higher levels of total trait impulsivity, motor impulsivity, and nonplanning impulsivity compared to healthy controls. Notably, changes in functional connectivity between the right insula and specific brain regions, including the lateral occipital cortex and the right angular gyrus, were positively correlated with impulsivity scores. Conversely, changes in FC between the left insula and the left superior frontal gyrus and left frontopolar brain region were negatively correlated with impulsivity.

These findings suggest that the insula may serve as a potential biomarker for identifying trait impulsivity and its underlying neural mechanisms in individuals with HUD. The study's results provide new insights into the neural correlates of impulsivity in addiction and highlight the importance of further research into the role of the insula in impulsivity and addiction.",True,False,True,
31401546,Functional connectivity of emotional well-being: Overconnectivity between default and attentional networks is associated with attitudes of anger and aggression.,"A recent neuroimaging study (PMID: 31401546) investigated the relationship between brain connectivity and emotional well-being. The study found that individuals with higher levels of anger and aggression tend to have overconnectivity between the default mode network and the attentional network. This overconnectivity is thought to be associated with impaired effortful control and decreased response inhibition, which are key components of impulsivity.

The study used two approaches to examine functional connectivity in the brain. The first approach involved analyzing resting-state functional magnetic resonance imaging (fMRI) data from a large cohort of individuals, and the second approach involved calculating functional connectivity between different brain networks. The results of the study suggest that individuals with higher levels of anger and aggression tend to have a unique pattern of brain connectivity that is characterized by overconnectivity between the default mode network and the attentional network.

These findings have implications for our understanding of the neural mechanisms underlying impulsivity and aggression. The study's results suggest that impulsivity may be related to impaired effortful control and decreased response inhibition, which are thought to be mediated by the default mode and attentional networks. Further research is needed to confirm these findings and to explore the potential therapeutic applications of this knowledge.",True,False,True,
33304251,Neural Basis of Increased Cognitive Control of Impulsivity During the Mid-Luteal Phase Relative to the Late Follicular Phase of the Menstrual Cycle.,"This evidence summary focuses on the relationship between impulsivity, neuroimaging, and the menstrual cycle.

A study published in 2020 (PMID: 33304251) investigated the neural basis of cognitive control of impulsivity across the menstrual cycle. The researchers used functional magnetic resonance imaging (fMRI) to examine brain activity in women during the mid-luteal and late follicular phases. 

Key findings include:

- Women in the late follicular phase showed greater activity in the dorsal striatum (DS) and were more responsive to short-term rewards, indicating higher impulsivity.
- The dorsal striatum and dorsal lateral prefrontal cortex (dlPFC) circuitry was found to regulate impulsivity, with functional connectivity between these regions correlating with discount rate and psychometric impulsivity scores.
- Women in the mid-luteal phase showed increased activity in the right dlPFC, which was sensitive to estradiol levels, suggesting that estradiol may play a role in augmenting cognitive control.
- The study's results suggest that cyclical gonadal hormones affect cognitive control of impulsive behavior in a periodic manner, with implications for the treatment of conditions characterized by hyper-impulsivity.

Overall, this study provides new insights into the neural mechanisms underlying impulsivity and the",True,False,True,
31907881,Human Brain Imaging Links Dopaminergic Systems to Impulsivity.,"A recent study (PMID: 31907881) has provided strong evidence linking striatal dopaminergic function to impulsivity. The research combined molecular imaging techniques, such as positron emission tomography (PET), with functional magnetic resonance imaging (fMRI) to investigate the role of dopamine in impulsivity. 

Key findings suggest that striatal D2-type dopamine receptors (D2 and D3) and corticostriatal connectivity play a crucial role in cognitive control. Low levels of striatal and midbrain D2-type receptor availability were associated with self-reported impulsivity, while higher striatal D2-type receptor availability was linked to improved motor response inhibition and cognitive flexibility.

Furthermore, the study found an inverted U-shaped function between striatal D2-type dopamine receptor availability and impulsive choice on reward-based decision-making tasks. This suggests that there is an optimal level of striatal dopaminergic activity that is associated with better cognitive control.

The study's findings have implications for the development of therapeutic targets to improve cognitive control in both clinical populations and healthy individuals. Specifically, D2-type receptors are identified as potential targets for improving cognitive control, highlighting the importance of striatal dopaminergic function in impulsivity.",True,False,True,
31886611,Dorsal striatal functional connectivity changes in Internet gaming disorder: A longitudinal magnetic resonance imaging study.,"This longitudinal magnetic resonance imaging (MRI) study investigated the neural correlates of internet gaming disorder (IGD) in young males. The study found that individuals with IGD exhibited altered functional connectivity (FC) in the dorsal striatum, a brain region involved in reward processing and impulsivity. Specifically, they showed decreased FC between the left dorsal putamen and left medial prefrontal cortex (mPFC), suggesting a weakening of prefrontal control, and increased FC between the right dorsal putamen and right middle occipital gyrus (MOG), indicating strengthening of the sensorimotor network.

These findings suggest that IGD may be associated with changes in the neural circuits underlying impulsivity and reward processing. The dorsal striatum, which is involved in the regulation of impulsive behaviors, showed altered FC patterns in individuals with IGD. The study's results also suggest that these changes in FC may be related to the severity of gaming behavior, as there was a significant correlation between changes in dorsal putamen-MOG FC and gaming time per day.

Overall, this study provides evidence that IGD is accompanied by functional neural changes in the dorsal striatum, which may contribute to the development and maintenance of impulsive behaviors. The findings have implications for the understanding of the neural mechanisms underlying IGD and may",False,False,True,
39218589,[A review of functional electrical stimulation based on brain-computer interface].,"This abstract does not directly relate to impulsivity and neuroimaging. However, it does discuss the use of brain-computer interfaces (BCIs) in rehabilitation, which may be relevant to understanding neural function and potentially impulsivity.

A more relevant PubMed abstract would be needed to write a summary about impulsivity and neuroimaging. However, based on the abstract provided, it can be noted that BCIs have been explored as a tool for rehabilitation in neurological conditions, which may involve impulsivity as a symptom or aspect of the condition being treated.

In general, neuroimaging studies have identified brain regions and networks associated with impulsivity, including the prefrontal cortex, anterior cingulate cortex, and basal ganglia. Functional magnetic resonance imaging (fMRI), electroencephalography (EEG), and magnetoencephalography (MEG) have been used to investigate neural activity and connectivity in individuals with impulsivity disorders, such as attention-deficit/hyperactivity disorder (ADHD).

Further research is needed to fully understand the neural mechanisms underlying impulsivity and to develop effective treatments for impulsivity disorders.",False,False,True,
37086305,"Emotion dysregulation, impulsivity and anger rumination in borderline personality disorder: the role of amygdala and insula.","A recent study (PMID: 37086305) investigated the role of amygdala and insula in borderline personality disorder (BPD) patients. The study found that BPD patients had lower cortical thickness of the left insula, which correlated with anger rumination. Additionally, female BPD patients showed reduced right amygdala volumes, which correlated with difficulties in emotion regulation, depression, and rumination.

The study also found reduced functional connectivity between the amygdala and other brain regions, including the frontal pole, precuneus, and temporal pole, in BPD patients. This functional connectivity alteration correlated with anger rumination and impulsivity. These findings suggest that the amygdala and insula play a significant role in the neuropsychiatric symptoms of BPD, including emotion dysregulation, impulsivity, and anger rumination.

The study's results highlight the importance of considering the specific contributions of different limbic structures to BPD symptomatology. The findings also have implications for the development of targeted treatments for BPD, which may involve interventions aimed at improving emotion regulation and reducing impulsivity.",True,False,True,
37992501,Testing the triple network model of psychopathology in a transdiagnostic neurodevelopmental cohort.,"This study (PMID: 37992501) investigated the relationship between impulsivity and connectivity between brain networks in a transdiagnostic sample of children with neurodevelopmental difficulties. The researchers found that hyperactivity/impulsivity was associated with increased functional connectivity between the Salience Network (SN), Central Executive Network (CEN), and Default Mode Network (DMN) in children with neurodevelopmental difficulties. 

In contrast, in a comparison group of children without neurodevelopmental difficulties, hyperactivity/impulsivity was associated with decreased functional connectivity between the CEN and DMN. These findings suggest that altered connectivity between brain networks may contribute to impulsivity in children with neurodevelopmental difficulties. 

The study's results also suggest that impulsivity may arise from difficulties in sustaining Central Executive Network activity to regulate behavior, or a heightened developmental mismatch between neural systems involved in cognitive control and those involved in reward/affect processing. These findings have implications for our understanding of the neural mechanisms underlying impulsivity and may inform the development of targeted interventions for children with neurodevelopmental difficulties.",True,False,True,
40297839,"Hippocampus Functional Connectivity, Impulsivity, and Subsequent Substance Use.","This study (40297839) investigated the relationship between impulsivity, hippocampal functional connectivity, and subsequent substance use in adolescents. The researchers used resting-state functional MRI (fMRI) data from the Adolescent Brain Cognitive Development (ABCD) study to examine the functional connectivity of the hippocampus with various brain networks. 

The findings suggest that impulsivity is associated with reduced hippocampal functional connectivity with key brain networks, including the cingulo-parietal network, visual network, sensory-motor network, and default mode network. Furthermore, the study found that hippocampal functional connectivity partially mediates the relationship between impulsivity and substance use, specifically tobacco and marijuana use. 

These results imply that the hippocampus plays a critical role in the neural mechanisms underlying impulsivity and substance use behaviors in adolescents. The study's findings have implications for the development of targeted interventions aimed at reducing substance use in this vulnerable population.",True,False,True,
24834038,Brain functional connectivity changes in children that differ in impulsivity temperamental trait.,"This 2014 study (PMID: 24834038) investigated the relationship between impulsivity and brain functional connectivity in typically developing children. The researchers used magnetic resonance imaging (MRI) to measure brain activity at rest and correlated the findings with impulsivity scores obtained from parents' questionnaires.

The study found that two regions within the default mode network (DMN), the posterior cingulate cortex and the right angular gyrus, showed a negative correlation with impulsivity scores. This suggests that higher impulsivity is associated with reduced functional connectivity in these regions.

Furthermore, the study found that the impulsivity trait modulated the relationships between the DMN and other brain networks, particularly the action-related network. In high-impulsive children, the typical anti-phasic relation between the DMN and action-related network was reduced, indicating altered brain connectivity patterns.

These findings provide evidence that impulsivity, as a personality trait, influences brain functional connectivity in typically developing children. The study highlights the importance of considering individual differences in impulsivity when examining brain function and behavior.",True,False,True,
34993375,Brain Networks Associated With COVID-19 Risk: Data From 3662 Participants.,"This study (PMID: 34993375) investigated the association between brain networks and COVID-19 risk in a large cohort of 3662 participants from the UK Biobank Resource. The researchers used functional magnetic resonance imaging (fMRI) scans to compute whole-brain functional connectomes and identified six brain network fingerprints associated with COVID-19 positive status.

The findings suggest that individuals with reduced connectivity in top-down attention and executive networks, such as the central executive and ventral salience networks, are at increased risk of COVID-19 infections. Conversely, increased internal connectivity within introspective and instinctive networks, such as the default mode, ventral salience, subcortical, and sensorimotor networks, was also associated with higher infection rates.

These results have implications for understanding the neural mechanisms underlying impulsivity and risk-taking behaviors, which may contribute to increased COVID-19 risk. The identified brain networks could potentially be targeted for treatment of illnesses with impulse control deficits, such as attention-deficit/hyperactivity disorder (ADHD) or substance use disorders. However, further research is needed to confirm these findings and explore the causal relationships between brain networks and COVID-19 risk.",True,False,True,
28783574,Go/No-Go task performance predicts differences in compulsivity but not in impulsivity personality traits.,"A recent study (PMID: 28783574) investigated the relationship between performance on the Go/No-Go task, a measure of response inhibition, and personality traits related to impulsivity and compulsivity. The study found that individuals who performed poorly on the Go/No-Go task, as indicated by high false alarms, exhibited higher levels of compulsivity, as measured by the Maudsley Obsessional Compulsive Questionnaire (MOCI). Specifically, they displayed a high-risk strategy of responding and scored higher on the MOCI Total and MOCI Checking subscale. However, no significant relationship was found between Go/No-Go task performance and impulsivity, as measured by the Barratt Impulsiveness Scale (BIS-11). These findings suggest that the Go/No-Go task may be a useful tool for assessing compulsivity, but not impulsivity, and highlight the need for further research to clarify the distinction between these two related but distinct personality traits.",True,False,True,
29442271,Exploring variability in basal ganglia connectivity with functional MRI in healthy aging.,"This study (PMID: 29442271) investigated the relationship between functional connectivity within the basal ganglia network (BGN) and various factors in healthy older adults. The researchers used functional MRI to examine the associations between BGN connectivity and demographics, impulsive behavior, self-paced tasks, mood, and motor correlates in 486 participants.

The study found that age was the only consistent correlate of BGN connectivity, with older adults showing reduced connectivity. However, the researchers did not find a significant link between BGN connectivity and impulsive behavior, suggesting that impulsivity may not be directly related to changes in BGN connectivity in healthy aging.

This finding is interesting in the context of impulsivity research, as it suggests that the neural mechanisms underlying impulsivity may not be directly tied to the basal ganglia network. Further research is needed to fully understand the relationship between impulsivity and neural connectivity in healthy aging.",True,False,True,
12860356,"Impulsivity, gender, and response to fenfluramine challenge in borderline personality disorder.","A PubMed abstract (PMID: 12860356) from 2003 investigated the relationship between impulsivity, gender, and response to fenfluramine challenge in borderline personality disorder (BPD). The study found that male BPD subjects had significantly diminished prolactin responses compared to controls, whereas female BPD subjects did not. 

Impulsivity and aggression were inversely related to prolactin responses in male BPD subjects, suggesting that these traits may be linked to diminished central serotonergic function. However, this relationship was not observed in female BPD subjects. The study's findings suggest that gender differences in central serotonergic function may contribute to variations in impulsivity in BPD.

This study provides evidence that impulsivity is associated with diminished central serotonergic function, and that this relationship may vary by gender. The findings have implications for understanding the neurobiological mechanisms underlying BPD and for developing targeted treatments for impulsivity in BPD patients.",True,False,True,
41098388,Functional connectivity in resting-state fMRI (rs-fMRI) in opioid use disorder.,"This evidence summary focuses on the relationship between impulsivity and neuroimaging, specifically resting-state functional magnetic resonance imaging (rs-fMRI), in individuals with opioid use disorder.

Research has shown that individuals with opioid addiction exhibit significant disruptions in functional connectivity within key brain networks, including the default mode network (DMN) and salience network (SN), which are involved in cognitive functions such as decision-making and impulse control (PMID: 41098388). These findings suggest that altered brain connectivity may contribute to the development and maintenance of impulsive behaviors in individuals with opioid addiction.

The study used rs-fMRI to examine functional connectivity in 42 participants, including 23 healthy controls and 19 patients with opioid use disorder. The results indicate that individuals with opioid addiction exhibit reduced functional connectivity within the DMN and SN, which may be related to impaired impulse control and decision-making.

These findings have important implications for the development of personalized and effective intervention strategies for individuals with opioid addiction. Standardizing research practices, conducting longitudinal randomized studies, and developing a more holistic approach to understanding the effects of heroin addiction are essential for advancing our knowledge in this area.

Overall, the evidence suggests that impulsivity is closely linked to altered brain connectivity in individuals with opioid addiction, and that rs-fMRI may be a useful tool for",True,False,True,
34964209,Neural processes during response inhibition in complex posttraumatic stress disorder.,"This study (34964209) investigated the neural mechanisms underlying impulsivity in complex posttraumatic stress disorder (CPTSD) using functional magnetic resonance imaging (fMRI) and electroencephalogram (EEG). The results showed that individuals with CPTSD had reduced bilateral thalamic activation during response inhibition tasks compared to those with posttraumatic stress disorder (PTSD) and healthy controls. This suggests that impaired neural processes in the thalamus may contribute to impulsivity in CPTSD. Notably, the study found no differences in functional connectivity between the thalamus and other regions involved in cognitive control, and no differences in EEG responses between groups. These findings provide initial evidence that CPTSD is distinguished from PTSD by aberrant functioning in the neurocircuitry of inhibitory control, specifically involving the thalamus. This research highlights the importance of examining the neural mechanisms underlying impulsivity in CPTSD, which may have implications for the development of targeted interventions.",True,False,True,
32699511,Neurobiological mechanisms underlying internet gaming disorder .,"This review of neurobiological mechanisms underlying internet gaming disorder (IGD) highlights key similarities with other addictions, including activation in reward-related brain regions, reduced activity in impulse control areas, and impaired decision-making. 

Studies using neuroimaging have found that IGD is associated with altered dopamine-mediated reward mechanisms, reduced functional connectivity in cognitive control networks, and structural changes such as reduced gray-matter volume and white-matter density. 

Notably, excessive screen use, particularly in adolescents and young adults, activates various brain regions involved in cognitive, motor, and sensory functions, distinct from other forms of addiction. 

The review also suggests that individuals with attention deficit-hyperactivity disorder (ADHD) may be more susceptible to developing IGD due to impaired executive control networks. These findings provide valuable insights into the neurobiological underpinnings of IGD and its potential consequences on brain development and function.",False,False,True,
14572528,Response inhibition and impulsivity: an fMRI study.,"This 2003 fMRI study (PMID: 14572528) investigated the neural correlates of response inhibition in 19 normal subjects performing a Go/NoGo task. The study found that response inhibition was most prominent in the right lateral orbitofrontal cortex, with additional activation in the superior temporal gyrus, medial orbitofrontal cortex, cingulate gyrus, and inferior parietal lobule, predominantly on the right side.

The study also explored the relationship between impulsivity and neural response, finding that subjects with greater impulsivity scores and those who made more errors had greater activation of paralimbic areas during response inhibition. Conversely, less impulsive individuals and those with fewer errors activated higher-order association areas.

Interestingly, the study found that lower IQ was a stronger predictor of errors of commission during the task than impulsivity scores. The study suggests that neuroimaging of brain activity during response inhibition tasks may be useful in understanding the functional neuroanatomy and associated neurochemistry of response inhibition, and may also allow for the study of the effects of interventions on response inhibition in clinical conditions such as antisocial personality disorder.

Overall, this study provides evidence that impulsivity is associated with altered neural activity in response inhibition tasks, and highlights the importance of considering both impulsivity and",True,False,True,
10570690,What is attention-deficit/hyperactivity disorder?,"This evidence summary focuses on the relationship between impulsivity and neuroimaging in the context of Attention-Deficit/Hyperactivity Disorder (ADHD).

Research suggests that individuals with ADHD experience difficulties in organizing, preparing, and inhibiting responses, which are thought to be linked to abnormalities in the circuitry involving frontal cortical-basal ganglia connections (PMID: 10570690). This implies that impulsivity in ADHD may be associated with structural or functional differences in brain regions responsible for executive function and response inhibition.

The study highlights the potential heritability of ADHD symptoms, which may be related to underlying neurobiological differences. However, the specificity of these findings requires further research to fully understand the etiology of ADHD and the neural mechanisms underlying impulsivity.

Overall, this evidence suggests that impulsivity in ADHD is linked to abnormalities in brain circuitry, particularly in the frontal cortical-basal ganglia connections, and that further research is needed to elucidate the neural mechanisms underlying this condition.",True,False,True,
39424632,Enhanced ADHD classification through deep learning and dynamic resting state fMRI analysis.,"This study (PMID: 39424632) investigated the use of deep learning and dynamic resting-state functional magnetic resonance imaging (rs-fMRI) analysis to classify Attention Deficit Hyperactivity Disorder (ADHD) from typically developing children (TDC). The researchers developed a novel deep learning-based network, Skip-Vote-Net, which leveraged dynamic connectivity analysis on rs-fMRI data to classify ADHD subtypes and distinguish them from TDC.

The study found that Skip-Vote-Net achieved high classification accuracies, particularly in distinguishing between ADHD subtypes (ADHDI and ADHDC) and between ADHD and TDC. The results suggest that dynamic changes in functional connectivity patterns, as measured by rs-fMRI, may be a useful biomarker for ADHD classification.

Notably, the study highlights the potential of Skip-Vote-Net as an effective diagnostic tool for identifying ADHD subtypes and distinguishing ADHD from TDC. The high classification accuracies achieved in this study suggest that neuroimaging-based approaches, such as rs-fMRI analysis, may be useful in the diagnosis and classification of ADHD.

The study's findings also suggest that impulsivity, a core symptom of ADHD, may be related to dynamic changes in functional connectivity patterns. However, the study did not specifically investigate the relationship between",True,False,True,
31073695,Binge drinking is associated with altered resting state functional connectivity of reward-salience and top down control networks.,"This study (PMID: 31073695) investigated the relationship between binge drinking and resting state functional connectivity (RSFC) in young adult drinkers. The results suggest that binge drinkers exhibit altered RSFC patterns in reward-salience and top-down control networks compared to light drinkers.

In particular, binge drinkers showed enhanced connectivity between reward areas (nucleus accumbens and caudate nucleus) and regions involved in salience (orbitofrontal cortex and anterior cingulate cortex), which may contribute to alcohol-motivated behaviors. Conversely, binge drinkers demonstrated lower connectivity between the prefrontal cortex (inferior frontal cortex) and the hippocampus, which was associated with higher craving and impaired ability to suppress unwanted thoughts.

These findings are consistent with previous studies on alcohol use disorders and suggest that dysregulation of neurofunctional networks may underlie binge drinking patterns. The observed associations between RSFC patterns and hazardous drinking levels indicate that neuroimaging may be a useful tool for identifying individuals at risk of developing problematic drinking behaviors.

Overall, this study provides evidence that impulsivity, as measured by binge drinking, is associated with altered RSFC patterns in reward-salience and top-down control networks, which may contribute to the development and maintenance of excessive drinking behaviors.",True,False,True,
27743376,Cortical folding patterns are associated with impulsivity in healthy young adults.,"A recent study (PMID: 27743376) investigated the relationship between cortical folding patterns and impulsivity in healthy young adults. The researchers used magnetic resonance imaging (MRI) to calculate a local gyrification index (LGI) and correlated it with impulsivity scores from the Barratt Impulsiveness Scale (BIS-11). 

The study found that impulsivity, particularly attention and non-planning impulsivity, was positively correlated with cortical folding in several brain regions, including the left postcentral gyrus, cingulate gyrus, and precentral gyrus. Motor impulsivity was also positively correlated with cortical folding in the left superior temporal, lingual, and supramarginal gyrus. 

Interestingly, the study found gender-specific differences in the correlation between impulsivity and cortical folding, particularly in the middle and inferior frontal gyrus. These findings suggest that cortical folding patterns may be a useful marker of early brain development and may be associated with impulsivity in healthy young adults. 

Overall, this study provides evidence that impulsivity is linked to specific brain regions and that cortical folding patterns may be a useful indicator of impulsivity in young adulthood.",True,False,True,
35277392,Prefrontal Cortical Connectivity Mediates Locus Coeruleus Noradrenergic Regulation of Inhibitory Control in Older Adults.,"This study (35277392) investigated the relationship between impulsivity and neuroimaging markers in older adults. The researchers used magnetic resonance imaging (MRI) to examine the integrity of the locus coeruleus noradrenergic system, which is responsible for regulating inhibitory control. They found that better response inhibition was correlated with higher integrity of the locus coeruleus and stronger connectivity between the presupplementary motor area (preSMA) and right inferior frontal gyrus (rIFG). 

The study's key findings suggest that the locus coeruleus noradrenergic system plays a significant role in regulating inhibitory control, and that this effect is mediated by prefrontal cortical connectivity. The researchers also found that age moderated the relationship between locus coeruleus integrity and inhibitory control, indicating that the effect of the locus coeruleus on behavior changes with age.

These results provide evidence that impulsivity is associated with neuroimaging markers of the locus coeruleus noradrenergic system and prefrontal cortical connectivity. The study's findings have implications for the development of treatment strategies for impulsivity, suggesting that noradrenergic treatment may be effective in improving behavioral control in impulsive populations, but that age and locus coeruleus integrity may be important factors to",True,False,True,
39315326,Resting-state brain networks alterations in adolescents with Internet Gaming Disorder associate with cognitive control impairments.,"This study investigated the neural mechanisms underlying cognitive control impairments in adolescents with Internet Gaming Disorder (IGD) using resting-state brain networks and functional magnetic resonance imaging (fMRI). The results showed that impulsivity in adolescent IGD subjects was positively correlated with the severity of IGD and linked to impairments in the Executive Control Network (ECN) and a decrease in functional connectivity between the Salience Network (SN) and ECN. 

Furthermore, the study found that decreased resting-state activity of the dorsal attention network (DAN) was associated with attentional dysregulation in IGD adolescents, while increased functional connectivity between the ECN and DAN was positively correlated with the degree of IGD. These findings suggest that changes in the ECN and DAN are related to heightened impulsivity and attentional deficits in adolescents with IGD. 

Overall, this study provides evidence that impulsivity and cognitive control impairments in adolescents with IGD are associated with alterations in resting-state brain networks, particularly in the ECN and DAN. This research contributes to our understanding of the neurobiological mechanisms underlying IGD and has implications for the development of targeted interventions to address cognitive control disorders in adolescents with IGD.",False,False,True,
39339712,Investigating the Impact of Nutrition and Oxidative Stress on Attention Deficit Hyperactivity Disorder.,"The relationship between impulsivity and neuroimaging is not directly explored in the provided abstract (PMID: 39339712). However, the study does investigate the role of oxidative stress in Attention Deficit Hyperactivity Disorder (ADHD), which is characterized by impulsivity among other symptoms.

The abstract suggests that oxidative stress plays a critical role in the development and manifestation of ADHD symptoms, including impulsivity. Studies have shown that individuals with ADHD exhibit reduced levels of key antioxidant enzymes, such as glutathione peroxidase (GPx), catalase (CAT), and superoxide dismutase (SOD), as well as a diminished total antioxidant status (TAS) compared to healthy controls.

While the study does not directly examine the neural mechanisms underlying impulsivity in ADHD, it highlights the importance of oxidative stress and the gut-brain axis in the pathogenesis of the disorder. The gut-brain axis refers to the bidirectional communication network between the central nervous system and the enteric nervous system, which is influenced by the gut microbiota.

Future studies that investigate the neural mechanisms underlying impulsivity in ADHD, including the use of neuroimaging techniques, may benefit from considering the role of oxidative stress and the gut-brain axis in the disorder. This could involve examining the relationship between oxidative stress",True,False,True,
27896939,"A multimodal study of impulsivity and body weight: Integrating behavioral, cognitive, and neuroimaging approaches.","A recent study (PMID: 27896939) investigated the relationship between impulsivity and body weight using a multimodal approach, incorporating behavioral, cognitive, and neuroimaging techniques. The study found positive correlations between body mass index (BMI) and both trait and state impulsivity, suggesting that individuals with higher BMI tend to exhibit more impulsive behaviors.

Neuroimaging results revealed that individuals with higher BMI showed reduced activation in the temporal lobe and insula during successful response inhibition, indicating impaired inhibitory control. Additionally, increased functional connectivity between the right inferior frontal gyrus and right middle frontal gyrus was observed in individuals with higher BMI, suggesting altered neural networks involved in impulse control.

Mediation analysis revealed that trait impulsivity, as measured by the impulsive sensation-seeking scale (ImpSS), mediated the relationship between BMI and neural response in the right inferior frontal gyrus. This suggests that trait impulsivity may play a key role in the neural mechanisms underlying the relationship between impulsivity and body weight.

Overall, this study provides evidence for the complex interplay between impulsivity, brain function, and body weight, highlighting the need to address inhibitory control mechanisms in weight management programs.",True,False,True,
39592983,Abnormal stability of dynamic functional architecture in drug-naïve children with attention-deficit/hyperactivity disorder.,"This study (PMID: 39592983) investigated the stability of dynamic functional architecture in children with attention-deficit/hyperactivity disorder (ADHD) using resting-state functional magnetic resonance imaging (fMRI). The results showed that children with ADHD exhibited abnormal functional stability (FS) in brain regions associated with the default mode network (DMN) and salience network (SN). Specifically, decreased FS was found in the bilateral superior frontal gyrus (SFG) and increased FS in the right middle temporal gyrus (MTG) of the DMN. Additionally, increased dynamic functional connectivity (dFC) was observed between the bilateral SFG and the left insula of the SN, while decreased dFC was found between the right MTG and the left cerebellum posterior lobe. These findings suggest that impulsivity in ADHD may be related to altered functional connectivity and stability in brain regions involved in attention and impulse control. The study's results also correlated with performance on the Stroop test, a measure of impulsivity and attention, further supporting the link between brain function and impulsivity in ADHD. Overall, this study provides new insights into the neural mechanisms underlying impulsivity in ADHD and highlights the importance of dynamic functional connectivity in understanding the disorder.",True,False,True,
25944613,Nature of functional links in valuation networks differentiates impulsive behaviors between abstinent heroin-dependent subjects and nondrug-using subjects.,"This 2015 NeuroImage study (PMID: 25944613) investigated the neural correlates of impulsivity in abstinent heroin-dependent individuals and nondrug-using controls using resting-state functional MRI. The researchers found that the functional link between the β-network (reward system) and δ-network (executive control system) influences impulsivity. In nondrug-using controls, the link between these networks is balanced, with the δ-network competitively controlling impulsivity. However, in abstinent heroin-dependent subjects, the link is imbalanced, with stronger β-network connectivity and weaker δ-network connectivity, which is associated with impulsivity. This imbalance may indicate that the β- and δ-networks mutually reinforce each other in individuals with heroin dependence, contributing to aberrant behaviors. These findings suggest that an imbalanced link between the β- and δ-networks may serve as an endophenotype for individual differences in self-control capacity and may provide insights into the mechanisms underlying drug addiction.",True,False,True,
38468374,Functional connectivity alterations in individuals with gaming disorder assessed by functional magnetic resonance imaging: a systematic review.,"This evidence summary focuses on the relationship between impulsivity and neuroimaging, specifically in the context of Internet Gaming Disorder (IGD). 

Research has shown that individuals with IGD exhibit significant changes in functional connectivity in various brain regions, including the prefrontal cortex, fronto-parietal regions, frontal gyrus, insula lobe, cingulate cortex, and striatum (PMID: 38468374). These alterations in brain connectivity are associated with impulsivity, as they can lead to a loss of inhibitory control in decision-making and an increased desire to engage in gaming despite the associated risks and harms.

The prefrontal cortex, in particular, plays a crucial role in regulating impulsivity, and its altered connectivity in individuals with IGD may contribute to the development of impulsive behaviors. The fronto-parietal regions, which are involved in attention and executive function, also show significant changes in functional connectivity, suggesting that individuals with IGD may have difficulty regulating their attention and making decisions.

The findings of this systematic review highlight the need for further research on the effects of video game addiction across different age groups and stages of human development. Long-term studies that compare different age groups are essential to understand the impact of IGD on brain development and function.

Overall, the",True,False,True,
28423021,Trait impulsivity components correlate differently with proactive and reactive control.,"A recent neuroimaging study (PMID: 28423021) investigated the relationship between impulsivity and cognitive control. The study found that different components of impulsivity (motor, attention, and non-planning) correlated differently with proactive and reactive control processes. 

Proactive control, which involves anticipating and preparing for upcoming tasks, was associated with increased activity in the fronto-parietal network. Specifically, higher motor impulsiveness was linked to a larger proactive control effect in the inferior parietal lobule, suggesting that individuals with higher motor impulsivity may rely more heavily on proactive control mechanisms. In contrast, higher motor impulsiveness was associated with a smaller reactive control effect in the right dorsolateral prefrontal cortex (DLPFC) and anterior cingulate cortex, indicating that these individuals may be less able to adapt to changing situations.

Higher attention impulsivity was found to be associated with a smaller proactive control effect in the right DLPFC, suggesting that individuals with higher attention impulsivity may have difficulty anticipating and preparing for upcoming tasks. These findings suggest that different components of impulsivity are related to distinct cognitive control subsystems, and that impulsivity traits may be more complex than previously thought.",True,False,True,
36963562,Youth Screen Media Activity Patterns and Associations With Behavioral Developmental Measures and Resting-state Brain Functional Connectivity.,"This study examined the relationship between screen media activity (SMA) patterns in youth and their associations with behavioral developmental measures and resting-state brain functional connectivity. The study identified two SMA patterns: a video-centric higher-frequency pattern and a lower-frequency pattern. The video-centric higher-frequency pattern group showed poorer neurocognitive performance, more behavioral problems, and more psychotic-like experiences compared to the lower-frequency pattern group. This group also demonstrated higher impulsivity and altered resting-state brain functional connectivity among brain areas implicated in cognitive processes.

The study's findings suggest that excessive time spent on video entertainment-related SMA may be detrimental to youth development, particularly in terms of impulsivity and brain function. The results persisted longitudinally, with more participants in the video-centric higher-frequency SMA group at 1-year follow-up. The study's authors recommend public health strategies to decrease excessive time spent by children on video entertainment-related SMA.

The study's use of neuroimaging data to examine resting-state brain functional connectivity provides valuable insights into the neural mechanisms underlying the associations between SMA patterns and behavioral developmental measures. The findings have implications for the development of interventions aimed at reducing the negative effects of excessive SMA on youth development.

Overall, this study contributes to our understanding of the complex relationships between SMA patterns, impulsivity, and brain function in youth. The",False,False,True,
36747838,Individual Differences in Delay Discounting are Associated with Dorsal Prefrontal Cortex Connectivity in Youth.,"This study investigated the neural basis of impulsivity in youth, specifically examining the relationship between delay discounting and functional connectivity in the brain. 

The researchers found that individual differences in delay discounting, a measure of impulsive choice, were associated with patterns of connectivity emanating from the left dorsal prefrontal cortex (DPC), a key region in the default mode network. 

Notably, delay discounting was linked to increased connectivity between the DPC and other parts of the default mode network, as well as reduced connectivity with regions involved in attentional and cognitive control, such as the dorsal and ventral attention networks. 

These findings suggest that impulsivity in youth may be related to altered functional connectivity within and between key brain networks, including the default mode network and attentional networks. 

This study contributes to our understanding of the neural mechanisms underlying impulsivity and may have implications for the development of interventions aimed at reducing impulsive behavior in youth. 

The study's findings are consistent with previous research suggesting that impulsivity is associated with abnormalities in prefrontal cortex function and connectivity. 

Overall, this study provides new insights into the neural basis of impulsivity in youth and highlights the importance of considering individual differences in brain function and connectivity when studying impulsive behavior.",False,False,True,
37884552,Neural correlates of aggression in personality disorders from the perspective of DSM-5 maladaptive traits: a systematic review.,"This systematic review of neuroimaging studies (PMID: 37884552) investigated the neural correlates of aggression in individuals with borderline personality disorder (BPD) and antisocial personality disorder (ASPD), focusing on maladaptive traits outlined in the Diagnostic and Statistical Manual of Mental Disorders, 5th edition (DSM-5) alternative model of personality disorders (AMPD). Key findings suggest that impulsivity is linked to aggression in BPD and ASPD through alterations in fronto-temporal-limbic regions and serotonergic and endocannabinoid signaling systems. Additionally, weaker cortico-striatal connectivity may relate to greater risk-taking and a higher propensity for violence. In contrast, insufficient evidence was found to describe a relationship between callousness and aggression. The review highlights the need for further investigation of neuroimaging markers of AMPD traits linked to aggression and recommends multi-methodological designs incorporating other biomarkers, such as hormones and physiological arousal indices, to better understand aggression in BPD and ASPD.",True,False,True,
28040671,Decisional impulsivity and the associative-limbic subthalamic nucleus in obsessive-compulsive disorder: stimulation and connectivity.,"This evidence summary focuses on the relationship between impulsivity and neuroimaging, specifically the subthalamic nucleus.

Decisional impulsivity, characterized by rapid decision-making with limited evidence accumulation and delay discounting, has been linked to the subthalamic nucleus (STN). A 2017 study (PMID: 28040671) in subjects with obsessive-compulsive disorder (OCD) who underwent deep brain stimulation (DBS) of the limbic and associative STN found that STN stimulation increased decisional impulsivity, with less accumulation of evidence during probabilistic uncertainty and enhanced delay discounting.

Functional connectivity studies in healthy controls using resting-state functional magnetic resonance imaging (fMRI) replicated these findings, showing lateralization of functional connectivity between the bilateral ventral striatum and the right anterior ventromedial STN. This study also found that evidence accumulation was associated with anterior associative-limbic STN and right dorsolateral prefrontal cortex functional connectivity.

These findings suggest that the anterior associative-limbic STN plays a specific role in decisional impulsivity, and that STN stimulation may have adaptive effects on decision-making under uncertainty. The results have clinical implications for the treatment of psychiatric disorders, including OCD and Parkinson's disease, where STN stimulation may be used to",True,False,True,
39284401,"Transcranial Magnetic Stimulation-Induced Plasticity Improving Cognitive Control in Obsessive-Compulsive Disorder, Part II: Task-Based Neural Predictors of Treatment Response.","This study investigated the use of task-based functional magnetic resonance imaging (fMRI) to predict clinical outcomes in obsessive-compulsive disorder (OCD) patients undergoing repetitive transcranial magnetic stimulation (rTMS) combined with exposure with response prevention psychotherapy. 

The study found that pretreatment fMRI-derived measures of activation and connectivity during planning and inhibition-related processes were associated with clinical response for specific rTMS conditions in OCD. For the vertex group, higher activation in task-relevant regions during planning and response inhibition, as well as lower error-related activation, corresponded with better short-term clinical improvement. 

In contrast, the dorsolateral prefrontal cortex (DLPFC) group showed a correlation between lower precuneus activation with increased planning taskload and symptom reduction. The presupplementary motor area (pre-SMA) group exhibited higher error-related activation and lower inhibition-related insular-amygdalar connectivity, which were associated with symptom reduction.

These findings suggest that impulsivity, as measured by error-related activation and inhibition-related processes, may be an important factor in predicting treatment response in OCD patients undergoing rTMS. The study's results highlight the potential of using neuroimaging to identify individual differences in brain function that may predict treatment outcomes, and inform the development of more personalized treatment",False,False,True,
39756804,Altered Functional Connectivity of Prefrontal Cortex-Related Circuitry and Trait Impulsivity in Patients With Bipolar Disorder and History of Suicide Attempts.,"A recent study published in Acta Psychiatrica Scandinavica (PMID: 39756804) investigated the relationship between impulsivity and neuroimaging in patients with bipolar disorder (BD) with and without a history of suicide attempts. The study found that individuals with BD and a history of suicide attempts (BDSA) exhibited higher levels of trait impulsivity compared to those without a history of suicide attempts (BDNS) and healthy controls.

Neuroimaging analysis revealed reduced functional connectivity (FC) between the prefrontal cortex (PFC) and sensorimotor and thalamic regions in BDSA compared to BDNS. These FC reductions were significantly associated with higher trait impulsivity scores. Specifically, the study found that the fronto-thalamic and fronto-sensorimotor circuits were altered in BDSA, suggesting a potential neurobiological basis for impulsivity and suicide risk in BD.

These findings suggest that impulsivity in BD may be linked to specific alterations in PFC-based functional connectivity, which could serve as potential neurobiological markers for suicide risk in this population. Further research is needed to confirm these findings and explore their clinical implications.",True,False,True,
37058964,Impulsivity and self-regulation: A dual-process model of risky driving in young drivers in Iran.,"A recent study (PMID: 37058964) examined the dual-process model of risky driving in young Iranian drivers, which suggests that regulatory processes mediate the effect of impulsivity on risky driving. The study found that executive functions and driving self-regulation mediated the effect of attention impulsivity on driving errors, while executive functions, reflective functioning, and driving self-regulation mediated the relationship between motor impulsivity and driving errors. Additionally, attitudes toward driving safety significantly mediated the relationship between normlessness and sensation-seeking with driving violations. These findings support the mediatory role of cognitive and self-regulatory capacities in the connection between impulsive processes and driving errors and violations, and confirm the validity of the dual-process model in a sample of young drivers in Iran. Neuroimaging studies have previously linked impulsivity to altered activity in brain regions such as the prefrontal cortex, anterior cingulate cortex, and basal ganglia, which are involved in executive functions, emotion regulation, and motor control. The current study's findings suggest that these brain regions may play a critical role in mediating the relationship between impulsivity and risky driving behavior.",True,False,True,
19758706,Are self-injurers impulsive?: Results from two behavioral laboratory studies.,"A recent study published in Psychiatry Research (PMID: 19758706) investigated the relationship between impulsivity and non-suicidal self-injury (NSSI) using both self-report and performance-based measures. The study found that individuals who engage in NSSI reported higher levels of impulsiveness compared to non-injurers. However, when using performance-based measures, such as the Conners' Continuous Performance Test and the Iowa Gambling Task, no significant differences in impulsivity were detected between the two groups.

This discrepancy between self-report and performance-based measures suggests that individuals may overestimate their impulsivity, which could be due to their limited ability to accurately report on cognitive processes that occur outside of awareness. The study's findings have implications for understanding the complex relationship between impulsivity and NSSI, and highlight the need for more objective measures of impulsivity in future research.

Neuroimaging studies have also investigated the neural correlates of impulsivity, with findings suggesting that impulsivity is associated with altered activity in brain regions involved in executive function, emotion regulation, and reward processing, such as the prefrontal cortex, anterior cingulate cortex, and basal ganglia. However, the current study's findings suggest that impulsivity may not be a primary factor in NSSI, and that other factors,",True,False,True,
29277650,"Macroscale variation in resting-state neuronal activity and connectivity assessed by simultaneous calcium imaging, hemodynamic imaging and electrophysiology.","This study (29277650) investigated the relationship between resting-state neuronal activity and connectivity measured by different neuroimaging techniques, including calcium imaging, hemodynamic imaging, and electrophysiology. The results suggest that calcium imaging provides a more direct and specific measure of neuronal activity compared to hemodynamic imaging, particularly at the mesoscopic scale. 

The study found that the calcium signal is better correlated with multi-unit activity than local field potentials, and possesses a higher signal-to-noise ratio and regional specificity. In contrast, hemodynamic imaging showed regional variation in the hemodynamic response, which may contribute to differences in functional connectivity estimates between the two techniques. 

These findings have implications for the interpretation of hemodynamic-based measurements of functional connectivity, highlighting the need for improved modeling methods to reduce potential sources of bias. The study's results also underscore the potential of calcium imaging as a tool for studying neuronal activity and connectivity in the brain. 

In the context of impulsivity, which is often associated with altered neural circuitry and connectivity, these findings suggest that calcium imaging may be a valuable tool for investigating the neural mechanisms underlying impulsivity. By providing a more direct and specific measure of neuronal activity, calcium imaging may help to identify specific brain regions and networks that are involved in impulsivity, and may inform the development",True,False,True,
26908392,Association of ventral striatum monoamine oxidase-A binding and functional connectivity in antisocial personality disorder with high impulsivity: A positron emission tomography and functional magnetic resonance imaging study.,"This study investigated the relationship between impulsivity in individuals with antisocial personality disorder (ASPD) and brain function, specifically focusing on the ventral striatum (VS) and its monoamine oxidase-A (MAO-A) levels. The researchers used positron emission tomography (PET) and functional magnetic resonance imaging (fMRI) to examine the functional connectivity (FC) of the VS with other brain regions in 19 impulsive ASPD males.

The results showed that individuals with higher MAO-A levels in the VS had increased functional connectivity with the dorsomedial prefrontal cortex (DMPFC), which was associated with lower impulsivity. Conversely, individuals with lower MAO-A levels in the VS had increased functional connectivity with the right hippocampus, which was associated with higher impulsivity.

These findings suggest that MAO-A levels in the VS may play a role in regulating impulsive behavior in ASPD, and that functional connectivity between the VS and other brain regions may be an important factor in understanding the neural mechanisms underlying impulsivity. The study's results have implications for the development of phenotype-based brain markers for ASPD and highlight the potential for neuroimaging techniques to inform our understanding of the neural basis of impulsivity.",False,False,True,
36912839,Identifying Replicable Subgroups in Neurodevelopmental Conditions Using Resting-State Functional Magnetic Resonance Imaging Data.,"This study used resting-state functional magnetic resonance imaging (fMRI) data from two large, independent datasets to identify subgroups of children with and without neurodevelopmental conditions. The results showed that subgroups with similar brain biology were identified in both datasets, but these groups did not align with current diagnostic categories. Notably, subgroups with increased hyperactivity and impulsivity traits were identified in both datasets, suggesting that impulsivity may be a key behavioral characteristic associated with specific neurobiological subgroups.

The study's findings have implications for the understanding of neurodevelopmental conditions, such as autism spectrum disorder (ASD), attention-deficit/hyperactivity disorder (ADHD), and obsessive-compulsive disorder (OCD). The results suggest that impulsivity may be a transdiagnostic symptom that cuts across traditional diagnostic categories, and that neurobiological subgroups may be more relevant for understanding the underlying biology of these conditions.

The use of resting-state fMRI data and data-driven clustering procedures allowed the researchers to identify subgroups with shared functional brain characteristics. The study's replication of findings in independently collected data sets increases the validity of the results and provides a foundation for future research into the neurobiology of neurodevelopmental conditions.

Overall, this study provides new insights into the relationship between impulsivity and neurobiological",False,False,True,
24373553,Anhedonia in Parkinson's disease patients with and without pathological gambling: a case-control study.,"This study (PMID: 24373553) investigated the relationship between impulsivity, anhedonia, and neuroimaging findings in Parkinson's disease (PD) patients with and without pathological gambling (PG). The results showed that PD patients with PG had higher levels of impulsivity traits, as measured by the Barratt Impulsiveness Scale, compared to those without PG or other impulse control disorders (ICDs). 

Notably, the PG group also exhibited more severe frontal dysfunctions, as assessed by the Frontal Assessment Battery, suggesting that impaired frontal lobe function may contribute to the development of PG in PD patients. The study's findings support the idea that anhedonia, impulsivity, and frontal impairment are interconnected and may facilitate the shift towards habit-based compulsive behaviors, such as those seen in PG.

The study's results have implications for understanding the neurobiological mechanisms underlying impulsivity and addictive behaviors in PD patients. The findings suggest that impaired hedonic capacity, possibly resulting from underlying neuropsychological dysfunction, may contribute to the development of PG. Further research is needed to explore the neural mechanisms underlying these relationships and to develop effective treatments for PG and other ICDs in PD patients.",True,False,True,
33426970,Add-on repetitive transcranial magnetic stimulation in patients with opioid use disorder undergoing methadone maintenance therapy.,"This study examined the effects of repetitive transcranial magnetic stimulation (rTMS) on individuals with opioid use disorder (OUD) undergoing methadone maintenance therapy (MMT). The results suggest that rTMS may have a beneficial effect on impulsivity, as measured by the Barratt Impulsiveness Scale-11 (BIS-11), particularly in the attentional subscale. The active rTMS group showed significant improvements in BIS-11 attentional subscales compared to the sham group (P = 0.04). Additionally, the active rTMS group had lower commission T-scores on the Continuous Performance Tests (CPTs), indicating improved attention (P = 0.02). These findings suggest that rTMS may be a useful adjunctive treatment for impulsivity in individuals with OUD. 

The study also found that rTMS had a significant effect on depressive symptoms, as measured by the Hamilton Depression Rating Scale (HDRS), with the active rTMS group showing significant improvements compared to the sham group (P = 0.003). However, rTMS did not appear to have a significant effect on craving or heroin use behavior. Overall, the results of this study suggest that rTMS may be a useful treatment for impulsivity",False,False,True,
31383336,Hypothesis: Compulsive hoarding as an atavism.,"Based on the abstract of the paper with PMID 31383336, here's a short free-form evidence summary about impulsivity and neuroimaging:

This hypothesis paper proposes a link between hoarding disorder and ancestral mammalian behavior, suggesting that it may be an atavism that can be triggered by traumatic experiences. While the paper does not directly address impulsivity, it implies that hoarding behavior could be related to underlying neurobiological mechanisms that may also contribute to impulsivity. However, the paper does not provide direct evidence on the neural mechanisms underlying hoarding or impulsivity. 

To better understand the relationship between hoarding, impulsivity, and neuroimaging, further research is needed to investigate the neural correlates of hoarding behavior and its potential overlap with impulsivity. This could involve neuroimaging studies using techniques such as functional magnetic resonance imaging (fMRI) or diffusion tensor imaging (DTI) to examine brain structure and function in individuals with hoarding disorder and those with impulsivity-related disorders. 

It's worth noting that the paper mentions the potential use of shrews as animal models for hoarding behavior, which could provide valuable insights into the neural mechanisms underlying hoarding and impulsivity. However, more research is needed to fully understand the relationship between these behaviors and their underlying neuro",True,False,True,
25928822,Altered resting-state frontoparietal control network in children with attention-deficit/hyperactivity disorder.,"This study (PMID: 25928822) investigated the relationship between impulsivity and the frontoparietal control network in children with attention-deficit/hyperactivity disorder (ADHD). Using resting-state functional MRI, researchers found that children with ADHD exhibited weaker connectivity between key brain regions, including the right anterior prefrontal cortex and the right ventrolateral prefrontal cortex, and between the left anterior prefrontal cortex and the right inferior parietal lobule. These aberrant connections were associated with symptoms of impulsivity and opposition-defiance, as well as impaired response inhibition and attentional control. The findings suggest that the frontoparietal control network may play a crucial role in the pathophysiology of ADHD, and that its dysfunction may contribute to impulsivity and other executive function deficits. This study provides evidence that impulsivity in ADHD is linked to altered neural connectivity in the frontoparietal control network, which is a key brain network involved in executive control functions.",True,False,True,
9571295,Frontal lobe functions and dysfunctions.,"This 1998 study by Stuss and Alexander (PMID: 9571295) provides insights into the relationship between impulsivity and neuroimaging, specifically focusing on the frontal lobe's role in motor control and personality change. The authors suggest that the prefrontal cortex, particularly the fronto-orbital cortex, is involved in regulating motivation, drive, and initiative, which are essential for motor action planning and sequencing.

The study highlights the importance of the ""working memory"" concept, which refers to the constant influx of afferent-sensory messages from posterior cerebral regions and strong mesiodorsal thalamic connections. This working memory is thought to be the keystone of mental and motor prefrontal function, allowing for the initiation of movement based on past experiences.

The authors also discuss the potential consequences of disruptions to this working memory, such as the ""suspension of the working memory"" during absence attacks with generalized spike-waves of frontal onset. This suspension is thought to permit immediate postictal recuperation of frontal functions.

In the context of impulsivity, the study suggests that deficits in the prefrontal cortex, particularly in the fronto-orbital cortex, may lead to disinhibitory frontal lobe syndromes, characterized by tactlessness",True,False,True,
22901705,Alterations in regional homogeneity of resting-state brain activity in internet gaming addicts.,"This study (PMID: 22901705) investigated the brain functions of internet gaming addicts (IGA) using resting-state functional magnetic resonance imaging (fMRI). The results showed that IGA subjects had altered regional homogeneity (ReHo) in various brain regions compared to healthy controls.

IGA subjects exhibited increased ReHo in brain regions associated with sensory-motor coordination, including the brainstem, inferior parietal lobule, left posterior cerebellum, and left middle frontal gyrus. This suggests that long-term online gaming may enhance brain synchronization in these regions.

Conversely, IGA subjects showed decreased ReHo in brain regions responsible for visual and auditory functions, including the temporal, occipital, and parietal lobes. This may indicate reduced excitability in these regions, potentially contributing to the development of IGA.

These findings provide insight into the neurobiological underpinnings of internet gaming addiction and suggest that alterations in brain function, particularly in sensory-motor and visual-auditory regions, may play a role in the disorder.",True,False,True,
34851976,Differential structure-function network coupling in the inattentive and combined types of attention deficit hyperactivity disorder.,"This study (34851976) investigated the neural basis of attention deficit hyperactivity disorder (ADHD) subtypes, specifically inattentive (ADHD-I) and combined (ADHD-C) types, using neuroimaging techniques. The researchers analyzed diffusion and resting-state functional magnetic resonance imaging data from 201 children with ADHD-I, ADHD-C, and typically developing children (TDC).

Key findings include:

* Children with ADHD-I and ADHD-C showed lower structural connectivity and network efficiency in the default mode network compared to TDC.
* Children with ADHD-C had higher structure-functional network coupling (SC-FC) across all subnetworks, including the default mode, executive control, and salience networks, compared to TDC.
* ADHD-C group demonstrated increased SC-FC coupling in the default mode network compared to ADHD-I group.
* The correlation between SC-FC coupling and hyperactivity scores was negative in ADHD-I, but not in ADHD-C group.

These results suggest that ADHD-C and ADHD-I may differ in their underlying neuronal connectivity, and that the added dimensionality of hyperactivity may not explain this distinction. The study's findings provide evidence that impulsivity, as a core symptom of ADHD, may be related to altered structure-functional network coupling in the brain.",True,False,True,
28174127,Altered functional connectivity in default mode network in Internet gaming disorder: Influence of childhood ADHD.,"This evidence summary focuses on the relationship between impulsivity and neuroimaging findings in individuals with internet gaming disorder (IGD).

Research has shown that individuals with IGD exhibit altered functional connectivity in the default mode network (DMN), particularly in regions associated with executive control, such as the posterior cingulate cortex (PCC) and medial prefrontal cortex (mPFC) (28174127). 

In individuals without a history of childhood attention deficit hyperactivity disorder (ADHD), IGD was characterized by expanded functional connectivity between DMN-related regions and salience processing regions, such as the anterior insula and orbitofrontal cortex. 

In contrast, individuals with IGD and a history of childhood ADHD showed expanded functional connectivity between the PCC and the cerebellum, specifically the crus II region, which is involved in executive control. Notably, the strength of this connectivity was positively correlated with self-reported impulsiveness.

These findings suggest that altered neural networks for executive control in ADHD may predispose individuals to developing IGD, and that impulsivity is associated with specific patterns of functional connectivity in the brain.",True,False,True,
28860514,Delay discounting is associated with the fractional amplitude of low-frequency fluctuations and resting-state functional connectivity in late adolescence.,"This study investigated the neural correlates of delay discounting (DD) in late adolescence using resting-state functional magnetic resonance imaging (RS-fMRI). The results showed that higher DD was associated with increased fractional amplitude of low-frequency fluctuations (fALFF) in the dorsal anterior cingulate cortex (dACC), a region involved in conflict monitoring and strategy adaptation. Additionally, DD was positively correlated with resting-state functional connectivity (RSFC) between the dACC and the left dorsolateral prefrontal cortex (DLPFC), a critical functional circuit in the cognitive control network.

These findings suggest that impulsivity, as measured by DD, is linked to altered brain activity and connectivity in regions involved in executive function and self-regulation. The study's results provide new insights into the neural underpinnings of DD in adolescents and highlight the importance of considering individual differences in impulsivity when examining brain function.

It is worth noting that the effects of DD on brain function persisted even after adjusting for the influences of general intelligence and trait impulsivity, suggesting that DD may be a unique predictor of brain function in this population. Overall, this study contributes to our understanding of the neural basis of impulsivity and has implications for the development of interventions aimed at improving self-regulation in adolescents.",False,False,True,
37673288,Resting-state functional magnetic resonance imaging alterations in borderline personality disorder: A systematic review.,"This systematic review of 15 resting-state functional magnetic resonance imaging (rs-fMRI) studies in borderline personality disorder (BPD) individuals found evidence of altered brain connectivity patterns. Specifically, aberrant resting-state functional connectivity within and between the default mode network (DMN), salience network (SN), and central executive network (CEN) was observed in BPD compared to healthy controls. 

Impulsivity, a key symptom of BPD, was not directly investigated in this review. However, the identified brain regions, including the amygdala, anterior and posterior cingulate cortex, hippocampus, and prefrontal cortex, are involved in emotion regulation and impulse control. Altered connectivity in these regions may contribute to the impulsivity observed in BPD.

The findings suggest that BPD is associated with disrupted neural circuits, which may underlie the disorder's clinical symptoms. Future studies with multimodal methodologies and longitudinal designs are needed to further explore the neural correlates of BPD and to investigate the relationship between impulsivity and brain connectivity in this population.",False,False,True,
28777996,Neural connectivity moderates the association between sleep and impulsivity in adolescents.,"Here's a short free-form evidence summary about impulsivity and neuroimaging based on the provided PubMed abstract (PMID: 28777996):

A 2017 study published in Developmental Cognitive Neuroscience investigated the relationship between sleep quality and impulsivity in adolescents using functional magnetic resonance imaging (fMRI). The study found that poor sleep quality was associated with greater affect-related impulsivity in adolescents with low connectivity between the prefrontal cortex and default mode network. However, this association was not observed in adolescents with high connectivity. This suggests that neural functioning plays a role in the link between sleep quality and impulsivity. Notably, the study found that sleep quality was not related to response inhibition or cognitive impulsivity, indicating that sleep has a greater impact on affect-related impulsivity. Furthermore, the study identified pillow comfort as a significant predictor of sleep quality, independent of age, sex, and income, highlighting a potential target for intervention to improve sleep quality and reduce impulsivity in adolescents.",True,False,True,
37209127,Reduced loss aversion in value-based decision-making and edge-centric functional connectivity in patients with internet gaming disorder.,"A recent study (PMID: 37209127) investigated impulsivity in individuals with internet gaming disorder (IGD) using neuroimaging techniques. The study found that individuals with IGD exhibited reduced loss aversion in value-based decision-making, which is a key feature of addiction. This reduction in loss aversion was associated with altered edge-centric functional connectivity in the brain, particularly in regions involved in reward processing and decision-making.

The study used functional magnetic resonance imaging (fMRI) to examine brain activity while participants performed the Iowa gambling task (IGT), a measure of value-based decision-making. The results showed that individuals with IGD performed worse on the task and exhibited reduced loss aversion, which is the tendency to avoid losses more than to seek gains. This reduction in loss aversion was associated with altered functional connectivity between brain regions, including the left inferior frontal gyrus (IFG) and right hippocampus.

The study's findings suggest that individuals with IGD may have impaired value-based decision-making, which is similar to the deficits observed in substance use and other behavioral addictive disorders. The altered edge-centric functional connectivity in individuals with IGD may be a key feature of this deficit, and further research is needed to understand the underlying mechanisms and potential therapeutic targets.",True,False,True,
26648853,Impulsivity is Associated with Increased Metabolism in the Fronto-Insular Network in Parkinson's Disease.,"A recent neuroimaging study (PMID: 26648853) investigated the relationship between impulsivity and neural activity in patients with Parkinson's disease (PD). The study used 18-fluorodeoxyglucose positron emission tomography (FDG-PET) to measure glucose metabolism in the brain, which serves as a proxy for neural activity. 

The results showed that patients with higher impulsivity scores, as measured by the Barratt Impulsiveness Scale 11 (BIS), had increased glucose metabolism in the fronto-insular network, specifically in the orbitofrontal cortex (OFC), anterior cingulate cortex (ACC), and right insula. Furthermore, a positive correlation was found between glucose metabolism and BIS scores, suggesting that higher impulsivity is associated with increased neural activity in this network.

This study provides evidence that impulsivity is linked to increased neural activity in the fronto-insular network, which is a network previously implicated in impulsive behavior. The findings have implications for understanding the neural mechanisms underlying impulsivity in PD and potentially other neurological and psychiatric disorders.",True,False,True,
26460483,Lateral prefrontal model-based signatures are reduced in healthy individuals with high trait impulsivity.,"A recent study (26460483) investigated the relationship between impulsivity and neural control mechanisms in healthy individuals. The study used a sequential decision-making task during functional magnetic resonance imaging (fMRI) and found that high-impulsive individuals showed a greater reliance on model-free control, which is characterized by habitual and automatic decision-making. In contrast, model-based control, which involves forward-planning and consideration of outcomes, was reduced in high-impulsive individuals.

Notably, the study found that right lateral prefrontal model-based signatures were specifically reduced in high-impulsive individuals, suggesting a neural basis for their impaired ability to engage in goal-directed control. The findings were independent of other factors such as smoking, drinking, and general cognition, and were not seen in patients with addiction, suggesting that high impulsivity may be a distinct risk factor for addiction.

The study's results have implications for our understanding of the neural mechanisms underlying impulsivity and addiction, and highlight the importance of model-based control in goal-directed behavior. Future longitudinal studies are needed to determine the predictive relevance of these findings and to explore the potential therapeutic targets for impulsivity and addiction.",True,False,True,
25738502,Decreased prefrontal lobe interhemispheric functional connectivity in adolescents with internet gaming disorder: a primary study using resting-state FMRI.,"This study (PMID: 25738502) investigated the interhemispheric resting-state functional connectivity (rsFC) in adolescents with internet gaming disorder (IGD) using voxel-mirrored homotopic connectivity (VMHC) and resting-state functional magnetic resonance imaging (fMRI). 

The results showed that adolescents with IGD had decreased interhemispheric rsFC in several regions of the prefrontal lobe, including the superior frontal gyrus (orbital part), inferior frontal gyrus (orbital part), and middle frontal gyrus, compared to healthy controls. 

These findings suggest that altered interhemispheric connectivity in the prefrontal lobe may be a key factor in the neuropathological mechanism of IGD. The study's results also support the reclassification of IGD as a behavioral addiction. 

The study's findings have implications for our understanding of impulsivity in IGD, as the prefrontal lobe is a region involved in executive function, decision-making, and impulse control. Decreased interhemispheric connectivity in this region may contribute to the impulsive behaviors characteristic of IGD. 

Overall, this study provides evidence that neuroimaging can be used to identify biomarkers for IGD and may inform the development of targeted interventions to reduce",True,False,True,
29034964,Hemispheric asymmetry of the frontolimbic cortex in young adults with borderline personality disorder.,"This study (PMID: 29034964) investigated the relationship between impulsivity and frontolimbic cortex asymmetry in young adults with borderline personality disorder (BPD). The researchers used magnetic resonance imaging (MRI) to examine gray matter volume, surface area, and cortical thickness in the anterior insula (AI) and anterior cingulate cortex (ACC) of 30 BPD patients and 32 healthy controls.

The results showed that BPD patients had reduced cortical thickness in the left ACC and less surface area and gray matter volume in the left AI compared to controls. Notably, the study found that BPD patients had greater frontolimbic cortex asymmetry than healthy controls, and that this asymmetry was correlated with higher impulsivity scores, particularly in the attention subscale of the Barratt Impulsiveness Scale.

This study provides evidence that impulsivity in BPD may be associated with abnormalities in frontolimbic cortex structure, particularly in the left hemisphere. The findings suggest that frontolimbic cortex asymmetry may be a neurobiological marker for impulsivity in BPD, and highlight the importance of considering hemispheric differences in the study of this disorder.",True,False,True,
39796107,The Relationship Between Impulsivity Traits and In Vivo Cerebral Serotonin Transporter and Serotonin 2A Receptor Binding in Healthy Individuals: A Double-Tracer PET Study with C-11 DASB and C-11 MDL100907.,"A recent study (PMID: 39796107) investigated the relationship between impulsivity traits and serotonergic activity in healthy individuals using positron emission tomography (PET) with [11C]DASB and [11C]MDL100907. The study found a significant positive correlation between non-planning impulsiveness and 5-HT2A receptor binding potential (BPND) in the caudate, suggesting that impulsivity may be involved in serotonergic neurotransmission, particularly 5-HT2A receptor-mediated postsynaptic signaling. This relationship was also observed in other brain regions, including the prefrontal cortex, orbitofrontal cortex, insula, amygdala, and ventral striatum. Additionally, motor impulsiveness was found to be positively correlated with 5-HTT binding potential in the caudate. These findings suggest that impulsivity traits may be associated with altered serotonergic activity in key brain regions involved in executive function, judgment, and inhibitory control.",True,False,True,
32121585,"Random Forest Classification of Alcohol Use Disorder Using EEG Source Functional Connectivity, Neuropsychological Functioning, and Impulsivity Measures.","This study (32121585) investigated the neural correlates of impulsivity in individuals with alcohol use disorder (AUD) using a combination of electroencephalography (EEG) source functional connectivity, neuropsychological functioning, and impulsivity measures. The results showed that individuals with AUD exhibited a pattern of hyperconnectivity among default mode network (DMN) regions, particularly in the parahippocampal hub, which was associated with neural hyperexcitability and impulsivity. In contrast, the AUD group showed hypoconnectivity in prefrontal nodes connecting posterior right-hemispheric regions, which may be related to impaired higher cognitive functions.

The study used random forest classification to identify features that could distinguish individuals with AUD from unaffected controls, achieving a classification accuracy of 80%. The top variables contributing to classification included EEG source functional connectivity, neuropsychological performance, and impulsivity measures. Notably, most of these variables were not significantly correlated with age, suggesting that they may be specific to AUD.

The findings suggest that dysregulated neural connectivity across DMN regions, particularly in the parahippocampal hub, may represent a neurophysiological biomarker of AUD. Additionally, poor visual memory performance and heightened impulsivity may serve as cognitive-behavioral indices of AUD",True,False,True,
31284029,Genetic contribution to the phenotypic correlation between trait impulsivity and resting-state functional connectivity of the amygdala and its subregions.,"This study (PMID: 31284029) investigated the relationship between trait impulsivity and resting-state functional connectivity (rsFC) of the amygdala and its subregions in a sample of 292 twins. The results showed that trait impulsivity was positively correlated with rsFC between the left amygdala and the right dorsolateral prefrontal cortex (DLPFC), as well as between the left basolateral amygdala and the right DLPFC and inferior frontal gyrus. Additionally, trait impulsivity was correlated with rsFC between the right superficial amygdala and the dorsal anterior cingulate cortex and right anterior insula.

Bivariate genetic modeling analyses found genetic overlaps between trait impulsivity and the rsFC of the left amygdala or the left basolateral amygdala with the right DLPFC, with the proportions of phenotypic associations accounted for by overlapping genes being 82% and 60%, respectively. These findings suggest that there is a genetic component to the relationship between trait impulsivity and the intrinsic brain functional connectivity centered at the amygdala, particularly at its basolateral subregion.

This study provides evidence that impulsivity is associated with altered functional connectivity in brain regions involved in emotion regulation, decision-making, and impulse control.",True,False,True,
41932505,Intrinsic functional connectivity alterations in medication-naïve children with combined and inattentive ADHD types: Evidence from cortical surface-based analysis.,"This study (PMID: 41932505) investigated the neural substrates of attention-deficit/hyperactivity disorder (ADHD) in medication-naïve children with combined (ADHD-C) and inattentive (ADHD-I) subtypes. The researchers used resting-state functional magnetic resonance imaging (fMRI) and surface-based graph theoretical analysis to examine the intrinsic functional connectivity (FC) of brain networks in children with ADHD and healthy controls.

Key findings include significant intra- and inter-network FC disruptions in children with ADHD, particularly in default mode (DMN), ventral attentional (VAN), and somatosensory-motor (SMN) networks. The ADHD-C group showed more FC abnormalities involving SMN and DMN compared to the ADHD-I group. Notably, the ADHD-C group demonstrated weaker intra-SMN and SMN-DMN connectivity than the ADHD-I group.

The study also found that children with ADHD showed diminished global modularity, assortativity, and disrupted left lateral prefrontal cortex (PFCl1_L) nodal centrality. Furthermore, higher FRCQ scores were associated with increased assortativity in ADHD, and hypo-connectivity between the DMN and SMN was correlated with higher SNAP-IV Hyperactivity/Impulsivity",True,False,True,
35007715,Risk-taking in humans and the medial orbitofrontal cortex reward system.,"A recent study (PMID: 35007715) investigated the neural basis of risk-taking behavior in humans, which is associated with impulsivity and sensation-seeking. The study analyzed data from 18,740 participants in the UK Biobank and found that individuals who reported higher risk-taking behavior had increased functional connectivity in the medial orbitofrontal cortex (mOFC), ventromedial prefrontal cortex (VMPFC), and parahippocampal areas. These regions are involved in reward processing and value-based decision-making.

The study's findings suggest that the mOFC, in particular, plays a key role in risk-taking behavior, as it is involved in evaluating the reward value of different options. The mOFC's increased connectivity with the anterior cingulate cortex (ACC) may also contribute to the enhanced influence of reward-related regions on action in risk-taking individuals.

The study's results were validated by associations with real-world behaviors, such as alcohol drinking and cannabis use, and were cross-validated in two independent datasets. Overall, the study provides new insights into the neural mechanisms underlying risk-taking behavior and impulsivity, highlighting the importance of the mOFC and its connections in reward processing.",True,False,True,
40630648,Identifying a Biological Signature of Trauma-Related Neurodegeneration Following Repeated Traumatic Brain Injuries Compared with Healthy Controls.,"This study investigated the relationship between repeated traumatic brain injuries (TBI) and neurodegeneration, comparing participants with a history of TBI to healthy controls. The study found that despite a significantly higher symptom burden in the TBI group, core diagnostic biomarkers for Alzheimer's disease (AD) were not different from controls. However, volumetrics in critical brain regions, particularly the amygdala, were associated with several symptom domains in the TBI group.

The study used a range of neuroimaging techniques, including magnetic resonance imaging (MRI), positron emission tomography (PET) scans for amyloid-beta (Aβ) and tau, and plasma biomarkers. The results suggest that cortical volumetrics may be a more viable early biomarker of chronic symptom burden in individuals with a history of TBI than PET scans.

Interestingly, the study found that impulsivity, as measured by the Barratt Impulsivity Scale (BIS), was associated with amygdala normative percentile and/or amygdala asymmetry index in the TBI group. This suggests that impulsivity may be linked to changes in the amygdala, a region of the brain involved in emotion regulation and impulsivity.

Overall, this study provides new insights into the relationship between TBI and neurodegeneration, and highlights",False,False,True,
40193128,Subthalamic Deep Brain Stimulation: Mapping Non-Motor Outcomes to Structural Connections.,"This study (PMID: 40193128) investigated the relationship between subthalamic deep brain stimulation (STN-DBS) and non-motor outcomes in Parkinson's Disease (PD) patients. The researchers used principal component analysis (PCA) to identify the main dimensions of neuropsychiatric and neuropsychological outcomes, including impulsivity. They found that stimulation of specific anatomical fiber bundles connecting the frontal cortex and subthalamic nucleus was associated with changes in impulsivity, as well as other non-motor symptoms.

The study identified four principal components, which were interpreted to reflect different aspects of non-motor improvement, including worsening of trait impulsivity. This suggests that STN-DBS may have a complex effect on impulsivity, with some patients experiencing improvement and others experiencing worsening. The researchers also found that the extent of stimulation of specific tracts was able to explain significant amounts of variance in outcomes for individual symptoms.

This study provides evidence that impulsivity is a complex and multifaceted construct that is influenced by multiple brain circuits. The findings suggest that STN-DBS may be used to modulate impulsivity, but that the effects may be highly individualized and dependent on the specific brain circuits that are stimulated. The use of PCA and tract modeling represents an innovative approach to",True,False,True,
32987241,Intrinsic functional connectivity of the default mode and cognitive control networks relate to change in behavioral performance over two years.,"This study (32987241) investigated the relationship between intrinsic functional connectivity of the default mode network (DMN) and cognitive control network (CCN) and cognitive control behaviors in 109 healthy individuals over a two-year period. The results showed that increased within-network connectivity in the DMN was associated with improved memory performance, while decreased connectivity between certain nodes of the CCN and DMN was linked to enhanced cognitive performance. Specifically, reduced connectivity between posterior parietal CCN and DMN nodes, as well as between left and right dorsolateral prefrontal nodes, was associated with improved cognitive performance. These findings suggest that intrinsic connectivity within and between these networks may play a crucial role in mediating cognitive control behaviors, including impulsivity, and that changes in these connections may be related to age-independent plasticity. The study's results have implications for targeting intrinsic connectivity as a potential mechanism to improve cognitive function, particularly in the context of mental health and disease.",True,False,True,
26830141,Midbrain functional connectivity and ventral striatal dopamine D2-type receptors: link to impulsivity in methamphetamine users.,"This evidence summary focuses on the relationship between impulsivity, neuroimaging, and dopamine D2-type receptors in methamphetamine users.

Research has shown that individuals with methamphetamine use disorders exhibit deficits in striatal dopamine receptor availability, altered mesocorticolimbic resting-state functional connectivity (RSFC), and impulsivity (PMID: 26830141). Specifically, a study found that methamphetamine-dependent individuals had a negative correlation between ventral striatal dopamine D2-type receptor availability and RSFC between the midbrain and striatum, orbitofrontal cortex, and insula. In contrast, healthy controls showed a positive correlation between these variables.

Another study found that methamphetamine-dependent individuals exhibited a positive relationship between midbrain RSFC and cognitive impulsivity, whereas healthy controls showed a negative relationship. These findings suggest that ventral striatal D2-type receptor signaling may affect system-level activity within the mesocorticolimbic system, providing a functional link that may explain high impulsivity in methamphetamine-dependent individuals.

Overall, this research highlights the complex interplay between impulsivity, dopamine D2-type receptors, and RSFC in methamphetamine users, and provides evidence for the potential role of neuroimaging in understanding the neural mechanisms underlying impulsivity in this population.",True,False,True,
41281564,Associations between structural injury and task-based corticomuscular connectivity after stroke.,"This study investigated the relationship between structural injury and task-based corticomuscular connectivity after stroke (PMID: 41281564). The researchers used electroencephalography (EEG) and electromyography (EMG) recordings during a grip task to examine corticomuscular coherence (CMC) in individuals with early subacute stroke. 

The study found that in individuals with mild-moderate corticospinal tract (CST) injury, greater injury was associated with higher CMC between specific cortical regions and muscles. Conversely, in individuals with higher CST integrity, CST integrity was positively related to CMC between other cortical regions and muscles. These findings suggest that post-stroke structural injury modulates task-based corticomuscular connectivity and highlight the complexity of structure-function relationships in stroke.

The study's results provide mechanistic insights that could inform targeted rehabilitation strategies to optimize post-stroke recovery. Specifically, the identification of specific cortical regions and muscles involved in adaptive and/or compensatory neuroplastic-like mechanisms may help clinicians develop more effective rehabilitation plans. 

The study's focus on task-based corticomuscular connectivity offers a more nuanced understanding of the neural mechanisms underlying stroke recovery, moving beyond traditional resting-state connectivity measures. The findings have implications for the development of personalized rehabilitation strategies that",True,False,True,
38018143,Converging Evidence for Frontopolar Cortex as a Target for Neuromodulation in Addiction Treatment.,"Evidence Summary: Impulsivity and Neuroimaging

Recent neuroimaging studies have shed light on the neural substrates of impulsivity, a key component of substance use disorders. A 2024 review in The American Journal of Psychiatry (PMID: 38018143) highlights the frontopolar cortex as a promising therapeutic target for transcranial brain stimulation in addiction treatment. This conclusion is supported by converging multimodal evidence from lesion-based maps, functional MRI-based maps, transcranial electrical stimulation (tES) studies, transcranial magnetic stimulation (TMS) studies, and dose-response relationships.

The frontopolar cortex has emerged as a critical region in impulsivity, with its dysfunction linked to impulsive behaviors. Targeting this area through transcranial brain stimulation may offer a novel approach to treating substance use disorders. The review emphasizes the importance of considering individual variations in brain state, trait, and electric field distribution patterns to optimize treatment outcomes.

This evidence suggests that impulsivity is closely linked to frontopolar cortex function, and that targeting this region through neurostimulation may be a promising strategy for treating addiction. Further research is needed to fully explore the potential of this approach and to develop personalized treatment protocols that take into account individual differences in brain function and response to treatment.",True,False,True,
25925985,Impaired corticostriatal connectivity in impulse control disorders in Parkinson disease.,"This evidence summary focuses on the relationship between impulsivity and neuroimaging findings in Parkinson's disease (PD). 

A 2015 study published in Neurology (PMID: 25925985) investigated the neural correlates of impulse control disorders (ICDs) in PD patients. The researchers used functional magnetic resonance imaging (fMRI) to examine resting-state corticostriatal connectivity in 20 PD patients with ICDs, 19 PD patients without ICDs, and 19 healthy controls. 

Key findings include impaired connectivity between the left anterior putamen and the left inferior temporal gyrus and left anterior cingulate gyrus in PD patients with ICDs. This suggests that ICDs in PD are associated with altered connectivity between an associative striatal area and associative and limbic cortical regions. In contrast, PD patients without ICDs did not differ from healthy controls in corticostriatal connectivity. 

These results provide evidence that impulsivity in PD is linked to specific disruptions in corticostriatal circuitry, which may have implications for the development of targeted treatments for ICDs in PD.",True,False,True,
29946511,Abnormal cortical gyrification in criminal psychopathy.,"A recent neuroimaging study (29946511) investigated the relationship between cortical gyrification and psychopathy in a sample of 716 adult male inmates. The study found that psychopathy, particularly the interpersonal and affective traits, was associated with reduced cortical complexity in the right midcingulate cortex and adjacent regions. This reduction in cortical complexity may be indicative of early neurodevelopmental abnormalities that contribute to aberrant brain functioning in regions important for emotional processing and cognitive control.

Interestingly, the study did not find a significant association between impulsivity and antisocial behaviors (Factor 2 of the Hare Psychopathy Checklist-Revised) and cortical gyrification. This suggests that impulsivity may not be directly related to structural brain abnormalities in terms of cortical complexity.

Overall, the study provides evidence that psychopathy is associated with specific structural brain abnormalities that may underlie problematic behaviors. The findings highlight the importance of considering the neural basis of psychopathy and its subtypes, particularly in terms of early neurodevelopmental processes.",True,False,True,
40260305,Effective connectivity analysis of response inhibition functional network.,"This study (40260305) investigated the neural mechanisms of response inhibition using functional magnetic resonance imaging (fMRI) and dynamic causal modeling (DCM) in 19 healthy participants. The results identified four functional networks involved in correct motor response inhibition: the salience network (SN), the right and left executive control networks (ECNs), and the ventral default mode network (vDMN). 

A significant causal inhibitory influence was found from the vDMN to the left ECN (lECN) during correct inhibition. In contrast, unsuccessful response inhibition was associated with activation of the SN, bilateral ECNs, and somatomotor network (SMN). 

Notably, the study found a correlation between the inhibitory influence from the SMN to the SN and commission error rates. Additionally, highly impulsive individuals were found to require greater interhemispheric integration between the right and left ECNs for effective inhibition, as well as a causal excitatory modulation from the right executive control network (rECN) to the vDMN.

These findings suggest that response inhibition is a complex process involving hierarchical dynamics among multiple functional networks. The study's results provide valuable insights into the neural mechanisms supporting inhibition and highlight the importance of interhemispheric integration and excitatory modulation in highly",True,False,True,
31427669,The Effect of Mindfulness Meditation on Impulsivity and its Neurobiological Correlates in Healthy Adults.,"A recent study published in Scientific Reports (PMID: 31427669) investigated the effects of mindfulness meditation on impulsivity and its neurobiological correlates in healthy adults. The study found that an eight-week mindfulness intervention did not significantly reduce impulsivity in participants, as measured by the go/no-go task and the Barratt Impulsiveness Scale (BIS-11). Additionally, the study did not observe any changes in neural correlates of impulsivity, including frontostriatal gray matter, functional connectivity, and dopamine levels, compared to control groups.

Interestingly, long-term meditators (LTMs) reported lower attentional impulsivity but higher motor and non-planning impulsivity on the BIS-11 compared to meditation-naïve participants (MNPs). Furthermore, LTMs showed distinct neurobiological profiles, including reduced striatal gray matter, increased cortico-striatal-thalamic functional connectivity, and lower spontaneous eye-blink rate (a physiological dopamine indicator) compared to MNPs.

However, the study found no significant relationship between total lifetime practice hours (TLPH) and impulsivity or neurobiological metrics, suggesting that differences between LTMs and MNPs may be due to pre-existing differences rather than the effects of meditation practice. These findings suggest that mindfulness meditation may not",True,False,True,
18479820,An event-related fMRI study on risk taking by healthy individuals of high or low impulsiveness.,"A study published in 2008 (PMID: 18479820) investigated the neural basis of impulsivity in healthy individuals using event-related functional Magnetic Resonance Imaging (fMRI). The researchers found that individuals with high impulsiveness exhibited stronger activation in the insula-orbitofrontal-parietal regions compared to those with low impulsiveness while performing a Risky-Gains task. In contrast, activation levels in the lateral prefrontal and anterior cingulate regions did not differ between the two groups. These findings suggest that the neural substrates of risk-taking decision making may vary according to impulsiveness, with high impulsiveness individuals relying more heavily on regions involved in emotion and reward processing. This study provides evidence that impulsivity is associated with distinct neural patterns, particularly in regions involved in emotion regulation and decision making.",True,False,True,
40334458,Temporal variability-based alternations in dynamic functional networks in internet gaming disorder.,"This study (PMID: 40334458) investigated the dynamic functional networks in individuals with internet gaming disorder (IGD) using resting-state fMRI. The researchers found that IGD individuals exhibited distinct patterns of temporal variability in brain networks compared to recreational game users. Specifically, they showed decreased within-network variability in the default mode network, which is associated with executive inhibitory functions and attention. In contrast, IGD individuals had increased within-network temporal variability in the ventral attention network, which is involved in attention and sensory processing. Additionally, they had increased between-network temporal variability in several networks, including the sensorimotor network, ventral attention network, and limbic network, which may indicate imbalances between sensory-attention, sensory-emotion, and emotion-motivation functions. These findings suggest that impulsivity in IGD may be related to altered dynamic functional networks, particularly in regions involved in executive control and attention.",True,False,True,
30504061,Relationship between quality of life in young adults and impulsivity/compulsivity✰.,"A recent study (30504061) investigated the relationship between impulsivity, compulsivity, and quality of life in young adults. The study found that impulsivity, as measured by the Barratt scale, was significantly associated with lower quality of life. Additionally, the presence of impulse control disorders, mood/anxiety disorders, post-traumatic stress disorder, and substance use disorder were also linked to lower quality of life.

Neuroimaging studies have shown that impulsivity is associated with abnormalities in brain regions involved in decision-making, such as the prefrontal cortex and basal ganglia. For example, a study using functional magnetic resonance imaging (fMRI) found that individuals with impulsivity disorders showed reduced activity in the prefrontal cortex during decision-making tasks (PMID: 25624292).

The study also found that relative impairments in extra-dimensional set-shifting and quality of decision-making were associated with lower quality of life. Set-shifting is a cognitive process that involves switching between different mental sets, and is thought to be mediated by the prefrontal cortex. Impairments in set-shifting have been linked to impulsivity and attention-deficit/hyperactivity disorder (ADHD) (PMID: 24458673).

Overall, the study suggests that impulsivity and compulsivity",True,False,True,
15309395,Negative correlation between right prefrontal activity during response inhibition and impulsiveness: a fMRI study.,"A study published in 2004 (PMID: 15309395) investigated the relationship between impulsivity and brain activity during a Go/No-Go task using functional magnetic resonance imaging (fMRI). The study found that individuals with higher motor impulsiveness showed reduced activity in the right dorsolateral prefrontal cortex (RDLPFC) during response inhibition. This suggests that the RDLPFC may play a key role in regulating impulsivity, with reduced activity in this region potentially contributing to impulsive behavior. The findings support the idea that impulsivity is associated with altered neural activity in the prefrontal cortex, particularly in the RDLPFC.",True,False,True,
42146757,Resting-State Functional Connectivity Alterations in Pediatric Survivors of Severe COVID-19: An Exploratory Case-Control Study.,"This study (PMID: 42146757) investigated the effects of severe COVID-19 on the brains of pediatric survivors using resting-state functional connectivity (rs-fMRI) neuroimaging. The results showed that children who had severe COVID-19 had altered connectivity patterns in three brain regions compared to healthy controls. 

Notably, the study found that a subset of post-COVID children exhibited abnormal cognitive traits, including low impulsivity and timeliness, as measured by the MOXO-d-CPT test. This suggests a potential link between severe COVID-19 and changes in impulsivity, which is a complex and multifaceted trait that can be influenced by various factors, including brain function and structure.

The findings of this study contribute to our understanding of the potential long-term effects of severe COVID-19 on the developing brain and highlight the need for further research to confirm these preliminary results. The study's use of rs-fMRI neuroimaging provides valuable insights into the neural mechanisms underlying cognitive vulnerability in pediatric survivors of severe COVID-19.

The study's results also have implications for the development of interventions aimed at mitigating the cognitive and behavioral effects of severe COVID-19 in children. Further research is needed to explore the relationship between COVID-19 and impulsivity, as well as to identify potential",True,False,True,
41098856,The CB1 receptor: linking impulsivity and substance use disorder.,"This evidence summary focuses on the relationship between impulsivity and neuroimaging, specifically highlighting the role of the cannabinoid receptor type 1 (CB1R) in modulating impulsivity and substance use disorder (SUD) risk.

Research suggests that CB1R, predominantly expressed in the basal ganglia, hippocampus, and cerebellum, plays a crucial role in regulating impulsivity through retrograde endocannabinoid signaling (PMID: 41098856). The prefrontal cortex, traditionally viewed as the primary locus of self-control, is part of a broader regulatory network involving CB1R-rich subcortical structures, including the hippocampus and cerebellum.

Studies indicate that CB1R signaling in these regions influences decision-making, reward sensitivity, and response inhibition, all critical processes in the emergence of impulsive traits and drug-seeking behavior. The review proposes a distributed CB1R-regulated neurocircuit that underlies impulsivity and mediates risk for SUDs.

Key findings include:

* The ontogenetic trajectory of CB1R expression is dynamic during adolescence, a period characterized by heightened impulsivity and marked neuroplasticity.
* The hippocampus and cerebellum contribute to the modulation of impulsive behavior through their connectivity with prefrontal and limb",True,False,True,
29040723,Resting-state functional connectivity in combat veterans suffering from impulsive aggression.,"This study (PMID: 29040723) investigated the neural basis of impulsive aggression in combat veterans using resting-state functional magnetic resonance imaging (fMRI). The researchers found that individuals with impulsive aggression problems exhibited reduced functional connectivity between the basolateral amygdala (BLA) and the left dorsolateral prefrontal cortex (DLPFC) compared to combat controls. This suggests that impaired top-down regulation of the amygdala by prefrontal regions may contribute to impulsive aggression in this population.

Additionally, the study identified group differences in functional connectivity between other brain regions, including the anterior cingulate cortex (ACC) and left cuneus, which may be related to heightened vigilance to threatening visual cues, and between the left anterior insular cortex (AIC) and right temporal pole, possibly related to negative memory associations in impulsive aggression.

These findings provide evidence that impulsive aggression in combat veterans is associated with altered functional connectivity in brain networks involved in emotion regulation, attention, and memory. The results support the hypothesis that impaired top-down regulation of the amygdala by prefrontal regions contributes to impulsive aggression in this population.",True,False,True,
31801105,A preliminary study of disrupted functional network in individuals with Internet gaming disorder: Evidence from the comparison with recreational game users.,"A recent study (PMID: 31801105) investigated the neural characteristics of individuals with Internet Gaming Disorder (IGD) using resting-state functional magnetic resonance imaging (fMRI) and graph theoretical analysis. The study included 61 IGD participants and 61 matched recreational game users (RGU) as a control group. 

Key findings suggest that both IGD and RGU groups exhibited efficient and economic small-world topology in brain functional networks. However, individuals with IGD showed increased nodal centralities in regions associated with reward, craving, emotional memory, and sensory-motor processing compared to RGU participants. These results imply that IGD may be characterized by functional network dysfunction, particularly heightened incentive motivation and sensory-motor coordination.

This study provides preliminary evidence that impulsivity, as reflected in IGD, may be associated with altered neural activity in regions involved in reward processing and emotional regulation. The findings have implications for understanding the neural mechanisms underlying IGD and may inform the development of targeted interventions to address impulsivity and related cognitive and emotional dysregulation.",True,False,True,
30277562,The role of the dorsal striatum in choice impulsivity.,"Based on the abstract of the paper ""The role of the dorsal striatum in choice impulsivity"" (30277562), here is a short free-form evidence summary about impulsivity and neuroimaging:

Research suggests that the dorsal striatum plays a crucial role in choice impulsivity, particularly in relation to reward valuation and action selection. Studies using human neuroimaging have found associations between choice impulsivity and the caudate, a key component of the dorsal striatum. Additionally, a ventral-to-dorsal gradient in the dorsal striatum has been linked to choice impulsivity, with more ventral regions showing greater involvement in impulsive behavior. The origins of striatal afferents and developmental maturation of frontostriatal connectivity during adolescence have also been implicated in choice impulsivity. These findings provide converging evidence for the involvement of the dorsal striatum in choice impulsivity and highlight the importance of this brain region in regulating impulsive behavior.",True,False,True,
28189592,Dissociable frontostriatal white matter connectivity underlies reward and motor impulsivity.,"A recent neuroimaging study (28189592) investigated the relationship between frontostriatal white matter connectivity and impulsivity in healthy individuals. The study used diffusion imaging and probabilistic tractography to examine the association between white matter tracts and reward and motor impulsivity.

The findings suggest that distinct frontostriatal neural circuitry underlies different types of impulsivity. Specifically, individual differences in white matter connectivity between the ventral striatum and the ventromedial prefrontal cortex and dorsolateral prefrontal cortex were associated with reward impulsivity, as measured by delay discounting. In contrast, connectivity between the dorsal striatum and the supplementary motor area was linked to motor impulsivity.

These results indicate that different types of impulsivity are driven by dissociable frontostriatal neural circuitry, and that structural connectivity can account for a significant amount of behavioral variation. This study provides new insights into the neural mechanisms underlying impulsivity and highlights the importance of considering the specific type of impulsivity being studied when examining neural correlates.",True,False,True,
32035425,Ventromedial prefrontal value signals and functional connectivity during decision-making in suicidal behavior and impulsivity.,"This study investigated the neural underpinnings of impulsivity and suicidal behavior using neuroimaging techniques. The researchers found that individuals with a history of suicide attempts showed reduced ventromedial prefrontal cortex (vmPFC) value activation during decision-making tasks compared to nonpsychiatric controls (PMID: 32035425). This suggests that impaired value-based decision-making may be a neural correlate of suicidal behavior.

Furthermore, the study discovered that impulsivity negatively moderated vmPFC-frontoparietal connectivity in nonpsychiatric controls, indicating that impulsive individuals tend to have disrupted neural connections between the vmPFC and frontoparietal regions. However, this effect was abolished in individuals with a history of suicide attempts, suggesting that altered neural connectivity patterns may contribute to disrupted choice processes in suicidal crises.

These findings provide evidence that impulsivity and suicidal behavior share neural underpinnings, specifically in the vmPFC and its connectivity with frontoparietal regions. The study's results highlight the importance of considering neural mechanisms in the development and maintenance of suicidal behavior, particularly in the context of impulsivity.",True,False,True,
27095357,Sex differences in impulsivity and brain morphometry in methamphetamine users.,"This 2017 study (PMID: 27095357) investigated the relationship between impulsivity, brain structure, and sex-specific differences in methamphetamine users. The study found that methamphetamine users exhibited higher impulsivity scores compared to non-drug using controls, with significant differences in both cognitive and behavioral impulsivity factors.

Neuroimaging results showed that male methamphetamine users had larger right superior frontal cortex volumes compared to same-sex controls, while female methamphetamine users had smaller or thinner frontal cortices. The study suggests that these differences in brain structure may contribute to impulsivity in methamphetamine users. Specifically, larger superior frontal cortex volumes in male users with greater cognitive impulsivity may indicate decreased dendritic pruning during adolescence, which could contribute to impulsive and drug use behaviors.

In contrast, female methamphetamine users with smaller frontal cortices and greater impulsivity may have experienced greater neurotoxicity to these brain regions. However, their relatively larger nucleus accumbens volumes suggest an estrogen-mediated neuroprotective glial response, which may have a protective effect.

Overall, this study highlights the importance of considering sex-specific differences in the effects of methamphetamine use on brain structure and function, and suggests that men and women may be affected differently by this substance.",True,False,True,
34461353,Impulsivity is related to overhasty risk learning in attention-deficit/hyperactivity disorder: A computational psychiatric approach.,"A recent study (PMID: 34461353) investigated the relationship between impulsivity and risk-taking behavior in individuals with attention-deficit/hyperactivity disorder (ADHD). Using a Bayesian modeling approach and functional magnetic resonance imaging (fMRI) data, researchers found that impulsivity was associated with overhasty risk learning in ADHD patients. Specifically, the study found a significant correlation between the degree of overhasty learning and Barratt Impulsiveness Scale (BIS) scores in ADHD patients.

The study also used a connectome-based predictive model (CPM) to predict the degree of risk-learning bias based on fMRI data. The results showed that weak functional connectivity to the dorso-lateral prefrontal and orbitofrontal lobes was predictive of overhasty learning. The orbitofrontal area was identified as a ""hub node"" in the predictive network, suggesting its critical role in impulsivity-related risk-taking behavior.

These findings suggest that impulsivity in ADHD patients is linked to an overhasty updating of beliefs during risk learning, which may contribute to enhanced risk-taking behavior. The study's results provide new insights into the neural mechanisms underlying impulsivity and risk-taking in ADHD, and highlight the importance of the frontal lobe, particularly the orbitofrontal area",True,False,True,
40168432,Protocol for a Randomized Controlled Trial to Enhance Executive Function via Brief Mindfulness Training in Individuals with Internet Gaming Disorder.,"This randomized controlled trial aims to investigate the effectiveness of a brief mindfulness intervention on executive function impairments in individuals with Internet Gaming Disorder (IGD). The study will examine the three subcomponents of executive function: inhibition, updating, and shifting, and assess the impact of a 7-day mindfulness training program on these functions.

The study will utilize a range of neuroimaging and behavioral measures, including electroencephalography (EEG) data, behavioral metrics, physiological indices, and self-reported measures. EEG data will provide insights into the neural mechanisms underlying executive function, including band power, functional connectivity, source localization, and N2/P3 amplitudes.

The study's findings are expected to contribute to the development of targeted intervention strategies for executive function research and offer novel insights into the treatment of IGD and related cognitive dysfunctions. Specifically, the study aims to elucidate the underlying neural mechanisms of a brief mindfulness intervention on executive function impairments in IGD individuals.

The study's focus on impulsivity, particularly inhibitory control, is relevant to the broader literature on impulsivity and neuroimaging. Research has shown that impulsivity is associated with altered neural activity in regions such as the prefrontal cortex and anterior cingulate cortex. The study's use of EEG data and behavioral metrics",False,False,True,
23770040,Resting-state beta and gamma activity in Internet addiction.,"This study (PMID: 23770040) investigated the relationship between resting-state EEG activity and impulsivity in individuals with Internet addiction. The results showed that individuals with Internet addiction had lower absolute power in the beta band and higher absolute power in the gamma band compared to healthy controls. These differences in EEG activity were significantly associated with the severity of Internet addiction and the extent of impulsivity. Specifically, individuals with Internet addiction exhibited high impulsivity and impaired inhibitory control, which were linked to altered brain activity patterns in the beta and gamma bands. The findings suggest that resting-state fast-wave brain activity may be a neurobiological marker for the pathophysiology of Internet addiction.",True,False,True,
29337234,Electrophysiological Activity Prior to Self-initiated Movements is Related to Impulsive Personality Traits.,"A recent neuroimaging study (PMID: 29337234) investigated the relationship between impulsivity and neural activity prior to self-initiated movements. The study found a positive correlation between impulsivity and motor system excitability, as measured by the readiness potential (RP) during EEG recordings. Specifically, individuals with higher impulsivity scores showed an earlier negative rising phase and greater amplitude of the RP, indicating less effective preparatory inhibition mechanisms. This suggests that trait impulsivity may be characterized by a reduced ability to control behavior, potentially due to a delayed awareness of intention to act and a reduced ""veto"" interval. These findings provide insight into the neural mechanisms underlying impulsivity and may have implications for understanding the neural basis of impulsive behaviors.",True,False,True,
29454934,Time scale properties of task and resting-state functional connectivity: Detrended partial cross-correlation analysis.,"This study (PMID: 29454934) investigated the time scale properties of functional connectivity in the brain during rest and task states using fMRI data from 68 subjects. The researchers employed a novel analysis method, detrended partial cross-correlation analysis (DPCCA), to examine correlations between brain regions at different frequency bands. 

The results showed that the time scales of within-network connectivity in the default mode network (DMN) and task networks were modulated in opposite directions across rest and task states. Specifically, the time scale increased during rest compared to task in the DMN, while it decreased in task networks.

Notably, the study found a significant correlation between the within-network connectivity time scale of the pre-supplementary motor area (a region critical for proactive inhibitory control) and impulsivity. The results showed that individuals with higher impulsivity (as measured by the Barratt impulsivity scale) had shorter within-network connectivity time scales in this region, which was also associated with longer stop signal reaction times. 

These findings suggest that the time scale properties of brain networks may vary across mental states and provide evidence for the role of low-frequency fluctuations of BOLD signals in behavioral control, particularly in relation to impulsivity.",True,False,True,
38451271,Trait anxiety and corresponding neuromarkers predict internet addiction: A longitudinal study.,"This longitudinal study (PMID: 38451271) investigated the relationship between trait anxiety (TA) and internet addiction (IA) using neuroimaging techniques. The study found a significant positive correlation between TA and IA, with individuals with high TA demonstrating higher IA across time. 

Using connectome-based predictive modeling (CPM), the researchers identified neuromarkers associated with TA, including functional connectivity of cognitive control and emotion-regulation circuits and the default mode network (DMN). These neuromarkers were found to predict IA, suggesting that they may serve as potential biomarkers for IA. 

The study also explored the mediating role of stressful life events and DMN functional connectivity in the relationship between TA and IA. The results indicated that these factors play a significant role in mediating the association between TA and IA. 

The findings of this study provide new insights into the neural and socio-psychological mechanisms underlying the relationship between TA and IA, and highlight the potential for developing neural and psychological interventions to prevent and treat IA. 

Notably, the study's use of CPM and longitudinal design allowed for the identification of specific neuromarkers associated with TA and IA, which can inform the development of targeted interventions. The study's findings also have implications for our understanding of impulsivity, as",True,False,True,
37887440,"Neurophysiological, Neuroimaging, and Neuropsychological Predictors of Human Alcoholism and Risk.","This evidence summary focuses on the relationship between impulsivity and neuroimaging in the context of alcohol use disorder (AUD). 

Impulsivity has been identified as a significant predictor of AUD, and various neuroimaging measures have been used to investigate its neural mechanisms. Studies have employed electroencephalogram (EEG) and event-related potentials/oscillations (ERPs/EROs) to examine the neural correlates of impulsivity in individuals with AUD. For instance, research has shown that delta event-related oscillations are related to a history of extreme binge drinking in adolescence and lifetime suicide risk (PMID: 37887440).

Furthermore, resting-state functional magnetic resonance imaging (fMRI) has been used to investigate the functional connectivity of reward networks in individuals with AUD. Studies have found that individuals with AUD exhibit altered functional connectivity in reward networks, which is associated with impulsivity measures (PMID: 37887440). Additionally, prefrontal cortex volume trajectories in young adults with mood disorders have been linked to AUD and associated clinical outcomes, highlighting the importance of impulsivity in the development of AUD.

Machine learning studies have also been used to predict AUD outcomes based on multi-domain features, including impulsivity measures. These studies have shown that impulsivity is a significant predictor of AUD outcomes",True,False,True,
30616125,A multi-dimensional evaluation of craving and impulsivity among people admitted for alcohol-related problems in emergency department.,"Based on the abstract of the 2019 study (PMID: 30616125), here's a short free-form evidence summary about impulsivity and neuroimaging:

This study investigated the relationship between craving and impulsivity in individuals admitted to the emergency department for alcohol-related problems. The results suggest that specific sub-dimensions of impulsivity, particularly the Urgency subscale, and craving, as measured by the Visual Analogue Scale (VAS) and the compulsive subscale of the Obsessive Compulsive Drinking Scale (OCDS), are significant predictors of the severity of alcohol-use disorders. These findings imply that impulsivity and craving are complex psychological dimensions that contribute to the development and maintenance of severe alcohol-use disorders. The study's results highlight the importance of considering the multi-dimensional nature of impulsivity and craving in understanding the underlying mechanisms of excessive alcohol consumption.",True,False,True,
27894158,Craving behavioral intervention for internet gaming disorder: remediation of functional connectivity of the ventral striatum.,"This study investigated the neural mechanisms underlying the efficacy of psychobehavioral interventions in Internet gaming disorder (IGD). The researchers found that IGD subjects exhibited increased resting-state functional connectivity between the ventral striatum (VS) and several cortical regions, including the left inferior parietal lobule (lIPL), right inferior frontal gyrus, and left middle frontal gyrus. This increased connectivity was positively associated with the severity of IGD.

A follow-up craving behavioral intervention (CBI) study showed that IGD subjects who received CBI (CBI+) exhibited a significant decrease in VS-lIPL connectivity, along with a reduction in addiction severity. In contrast, IGD subjects who did not receive CBI (CBI-) showed no significant change in VS-lIPL connectivity.

These findings suggest that functional connectivity between the VS and lIPL may be a potential biomarker of the efficacy of psychobehavioral interventions in IGD. The study's results also imply that non-invasive techniques, such as transcranial magnetic or direct current stimulation targeting the VS-IPL circuitry, may be effective in treating IGD.

The study's findings have implications for the understanding of impulsivity in IGD, as the VS is a key region involved in reward processing and",False,False,True,
37561637,Abnormal frontostriatal connectivity and serotonin function in gambling disorder: A preliminary exploratory study.,"A recent study (PMID: 37561637) investigated the neurobiological mechanisms underlying gambling disorder, focusing on frontostriatal connectivity and neurotransmitter systems. The study found that individuals with gambling disorder exhibited abnormal frontostriatal connectivity, specifically a loss of functional connectivity between the right nucleus accumbens (NAcc) and the right dorsolateral prefrontal cortex (DLPFC). 

Notably, the study also identified a significant association between serotonergic function and impulsivity in individuals with gambling disorder. Specifically, right NAcc serotonin binding potential was found to correlate with attentional impulsivity (r = -0.73, p = 0.005). This suggests that abnormalities in serotonergic function may contribute to impulsivity in individuals with gambling disorder.

These findings provide new insights into the neurobiological mechanisms underlying gambling disorder and may have implications for the development of treatments targeting this condition. The study's results highlight the importance of considering the role of serotonergic function in impulsivity and suggest that interventions aimed at modulating serotonergic activity may be beneficial in reducing impulsivity in individuals with gambling disorder.",True,False,True,
25899520,Altered resting-state functional connectivity of the insula in young adults with Internet gaming disorder.,"This study (25899520) investigated the relationship between impulsivity and neuroimaging in young adults with Internet Gaming Disorder (IGD). The researchers used functional magnetic resonance imaging (fMRI) to examine resting-state functional connectivity (rsFC) of the insula, a brain region involved in salience processing, craving, and interoception.

The results showed that individuals with IGD had altered rsFC of the insula compared to healthy controls. Specifically, they exhibited enhanced connectivity between the anterior insula and regions involved in salience, craving, self-monitoring, and attention. This suggests that the anterior insula may play a key role in the development and maintenance of IGD symptoms.

In contrast, the posterior insula was found to be more strongly connected to regions involved in interoception, movement control, and auditory processing in individuals with IGD. This may indicate that the posterior insula is involved in the processing of internal bodily sensations and motor responses that contribute to IGD.

The study also found that IGD severity was positively associated with connectivity between the anterior insula and angular gyrus, and superior temporal gyrus, suggesting that increased connectivity in these regions may contribute to the severity of IGD symptoms. Additionally, duration of Internet gaming was positively associated with connectivity between the anterior",True,False,True,
